  0
SECTION
  2
HEADER
  9
$ANGBASE
  50
0.0
  9
$ANGDIR
  70
1
  9
$MEASUREMENT
  70
0
  0
ENDSEC
  0
SECTION
  2
TABLES
  0
TABLE
  2
LTYPE
  70
4
  0
LTYPE
  5
40F
  2
CONTINUOUS
  70
0
  3
Solid line
  72
65
  73
0
  40
0.0
  0
LTYPE
  5
410
  2
DASHDOT
 70
0
  3
Dash Dot ____ _ ____ _
 72
65
 73
4
 40
2.0
 49
1.25
 49
-0.25
 49
0.25
 49
-0.25
  0
LTYPE
  5
411
  2
DASHED
 70
0
  3
Dashed __ __ __ __ __
 72
65
 73
2
 40
0.75
 49
0.5
 49
-0.25
  0
LTYPE
  5
43B
  2
DOTTED
 70
0
  3
Dotted .  .  .  .
 72
65
 73
2
 40
0.2
 49
0.0
 49
-0.2
  0
ENDTAB
  0
TABLE
  2
STYLE
  70
4
  0
STYLE
  2
KICAD
  70
0
  40
0
  41
1
  42
1
  50
0
  71
0
  3
isocp.shx
  0
STYLE
  2
KICADB
  70
0
  40
0
  41
1
  42
1
  50
0
  71
0
  3
isocp.shx
  0
STYLE
  2
KICADI
  70
0
  40
0
  41
1
  42
1
  50
15
  71
0
  3
isocp.shx
  0
STYLE
  2
KICADBI
  70
0
  40
0
  41
1
  42
1
  50
15
  71
0
  3
isocp.shx
  0
ENDTAB
  0
TABLE
  2
LAYER
  70
1
  0
LAYER
  2
BLACK
  70
0
  62
7
  6
CONTINUOUS
  0
ENDTAB
  0
ENDSEC
  0
SECTION
  2
ENTITIES
0
LINE
8
BLACK
6
CONTINUOUS
10
0.6328131102362204
20
0.1467979921259842
11
0.633503937007874
21
0.1449
0
LINE
8
BLACK
6
CONTINUOUS
10
0.633503937007874
20
0.1449
11
0.633503937007874
21
0.1271653543307087
0
LINE
8
BLACK
6
CONTINUOUS
10
0.633503937007874
20
0.1271653543307087
11
0.6334362992125984
21
0.126781811023622
0
LINE
8
BLACK
6
CONTINUOUS
10
0.6334362992125984
20
0.126781811023622
11
0.6334590944881889
21
0.1266525984251969
0
LINE
8
BLACK
6
CONTINUOUS
10
0.6334590944881889
20
0.1266525984251969
11
0.6333934645669291
21
0.1265389763779527
0
LINE
8
BLACK
6
CONTINUOUS
10
0.6333934645669291
20
0.1265389763779527
11
0.6333258661417323
21
0.1261554330708661
0
LINE
8
BLACK
6
CONTINUOUS
10
0.6333258661417323
20
0.1261554330708661
11
0.632832716535433
21
0.1255677165354331
0
LINE
8
BLACK
6
CONTINUOUS
10
0.632832716535433
20
0.1255677165354331
11
0.6324491732283465
21
0.1249034251968504
0
LINE
8
BLACK
6
CONTINUOUS
10
0.6324491732283465
20
0.1249034251968504
11
0.6321988188976377
21
0.1248122834645669
0
LINE
8
BLACK
6
CONTINUOUS
10
0.6321988188976377
20
0.1248122834645669
11
0.6320275590551181
21
0.1246081889763779
0
LINE
8
BLACK
6
CONTINUOUS
10
0.6320275590551181
20
0.1246081889763779
11
0.631271968503937
21
0.1244749212598425
0
LINE
8
BLACK
6
CONTINUOUS
10
0.631271968503937
20
0.1244749212598425
11
0.6305511811023622
21
0.1242125984251968
0
LINE
8
BLACK
6
CONTINUOUS
10
0.6305511811023622
20
0.1242125984251968
11
0.4494488188976378
21
0.1242125984251968
0
LINE
8
BLACK
6
CONTINUOUS
10
0.4494488188976378
20
0.1242125984251968
11
0.4490652755905511
21
0.1242801968503937
0
LINE
8
BLACK
6
CONTINUOUS
10
0.4490652755905511
20
0.1242801968503937
11
0.448936062992126
21
0.1242574409448819
0
LINE
8
BLACK
6
CONTINUOUS
10
0.448936062992126
20
0.1242574409448819
11
0.4488224409448819
21
0.124323031496063
0
LINE
8
BLACK
6
CONTINUOUS
10
0.4488224409448819
20
0.124323031496063
11
0.4484388976377953
21
0.1243906692913386
0
LINE
8
BLACK
6
CONTINUOUS
10
0.4484388976377953
20
0.1243906692913386
11
0.4478511811023622
21
0.1248837795275591
0
LINE
8
BLACK
6
CONTINUOUS
10
0.4478511811023622
20
0.1248837795275591
11
0.4471868897637795
21
0.1252673622047244
0
LINE
8
BLACK
6
CONTINUOUS
10
0.4471868897637795
20
0.1252673622047244
11
0.447095748031496
21
0.1255176771653543
0
LINE
8
BLACK
6
CONTINUOUS
10
0.447095748031496
20
0.1255176771653543
11
0.4468916535433071
21
0.1256889763779528
0
LINE
8
BLACK
6
CONTINUOUS
10
0.4468916535433071
20
0.1256889763779528
11
0.4467583858267716
21
0.1264445275590551
0
LINE
8
BLACK
6
CONTINUOUS
10
0.4467583858267716
20
0.1264445275590551
11
0.446496062992126
21
0.1271653543307087
0
LINE
8
BLACK
6
CONTINUOUS
10
0.446496062992126
20
0.1271653543307087
11
0.446496062992126
21
0.1449
0
LINE
8
BLACK
6
CONTINUOUS
10
0.446496062992126
20
0.1449
11
0.4466741338582677
21
0.1459099212598425
0
LINE
8
BLACK
6
CONTINUOUS
10
0.4466741338582677
20
0.1459099212598425
11
0.4479724409448819
21
0.1474571653543307
0
LINE
8
BLACK
6
CONTINUOUS
10
0.4479724409448819
20
0.1474571653543307
11
0.4499615748031496
21
0.1478079133858268
0
LINE
8
BLACK
6
CONTINUOUS
10
0.4499615748031496
20
0.1478079133858268
11
0.4517107480314961
21
0.1467979921259842
0
LINE
8
BLACK
6
CONTINUOUS
10
0.4517107480314961
20
0.1467979921259842
11
0.4524015748031496
21
0.1449
0
LINE
8
BLACK
6
CONTINUOUS
10
0.4524015748031496
20
0.1449
11
0.4524015748031496
21
0.1301181102362205
0
LINE
8
BLACK
6
CONTINUOUS
10
0.4524015748031496
20
0.1301181102362205
11
0.6079472440944882
21
0.1301181102362205
0
LINE
8
BLACK
6
CONTINUOUS
10
0.6079472440944882
20
0.1301181102362205
11
0.6079472440944882
21
0.1449
0
LINE
8
BLACK
6
CONTINUOUS
10
0.6079472440944882
20
0.1449
11
0.6081253149606299
21
0.1459099212598425
0
LINE
8
BLACK
6
CONTINUOUS
10
0.6081253149606299
20
0.1459099212598425
11
0.6094236220472441
21
0.1474571653543307
0
LINE
8
BLACK
6
CONTINUOUS
10
0.6094236220472441
20
0.1474571653543307
11
0.6114127559055118
21
0.1478079133858268
0
LINE
8
BLACK
6
CONTINUOUS
10
0.6114127559055118
20
0.1478079133858268
11
0.6131619291338583
21
0.1467979921259842
0
LINE
8
BLACK
6
CONTINUOUS
10
0.6131619291338583
20
0.1467979921259842
11
0.6138527559055118
21
0.1449
0
LINE
8
BLACK
6
CONTINUOUS
10
0.6138527559055118
20
0.1449
11
0.6138527559055118
21
0.1301181102362205
0
LINE
8
BLACK
6
CONTINUOUS
10
0.6138527559055118
20
0.1301181102362205
11
0.6275984251968504
21
0.1301181102362205
0
LINE
8
BLACK
6
CONTINUOUS
10
0.6275984251968504
20
0.1301181102362205
11
0.6275984251968504
21
0.1449
0
LINE
8
BLACK
6
CONTINUOUS
10
0.6275984251968504
20
0.1449
11
0.6277764960629921
21
0.1459099212598425
0
LINE
8
BLACK
6
CONTINUOUS
10
0.6277764960629921
20
0.1459099212598425
11
0.6290748031496063
21
0.1474571653543307
0
LINE
8
BLACK
6
CONTINUOUS
10
0.6290748031496063
20
0.1474571653543307
11
0.631063937007874
21
0.1478079133858268
0
LINE
8
BLACK
6
CONTINUOUS
10
0.631063937007874
20
0.1478079133858268
11
0.6328131102362204
21
0.1467979921259842
0
LINE
8
BLACK
6
CONTINUOUS
10
0.5145463385826772
20
0.2380098818897638
11
0.5158975196850394
21
0.2377334251968504
0
LINE
8
BLACK
6
CONTINUOUS
10
0.5158975196850394
20
0.2377334251968504
11
0.5216118110236221
21
0.2348762992125984
0
LINE
8
BLACK
6
CONTINUOUS
10
0.5216118110236221
20
0.2348762992125984
11
0.5223346062992126
21
0.2342353149606299
0
LINE
8
BLACK
6
CONTINUOUS
10
0.5223346062992126
20
0.2342353149606299
11
0.5231712204724409
21
0.2337523228346457
0
LINE
8
BLACK
6
CONTINUOUS
10
0.5231712204724409
20
0.2337523228346457
11
0.5260283464566929
21
0.2308951574803149
0
LINE
8
BLACK
6
CONTINUOUS
10
0.5260283464566929
20
0.2308951574803149
11
0.5265112598425197
21
0.2300586614173228
0
LINE
8
BLACK
6
CONTINUOUS
10
0.5265112598425197
20
0.2300586614173228
11
0.5271522440944881
21
0.2293358661417323
0
LINE
8
BLACK
6
CONTINUOUS
10
0.5271522440944881
20
0.2293358661417323
11
0.5300094094488189
21
0.2236215748031496
0
LINE
8
BLACK
6
CONTINUOUS
10
0.5300094094488189
20
0.2236215748031496
11
0.530285905511811
21
0.2222702362204724
0
LINE
8
BLACK
6
CONTINUOUS
10
0.530285905511811
20
0.2222702362204724
11
0.5306428346456693
21
0.2209382677165354
0
LINE
8
BLACK
6
CONTINUOUS
10
0.5306428346456693
20
0.2209382677165354
11
0.5306428346456693
21
0.2066525590551181
0
LINE
8
BLACK
6
CONTINUOUS
10
0.5306428346456693
20
0.2066525590551181
11
0.530285905511811
21
0.2053205511811023
0
LINE
8
BLACK
6
CONTINUOUS
10
0.530285905511811
20
0.2053205511811023
11
0.5300094094488189
21
0.2039692519685039
0
LINE
8
BLACK
6
CONTINUOUS
10
0.5300094094488189
20
0.2039692519685039
11
0.5271522440944881
21
0.1982549606299213
0
LINE
8
BLACK
6
CONTINUOUS
10
0.5271522440944881
20
0.1982549606299213
11
0.5265112598425197
21
0.197532125984252
0
LINE
8
BLACK
6
CONTINUOUS
10
0.5265112598425197
20
0.197532125984252
11
0.5260283070866142
21
0.1966956299212598
0
LINE
8
BLACK
6
CONTINUOUS
10
0.5260283070866142
20
0.1966956299212598
11
0.5231711811023622
21
0.1938385039370079
0
LINE
8
BLACK
6
CONTINUOUS
10
0.5231711811023622
20
0.1938385039370079
11
0.5223346062992126
21
0.1933555118110236
0
LINE
8
BLACK
6
CONTINUOUS
10
0.5223346062992126
20
0.1933555118110236
11
0.5216118110236221
21
0.1927145669291339
0
LINE
8
BLACK
6
CONTINUOUS
10
0.5216118110236221
20
0.1927145669291339
11
0.5158975196850394
21
0.1898574409448819
0
LINE
8
BLACK
6
CONTINUOUS
10
0.5158975196850394
20
0.1898574409448819
11
0.5145463385826772
21
0.1895809448818898
0
LINE
8
BLACK
6
CONTINUOUS
10
0.5145463385826772
20
0.1895809448818898
11
0.5132142519685039
21
0.1892240157480315
0
LINE
8
BLACK
6
CONTINUOUS
10
0.5132142519685039
20
0.1892240157480315
11
0.5017856692913386
21
0.1892240157480315
0
LINE
8
BLACK
6
CONTINUOUS
10
0.5017856692913386
20
0.1892240157480315
11
0.5004536220472441
21
0.189580905511811
0
LINE
8
BLACK
6
CONTINUOUS
10
0.5004536220472441
20
0.189580905511811
11
0.4991024015748031
21
0.1898574409448819
0
LINE
8
BLACK
6
CONTINUOUS
10
0.4991024015748031
20
0.1898574409448819
11
0.4985255905511811
21
0.1901458267716535
0
LINE
8
BLACK
6
CONTINUOUS
10
0.4985255905511811
20
0.1901458267716535
11
0.4987830708661417
21
0.189115905511811
0
LINE
8
BLACK
6
CONTINUOUS
10
0.4987830708661417
20
0.189115905511811
11
0.5035911811023622
21
0.1819037401574803
0
LINE
8
BLACK
6
CONTINUOUS
10
0.5035911811023622
20
0.1819037401574803
11
0.5053397637795275
21
0.180155157480315
0
LINE
8
BLACK
6
CONTINUOUS
10
0.5053397637795275
20
0.180155157480315
11
0.5089164173228347
21
0.1783668503937008
0
LINE
8
BLACK
6
CONTINUOUS
10
0.5089164173228347
20
0.1783668503937008
11
0.5189285433070866
21
0.1783668503937008
0
LINE
8
BLACK
6
CONTINUOUS
10
0.5189285433070866
20
0.1783668503937008
11
0.5219285433070866
21
0.1775629921259843
0
LINE
8
BLACK
6
CONTINUOUS
10
0.5219285433070866
20
0.1775629921259843
11
0.52412468503937
21
0.1753668503937008
0
LINE
8
BLACK
6
CONTINUOUS
10
0.52412468503937
20
0.1753668503937008
11
0.5249285433070866
21
0.1723668503937008
0
LINE
8
BLACK
6
CONTINUOUS
10
0.5249285433070866
20
0.1723668503937008
11
0.52412468503937
21
0.1693668503937008
0
LINE
8
BLACK
6
CONTINUOUS
10
0.52412468503937
20
0.1693668503937008
11
0.5219285433070866
21
0.1671707086614173
0
LINE
8
BLACK
6
CONTINUOUS
10
0.5219285433070866
20
0.1671707086614173
11
0.5189285433070866
21
0.1663668503937008
0
LINE
8
BLACK
6
CONTINUOUS
10
0.5189285433070866
20
0.1663668503937008
11
0.5074999606299212
21
0.1663668503937008
0
LINE
8
BLACK
6
CONTINUOUS
10
0.5074999606299212
20
0.1663668503937008
11
0.5061679527559055
21
0.1667237401574803
0
LINE
8
BLACK
6
CONTINUOUS
10
0.5061679527559055
20
0.1667237401574803
11
0.5048166535433071
21
0.1670002755905512
0
LINE
8
BLACK
6
CONTINUOUS
10
0.5048166535433071
20
0.1670002755905512
11
0.4991023622047244
21
0.1698574409448819
0
LINE
8
BLACK
6
CONTINUOUS
10
0.4991023622047244
20
0.1698574409448819
11
0.4983795275590551
21
0.1704983858267717
0
LINE
8
BLACK
6
CONTINUOUS
10
0.4983795275590551
20
0.1704983858267717
11
0.497543031496063
21
0.1709813779527559
0
LINE
8
BLACK
6
CONTINUOUS
10
0.497543031496063
20
0.1709813779527559
11
0.494685905511811
21
0.1738385039370079
0
LINE
8
BLACK
6
CONTINUOUS
10
0.494685905511811
20
0.1738385039370079
11
0.4943862992125984
21
0.1743573622047244
0
LINE
8
BLACK
6
CONTINUOUS
10
0.4943862992125984
20
0.1743573622047244
11
0.4939362598425197
21
0.1747529133858268
0
LINE
8
BLACK
6
CONTINUOUS
10
0.4939362598425197
20
0.1747529133858268
11
0.488221968503937
21
0.1833243700787401
0
LINE
8
BLACK
6
CONTINUOUS
10
0.488221968503937
20
0.1833243700787401
11
0.4878924803149606
21
0.1842982677165354
0
LINE
8
BLACK
6
CONTINUOUS
10
0.4878924803149606
20
0.1842982677165354
11
0.4873933858267717
21
0.1851973622047244
0
LINE
8
BLACK
6
CONTINUOUS
10
0.4873933858267717
20
0.1851973622047244
11
0.4845362598425197
21
0.1966259448818898
0
LINE
8
BLACK
6
CONTINUOUS
10
0.4845362598425197
20
0.1966259448818898
11
0.4845487007874016
21
0.1973661023622047
0
LINE
8
BLACK
6
CONTINUOUS
10
0.4845487007874016
20
0.1973661023622047
11
0.484357125984252
21
0.1980811417322835
0
LINE
8
BLACK
6
CONTINUOUS
10
0.484357125984252
20
0.1980811417322835
11
0.484357125984252
21
0.2209382677165354
0
LINE
8
BLACK
6
CONTINUOUS
10
0.484357125984252
20
0.2209382677165354
11
0.4847140551181102
21
0.2222703543307087
0
LINE
8
BLACK
6
CONTINUOUS
10
0.4847140551181102
20
0.2222703543307087
11
0.4849905511811023
21
0.2236215354330709
0
LINE
8
BLACK
6
CONTINUOUS
10
0.4849905511811023
20
0.2236215354330709
11
0.4878476771653543
21
0.2293358267716535
0
LINE
8
BLACK
6
CONTINUOUS
10
0.4878476771653543
20
0.2293358267716535
11
0.4884886220472441
21
0.2300586220472441
0
LINE
8
BLACK
6
CONTINUOUS
10
0.4884886220472441
20
0.2300586220472441
11
0.4889716141732283
21
0.2308951968503937
0
LINE
8
BLACK
6
CONTINUOUS
10
0.4889716141732283
20
0.2308951968503937
11
0.491828779527559
21
0.2337523622047244
0
LINE
8
BLACK
6
CONTINUOUS
10
0.491828779527559
20
0.2337523622047244
11
0.4926653543307086
21
0.2342353543307087
0
LINE
8
BLACK
6
CONTINUOUS
10
0.4926653543307086
20
0.2342353543307087
11
0.4933881496062992
21
0.2348762992125984
0
LINE
8
BLACK
6
CONTINUOUS
10
0.4933881496062992
20
0.2348762992125984
11
0.4991024015748031
21
0.2377334251968504
0
LINE
8
BLACK
6
CONTINUOUS
10
0.4991024015748031
20
0.2377334251968504
11
0.5004536220472441
21
0.2380099212598425
0
LINE
8
BLACK
6
CONTINUOUS
10
0.5004536220472441
20
0.2380099212598425
11
0.5017856692913386
21
0.2383668503937008
0
LINE
8
BLACK
6
CONTINUOUS
10
0.5017856692913386
20
0.2383668503937008
11
0.5132142519685039
21
0.2383668503937008
0
LINE
8
BLACK
6
CONTINUOUS
10
0.5132142519685039
20
0.2383668503937008
11
0.5145463385826772
21
0.2380098818897638
0
LINE
8
BLACK
6
CONTINUOUS
10
0.4996255118110236
20
0.2245785433070866
11
0.4981453937007874
21
0.2230984251968504
0
LINE
8
BLACK
6
CONTINUOUS
10
0.4981453937007874
20
0.2230984251968504
11
0.496357125984252
21
0.2195218503937008
0
LINE
8
BLACK
6
CONTINUOUS
10
0.496357125984252
20
0.2195218503937008
11
0.496357125984252
21
0.208068937007874
0
LINE
8
BLACK
6
CONTINUOUS
10
0.496357125984252
20
0.208068937007874
11
0.4981453543307087
21
0.2044924015748031
0
LINE
8
BLACK
6
CONTINUOUS
10
0.4981453543307087
20
0.2044924015748031
11
0.4996255511811024
21
0.2030122440944882
0
LINE
8
BLACK
6
CONTINUOUS
10
0.4996255511811024
20
0.2030122440944882
11
0.503202125984252
21
0.2012240157480315
0
LINE
8
BLACK
6
CONTINUOUS
10
0.503202125984252
20
0.2012240157480315
11
0.5117978346456693
21
0.2012240157480315
0
LINE
8
BLACK
6
CONTINUOUS
10
0.5117978346456693
20
0.2012240157480315
11
0.5153744094488188
21
0.2030122834645669
0
LINE
8
BLACK
6
CONTINUOUS
10
0.5153744094488188
20
0.2030122834645669
11
0.5168544881889764
21
0.2044923622047244
0
LINE
8
BLACK
6
CONTINUOUS
10
0.5168544881889764
20
0.2044923622047244
11
0.5186428346456693
21
0.2080690157480315
0
LINE
8
BLACK
6
CONTINUOUS
10
0.5186428346456693
20
0.2080690157480315
11
0.5186428346456693
21
0.2195217716535433
0
LINE
8
BLACK
6
CONTINUOUS
10
0.5186428346456693
20
0.2195217716535433
11
0.5168544881889764
21
0.2230983858267717
0
LINE
8
BLACK
6
CONTINUOUS
10
0.5168544881889764
20
0.2230983858267717
11
0.5153743700787401
21
0.2245785826771654
0
LINE
8
BLACK
6
CONTINUOUS
10
0.5153743700787401
20
0.2245785826771654
11
0.5117978346456693
21
0.2263668503937008
0
LINE
8
BLACK
6
CONTINUOUS
10
0.5117978346456693
20
0.2263668503937008
11
0.503202125984252
21
0.2263668503937008
0
LINE
8
BLACK
6
CONTINUOUS
10
0.503202125984252
20
0.2263668503937008
11
0.4996255118110236
21
0.2245785433070866
0
LINE
8
BLACK
6
CONTINUOUS
10
0.5847856692913386
20
0.2375629921259843
11
0.586981811023622
21
0.2353668503937008
0
LINE
8
BLACK
6
CONTINUOUS
10
0.586981811023622
20
0.2353668503937008
11
0.5877856692913386
21
0.2323668503937008
0
LINE
8
BLACK
6
CONTINUOUS
10
0.5877856692913386
20
0.2323668503937008
11
0.5877856692913386
21
0.1723668503937008
0
LINE
8
BLACK
6
CONTINUOUS
10
0.5877856692913386
20
0.1723668503937008
11
0.586981811023622
21
0.1693668503937008
0
LINE
8
BLACK
6
CONTINUOUS
10
0.586981811023622
20
0.1693668503937008
11
0.5847856692913386
21
0.1671707086614173
0
LINE
8
BLACK
6
CONTINUOUS
10
0.5847856692913386
20
0.1671707086614173
11
0.5817856692913386
21
0.1663668503937008
0
LINE
8
BLACK
6
CONTINUOUS
10
0.5817856692913386
20
0.1663668503937008
11
0.5674999606299213
21
0.1663668503937008
0
LINE
8
BLACK
6
CONTINUOUS
10
0.5674999606299213
20
0.1663668503937008
11
0.5665668110236221
21
0.1666168503937008
0
LINE
8
BLACK
6
CONTINUOUS
10
0.5665668110236221
20
0.1666168503937008
11
0.5656025984251969
21
0.1666747637795276
0
LINE
8
BLACK
6
CONTINUOUS
10
0.5656025984251969
20
0.1666747637795276
11
0.5570311417322834
21
0.1695319291338583
0
LINE
8
BLACK
6
CONTINUOUS
10
0.5570311417322834
20
0.1695319291338583
11
0.55588031496063
21
0.1702917322834646
0
LINE
8
BLACK
6
CONTINUOUS
10
0.55588031496063
20
0.1702917322834646
11
0.554685905511811
21
0.1709813779527559
0
LINE
8
BLACK
6
CONTINUOUS
10
0.554685905511811
20
0.1709813779527559
11
0.5489716141732284
21
0.1766956299212598
0
LINE
8
BLACK
6
CONTINUOUS
10
0.5489716141732284
20
0.1766956299212598
11
0.5484886220472441
21
0.1775321653543307
0
LINE
8
BLACK
6
CONTINUOUS
10
0.5484886220472441
20
0.1775321653543307
11
0.5478476771653543
21
0.178255
0
LINE
8
BLACK
6
CONTINUOUS
10
0.5478476771653543
20
0.178255
11
0.5449905511811024
21
0.1839692913385827
0
LINE
8
BLACK
6
CONTINUOUS
10
0.5449905511811024
20
0.1839692913385827
11
0.5448577559055118
21
0.1846181496062992
0
LINE
8
BLACK
6
CONTINUOUS
10
0.5448577559055118
20
0.1846181496062992
11
0.5445362598425196
21
0.1851973228346457
0
LINE
8
BLACK
6
CONTINUOUS
10
0.5445362598425196
20
0.1851973228346457
11
0.541679094488189
21
0.196625905511811
0
LINE
8
BLACK
6
CONTINUOUS
10
0.541679094488189
20
0.196625905511811
11
0.5416915354330708
21
0.1973661023622047
0
LINE
8
BLACK
6
CONTINUOUS
10
0.5416915354330708
20
0.1973661023622047
11
0.5414999606299212
21
0.1980811417322835
0
LINE
8
BLACK
6
CONTINUOUS
10
0.5414999606299212
20
0.1980811417322835
11
0.5414999606299212
21
0.2066525590551181
0
LINE
8
BLACK
6
CONTINUOUS
10
0.5414999606299212
20
0.2066525590551181
11
0.5416915354330708
21
0.2073675590551181
0
LINE
8
BLACK
6
CONTINUOUS
10
0.5416915354330708
20
0.2073675590551181
11
0.541679094488189
21
0.2081077952755905
0
LINE
8
BLACK
6
CONTINUOUS
10
0.541679094488189
20
0.2081077952755905
11
0.5445362598425196
21
0.2195363779527559
0
LINE
8
BLACK
6
CONTINUOUS
10
0.5445362598425196
20
0.2195363779527559
11
0.5448577559055118
21
0.2201155118110236
0
LINE
8
BLACK
6
CONTINUOUS
10
0.5448577559055118
20
0.2201155118110236
11
0.5449905511811024
21
0.2207644094488189
0
LINE
8
BLACK
6
CONTINUOUS
10
0.5449905511811024
20
0.2207644094488189
11
0.5478476771653543
21
0.2264787007874016
0
LINE
8
BLACK
6
CONTINUOUS
10
0.5478476771653543
20
0.2264787007874016
11
0.5484886220472441
21
0.2272014960629921
0
LINE
8
BLACK
6
CONTINUOUS
10
0.5484886220472441
20
0.2272014960629921
11
0.5489716141732284
21
0.2280380708661417
0
LINE
8
BLACK
6
CONTINUOUS
10
0.5489716141732284
20
0.2280380708661417
11
0.554685905511811
21
0.2337523622047244
0
LINE
8
BLACK
6
CONTINUOUS
10
0.554685905511811
20
0.2337523622047244
11
0.5558802755905512
21
0.2344419291338583
0
LINE
8
BLACK
6
CONTINUOUS
10
0.5558802755905512
20
0.2344419291338583
11
0.5570311811023622
21
0.235201811023622
0
LINE
8
BLACK
6
CONTINUOUS
10
0.5570311811023622
20
0.235201811023622
11
0.5656025984251969
21
0.2380589763779528
0
LINE
8
BLACK
6
CONTINUOUS
10
0.5656025984251969
20
0.2380589763779528
11
0.566566968503937
21
0.2381168503937008
0
LINE
8
BLACK
6
CONTINUOUS
10
0.566566968503937
20
0.2381168503937008
11
0.5674999606299213
21
0.2383668503937008
0
LINE
8
BLACK
6
CONTINUOUS
10
0.5674999606299213
20
0.2383668503937008
11
0.5817856692913386
21
0.2383668503937008
0
LINE
8
BLACK
6
CONTINUOUS
10
0.5817856692913386
20
0.2383668503937008
11
0.5847856692913386
21
0.2375629921259843
0
LINE
8
BLACK
6
CONTINUOUS
10
0.5621696062992125
20
0.2242655118110236
11
0.5581453937007874
21
0.2202412992125984
0
LINE
8
BLACK
6
CONTINUOUS
10
0.5581453937007874
20
0.2202412992125984
11
0.5560182283464566
21
0.2159870078740157
0
LINE
8
BLACK
6
CONTINUOUS
10
0.5560182283464566
20
0.2159870078740157
11
0.5534999606299212
21
0.2059138188976378
0
LINE
8
BLACK
6
CONTINUOUS
10
0.5534999606299212
20
0.2059138188976378
11
0.5534999606299212
21
0.198819842519685
0
LINE
8
BLACK
6
CONTINUOUS
10
0.5534999606299212
20
0.198819842519685
11
0.5560182283464566
21
0.1887466535433071
0
LINE
8
BLACK
6
CONTINUOUS
10
0.5560182283464566
20
0.1887466535433071
11
0.5581453937007874
21
0.1844924015748031
0
LINE
8
BLACK
6
CONTINUOUS
10
0.5581453937007874
20
0.1844924015748031
11
0.5621696062992125
21
0.180468188976378
0
LINE
8
BLACK
6
CONTINUOUS
10
0.5621696062992125
20
0.180468188976378
11
0.5684736220472441
21
0.1783668503937008
0
LINE
8
BLACK
6
CONTINUOUS
10
0.5684736220472441
20
0.1783668503937008
11
0.5757856692913386
21
0.1783668503937008
0
LINE
8
BLACK
6
CONTINUOUS
10
0.5757856692913386
20
0.1783668503937008
11
0.5757856692913386
21
0.2263668503937008
0
LINE
8
BLACK
6
CONTINUOUS
10
0.5757856692913386
20
0.2263668503937008
11
0.5684735826771653
21
0.2263668503937008
0
LINE
8
BLACK
6
CONTINUOUS
10
0.5684735826771653
20
0.2263668503937008
11
0.5621696062992125
21
0.2242655118110236
0
LINE
8
BLACK
6
CONTINUOUS
10
0.6309346850393701
20
0.2757197637795276
11
0.631063937007874
21
0.2757425590551181
0
LINE
8
BLACK
6
CONTINUOUS
10
0.631063937007874
20
0.2757425590551181
11
0.6311775196850393
21
0.2756769291338583
0
LINE
8
BLACK
6
CONTINUOUS
10
0.6311775196850393
20
0.2756769291338583
11
0.6315611023622048
21
0.2756093307086614
0
LINE
8
BLACK
6
CONTINUOUS
10
0.6315611023622048
20
0.2756093307086614
11
0.632148779527559
21
0.2751161811023622
0
LINE
8
BLACK
6
CONTINUOUS
10
0.632148779527559
20
0.2751161811023622
11
0.6328131102362204
21
0.2747326377952756
0
LINE
8
BLACK
6
CONTINUOUS
10
0.6328131102362204
20
0.2747326377952756
11
0.6329042125984252
21
0.2744822834645669
0
LINE
8
BLACK
6
CONTINUOUS
10
0.6329042125984252
20
0.2744822834645669
11
0.6331083464566929
21
0.2743110236220472
0
LINE
8
BLACK
6
CONTINUOUS
10
0.6331083464566929
20
0.2743110236220472
11
0.6332415748031496
21
0.2735554330708662
0
LINE
8
BLACK
6
CONTINUOUS
10
0.6332415748031496
20
0.2735554330708662
11
0.633503937007874
21
0.2728346456692913
0
LINE
8
BLACK
6
CONTINUOUS
10
0.633503937007874
20
0.2728346456692913
11
0.633503937007874
21
0.2551
0
LINE
8
BLACK
6
CONTINUOUS
10
0.633503937007874
20
0.2551
11
0.6333258661417323
21
0.2540900787401575
0
LINE
8
BLACK
6
CONTINUOUS
10
0.6333258661417323
20
0.2540900787401575
11
0.6320275590551181
21
0.2525428346456693
0
LINE
8
BLACK
6
CONTINUOUS
10
0.6320275590551181
20
0.2525428346456693
11
0.6300384251968504
21
0.2521920866141732
0
LINE
8
BLACK
6
CONTINUOUS
10
0.6300384251968504
20
0.2521920866141732
11
0.6282892519685039
21
0.2532020078740158
0
LINE
8
BLACK
6
CONTINUOUS
10
0.6282892519685039
20
0.2532020078740158
11
0.6275984251968504
21
0.2551
0
LINE
8
BLACK
6
CONTINUOUS
10
0.6275984251968504
20
0.2551
11
0.6275984251968504
21
0.2698818897637795
0
LINE
8
BLACK
6
CONTINUOUS
10
0.6275984251968504
20
0.2698818897637795
11
0.6138527559055118
21
0.2698818897637795
0
LINE
8
BLACK
6
CONTINUOUS
10
0.6138527559055118
20
0.2698818897637795
11
0.6138527559055118
21
0.2551
0
LINE
8
BLACK
6
CONTINUOUS
10
0.6138527559055118
20
0.2551
11
0.6136746850393701
21
0.2540900787401575
0
LINE
8
BLACK
6
CONTINUOUS
10
0.6136746850393701
20
0.2540900787401575
11
0.6123763779527559
21
0.2525428346456693
0
LINE
8
BLACK
6
CONTINUOUS
10
0.6123763779527559
20
0.2525428346456693
11
0.6103872440944882
21
0.2521920866141732
0
LINE
8
BLACK
6
CONTINUOUS
10
0.6103872440944882
20
0.2521920866141732
11
0.6086380708661417
21
0.2532020078740158
0
LINE
8
BLACK
6
CONTINUOUS
10
0.6086380708661417
20
0.2532020078740158
11
0.6079472440944882
21
0.2551
0
LINE
8
BLACK
6
CONTINUOUS
10
0.6079472440944882
20
0.2551
11
0.6079472440944882
21
0.2698818897637795
0
LINE
8
BLACK
6
CONTINUOUS
10
0.6079472440944882
20
0.2698818897637795
11
0.4524015748031496
21
0.2698818897637795
0
LINE
8
BLACK
6
CONTINUOUS
10
0.4524015748031496
20
0.2698818897637795
11
0.4524015748031496
21
0.2551
0
LINE
8
BLACK
6
CONTINUOUS
10
0.4524015748031496
20
0.2551
11
0.4522235039370079
21
0.2540900787401575
0
LINE
8
BLACK
6
CONTINUOUS
10
0.4522235039370079
20
0.2540900787401575
11
0.4509251968503937
21
0.2525428346456693
0
LINE
8
BLACK
6
CONTINUOUS
10
0.4509251968503937
20
0.2525428346456693
11
0.448936062992126
21
0.2521920866141732
0
LINE
8
BLACK
6
CONTINUOUS
10
0.448936062992126
20
0.2521920866141732
11
0.4471868897637795
21
0.2532020078740158
0
LINE
8
BLACK
6
CONTINUOUS
10
0.4471868897637795
20
0.2532020078740158
11
0.446496062992126
21
0.2551
0
LINE
8
BLACK
6
CONTINUOUS
10
0.446496062992126
20
0.2551
11
0.446496062992126
21
0.2728346456692913
0
LINE
8
BLACK
6
CONTINUOUS
10
0.446496062992126
20
0.2728346456692913
11
0.4465636614173228
21
0.2732181496062992
0
LINE
8
BLACK
6
CONTINUOUS
10
0.4465636614173228
20
0.2732181496062992
11
0.446540905511811
21
0.2733474015748031
0
LINE
8
BLACK
6
CONTINUOUS
10
0.446540905511811
20
0.2733474015748031
11
0.4466064960629921
21
0.2734609842519685
0
LINE
8
BLACK
6
CONTINUOUS
10
0.4466064960629921
20
0.2734609842519685
11
0.4466741338582677
21
0.2738445669291338
0
LINE
8
BLACK
6
CONTINUOUS
10
0.4466741338582677
20
0.2738445669291338
11
0.4471672440944882
21
0.2744322440944882
0
LINE
8
BLACK
6
CONTINUOUS
10
0.4471672440944882
20
0.2744322440944882
11
0.4475508267716535
21
0.2750965748031496
0
LINE
8
BLACK
6
CONTINUOUS
10
0.4475508267716535
20
0.2750965748031496
11
0.4478011417322835
21
0.2751876771653543
0
LINE
8
BLACK
6
CONTINUOUS
10
0.4478011417322835
20
0.2751876771653543
11
0.4479724409448819
21
0.275391811023622
0
LINE
8
BLACK
6
CONTINUOUS
10
0.4479724409448819
20
0.275391811023622
11
0.4487279921259842
21
0.2755250393700787
0
LINE
8
BLACK
6
CONTINUOUS
10
0.4487279921259842
20
0.2755250393700787
11
0.4494488188976378
21
0.2757874015748031
0
LINE
8
BLACK
6
CONTINUOUS
10
0.4494488188976378
20
0.2757874015748031
11
0.6305511811023622
21
0.2757874015748031
0
LINE
8
BLACK
6
CONTINUOUS
10
0.6305511811023622
20
0.2757874015748031
11
0.6309346850393701
21
0.2757197637795276
0
LINE
8
BLACK
6
CONTINUOUS
10
0.4108266929133858
20
0.2755436614173228
11
0.4109720472440945
21
0.2755333464566929
0
LINE
8
BLACK
6
CONTINUOUS
10
0.4109720472440945
20
0.2755333464566929
11
0.4113770078740158
21
0.2750663779527559
0
LINE
8
BLACK
6
CONTINUOUS
10
0.4113770078740158
20
0.2750663779527559
11
0.411844094488189
21
0.2746612992125984
0
LINE
8
BLACK
6
CONTINUOUS
10
0.411844094488189
20
0.2746612992125984
11
0.4118544094488189
21
0.274515905511811
0
LINE
8
BLACK
6
CONTINUOUS
10
0.4118544094488189
20
0.274515905511811
11
0.4119498818897638
21
0.2744058661417323
0
LINE
8
BLACK
6
CONTINUOUS
10
0.4119498818897638
20
0.2744058661417323
11
0.4185165354330709
21
0.2547058267716535
0
LINE
8
BLACK
6
CONTINUOUS
10
0.4185165354330709
20
0.2547058267716535
11
0.418410748031496
21
0.2532171259842519
0
LINE
8
BLACK
6
CONTINUOUS
10
0.418410748031496
20
0.2532171259842519
11
0.4172832677165354
21
0.2522392519685039
0
LINE
8
BLACK
6
CONTINUOUS
10
0.4172832677165354
20
0.2522392519685039
11
0.4157945669291339
21
0.2523450787401575
0
LINE
8
BLACK
6
CONTINUOUS
10
0.4157945669291339
20
0.2523450787401575
11
0.4148166929133858
21
0.2534725590551181
0
LINE
8
BLACK
6
CONTINUOUS
10
0.4148166929133858
20
0.2534725590551181
11
0.4133849606299212
21
0.2577677952755906
0
LINE
8
BLACK
6
CONTINUOUS
10
0.4133849606299212
20
0.2577677952755906
11
0.4068149606299212
21
0.2577677952755906
0
LINE
8
BLACK
6
CONTINUOUS
10
0.4068149606299212
20
0.2577677952755906
11
0.4053832283464567
21
0.2534725590551181
0
LINE
8
BLACK
6
CONTINUOUS
10
0.4053832283464567
20
0.2534725590551181
11
0.4044053937007874
21
0.2523450787401575
0
LINE
8
BLACK
6
CONTINUOUS
10
0.4044053937007874
20
0.2523450787401575
11
0.4029166535433071
21
0.2522392913385827
0
LINE
8
BLACK
6
CONTINUOUS
10
0.4029166535433071
20
0.2522392913385827
11
0.4017891732283465
21
0.2532171259842519
0
LINE
8
BLACK
6
CONTINUOUS
10
0.4017891732283465
20
0.2532171259842519
11
0.4016833858267717
21
0.2547058661417323
0
LINE
8
BLACK
6
CONTINUOUS
10
0.4016833858267717
20
0.2547058661417323
11
0.4082500393700788
21
0.2744058661417323
0
LINE
8
BLACK
6
CONTINUOUS
10
0.4082500393700788
20
0.2744058661417323
11
0.4083454724409449
21
0.274515905511811
0
LINE
8
BLACK
6
CONTINUOUS
10
0.4083454724409449
20
0.274515905511811
11
0.4083558267716536
21
0.2746612992125984
0
LINE
8
BLACK
6
CONTINUOUS
10
0.4083558267716536
20
0.2746612992125984
11
0.4088229133858268
21
0.2750663779527559
0
LINE
8
BLACK
6
CONTINUOUS
10
0.4088229133858268
20
0.2750663779527559
11
0.4092279133858268
21
0.2755333464566929
0
LINE
8
BLACK
6
CONTINUOUS
10
0.4092279133858268
20
0.2755333464566929
11
0.4093732283464567
21
0.2755436614173228
0
LINE
8
BLACK
6
CONTINUOUS
10
0.4093732283464567
20
0.2755436614173228
11
0.4094833070866142
21
0.2756391338582677
0
LINE
8
BLACK
6
CONTINUOUS
10
0.4094833070866142
20
0.2756391338582677
11
0.4100998031496063
21
0.2755953149606299
0
LINE
8
BLACK
6
CONTINUOUS
10
0.4100998031496063
20
0.2755953149606299
11
0.4107166141732284
21
0.2756391732283465
0
LINE
8
BLACK
6
CONTINUOUS
10
0.4107166141732284
20
0.2756391732283465
11
0.4108266929133858
21
0.2755436614173228
0
LINE
8
BLACK
6
CONTINUOUS
10
0.4081149606299213
20
0.2616677952755905
11
0.4120849606299212
21
0.2616677952755905
0
LINE
8
BLACK
6
CONTINUOUS
10
0.4120849606299212
20
0.2616677952755905
11
0.4100999212598425
21
0.2676227952755905
0
LINE
8
BLACK
6
CONTINUOUS
10
0.4100999212598425
20
0.2676227952755905
11
0.4081149606299213
21
0.2616677952755905
0
LINE
8
BLACK
6
CONTINUOUS
10
0.664638346456693
20
0.2790680708661417
11
0.6652094881889764
21
0.2776892125984252
0
LINE
8
BLACK
6
CONTINUOUS
10
0.6652094881889764
20
0.2776892125984252
11
0.6652094881889764
21
0.2579892125984252
0
LINE
8
BLACK
6
CONTINUOUS
10
0.6652094881889764
20
0.2579892125984252
11
0.664638346456693
21
0.2566103543307087
0
LINE
8
BLACK
6
CONTINUOUS
10
0.664638346456693
20
0.2566103543307087
11
0.6632594881889764
21
0.2560392125984252
0
LINE
8
BLACK
6
CONTINUOUS
10
0.6632594881889764
20
0.2560392125984252
11
0.6618806299212598
21
0.2566103543307087
0
LINE
8
BLACK
6
CONTINUOUS
10
0.6618806299212598
20
0.2566103543307087
11
0.6613094881889764
21
0.2579892125984252
0
LINE
8
BLACK
6
CONTINUOUS
10
0.6613094881889764
20
0.2579892125984252
11
0.6613094881889764
21
0.2656243307086614
0
LINE
8
BLACK
6
CONTINUOUS
10
0.6613094881889764
20
0.2656243307086614
11
0.6606561811023622
21
0.2662775984251968
0
LINE
8
BLACK
6
CONTINUOUS
10
0.6606561811023622
20
0.2662775984251968
11
0.6535623622047244
21
0.2568192125984252
0
LINE
8
BLACK
6
CONTINUOUS
10
0.6535623622047244
20
0.2568192125984252
11
0.6522781496062992
21
0.2560588188976378
0
LINE
8
BLACK
6
CONTINUOUS
10
0.6522781496062992
20
0.2560588188976378
11
0.6508323622047244
21
0.2564292125984252
0
LINE
8
BLACK
6
CONTINUOUS
10
0.6508323622047244
20
0.2564292125984252
11
0.650071968503937
21
0.2577134251968504
0
LINE
8
BLACK
6
CONTINUOUS
10
0.650071968503937
20
0.2577134251968504
11
0.6504423622047244
21
0.2591592125984252
0
LINE
8
BLACK
6
CONTINUOUS
10
0.6504423622047244
20
0.2591592125984252
11
0.6578704724409449
21
0.2690633070866142
0
LINE
8
BLACK
6
CONTINUOUS
10
0.6578704724409449
20
0.2690633070866142
11
0.6506235039370079
21
0.2763103543307087
0
LINE
8
BLACK
6
CONTINUOUS
10
0.6506235039370079
20
0.2763103543307087
11
0.6500523622047244
21
0.2776892125984252
0
LINE
8
BLACK
6
CONTINUOUS
10
0.6500523622047244
20
0.2776892125984252
11
0.6506235039370079
21
0.2790680708661417
0
LINE
8
BLACK
6
CONTINUOUS
10
0.6506235039370079
20
0.2790680708661417
11
0.6520023622047244
21
0.2796392125984252
0
LINE
8
BLACK
6
CONTINUOUS
10
0.6520023622047244
20
0.2796392125984252
11
0.653381220472441
21
0.2790680708661417
0
LINE
8
BLACK
6
CONTINUOUS
10
0.653381220472441
20
0.2790680708661417
11
0.6613094881889764
21
0.2711397637795275
0
LINE
8
BLACK
6
CONTINUOUS
10
0.6613094881889764
20
0.2711397637795275
11
0.6613094881889764
21
0.2776892125984252
0
LINE
8
BLACK
6
CONTINUOUS
10
0.6613094881889764
20
0.2776892125984252
11
0.6618806299212598
21
0.2790680708661417
0
LINE
8
BLACK
6
CONTINUOUS
10
0.6618806299212598
20
0.2790680708661417
11
0.6632594881889764
21
0.2796392125984252
0
LINE
8
BLACK
6
CONTINUOUS
10
0.6632594881889764
20
0.2796392125984252
11
0.664638346456693
21
0.2790680708661417
0
LINE
8
BLACK
6
CONTINUOUS
10
0.6328131102362204
20
0.3467979921259842
11
0.633503937007874
21
0.3449
0
LINE
8
BLACK
6
CONTINUOUS
10
0.633503937007874
20
0.3449
11
0.633503937007874
21
0.3271653543307086
0
LINE
8
BLACK
6
CONTINUOUS
10
0.633503937007874
20
0.3271653543307086
11
0.6334362992125984
21
0.326781811023622
0
LINE
8
BLACK
6
CONTINUOUS
10
0.6334362992125984
20
0.326781811023622
11
0.6334590944881889
21
0.3266525984251968
0
LINE
8
BLACK
6
CONTINUOUS
10
0.6334590944881889
20
0.3266525984251968
11
0.6333934645669291
21
0.3265389763779528
0
LINE
8
BLACK
6
CONTINUOUS
10
0.6333934645669291
20
0.3265389763779528
11
0.6333258661417323
21
0.3261554330708661
0
LINE
8
BLACK
6
CONTINUOUS
10
0.6333258661417323
20
0.3261554330708661
11
0.632832716535433
21
0.325567716535433
0
LINE
8
BLACK
6
CONTINUOUS
10
0.632832716535433
20
0.325567716535433
11
0.6324491732283465
21
0.3249034251968504
0
LINE
8
BLACK
6
CONTINUOUS
10
0.6324491732283465
20
0.3249034251968504
11
0.6321988188976377
21
0.3248122834645669
0
LINE
8
BLACK
6
CONTINUOUS
10
0.6321988188976377
20
0.3248122834645669
11
0.6320275590551181
21
0.3246081889763779
0
LINE
8
BLACK
6
CONTINUOUS
10
0.6320275590551181
20
0.3246081889763779
11
0.631271968503937
21
0.3244749212598425
0
LINE
8
BLACK
6
CONTINUOUS
10
0.631271968503937
20
0.3244749212598425
11
0.6305511811023622
21
0.3242125984251968
0
LINE
8
BLACK
6
CONTINUOUS
10
0.6305511811023622
20
0.3242125984251968
11
0.4494488188976378
21
0.3242125984251968
0
LINE
8
BLACK
6
CONTINUOUS
10
0.4494488188976378
20
0.3242125984251968
11
0.4490652755905511
21
0.3242801968503937
0
LINE
8
BLACK
6
CONTINUOUS
10
0.4490652755905511
20
0.3242801968503937
11
0.448936062992126
21
0.3242574409448819
0
LINE
8
BLACK
6
CONTINUOUS
10
0.448936062992126
20
0.3242574409448819
11
0.4488224409448819
21
0.324323031496063
0
LINE
8
BLACK
6
CONTINUOUS
10
0.4488224409448819
20
0.324323031496063
11
0.4484388976377953
21
0.3243906692913386
0
LINE
8
BLACK
6
CONTINUOUS
10
0.4484388976377953
20
0.3243906692913386
11
0.4478511811023622
21
0.324883779527559
0
LINE
8
BLACK
6
CONTINUOUS
10
0.4478511811023622
20
0.324883779527559
11
0.4471868897637795
21
0.3252673622047244
0
LINE
8
BLACK
6
CONTINUOUS
10
0.4471868897637795
20
0.3252673622047244
11
0.447095748031496
21
0.3255176771653543
0
LINE
8
BLACK
6
CONTINUOUS
10
0.447095748031496
20
0.3255176771653543
11
0.4468916535433071
21
0.3256889763779527
0
LINE
8
BLACK
6
CONTINUOUS
10
0.4468916535433071
20
0.3256889763779527
11
0.4467583858267716
21
0.3264445275590551
0
LINE
8
BLACK
6
CONTINUOUS
10
0.4467583858267716
20
0.3264445275590551
11
0.446496062992126
21
0.3271653543307086
0
LINE
8
BLACK
6
CONTINUOUS
10
0.446496062992126
20
0.3271653543307086
11
0.446496062992126
21
0.3449
0
LINE
8
BLACK
6
CONTINUOUS
10
0.446496062992126
20
0.3449
11
0.4466741338582677
21
0.3459099212598425
0
LINE
8
BLACK
6
CONTINUOUS
10
0.4466741338582677
20
0.3459099212598425
11
0.4479724409448819
21
0.3474571653543307
0
LINE
8
BLACK
6
CONTINUOUS
10
0.4479724409448819
20
0.3474571653543307
11
0.4499615748031496
21
0.3478079133858268
0
LINE
8
BLACK
6
CONTINUOUS
10
0.4499615748031496
20
0.3478079133858268
11
0.4517107480314961
21
0.3467979921259842
0
LINE
8
BLACK
6
CONTINUOUS
10
0.4517107480314961
20
0.3467979921259842
11
0.4524015748031496
21
0.3449
0
LINE
8
BLACK
6
CONTINUOUS
10
0.4524015748031496
20
0.3449
11
0.4524015748031496
21
0.3301181102362205
0
LINE
8
BLACK
6
CONTINUOUS
10
0.4524015748031496
20
0.3301181102362205
11
0.6079472440944882
21
0.3301181102362205
0
LINE
8
BLACK
6
CONTINUOUS
10
0.6079472440944882
20
0.3301181102362205
11
0.6079472440944882
21
0.3449
0
LINE
8
BLACK
6
CONTINUOUS
10
0.6079472440944882
20
0.3449
11
0.6081253149606299
21
0.3459099212598425
0
LINE
8
BLACK
6
CONTINUOUS
10
0.6081253149606299
20
0.3459099212598425
11
0.6094236220472441
21
0.3474571653543307
0
LINE
8
BLACK
6
CONTINUOUS
10
0.6094236220472441
20
0.3474571653543307
11
0.6114127559055118
21
0.3478079133858268
0
LINE
8
BLACK
6
CONTINUOUS
10
0.6114127559055118
20
0.3478079133858268
11
0.6131619291338583
21
0.3467979921259842
0
LINE
8
BLACK
6
CONTINUOUS
10
0.6131619291338583
20
0.3467979921259842
11
0.6138527559055118
21
0.3449
0
LINE
8
BLACK
6
CONTINUOUS
10
0.6138527559055118
20
0.3449
11
0.6138527559055118
21
0.3301181102362205
0
LINE
8
BLACK
6
CONTINUOUS
10
0.6138527559055118
20
0.3301181102362205
11
0.6275984251968504
21
0.3301181102362205
0
LINE
8
BLACK
6
CONTINUOUS
10
0.6275984251968504
20
0.3301181102362205
11
0.6275984251968504
21
0.3449
0
LINE
8
BLACK
6
CONTINUOUS
10
0.6275984251968504
20
0.3449
11
0.6277764960629921
21
0.3459099212598425
0
LINE
8
BLACK
6
CONTINUOUS
10
0.6277764960629921
20
0.3459099212598425
11
0.6290748031496063
21
0.3474571653543307
0
LINE
8
BLACK
6
CONTINUOUS
10
0.6290748031496063
20
0.3474571653543307
11
0.631063937007874
21
0.3478079133858268
0
LINE
8
BLACK
6
CONTINUOUS
10
0.631063937007874
20
0.3478079133858268
11
0.6328131102362204
21
0.3467979921259842
0
LINE
8
BLACK
6
CONTINUOUS
10
0.9528131102362205
20
0.3467979921259842
11
0.9535039370078739
21
0.3449
0
LINE
8
BLACK
6
CONTINUOUS
10
0.9535039370078739
20
0.3449
11
0.9535039370078739
21
0.3271653543307086
0
LINE
8
BLACK
6
CONTINUOUS
10
0.9535039370078739
20
0.3271653543307086
11
0.9534362992125984
21
0.326781811023622
0
LINE
8
BLACK
6
CONTINUOUS
10
0.9534362992125984
20
0.326781811023622
11
0.953459094488189
21
0.3266525984251968
0
LINE
8
BLACK
6
CONTINUOUS
10
0.953459094488189
20
0.3266525984251968
11
0.9533934645669291
21
0.3265389763779528
0
LINE
8
BLACK
6
CONTINUOUS
10
0.9533934645669291
20
0.3265389763779528
11
0.9533258661417323
21
0.3261554330708661
0
LINE
8
BLACK
6
CONTINUOUS
10
0.9533258661417323
20
0.3261554330708661
11
0.952832716535433
21
0.325567716535433
0
LINE
8
BLACK
6
CONTINUOUS
10
0.952832716535433
20
0.325567716535433
11
0.9524491732283464
21
0.3249034251968504
0
LINE
8
BLACK
6
CONTINUOUS
10
0.9524491732283464
20
0.3249034251968504
11
0.9521988188976378
21
0.3248122834645669
0
LINE
8
BLACK
6
CONTINUOUS
10
0.9521988188976378
20
0.3248122834645669
11
0.952027559055118
21
0.3246081889763779
0
LINE
8
BLACK
6
CONTINUOUS
10
0.952027559055118
20
0.3246081889763779
11
0.951271968503937
21
0.3244749212598425
0
LINE
8
BLACK
6
CONTINUOUS
10
0.951271968503937
20
0.3244749212598425
11
0.9505511811023621
21
0.3242125984251968
0
LINE
8
BLACK
6
CONTINUOUS
10
0.9505511811023621
20
0.3242125984251968
11
0.7694488188976378
21
0.3242125984251968
0
LINE
8
BLACK
6
CONTINUOUS
10
0.7694488188976378
20
0.3242125984251968
11
0.7690652755905512
21
0.3242801968503937
0
LINE
8
BLACK
6
CONTINUOUS
10
0.7690652755905512
20
0.3242801968503937
11
0.7689360629921259
21
0.3242574409448819
0
LINE
8
BLACK
6
CONTINUOUS
10
0.7689360629921259
20
0.3242574409448819
11
0.7688224409448818
21
0.324323031496063
0
LINE
8
BLACK
6
CONTINUOUS
10
0.7688224409448818
20
0.324323031496063
11
0.7684388976377953
21
0.3243906692913386
0
LINE
8
BLACK
6
CONTINUOUS
10
0.7684388976377953
20
0.3243906692913386
11
0.7678511811023622
21
0.324883779527559
0
LINE
8
BLACK
6
CONTINUOUS
10
0.7678511811023622
20
0.324883779527559
11
0.7671868897637795
21
0.3252673622047244
0
LINE
8
BLACK
6
CONTINUOUS
10
0.7671868897637795
20
0.3252673622047244
11
0.767095748031496
21
0.3255176771653543
0
LINE
8
BLACK
6
CONTINUOUS
10
0.767095748031496
20
0.3255176771653543
11
0.766891653543307
21
0.3256889763779527
0
LINE
8
BLACK
6
CONTINUOUS
10
0.766891653543307
20
0.3256889763779527
11
0.7667583858267716
21
0.3264445275590551
0
LINE
8
BLACK
6
CONTINUOUS
10
0.7667583858267716
20
0.3264445275590551
11
0.7664960629921259
21
0.3271653543307086
0
LINE
8
BLACK
6
CONTINUOUS
10
0.7664960629921259
20
0.3271653543307086
11
0.7664960629921259
21
0.3449
0
LINE
8
BLACK
6
CONTINUOUS
10
0.7664960629921259
20
0.3449
11
0.7666741338582677
21
0.3459099212598425
0
LINE
8
BLACK
6
CONTINUOUS
10
0.7666741338582677
20
0.3459099212598425
11
0.7679724409448818
21
0.3474571653543307
0
LINE
8
BLACK
6
CONTINUOUS
10
0.7679724409448818
20
0.3474571653543307
11
0.7699615748031496
21
0.3478079133858268
0
LINE
8
BLACK
6
CONTINUOUS
10
0.7699615748031496
20
0.3478079133858268
11
0.7717107480314961
21
0.3467979921259842
0
LINE
8
BLACK
6
CONTINUOUS
10
0.7717107480314961
20
0.3467979921259842
11
0.7724015748031496
21
0.3449
0
LINE
8
BLACK
6
CONTINUOUS
10
0.7724015748031496
20
0.3449
11
0.7724015748031496
21
0.3301181102362205
0
LINE
8
BLACK
6
CONTINUOUS
10
0.7724015748031496
20
0.3301181102362205
11
0.9279472440944881
21
0.3301181102362205
0
LINE
8
BLACK
6
CONTINUOUS
10
0.9279472440944881
20
0.3301181102362205
11
0.9279472440944881
21
0.3449
0
LINE
8
BLACK
6
CONTINUOUS
10
0.9279472440944881
20
0.3449
11
0.9281253149606299
21
0.3459099212598425
0
LINE
8
BLACK
6
CONTINUOUS
10
0.9281253149606299
20
0.3459099212598425
11
0.929423622047244
21
0.3474571653543307
0
LINE
8
BLACK
6
CONTINUOUS
10
0.929423622047244
20
0.3474571653543307
11
0.9314127559055118
21
0.3478079133858268
0
LINE
8
BLACK
6
CONTINUOUS
10
0.9314127559055118
20
0.3478079133858268
11
0.9331619291338582
21
0.3467979921259842
0
LINE
8
BLACK
6
CONTINUOUS
10
0.9331619291338582
20
0.3467979921259842
11
0.9338527559055118
21
0.3449
0
LINE
8
BLACK
6
CONTINUOUS
10
0.9338527559055118
20
0.3449
11
0.9338527559055118
21
0.3301181102362205
0
LINE
8
BLACK
6
CONTINUOUS
10
0.9338527559055118
20
0.3301181102362205
11
0.9475984251968503
21
0.3301181102362205
0
LINE
8
BLACK
6
CONTINUOUS
10
0.9475984251968503
20
0.3301181102362205
11
0.9475984251968503
21
0.3449
0
LINE
8
BLACK
6
CONTINUOUS
10
0.9475984251968503
20
0.3449
11
0.9477764960629921
21
0.3459099212598425
0
LINE
8
BLACK
6
CONTINUOUS
10
0.9477764960629921
20
0.3459099212598425
11
0.9490748031496062
21
0.3474571653543307
0
LINE
8
BLACK
6
CONTINUOUS
10
0.9490748031496062
20
0.3474571653543307
11
0.9510639370078739
21
0.3478079133858268
0
LINE
8
BLACK
6
CONTINUOUS
10
0.9510639370078739
20
0.3478079133858268
11
0.9528131102362205
21
0.3467979921259842
0
LINE
8
BLACK
6
CONTINUOUS
10
1.2728131102362203
20
0.3467979921259842
11
1.273503937007874
21
0.3449
0
LINE
8
BLACK
6
CONTINUOUS
10
1.273503937007874
20
0.3449
11
1.273503937007874
21
0.3271653543307086
0
LINE
8
BLACK
6
CONTINUOUS
10
1.273503937007874
20
0.3271653543307086
11
1.2734362992125985
21
0.326781811023622
0
LINE
8
BLACK
6
CONTINUOUS
10
1.2734362992125985
20
0.326781811023622
11
1.2734590944881889
21
0.3266525984251968
0
LINE
8
BLACK
6
CONTINUOUS
10
1.2734590944881889
20
0.3266525984251968
11
1.2733934645669291
21
0.3265389763779528
0
LINE
8
BLACK
6
CONTINUOUS
10
1.2733934645669291
20
0.3265389763779528
11
1.2733258661417322
21
0.3261554330708661
0
LINE
8
BLACK
6
CONTINUOUS
10
1.2733258661417322
20
0.3261554330708661
11
1.272832716535433
21
0.325567716535433
0
LINE
8
BLACK
6
CONTINUOUS
10
1.272832716535433
20
0.325567716535433
11
1.2724491732283465
21
0.3249034251968504
0
LINE
8
BLACK
6
CONTINUOUS
10
1.2724491732283465
20
0.3249034251968504
11
1.2721988188976379
21
0.3248122834645669
0
LINE
8
BLACK
6
CONTINUOUS
10
1.2721988188976379
20
0.3248122834645669
11
1.272027559055118
21
0.3246081889763779
0
LINE
8
BLACK
6
CONTINUOUS
10
1.272027559055118
20
0.3246081889763779
11
1.2712719685039371
21
0.3244749212598425
0
LINE
8
BLACK
6
CONTINUOUS
10
1.2712719685039371
20
0.3244749212598425
11
1.2705511811023622
21
0.3242125984251968
0
LINE
8
BLACK
6
CONTINUOUS
10
1.2705511811023622
20
0.3242125984251968
11
1.0894488188976377
21
0.3242125984251968
0
LINE
8
BLACK
6
CONTINUOUS
10
1.0894488188976377
20
0.3242125984251968
11
1.0890652755905512
21
0.3242801968503937
0
LINE
8
BLACK
6
CONTINUOUS
10
1.0890652755905512
20
0.3242801968503937
11
1.0889360629921259
21
0.3242574409448819
0
LINE
8
BLACK
6
CONTINUOUS
10
1.0889360629921259
20
0.3242574409448819
11
1.0888224409448819
21
0.324323031496063
0
LINE
8
BLACK
6
CONTINUOUS
10
1.0888224409448819
20
0.324323031496063
11
1.0884388976377952
21
0.3243906692913386
0
LINE
8
BLACK
6
CONTINUOUS
10
1.0884388976377952
20
0.3243906692913386
11
1.0878511811023621
21
0.324883779527559
0
LINE
8
BLACK
6
CONTINUOUS
10
1.0878511811023621
20
0.324883779527559
11
1.0871868897637795
21
0.3252673622047244
0
LINE
8
BLACK
6
CONTINUOUS
10
1.0871868897637795
20
0.3252673622047244
11
1.087095748031496
21
0.3255176771653543
0
LINE
8
BLACK
6
CONTINUOUS
10
1.087095748031496
20
0.3255176771653543
11
1.0868916535433071
21
0.3256889763779527
0
LINE
8
BLACK
6
CONTINUOUS
10
1.0868916535433071
20
0.3256889763779527
11
1.0867583858267715
21
0.3264445275590551
0
LINE
8
BLACK
6
CONTINUOUS
10
1.0867583858267715
20
0.3264445275590551
11
1.0864960629921259
21
0.3271653543307086
0
LINE
8
BLACK
6
CONTINUOUS
10
1.0864960629921259
20
0.3271653543307086
11
1.0864960629921259
21
0.3449
0
LINE
8
BLACK
6
CONTINUOUS
10
1.0864960629921259
20
0.3449
11
1.0866741338582677
21
0.3459099212598425
0
LINE
8
BLACK
6
CONTINUOUS
10
1.0866741338582677
20
0.3459099212598425
11
1.0879724409448819
21
0.3474571653543307
0
LINE
8
BLACK
6
CONTINUOUS
10
1.0879724409448819
20
0.3474571653543307
11
1.0899615748031495
21
0.3478079133858268
0
LINE
8
BLACK
6
CONTINUOUS
10
1.0899615748031495
20
0.3478079133858268
11
1.091710748031496
21
0.3467979921259842
0
LINE
8
BLACK
6
CONTINUOUS
10
1.091710748031496
20
0.3467979921259842
11
1.0924015748031495
21
0.3449
0
LINE
8
BLACK
6
CONTINUOUS
10
1.0924015748031495
20
0.3449
11
1.0924015748031495
21
0.3301181102362205
0
LINE
8
BLACK
6
CONTINUOUS
10
1.0924015748031495
20
0.3301181102362205
11
1.2479472440944881
21
0.3301181102362205
0
LINE
8
BLACK
6
CONTINUOUS
10
1.2479472440944881
20
0.3301181102362205
11
1.2479472440944881
21
0.3449
0
LINE
8
BLACK
6
CONTINUOUS
10
1.2479472440944881
20
0.3449
11
1.24812531496063
21
0.3459099212598425
0
LINE
8
BLACK
6
CONTINUOUS
10
1.24812531496063
20
0.3459099212598425
11
1.2494236220472441
21
0.3474571653543307
0
LINE
8
BLACK
6
CONTINUOUS
10
1.2494236220472441
20
0.3474571653543307
11
1.2514127559055117
21
0.3478079133858268
0
LINE
8
BLACK
6
CONTINUOUS
10
1.2514127559055117
20
0.3478079133858268
11
1.2531619291338583
21
0.3467979921259842
0
LINE
8
BLACK
6
CONTINUOUS
10
1.2531619291338583
20
0.3467979921259842
11
1.2538527559055117
21
0.3449
0
LINE
8
BLACK
6
CONTINUOUS
10
1.2538527559055117
20
0.3449
11
1.2538527559055117
21
0.3301181102362205
0
LINE
8
BLACK
6
CONTINUOUS
10
1.2538527559055117
20
0.3301181102362205
11
1.2675984251968504
21
0.3301181102362205
0
LINE
8
BLACK
6
CONTINUOUS
10
1.2675984251968504
20
0.3301181102362205
11
1.2675984251968504
21
0.3449
0
LINE
8
BLACK
6
CONTINUOUS
10
1.2675984251968504
20
0.3449
11
1.267776496062992
21
0.3459099212598425
0
LINE
8
BLACK
6
CONTINUOUS
10
1.267776496062992
20
0.3459099212598425
11
1.2690748031496062
21
0.3474571653543307
0
LINE
8
BLACK
6
CONTINUOUS
10
1.2690748031496062
20
0.3474571653543307
11
1.271063937007874
21
0.3478079133858268
0
LINE
8
BLACK
6
CONTINUOUS
10
1.271063937007874
20
0.3478079133858268
11
1.2728131102362203
21
0.3467979921259842
0
LINE
8
BLACK
6
CONTINUOUS
10
0.4944350393700787
20
0.4380397244094488
11
0.4956823228346456
21
0.4378357086614173
0
LINE
8
BLACK
6
CONTINUOUS
10
0.4956823228346456
20
0.4378357086614173
11
0.4959188976377953
21
0.4376420866141732
0
LINE
8
BLACK
6
CONTINUOUS
10
0.4959188976377953
20
0.4376420866141732
11
0.4962142519685039
21
0.4375629921259843
0
LINE
8
BLACK
6
CONTINUOUS
10
0.4962142519685039
20
0.4375629921259843
11
0.497107874015748
21
0.4366693307086614
0
LINE
8
BLACK
6
CONTINUOUS
10
0.497107874015748
20
0.4366693307086614
11
0.4980861023622047
21
0.4358690157480315
0
LINE
8
BLACK
6
CONTINUOUS
10
0.4980861023622047
20
0.4358690157480315
11
0.4981942125984252
21
0.4355829921259842
0
LINE
8
BLACK
6
CONTINUOUS
10
0.4981942125984252
20
0.4355829921259842
11
0.4984103937007874
21
0.4353668503937008
0
LINE
8
BLACK
6
CONTINUOUS
10
0.4984103937007874
20
0.4353668503937008
11
0.4987374409448819
21
0.4341461417322834
0
LINE
8
BLACK
6
CONTINUOUS
10
0.4987374409448819
20
0.4341461417322834
11
0.4991844881889764
21
0.4329638582677166
0
LINE
8
BLACK
6
CONTINUOUS
10
0.4991844881889764
20
0.4329638582677166
11
0.5020416535433071
21
0.4043924409448819
0
LINE
8
BLACK
6
CONTINUOUS
10
0.5020416535433071
20
0.4043924409448819
11
0.501866968503937
21
0.4033245275590551
0
LINE
8
BLACK
6
CONTINUOUS
10
0.501866968503937
20
0.4033245275590551
11
0.501866968503937
21
0.4022425590551181
0
LINE
8
BLACK
6
CONTINUOUS
10
0.501866968503937
20
0.4022425590551181
11
0.50162
21
0.4018147637795276
0
LINE
8
BLACK
6
CONTINUOUS
10
0.50162
20
0.4018147637795276
11
0.5015402755905511
21
0.4013273622047244
0
LINE
8
BLACK
6
CONTINUOUS
10
0.5015402755905511
20
0.4013273622047244
11
0.5008551181102362
21
0.4004899606299213
0
LINE
8
BLACK
6
CONTINUOUS
10
0.5008551181102362
20
0.4004899606299213
11
0.500314094488189
21
0.3995527952755906
0
LINE
8
BLACK
6
CONTINUOUS
10
0.500314094488189
20
0.3995527952755906
11
0.4998862992125984
21
0.3993057874015748
0
LINE
8
BLACK
6
CONTINUOUS
10
0.4998862992125984
20
0.3993057874015748
11
0.4995735826771653
21
0.3989235826771653
0
LINE
8
BLACK
6
CONTINUOUS
10
0.4995735826771653
20
0.3989235826771653
11
0.4985614566929134
21
0.398540905511811
0
LINE
8
BLACK
6
CONTINUOUS
10
0.4985614566929134
20
0.398540905511811
11
0.4976243700787402
21
0.3979998818897638
0
LINE
8
BLACK
6
CONTINUOUS
10
0.4976243700787402
20
0.3979998818897638
11
0.4971304724409449
21
0.3979998818897638
0
LINE
8
BLACK
6
CONTINUOUS
10
0.4971304724409449
20
0.3979998818897638
11
0.4966684645669291
21
0.3978251968503937
0
LINE
8
BLACK
6
CONTINUOUS
10
0.4966684645669291
20
0.3978251968503937
11
0.4956004724409449
21
0.3979998818897638
0
LINE
8
BLACK
6
CONTINUOUS
10
0.4956004724409449
20
0.3979998818897638
11
0.4945185433070866
21
0.3979998818897638
0
LINE
8
BLACK
6
CONTINUOUS
10
0.4945185433070866
20
0.3979998818897638
11
0.4940908267716536
21
0.3982467716535433
0
LINE
8
BLACK
6
CONTINUOUS
10
0.4940908267716536
20
0.3982467716535433
11
0.4936033464566929
21
0.3983265354330708
0
LINE
8
BLACK
6
CONTINUOUS
10
0.4936033464566929
20
0.3983265354330708
11
0.4927657874015748
21
0.3990117716535433
0
LINE
8
BLACK
6
CONTINUOUS
10
0.4927657874015748
20
0.3990117716535433
11
0.4918288188976378
21
0.3995527559055118
0
LINE
8
BLACK
6
CONTINUOUS
10
0.4918288188976378
20
0.3995527559055118
11
0.4896600787401575
21
0.4017214566929134
0
LINE
8
BLACK
6
CONTINUOUS
10
0.4896600787401575
20
0.4017214566929134
11
0.4860836220472441
21
0.4035097244094488
0
LINE
8
BLACK
6
CONTINUOUS
10
0.4860836220472441
20
0.4035097244094488
11
0.4746306299212598
21
0.4035097244094488
0
LINE
8
BLACK
6
CONTINUOUS
10
0.4746306299212598
20
0.4035097244094488
11
0.4710542125984252
21
0.4017214566929134
0
LINE
8
BLACK
6
CONTINUOUS
10
0.4710542125984252
20
0.4017214566929134
11
0.469573937007874
21
0.4002412598425197
0
LINE
8
BLACK
6
CONTINUOUS
10
0.469573937007874
20
0.4002412598425197
11
0.4677857086614173
21
0.3966647244094488
0
LINE
8
BLACK
6
CONTINUOUS
10
0.4677857086614173
20
0.3966647244094488
11
0.4677857086614173
21
0.3852118110236221
0
LINE
8
BLACK
6
CONTINUOUS
10
0.4677857086614173
20
0.3852118110236221
11
0.469573937007874
21
0.3816352755905512
0
LINE
8
BLACK
6
CONTINUOUS
10
0.469573937007874
20
0.3816352755905512
11
0.4710542125984252
21
0.3801550787401575
0
LINE
8
BLACK
6
CONTINUOUS
10
0.4710542125984252
20
0.3801550787401575
11
0.4746306299212598
21
0.3783668503937008
0
LINE
8
BLACK
6
CONTINUOUS
10
0.4746306299212598
20
0.3783668503937008
11
0.4860836220472441
21
0.3783668503937008
0
LINE
8
BLACK
6
CONTINUOUS
10
0.4860836220472441
20
0.3783668503937008
11
0.4896600787401575
21
0.3801550787401575
0
LINE
8
BLACK
6
CONTINUOUS
10
0.4896600787401575
20
0.3801550787401575
11
0.4918288188976378
21
0.3823238188976378
0
LINE
8
BLACK
6
CONTINUOUS
10
0.4918288188976378
20
0.3823238188976378
11
0.4945185433070866
21
0.3838766929133858
0
LINE
8
BLACK
6
CONTINUOUS
10
0.4945185433070866
20
0.3838766929133858
11
0.4976243700787402
21
0.3838766929133858
0
LINE
8
BLACK
6
CONTINUOUS
10
0.4976243700787402
20
0.3838766929133858
11
0.500314094488189
21
0.382323779527559
0
LINE
8
BLACK
6
CONTINUOUS
10
0.500314094488189
20
0.382323779527559
11
0.501866968503937
21
0.3796340157480315
0
LINE
8
BLACK
6
CONTINUOUS
10
0.501866968503937
20
0.3796340157480315
11
0.501866968503937
21
0.376528188976378
0
LINE
8
BLACK
6
CONTINUOUS
10
0.501866968503937
20
0.376528188976378
11
0.5003140551181102
21
0.3738384645669292
0
LINE
8
BLACK
6
CONTINUOUS
10
0.5003140551181102
20
0.3738384645669292
11
0.4974568503937008
21
0.3709813385826772
0
LINE
8
BLACK
6
CONTINUOUS
10
0.4974568503937008
20
0.3709813385826772
11
0.4966202362204724
21
0.3704983464566929
0
LINE
8
BLACK
6
CONTINUOUS
10
0.4966202362204724
20
0.3704983464566929
11
0.4958975590551181
21
0.3698574803149606
0
LINE
8
BLACK
6
CONTINUOUS
10
0.4958975590551181
20
0.3698574803149606
11
0.4901833070866142
21
0.3670003149606299
0
LINE
8
BLACK
6
CONTINUOUS
10
0.4901833070866142
20
0.3670003149606299
11
0.4888322440944882
21
0.3667238188976378
0
LINE
8
BLACK
6
CONTINUOUS
10
0.4888322440944882
20
0.3667238188976378
11
0.4875
21
0.3663668503937008
0
LINE
8
BLACK
6
CONTINUOUS
10
0.4875
20
0.3663668503937008
11
0.4732142519685039
21
0.3663668503937008
0
LINE
8
BLACK
6
CONTINUOUS
10
0.4732142519685039
20
0.3663668503937008
11
0.471881968503937
21
0.3667238188976378
0
LINE
8
BLACK
6
CONTINUOUS
10
0.471881968503937
20
0.3667238188976378
11
0.4705309448818897
21
0.3670003149606299
0
LINE
8
BLACK
6
CONTINUOUS
10
0.4705309448818897
20
0.3670003149606299
11
0.4648166929133858
21
0.3698574803149606
0
LINE
8
BLACK
6
CONTINUOUS
10
0.4648166929133858
20
0.3698574803149606
11
0.4640939763779527
21
0.3704983464566929
0
LINE
8
BLACK
6
CONTINUOUS
10
0.4640939763779527
20
0.3704983464566929
11
0.4632574015748032
21
0.3709813385826772
0
LINE
8
BLACK
6
CONTINUOUS
10
0.4632574015748032
20
0.3709813385826772
11
0.4604002362204724
21
0.3738384645669292
0
LINE
8
BLACK
6
CONTINUOUS
10
0.4604002362204724
20
0.3738384645669292
11
0.4599172047244094
21
0.3746750393700787
0
LINE
8
BLACK
6
CONTINUOUS
10
0.4599172047244094
20
0.3746750393700787
11
0.4592762598425197
21
0.375397874015748
0
LINE
8
BLACK
6
CONTINUOUS
10
0.4592762598425197
20
0.375397874015748
11
0.4564191338582677
21
0.3811121653543307
0
LINE
8
BLACK
6
CONTINUOUS
10
0.4564191338582677
20
0.3811121653543307
11
0.4561426377952756
21
0.3824633070866142
0
LINE
8
BLACK
6
CONTINUOUS
10
0.4561426377952756
20
0.3824633070866142
11
0.4557857086614173
21
0.3837954330708661
0
LINE
8
BLACK
6
CONTINUOUS
10
0.4557857086614173
20
0.3837954330708661
11
0.4557857086614173
21
0.3980811417322834
0
LINE
8
BLACK
6
CONTINUOUS
10
0.4557857086614173
20
0.3980811417322834
11
0.4561426377952756
21
0.3994132283464567
0
LINE
8
BLACK
6
CONTINUOUS
10
0.4561426377952756
20
0.3994132283464567
11
0.4564191338582677
21
0.4007644094488189
0
LINE
8
BLACK
6
CONTINUOUS
10
0.4564191338582677
20
0.4007644094488189
11
0.4592762598425197
21
0.4064787007874016
0
LINE
8
BLACK
6
CONTINUOUS
10
0.4592762598425197
20
0.4064787007874016
11
0.4599172047244094
21
0.4072014960629921
0
LINE
8
BLACK
6
CONTINUOUS
10
0.4599172047244094
20
0.4072014960629921
11
0.4604002362204724
21
0.4080381102362204
0
LINE
8
BLACK
6
CONTINUOUS
10
0.4604002362204724
20
0.4080381102362204
11
0.4632574015748032
21
0.4108952362204724
0
LINE
8
BLACK
6
CONTINUOUS
10
0.4632574015748032
20
0.4108952362204724
11
0.4640939763779527
21
0.411378188976378
0
LINE
8
BLACK
6
CONTINUOUS
10
0.4640939763779527
20
0.411378188976378
11
0.4648166929133858
21
0.412019094488189
0
LINE
8
BLACK
6
CONTINUOUS
10
0.4648166929133858
20
0.412019094488189
11
0.4705309448818897
21
0.4148762598425197
0
LINE
8
BLACK
6
CONTINUOUS
10
0.4705309448818897
20
0.4148762598425197
11
0.471881968503937
21
0.4151527165354331
0
LINE
8
BLACK
6
CONTINUOUS
10
0.471881968503937
20
0.4151527165354331
11
0.4732142519685039
21
0.4155097244094488
0
LINE
8
BLACK
6
CONTINUOUS
10
0.4732142519685039
20
0.4155097244094488
11
0.4875
21
0.4155097244094488
0
LINE
8
BLACK
6
CONTINUOUS
10
0.4875
20
0.4155097244094488
11
0.4888322440944882
21
0.4151527165354331
0
LINE
8
BLACK
6
CONTINUOUS
10
0.4888322440944882
20
0.4151527165354331
11
0.4889072440944882
21
0.4151373622047244
0
LINE
8
BLACK
6
CONTINUOUS
10
0.4889072440944882
20
0.4151373622047244
11
0.4877843307086614
21
0.4263668503937008
0
LINE
8
BLACK
6
CONTINUOUS
10
0.4877843307086614
20
0.4263668503937008
11
0.4646428346456693
21
0.4263668503937008
0
LINE
8
BLACK
6
CONTINUOUS
10
0.4646428346456693
20
0.4263668503937008
11
0.4616428346456693
21
0.4271707086614173
0
LINE
8
BLACK
6
CONTINUOUS
10
0.4616428346456693
20
0.4271707086614173
11
0.4594466929133858
21
0.4293668503937008
0
LINE
8
BLACK
6
CONTINUOUS
10
0.4594466929133858
20
0.4293668503937008
11
0.4586428346456693
21
0.4323668503937008
0
LINE
8
BLACK
6
CONTINUOUS
10
0.4586428346456693
20
0.4323668503937008
11
0.4594466929133858
21
0.4353668503937008
0
LINE
8
BLACK
6
CONTINUOUS
10
0.4594466929133858
20
0.4353668503937008
11
0.4616428346456693
21
0.4375629921259843
0
LINE
8
BLACK
6
CONTINUOUS
10
0.4616428346456693
20
0.4375629921259843
11
0.4646428346456693
21
0.4383668503937008
0
LINE
8
BLACK
6
CONTINUOUS
10
0.4646428346456693
20
0.4383668503937008
11
0.4932142519685039
21
0.4383668503937008
0
LINE
8
BLACK
6
CONTINUOUS
10
0.4932142519685039
20
0.4383668503937008
11
0.4944350393700787
21
0.4380397244094488
0
LINE
8
BLACK
6
CONTINUOUS
10
0.5459748818897637
20
0.4380099212598425
11
0.5473261417322834
21
0.4377334251968504
0
LINE
8
BLACK
6
CONTINUOUS
10
0.5473261417322834
20
0.4377334251968504
11
0.5530404330708661
21
0.4348762992125984
0
LINE
8
BLACK
6
CONTINUOUS
10
0.5530404330708661
20
0.4348762992125984
11
0.5537632283464566
21
0.4342353149606299
0
LINE
8
BLACK
6
CONTINUOUS
10
0.5537632283464566
20
0.4342353149606299
11
0.5545997637795276
21
0.4337523622047244
0
LINE
8
BLACK
6
CONTINUOUS
10
0.5545997637795276
20
0.4337523622047244
11
0.5574569291338582
21
0.4308951968503937
0
LINE
8
BLACK
6
CONTINUOUS
10
0.5574569291338582
20
0.4308951968503937
11
0.559009842519685
21
0.4282054724409449
0
LINE
8
BLACK
6
CONTINUOUS
10
0.559009842519685
20
0.4282054724409449
11
0.559009842519685
21
0.4250996456692913
0
LINE
8
BLACK
6
CONTINUOUS
10
0.559009842519685
20
0.4250996456692913
11
0.5574569291338582
21
0.4224099212598425
0
LINE
8
BLACK
6
CONTINUOUS
10
0.5574569291338582
20
0.4224099212598425
11
0.5547672047244094
21
0.4208570078740158
0
LINE
8
BLACK
6
CONTINUOUS
10
0.5547672047244094
20
0.4208570078740158
11
0.5516613779527559
21
0.4208570078740158
0
LINE
8
BLACK
6
CONTINUOUS
10
0.5516613779527559
20
0.4208570078740158
11
0.5489716535433071
21
0.4224099212598425
0
LINE
8
BLACK
6
CONTINUOUS
10
0.5489716535433071
20
0.4224099212598425
11
0.5468029921259843
21
0.4245785826771654
0
LINE
8
BLACK
6
CONTINUOUS
10
0.5468029921259843
20
0.4245785826771654
11
0.5432264566929134
21
0.4263668503937008
0
LINE
8
BLACK
6
CONTINUOUS
10
0.5432264566929134
20
0.4263668503937008
11
0.5317735826771653
21
0.4263668503937008
0
LINE
8
BLACK
6
CONTINUOUS
10
0.5317735826771653
20
0.4263668503937008
11
0.528196968503937
21
0.4245785433070866
0
LINE
8
BLACK
6
CONTINUOUS
10
0.528196968503937
20
0.4245785433070866
11
0.5267168503937008
21
0.4230984251968504
0
LINE
8
BLACK
6
CONTINUOUS
10
0.5267168503937008
20
0.4230984251968504
11
0.5249285826771654
21
0.4195218503937008
0
LINE
8
BLACK
6
CONTINUOUS
10
0.5249285826771654
20
0.4195218503937008
11
0.5249285826771654
21
0.4161976377952756
0
LINE
8
BLACK
6
CONTINUOUS
10
0.5249285826771654
20
0.4161976377952756
11
0.5270299212598425
21
0.4098936220472441
0
LINE
8
BLACK
6
CONTINUOUS
10
0.5270299212598425
20
0.4098936220472441
11
0.5603140551181103
21
0.3766094881889764
0
LINE
8
BLACK
6
CONTINUOUS
10
0.5603140551181103
20
0.3766094881889764
11
0.5607090157480314
21
0.3759253543307087
0
LINE
8
BLACK
6
CONTINUOUS
10
0.5607090157480314
20
0.3759253543307087
11
0.561267559055118
21
0.3753668503937008
0
LINE
8
BLACK
6
CONTINUOUS
10
0.561267559055118
20
0.3753668503937008
11
0.561471968503937
21
0.3746038582677165
0
LINE
8
BLACK
6
CONTINUOUS
10
0.561471968503937
20
0.3746038582677165
11
0.561866968503937
21
0.3739197637795276
0
LINE
8
BLACK
6
CONTINUOUS
10
0.561866968503937
20
0.3739197637795276
11
0.561866968503937
21
0.373129842519685
0
LINE
8
BLACK
6
CONTINUOUS
10
0.561866968503937
20
0.373129842519685
11
0.5620714173228346
21
0.3723668503937008
0
LINE
8
BLACK
6
CONTINUOUS
10
0.5620714173228346
20
0.3723668503937008
11
0.561866968503937
21
0.3716038188976378
0
LINE
8
BLACK
6
CONTINUOUS
10
0.561866968503937
20
0.3716038188976378
11
0.561866968503937
21
0.370813937007874
0
LINE
8
BLACK
6
CONTINUOUS
10
0.561866968503937
20
0.370813937007874
11
0.561471968503937
21
0.3701298031496063
0
LINE
8
BLACK
6
CONTINUOUS
10
0.561471968503937
20
0.3701298031496063
11
0.561267559055118
21
0.3693668503937008
0
LINE
8
BLACK
6
CONTINUOUS
10
0.561267559055118
20
0.3693668503937008
11
0.5607090157480314
21
0.3688083070866142
0
LINE
8
BLACK
6
CONTINUOUS
10
0.5607090157480314
20
0.3688083070866142
11
0.5603140551181103
21
0.3681242125984252
0
LINE
8
BLACK
6
CONTINUOUS
10
0.5603140551181103
20
0.3681242125984252
11
0.5596299212598425
21
0.3677292125984252
0
LINE
8
BLACK
6
CONTINUOUS
10
0.5596299212598425
20
0.3677292125984252
11
0.5590714173228346
21
0.3671707086614173
0
LINE
8
BLACK
6
CONTINUOUS
10
0.5590714173228346
20
0.3671707086614173
11
0.5583084251968504
21
0.3669662598425197
0
LINE
8
BLACK
6
CONTINUOUS
10
0.5583084251968504
20
0.3669662598425197
11
0.5576243307086614
21
0.3665712992125984
0
LINE
8
BLACK
6
CONTINUOUS
10
0.5576243307086614
20
0.3665712992125984
11
0.5568344094488189
21
0.3665712992125984
0
LINE
8
BLACK
6
CONTINUOUS
10
0.5568344094488189
20
0.3665712992125984
11
0.5560714173228346
21
0.3663668503937008
0
LINE
8
BLACK
6
CONTINUOUS
10
0.5560714173228346
20
0.3663668503937008
11
0.5189285826771654
21
0.3663668503937008
0
LINE
8
BLACK
6
CONTINUOUS
10
0.5189285826771654
20
0.3663668503937008
11
0.5159285826771653
21
0.3671707086614173
0
LINE
8
BLACK
6
CONTINUOUS
10
0.5159285826771653
20
0.3671707086614173
11
0.5137324409448819
21
0.3693668503937008
0
LINE
8
BLACK
6
CONTINUOUS
10
0.5137324409448819
20
0.3693668503937008
11
0.5129285826771653
21
0.3723668503937008
0
LINE
8
BLACK
6
CONTINUOUS
10
0.5129285826771653
20
0.3723668503937008
11
0.5137324409448819
21
0.3753668503937008
0
LINE
8
BLACK
6
CONTINUOUS
10
0.5137324409448819
20
0.3753668503937008
11
0.5159285826771653
21
0.3775629921259843
0
LINE
8
BLACK
6
CONTINUOUS
10
0.5159285826771653
20
0.3775629921259843
11
0.5189285826771654
21
0.3783668503937008
0
LINE
8
BLACK
6
CONTINUOUS
10
0.5189285826771654
20
0.3783668503937008
11
0.5415861417322835
21
0.3783668503937008
0
LINE
8
BLACK
6
CONTINUOUS
10
0.5415861417322835
20
0.3783668503937008
11
0.5175430708661417
21
0.4024099212598425
0
LINE
8
BLACK
6
CONTINUOUS
10
0.5175430708661417
20
0.4024099212598425
11
0.5168534645669292
21
0.4036042913385827
0
LINE
8
BLACK
6
CONTINUOUS
10
0.5168534645669292
20
0.4036042913385827
11
0.5160936220472441
21
0.4047551968503937
0
LINE
8
BLACK
6
CONTINUOUS
10
0.5160936220472441
20
0.4047551968503937
11
0.5132364960629922
21
0.4133266535433071
0
LINE
8
BLACK
6
CONTINUOUS
10
0.5132364960629922
20
0.4133266535433071
11
0.5131785826771653
21
0.4142908661417323
0
LINE
8
BLACK
6
CONTINUOUS
10
0.5131785826771653
20
0.4142908661417323
11
0.5129285826771653
21
0.4152240157480315
0
LINE
8
BLACK
6
CONTINUOUS
10
0.5129285826771653
20
0.4152240157480315
11
0.5129285826771653
21
0.4209382677165354
0
LINE
8
BLACK
6
CONTINUOUS
10
0.5129285826771653
20
0.4209382677165354
11
0.5132855118110237
21
0.4222703543307086
0
LINE
8
BLACK
6
CONTINUOUS
10
0.5132855118110237
20
0.4222703543307086
11
0.5135620078740157
21
0.4236215354330709
0
LINE
8
BLACK
6
CONTINUOUS
10
0.5135620078740157
20
0.4236215354330709
11
0.5164191338582677
21
0.4293358267716536
0
LINE
8
BLACK
6
CONTINUOUS
10
0.5164191338582677
20
0.4293358267716536
11
0.5170600787401575
21
0.4300586220472441
0
LINE
8
BLACK
6
CONTINUOUS
10
0.5170600787401575
20
0.4300586220472441
11
0.5175430708661417
21
0.4308951968503937
0
LINE
8
BLACK
6
CONTINUOUS
10
0.5175430708661417
20
0.4308951968503937
11
0.5204002362204724
21
0.4337523622047244
0
LINE
8
BLACK
6
CONTINUOUS
10
0.5204002362204724
20
0.4337523622047244
11
0.5212368110236221
21
0.4342353543307086
0
LINE
8
BLACK
6
CONTINUOUS
10
0.5212368110236221
20
0.4342353543307086
11
0.5219596062992126
21
0.4348762992125984
0
LINE
8
BLACK
6
CONTINUOUS
10
0.5219596062992126
20
0.4348762992125984
11
0.5276738582677165
21
0.4377334251968504
0
LINE
8
BLACK
6
CONTINUOUS
10
0.5276738582677165
20
0.4377334251968504
11
0.5290250787401575
21
0.4380099212598425
0
LINE
8
BLACK
6
CONTINUOUS
10
0.5290250787401575
20
0.4380099212598425
11
0.530357125984252
21
0.4383668503937008
0
LINE
8
BLACK
6
CONTINUOUS
10
0.530357125984252
20
0.4383668503937008
11
0.5446428740157481
21
0.4383668503937008
0
LINE
8
BLACK
6
CONTINUOUS
10
0.5446428740157481
20
0.4383668503937008
11
0.5459748818897637
21
0.4380099212598425
0
LINE
8
BLACK
6
CONTINUOUS
10
0.613357125984252
20
0.4375629921259843
11
0.6155532677165354
21
0.4353668503937008
0
LINE
8
BLACK
6
CONTINUOUS
10
0.6155532677165354
20
0.4353668503937008
11
0.616357125984252
21
0.4323668503937008
0
LINE
8
BLACK
6
CONTINUOUS
10
0.616357125984252
20
0.4323668503937008
11
0.616357125984252
21
0.3723668503937008
0
LINE
8
BLACK
6
CONTINUOUS
10
0.616357125984252
20
0.3723668503937008
11
0.6155532677165354
21
0.3693668503937008
0
LINE
8
BLACK
6
CONTINUOUS
10
0.6155532677165354
20
0.3693668503937008
11
0.613357125984252
21
0.3671707086614173
0
LINE
8
BLACK
6
CONTINUOUS
10
0.613357125984252
20
0.3671707086614173
11
0.610357125984252
21
0.3663668503937008
0
LINE
8
BLACK
6
CONTINUOUS
10
0.610357125984252
20
0.3663668503937008
11
0.5960714173228346
21
0.3663668503937008
0
LINE
8
BLACK
6
CONTINUOUS
10
0.5960714173228346
20
0.3663668503937008
11
0.5951382677165354
21
0.3666168503937008
0
LINE
8
BLACK
6
CONTINUOUS
10
0.5951382677165354
20
0.3666168503937008
11
0.5941740551181103
21
0.3666747637795276
0
LINE
8
BLACK
6
CONTINUOUS
10
0.5941740551181103
20
0.3666747637795276
11
0.5856025984251968
21
0.3695319291338582
0
LINE
8
BLACK
6
CONTINUOUS
10
0.5856025984251968
20
0.3695319291338582
11
0.5844517716535433
21
0.3702917322834646
0
LINE
8
BLACK
6
CONTINUOUS
10
0.5844517716535433
20
0.3702917322834646
11
0.5832573622047244
21
0.3709813779527559
0
LINE
8
BLACK
6
CONTINUOUS
10
0.5832573622047244
20
0.3709813779527559
11
0.5775430708661418
21
0.3766956299212598
0
LINE
8
BLACK
6
CONTINUOUS
10
0.5775430708661418
20
0.3766956299212598
11
0.5770600787401575
21
0.3775321653543307
0
LINE
8
BLACK
6
CONTINUOUS
10
0.5770600787401575
20
0.3775321653543307
11
0.5764191338582677
21
0.378255
0
LINE
8
BLACK
6
CONTINUOUS
10
0.5764191338582677
20
0.378255
11
0.5735620078740158
21
0.3839692913385827
0
LINE
8
BLACK
6
CONTINUOUS
10
0.5735620078740158
20
0.3839692913385827
11
0.5734292125984252
21
0.3846181496062992
0
LINE
8
BLACK
6
CONTINUOUS
10
0.5734292125984252
20
0.3846181496062992
11
0.573107716535433
21
0.3851973228346456
0
LINE
8
BLACK
6
CONTINUOUS
10
0.573107716535433
20
0.3851973228346456
11
0.5702505511811023
21
0.396625905511811
0
LINE
8
BLACK
6
CONTINUOUS
10
0.5702505511811023
20
0.396625905511811
11
0.5702629921259842
21
0.3973661023622047
0
LINE
8
BLACK
6
CONTINUOUS
10
0.5702629921259842
20
0.3973661023622047
11
0.5700714173228346
21
0.3980811417322834
0
LINE
8
BLACK
6
CONTINUOUS
10
0.5700714173228346
20
0.3980811417322834
11
0.5700714173228346
21
0.4066525590551181
0
LINE
8
BLACK
6
CONTINUOUS
10
0.5700714173228346
20
0.4066525590551181
11
0.5702629921259842
21
0.4073675590551181
0
LINE
8
BLACK
6
CONTINUOUS
10
0.5702629921259842
20
0.4073675590551181
11
0.5702505511811023
21
0.4081077952755905
0
LINE
8
BLACK
6
CONTINUOUS
10
0.5702505511811023
20
0.4081077952755905
11
0.573107716535433
21
0.4195363779527559
0
LINE
8
BLACK
6
CONTINUOUS
10
0.573107716535433
20
0.4195363779527559
11
0.5734292125984252
21
0.4201155118110236
0
LINE
8
BLACK
6
CONTINUOUS
10
0.5734292125984252
20
0.4201155118110236
11
0.5735620078740158
21
0.4207644094488189
0
LINE
8
BLACK
6
CONTINUOUS
10
0.5735620078740158
20
0.4207644094488189
11
0.5764191338582677
21
0.4264787007874016
0
LINE
8
BLACK
6
CONTINUOUS
10
0.5764191338582677
20
0.4264787007874016
11
0.5770600787401575
21
0.4272014960629921
0
LINE
8
BLACK
6
CONTINUOUS
10
0.5770600787401575
20
0.4272014960629921
11
0.5775430708661418
21
0.4280380708661417
0
LINE
8
BLACK
6
CONTINUOUS
10
0.5775430708661418
20
0.4280380708661417
11
0.5832573622047244
21
0.4337523622047244
0
LINE
8
BLACK
6
CONTINUOUS
10
0.5832573622047244
20
0.4337523622047244
11
0.5844517322834646
21
0.4344419291338583
0
LINE
8
BLACK
6
CONTINUOUS
10
0.5844517322834646
20
0.4344419291338583
11
0.5856026377952755
21
0.435201811023622
0
LINE
8
BLACK
6
CONTINUOUS
10
0.5856026377952755
20
0.435201811023622
11
0.5941740551181103
21
0.4380589763779528
0
LINE
8
BLACK
6
CONTINUOUS
10
0.5941740551181103
20
0.4380589763779528
11
0.5951384251968503
21
0.4381168503937008
0
LINE
8
BLACK
6
CONTINUOUS
10
0.5951384251968503
20
0.4381168503937008
11
0.5960714173228346
21
0.4383668503937008
0
LINE
8
BLACK
6
CONTINUOUS
10
0.5960714173228346
20
0.4383668503937008
11
0.610357125984252
21
0.4383668503937008
0
LINE
8
BLACK
6
CONTINUOUS
10
0.610357125984252
20
0.4383668503937008
11
0.613357125984252
21
0.4375629921259843
0
LINE
8
BLACK
6
CONTINUOUS
10
0.5907410629921259
20
0.4242655118110236
11
0.5867168503937008
21
0.4202412992125984
0
LINE
8
BLACK
6
CONTINUOUS
10
0.5867168503937008
20
0.4202412992125984
11
0.58458968503937
21
0.4159870078740157
0
LINE
8
BLACK
6
CONTINUOUS
10
0.58458968503937
20
0.4159870078740157
11
0.5820714173228346
21
0.4059138188976378
0
LINE
8
BLACK
6
CONTINUOUS
10
0.5820714173228346
20
0.4059138188976378
11
0.5820714173228346
21
0.3988198425196851
0
LINE
8
BLACK
6
CONTINUOUS
10
0.5820714173228346
20
0.3988198425196851
11
0.58458968503937
21
0.3887466535433071
0
LINE
8
BLACK
6
CONTINUOUS
10
0.58458968503937
20
0.3887466535433071
11
0.5867168503937008
21
0.3844924015748031
0
LINE
8
BLACK
6
CONTINUOUS
10
0.5867168503937008
20
0.3844924015748031
11
0.5907410629921259
21
0.380468188976378
0
LINE
8
BLACK
6
CONTINUOUS
10
0.5907410629921259
20
0.380468188976378
11
0.5970450787401574
21
0.3783668503937008
0
LINE
8
BLACK
6
CONTINUOUS
10
0.5970450787401574
20
0.3783668503937008
11
0.604357125984252
21
0.3783668503937008
0
LINE
8
BLACK
6
CONTINUOUS
10
0.604357125984252
20
0.3783668503937008
11
0.604357125984252
21
0.4263668503937008
0
LINE
8
BLACK
6
CONTINUOUS
10
0.604357125984252
20
0.4263668503937008
11
0.5970450393700787
21
0.4263668503937008
0
LINE
8
BLACK
6
CONTINUOUS
10
0.5970450393700787
20
0.4263668503937008
11
0.5907410629921259
21
0.4242655118110236
0
LINE
8
BLACK
6
CONTINUOUS
10
0.8057665354330709
20
0.4397132283464567
11
0.8074777952755905
21
0.4371213779527559
0
LINE
8
BLACK
6
CONTINUOUS
10
0.8074777952755905
20
0.4371213779527559
11
0.8217635039370078
21
0.3942642125984252
0
LINE
8
BLACK
6
CONTINUOUS
10
0.8217635039370078
20
0.3942642125984252
11
0.8218213779527559
21
0.3932999606299212
0
LINE
8
BLACK
6
CONTINUOUS
10
0.8218213779527559
20
0.3932999606299212
11
0.8220714173228346
21
0.3923668503937008
0
LINE
8
BLACK
6
CONTINUOUS
10
0.8220714173228346
20
0.3923668503937008
11
0.821912874015748
21
0.3917752755905512
0
LINE
8
BLACK
6
CONTINUOUS
10
0.821912874015748
20
0.3917752755905512
11
0.8219496062992125
21
0.391163937007874
0
LINE
8
BLACK
6
CONTINUOUS
10
0.8219496062992125
20
0.391163937007874
11
0.8215175590551181
21
0.390299842519685
0
LINE
8
BLACK
6
CONTINUOUS
10
0.8215175590551181
20
0.390299842519685
11
0.8212675590551181
21
0.3893668503937008
0
LINE
8
BLACK
6
CONTINUOUS
10
0.8212675590551181
20
0.3893668503937008
11
0.8208345275590551
21
0.3889338188976378
0
LINE
8
BLACK
6
CONTINUOUS
10
0.8208345275590551
20
0.3889338188976378
11
0.8205606299212598
21
0.3883860236220472
0
LINE
8
BLACK
6
CONTINUOUS
10
0.8205606299212598
20
0.3883860236220472
11
0.8197544094488188
21
0.3878537007874016
0
LINE
8
BLACK
6
CONTINUOUS
10
0.8197544094488188
20
0.3878537007874016
11
0.8190714173228346
21
0.3871707086614173
0
LINE
8
BLACK
6
CONTINUOUS
10
0.8190714173228346
20
0.3871707086614173
11
0.8184799212598425
21
0.3870122047244094
0
LINE
8
BLACK
6
CONTINUOUS
10
0.8184799212598425
20
0.3870122047244094
11
0.8179687795275591
21
0.3866747244094488
0
LINE
8
BLACK
6
CONTINUOUS
10
0.8179687795275591
20
0.3866747244094488
11
0.8170043700787402
21
0.3866168110236221
0
LINE
8
BLACK
6
CONTINUOUS
10
0.8170043700787402
20
0.3866168110236221
11
0.8160714173228346
21
0.3863668503937008
0
LINE
8
BLACK
6
CONTINUOUS
10
0.8160714173228346
20
0.3863668503937008
11
0.7935
21
0.3863668503937008
0
LINE
8
BLACK
6
CONTINUOUS
10
0.7935
20
0.3863668503937008
11
0.7935
21
0.3723668503937008
0
LINE
8
BLACK
6
CONTINUOUS
10
0.7935
20
0.3723668503937008
11
0.7926961417322834
21
0.3693668503937008
0
LINE
8
BLACK
6
CONTINUOUS
10
0.7926961417322834
20
0.3693668503937008
11
0.7905
21
0.3671707086614173
0
LINE
8
BLACK
6
CONTINUOUS
10
0.7905
20
0.3671707086614173
11
0.7875
21
0.3663668503937008
0
LINE
8
BLACK
6
CONTINUOUS
10
0.7875
20
0.3663668503937008
11
0.7845
21
0.3671707086614173
0
LINE
8
BLACK
6
CONTINUOUS
10
0.7845
20
0.3671707086614173
11
0.7823038582677165
21
0.3693668503937008
0
LINE
8
BLACK
6
CONTINUOUS
10
0.7823038582677165
20
0.3693668503937008
11
0.7815
21
0.3723668503937008
0
LINE
8
BLACK
6
CONTINUOUS
10
0.7815
20
0.3723668503937008
11
0.7815
21
0.3863668503937008
0
LINE
8
BLACK
6
CONTINUOUS
10
0.7815
20
0.3863668503937008
11
0.7789285433070866
21
0.3863668503937008
0
LINE
8
BLACK
6
CONTINUOUS
10
0.7789285433070866
20
0.3863668503937008
11
0.7759285433070866
21
0.3871707086614173
0
LINE
8
BLACK
6
CONTINUOUS
10
0.7759285433070866
20
0.3871707086614173
11
0.7737324015748032
21
0.3893668503937008
0
LINE
8
BLACK
6
CONTINUOUS
10
0.7737324015748032
20
0.3893668503937008
11
0.7729285433070866
21
0.3923668503937008
0
LINE
8
BLACK
6
CONTINUOUS
10
0.7729285433070866
20
0.3923668503937008
11
0.7737324015748032
21
0.3953668503937008
0
LINE
8
BLACK
6
CONTINUOUS
10
0.7737324015748032
20
0.3953668503937008
11
0.7759285433070866
21
0.3975629921259842
0
LINE
8
BLACK
6
CONTINUOUS
10
0.7759285433070866
20
0.3975629921259842
11
0.7789285433070866
21
0.3983668503937008
0
LINE
8
BLACK
6
CONTINUOUS
10
0.7789285433070866
20
0.3983668503937008
11
0.7815
21
0.3983668503937008
0
LINE
8
BLACK
6
CONTINUOUS
10
0.7815
20
0.3983668503937008
11
0.7815
21
0.4123668503937008
0
LINE
8
BLACK
6
CONTINUOUS
10
0.7815
20
0.4123668503937008
11
0.7823038582677165
21
0.4153668503937008
0
LINE
8
BLACK
6
CONTINUOUS
10
0.7823038582677165
20
0.4153668503937008
11
0.7845
21
0.4175629921259842
0
LINE
8
BLACK
6
CONTINUOUS
10
0.7845
20
0.4175629921259842
11
0.7875
21
0.4183668503937008
0
LINE
8
BLACK
6
CONTINUOUS
10
0.7875
20
0.4183668503937008
11
0.7905
21
0.4175629921259842
0
LINE
8
BLACK
6
CONTINUOUS
10
0.7905
20
0.4175629921259842
11
0.7926961417322834
21
0.4153668503937008
0
LINE
8
BLACK
6
CONTINUOUS
10
0.7926961417322834
20
0.4153668503937008
11
0.7935
21
0.4123668503937008
0
LINE
8
BLACK
6
CONTINUOUS
10
0.7935
20
0.4123668503937008
11
0.7935
21
0.3983668503937008
0
LINE
8
BLACK
6
CONTINUOUS
10
0.7935
20
0.3983668503937008
11
0.8077468503937008
21
0.3983668503937008
0
LINE
8
BLACK
6
CONTINUOUS
10
0.8077468503937008
20
0.3983668503937008
11
0.7960936220472441
21
0.4333266535433071
0
LINE
8
BLACK
6
CONTINUOUS
10
0.7960936220472441
20
0.4333266535433071
11
0.7959075196850394
21
0.4364268897637795
0
LINE
8
BLACK
6
CONTINUOUS
10
0.7959075196850394
20
0.4364268897637795
11
0.7972964960629921
21
0.4392048425196851
0
LINE
8
BLACK
6
CONTINUOUS
10
0.7972964960629921
20
0.4392048425196851
11
0.7998883464566929
21
0.4409161023622047
0
LINE
8
BLACK
6
CONTINUOUS
10
0.7998883464566929
20
0.4409161023622047
11
0.8029885826771653
21
0.4411022047244094
0
LINE
8
BLACK
6
CONTINUOUS
10
0.8029885826771653
20
0.4411022047244094
11
0.8057665354330709
21
0.4397132283464567
0
LINE
8
BLACK
6
CONTINUOUS
10
0.8659748818897638
20
0.4380099212598425
11
0.8673261417322834
21
0.4377334251968504
0
LINE
8
BLACK
6
CONTINUOUS
10
0.8673261417322834
20
0.4377334251968504
11
0.8730404330708661
21
0.4348762992125984
0
LINE
8
BLACK
6
CONTINUOUS
10
0.8730404330708661
20
0.4348762992125984
11
0.8737632283464567
21
0.4342353149606299
0
LINE
8
BLACK
6
CONTINUOUS
10
0.8737632283464567
20
0.4342353149606299
11
0.8745997637795275
21
0.4337523622047244
0
LINE
8
BLACK
6
CONTINUOUS
10
0.8745997637795275
20
0.4337523622047244
11
0.8774569291338582
21
0.4308951968503937
0
LINE
8
BLACK
6
CONTINUOUS
10
0.8774569291338582
20
0.4308951968503937
11
0.8790098425196851
21
0.4282054724409449
0
LINE
8
BLACK
6
CONTINUOUS
10
0.8790098425196851
20
0.4282054724409449
11
0.8790098425196851
21
0.4250996456692913
0
LINE
8
BLACK
6
CONTINUOUS
10
0.8790098425196851
20
0.4250996456692913
11
0.8774569291338582
21
0.4224099212598425
0
LINE
8
BLACK
6
CONTINUOUS
10
0.8774569291338582
20
0.4224099212598425
11
0.8747672047244094
21
0.4208570078740158
0
LINE
8
BLACK
6
CONTINUOUS
10
0.8747672047244094
20
0.4208570078740158
11
0.8716613779527559
21
0.4208570078740158
0
LINE
8
BLACK
6
CONTINUOUS
10
0.8716613779527559
20
0.4208570078740158
11
0.8689716535433071
21
0.4224099212598425
0
LINE
8
BLACK
6
CONTINUOUS
10
0.8689716535433071
20
0.4224099212598425
11
0.8668029921259842
21
0.4245785826771654
0
LINE
8
BLACK
6
CONTINUOUS
10
0.8668029921259842
20
0.4245785826771654
11
0.8632264566929133
21
0.4263668503937008
0
LINE
8
BLACK
6
CONTINUOUS
10
0.8632264566929133
20
0.4263668503937008
11
0.8517735826771653
21
0.4263668503937008
0
LINE
8
BLACK
6
CONTINUOUS
10
0.8517735826771653
20
0.4263668503937008
11
0.848196968503937
21
0.4245785433070866
0
LINE
8
BLACK
6
CONTINUOUS
10
0.848196968503937
20
0.4245785433070866
11
0.8467168503937008
21
0.4230984251968504
0
LINE
8
BLACK
6
CONTINUOUS
10
0.8467168503937008
20
0.4230984251968504
11
0.8449285826771653
21
0.4195218503937008
0
LINE
8
BLACK
6
CONTINUOUS
10
0.8449285826771653
20
0.4195218503937008
11
0.8449285826771653
21
0.4161976377952756
0
LINE
8
BLACK
6
CONTINUOUS
10
0.8449285826771653
20
0.4161976377952756
11
0.8470299212598426
21
0.4098936220472441
0
LINE
8
BLACK
6
CONTINUOUS
10
0.8470299212598426
20
0.4098936220472441
11
0.8803140551181102
21
0.3766094881889764
0
LINE
8
BLACK
6
CONTINUOUS
10
0.8803140551181102
20
0.3766094881889764
11
0.8807090157480315
21
0.3759253543307087
0
LINE
8
BLACK
6
CONTINUOUS
10
0.8807090157480315
20
0.3759253543307087
11
0.8812675590551181
21
0.3753668503937008
0
LINE
8
BLACK
6
CONTINUOUS
10
0.8812675590551181
20
0.3753668503937008
11
0.8814719685039369
21
0.3746038582677165
0
LINE
8
BLACK
6
CONTINUOUS
10
0.8814719685039369
20
0.3746038582677165
11
0.881866968503937
21
0.3739197637795276
0
LINE
8
BLACK
6
CONTINUOUS
10
0.881866968503937
20
0.3739197637795276
11
0.881866968503937
21
0.373129842519685
0
LINE
8
BLACK
6
CONTINUOUS
10
0.881866968503937
20
0.373129842519685
11
0.8820714173228347
21
0.3723668503937008
0
LINE
8
BLACK
6
CONTINUOUS
10
0.8820714173228347
20
0.3723668503937008
11
0.881866968503937
21
0.3716038188976378
0
LINE
8
BLACK
6
CONTINUOUS
10
0.881866968503937
20
0.3716038188976378
11
0.881866968503937
21
0.370813937007874
0
LINE
8
BLACK
6
CONTINUOUS
10
0.881866968503937
20
0.370813937007874
11
0.8814719685039369
21
0.3701298031496063
0
LINE
8
BLACK
6
CONTINUOUS
10
0.8814719685039369
20
0.3701298031496063
11
0.8812675590551181
21
0.3693668503937008
0
LINE
8
BLACK
6
CONTINUOUS
10
0.8812675590551181
20
0.3693668503937008
11
0.8807090157480315
21
0.3688083070866142
0
LINE
8
BLACK
6
CONTINUOUS
10
0.8807090157480315
20
0.3688083070866142
11
0.8803140551181102
21
0.3681242125984252
0
LINE
8
BLACK
6
CONTINUOUS
10
0.8803140551181102
20
0.3681242125984252
11
0.8796299212598425
21
0.3677292125984252
0
LINE
8
BLACK
6
CONTINUOUS
10
0.8796299212598425
20
0.3677292125984252
11
0.8790714173228347
21
0.3671707086614173
0
LINE
8
BLACK
6
CONTINUOUS
10
0.8790714173228347
20
0.3671707086614173
11
0.8783084251968504
21
0.3669662598425197
0
LINE
8
BLACK
6
CONTINUOUS
10
0.8783084251968504
20
0.3669662598425197
11
0.8776243307086614
21
0.3665712992125984
0
LINE
8
BLACK
6
CONTINUOUS
10
0.8776243307086614
20
0.3665712992125984
11
0.8768344094488189
21
0.3665712992125984
0
LINE
8
BLACK
6
CONTINUOUS
10
0.8768344094488189
20
0.3665712992125984
11
0.8760714173228347
21
0.3663668503937008
0
LINE
8
BLACK
6
CONTINUOUS
10
0.8760714173228347
20
0.3663668503937008
11
0.8389285826771653
21
0.3663668503937008
0
LINE
8
BLACK
6
CONTINUOUS
10
0.8389285826771653
20
0.3663668503937008
11
0.8359285826771653
21
0.3671707086614173
0
LINE
8
BLACK
6
CONTINUOUS
10
0.8359285826771653
20
0.3671707086614173
11
0.8337324409448819
21
0.3693668503937008
0
LINE
8
BLACK
6
CONTINUOUS
10
0.8337324409448819
20
0.3693668503937008
11
0.8329285826771653
21
0.3723668503937008
0
LINE
8
BLACK
6
CONTINUOUS
10
0.8329285826771653
20
0.3723668503937008
11
0.8337324409448819
21
0.3753668503937008
0
LINE
8
BLACK
6
CONTINUOUS
10
0.8337324409448819
20
0.3753668503937008
11
0.8359285826771653
21
0.3775629921259843
0
LINE
8
BLACK
6
CONTINUOUS
10
0.8359285826771653
20
0.3775629921259843
11
0.8389285826771653
21
0.3783668503937008
0
LINE
8
BLACK
6
CONTINUOUS
10
0.8389285826771653
20
0.3783668503937008
11
0.8615861417322834
21
0.3783668503937008
0
LINE
8
BLACK
6
CONTINUOUS
10
0.8615861417322834
20
0.3783668503937008
11
0.8375430708661417
21
0.4024099212598425
0
LINE
8
BLACK
6
CONTINUOUS
10
0.8375430708661417
20
0.4024099212598425
11
0.8368534645669291
21
0.4036042913385827
0
LINE
8
BLACK
6
CONTINUOUS
10
0.8368534645669291
20
0.4036042913385827
11
0.836093622047244
21
0.4047551968503937
0
LINE
8
BLACK
6
CONTINUOUS
10
0.836093622047244
20
0.4047551968503937
11
0.8332364960629921
21
0.4133266535433071
0
LINE
8
BLACK
6
CONTINUOUS
10
0.8332364960629921
20
0.4133266535433071
11
0.8331785826771654
21
0.4142908661417323
0
LINE
8
BLACK
6
CONTINUOUS
10
0.8331785826771654
20
0.4142908661417323
11
0.8329285826771653
21
0.4152240157480315
0
LINE
8
BLACK
6
CONTINUOUS
10
0.8329285826771653
20
0.4152240157480315
11
0.8329285826771653
21
0.4209382677165354
0
LINE
8
BLACK
6
CONTINUOUS
10
0.8329285826771653
20
0.4209382677165354
11
0.8332855118110236
21
0.4222703543307086
0
LINE
8
BLACK
6
CONTINUOUS
10
0.8332855118110236
20
0.4222703543307086
11
0.8335620078740157
21
0.4236215354330709
0
LINE
8
BLACK
6
CONTINUOUS
10
0.8335620078740157
20
0.4236215354330709
11
0.8364191338582677
21
0.4293358267716536
0
LINE
8
BLACK
6
CONTINUOUS
10
0.8364191338582677
20
0.4293358267716536
11
0.8370600787401574
21
0.4300586220472441
0
LINE
8
BLACK
6
CONTINUOUS
10
0.8370600787401574
20
0.4300586220472441
11
0.8375430708661417
21
0.4308951968503937
0
LINE
8
BLACK
6
CONTINUOUS
10
0.8375430708661417
20
0.4308951968503937
11
0.8404002362204724
21
0.4337523622047244
0
LINE
8
BLACK
6
CONTINUOUS
10
0.8404002362204724
20
0.4337523622047244
11
0.841236811023622
21
0.4342353543307086
0
LINE
8
BLACK
6
CONTINUOUS
10
0.841236811023622
20
0.4342353543307086
11
0.8419596062992126
21
0.4348762992125984
0
LINE
8
BLACK
6
CONTINUOUS
10
0.8419596062992126
20
0.4348762992125984
11
0.8476738582677165
21
0.4377334251968504
0
LINE
8
BLACK
6
CONTINUOUS
10
0.8476738582677165
20
0.4377334251968504
11
0.8490250787401574
21
0.4380099212598425
0
LINE
8
BLACK
6
CONTINUOUS
10
0.8490250787401574
20
0.4380099212598425
11
0.8503571259842519
21
0.4383668503937008
0
LINE
8
BLACK
6
CONTINUOUS
10
0.8503571259842519
20
0.4383668503937008
11
0.864642874015748
21
0.4383668503937008
0
LINE
8
BLACK
6
CONTINUOUS
10
0.864642874015748
20
0.4383668503937008
11
0.8659748818897638
21
0.4380099212598425
0
LINE
8
BLACK
6
CONTINUOUS
10
0.9333571259842519
20
0.4375629921259843
11
0.9355532677165355
21
0.4353668503937008
0
LINE
8
BLACK
6
CONTINUOUS
10
0.9355532677165355
20
0.4353668503937008
11
0.9363571259842519
21
0.4323668503937008
0
LINE
8
BLACK
6
CONTINUOUS
10
0.9363571259842519
20
0.4323668503937008
11
0.9363571259842519
21
0.3723668503937008
0
LINE
8
BLACK
6
CONTINUOUS
10
0.9363571259842519
20
0.3723668503937008
11
0.9355532677165355
21
0.3693668503937008
0
LINE
8
BLACK
6
CONTINUOUS
10
0.9355532677165355
20
0.3693668503937008
11
0.9333571259842519
21
0.3671707086614173
0
LINE
8
BLACK
6
CONTINUOUS
10
0.9333571259842519
20
0.3671707086614173
11
0.9303571259842519
21
0.3663668503937008
0
LINE
8
BLACK
6
CONTINUOUS
10
0.9303571259842519
20
0.3663668503937008
11
0.9160714173228346
21
0.3663668503937008
0
LINE
8
BLACK
6
CONTINUOUS
10
0.9160714173228346
20
0.3663668503937008
11
0.9151382677165354
21
0.3666168503937008
0
LINE
8
BLACK
6
CONTINUOUS
10
0.9151382677165354
20
0.3666168503937008
11
0.9141740551181102
21
0.3666747637795276
0
LINE
8
BLACK
6
CONTINUOUS
10
0.9141740551181102
20
0.3666747637795276
11
0.9056025984251969
21
0.3695319291338582
0
LINE
8
BLACK
6
CONTINUOUS
10
0.9056025984251969
20
0.3695319291338582
11
0.9044517716535433
21
0.3702917322834646
0
LINE
8
BLACK
6
CONTINUOUS
10
0.9044517716535433
20
0.3702917322834646
11
0.9032573622047244
21
0.3709813779527559
0
LINE
8
BLACK
6
CONTINUOUS
10
0.9032573622047244
20
0.3709813779527559
11
0.8975430708661417
21
0.3766956299212598
0
LINE
8
BLACK
6
CONTINUOUS
10
0.8975430708661417
20
0.3766956299212598
11
0.8970600787401575
21
0.3775321653543307
0
LINE
8
BLACK
6
CONTINUOUS
10
0.8970600787401575
20
0.3775321653543307
11
0.8964191338582677
21
0.378255
0
LINE
8
BLACK
6
CONTINUOUS
10
0.8964191338582677
20
0.378255
11
0.8935620078740157
21
0.3839692913385827
0
LINE
8
BLACK
6
CONTINUOUS
10
0.8935620078740157
20
0.3839692913385827
11
0.8934292125984252
21
0.3846181496062992
0
LINE
8
BLACK
6
CONTINUOUS
10
0.8934292125984252
20
0.3846181496062992
11
0.8931077165354331
21
0.3851973228346456
0
LINE
8
BLACK
6
CONTINUOUS
10
0.8931077165354331
20
0.3851973228346456
11
0.8902505511811023
21
0.396625905511811
0
LINE
8
BLACK
6
CONTINUOUS
10
0.8902505511811023
20
0.396625905511811
11
0.8902629921259843
21
0.3973661023622047
0
LINE
8
BLACK
6
CONTINUOUS
10
0.8902629921259843
20
0.3973661023622047
11
0.8900714173228347
21
0.3980811417322834
0
LINE
8
BLACK
6
CONTINUOUS
10
0.8900714173228347
20
0.3980811417322834
11
0.8900714173228347
21
0.4066525590551181
0
LINE
8
BLACK
6
CONTINUOUS
10
0.8900714173228347
20
0.4066525590551181
11
0.8902629921259843
21
0.4073675590551181
0
LINE
8
BLACK
6
CONTINUOUS
10
0.8902629921259843
20
0.4073675590551181
11
0.8902505511811023
21
0.4081077952755905
0
LINE
8
BLACK
6
CONTINUOUS
10
0.8902505511811023
20
0.4081077952755905
11
0.8931077165354331
21
0.4195363779527559
0
LINE
8
BLACK
6
CONTINUOUS
10
0.8931077165354331
20
0.4195363779527559
11
0.8934292125984252
21
0.4201155118110236
0
LINE
8
BLACK
6
CONTINUOUS
10
0.8934292125984252
20
0.4201155118110236
11
0.8935620078740157
21
0.4207644094488189
0
LINE
8
BLACK
6
CONTINUOUS
10
0.8935620078740157
20
0.4207644094488189
11
0.8964191338582677
21
0.4264787007874016
0
LINE
8
BLACK
6
CONTINUOUS
10
0.8964191338582677
20
0.4264787007874016
11
0.8970600787401575
21
0.4272014960629921
0
LINE
8
BLACK
6
CONTINUOUS
10
0.8970600787401575
20
0.4272014960629921
11
0.8975430708661417
21
0.4280380708661417
0
LINE
8
BLACK
6
CONTINUOUS
10
0.8975430708661417
20
0.4280380708661417
11
0.9032573622047244
21
0.4337523622047244
0
LINE
8
BLACK
6
CONTINUOUS
10
0.9032573622047244
20
0.4337523622047244
11
0.9044517322834645
21
0.4344419291338583
0
LINE
8
BLACK
6
CONTINUOUS
10
0.9044517322834645
20
0.4344419291338583
11
0.9056026377952756
21
0.435201811023622
0
LINE
8
BLACK
6
CONTINUOUS
10
0.9056026377952756
20
0.435201811023622
11
0.9141740551181102
21
0.4380589763779528
0
LINE
8
BLACK
6
CONTINUOUS
10
0.9141740551181102
20
0.4380589763779528
11
0.9151384251968504
21
0.4381168503937008
0
LINE
8
BLACK
6
CONTINUOUS
10
0.9151384251968504
20
0.4381168503937008
11
0.9160714173228346
21
0.4383668503937008
0
LINE
8
BLACK
6
CONTINUOUS
10
0.9160714173228346
20
0.4383668503937008
11
0.9303571259842519
21
0.4383668503937008
0
LINE
8
BLACK
6
CONTINUOUS
10
0.9303571259842519
20
0.4383668503937008
11
0.9333571259842519
21
0.4375629921259843
0
LINE
8
BLACK
6
CONTINUOUS
10
0.910741062992126
20
0.4242655118110236
11
0.9067168503937008
21
0.4202412992125984
0
LINE
8
BLACK
6
CONTINUOUS
10
0.9067168503937008
20
0.4202412992125984
11
0.9045896850393701
21
0.4159870078740157
0
LINE
8
BLACK
6
CONTINUOUS
10
0.9045896850393701
20
0.4159870078740157
11
0.9020714173228346
21
0.4059138188976378
0
LINE
8
BLACK
6
CONTINUOUS
10
0.9020714173228346
20
0.4059138188976378
11
0.9020714173228346
21
0.3988198425196851
0
LINE
8
BLACK
6
CONTINUOUS
10
0.9020714173228346
20
0.3988198425196851
11
0.9045896850393701
21
0.3887466535433071
0
LINE
8
BLACK
6
CONTINUOUS
10
0.9045896850393701
20
0.3887466535433071
11
0.9067168503937008
21
0.3844924015748031
0
LINE
8
BLACK
6
CONTINUOUS
10
0.9067168503937008
20
0.3844924015748031
11
0.910741062992126
21
0.380468188976378
0
LINE
8
BLACK
6
CONTINUOUS
10
0.910741062992126
20
0.380468188976378
11
0.9170450787401575
21
0.3783668503937008
0
LINE
8
BLACK
6
CONTINUOUS
10
0.9170450787401575
20
0.3783668503937008
11
0.9243571259842519
21
0.3783668503937008
0
LINE
8
BLACK
6
CONTINUOUS
10
0.9243571259842519
20
0.3783668503937008
11
0.9243571259842519
21
0.4263668503937008
0
LINE
8
BLACK
6
CONTINUOUS
10
0.9243571259842519
20
0.4263668503937008
11
0.9170450393700788
21
0.4263668503937008
0
LINE
8
BLACK
6
CONTINUOUS
10
0.9170450393700788
20
0.4263668503937008
11
0.910741062992126
21
0.4242655118110236
0
LINE
8
BLACK
6
CONTINUOUS
10
1.1545463385826771
20
0.4380098818897638
11
1.1558975196850394
21
0.4377334251968504
0
LINE
8
BLACK
6
CONTINUOUS
10
1.1558975196850394
20
0.4377334251968504
11
1.161611811023622
21
0.4348762992125984
0
LINE
8
BLACK
6
CONTINUOUS
10
1.161611811023622
20
0.4348762992125984
11
1.1623346062992126
21
0.4342353149606299
0
LINE
8
BLACK
6
CONTINUOUS
10
1.1623346062992126
20
0.4342353149606299
11
1.1631712204724409
21
0.4337523228346457
0
LINE
8
BLACK
6
CONTINUOUS
10
1.1631712204724409
20
0.4337523228346457
11
1.166028346456693
21
0.4308951574803149
0
LINE
8
BLACK
6
CONTINUOUS
10
1.166028346456693
20
0.4308951574803149
11
1.1665112598425196
21
0.4300586614173229
0
LINE
8
BLACK
6
CONTINUOUS
10
1.1665112598425196
20
0.4300586614173229
11
1.1671522440944881
21
0.4293358661417322
0
LINE
8
BLACK
6
CONTINUOUS
10
1.1671522440944881
20
0.4293358661417322
11
1.1700094094488189
21
0.4236215748031496
0
LINE
8
BLACK
6
CONTINUOUS
10
1.1700094094488189
20
0.4236215748031496
11
1.1702859055118109
21
0.4222702362204724
0
LINE
8
BLACK
6
CONTINUOUS
10
1.1702859055118109
20
0.4222702362204724
11
1.1706428346456692
21
0.4209382677165354
0
LINE
8
BLACK
6
CONTINUOUS
10
1.1706428346456692
20
0.4209382677165354
11
1.1706428346456692
21
0.4180811417322834
0
LINE
8
BLACK
6
CONTINUOUS
10
1.1706428346456692
20
0.4180811417322834
11
1.1702859055118109
21
0.4167491338582677
0
LINE
8
BLACK
6
CONTINUOUS
10
1.1702859055118109
20
0.4167491338582677
11
1.1700094094488189
21
0.4153978346456693
0
LINE
8
BLACK
6
CONTINUOUS
10
1.1700094094488189
20
0.4153978346456693
11
1.1671522440944881
21
0.4096835433070866
0
LINE
8
BLACK
6
CONTINUOUS
10
1.1671522440944881
20
0.4096835433070866
11
1.1665112598425196
21
0.4089607086614173
0
LINE
8
BLACK
6
CONTINUOUS
10
1.1665112598425196
20
0.4089607086614173
11
1.1660283070866142
21
0.4081242125984252
0
LINE
8
BLACK
6
CONTINUOUS
10
1.1660283070866142
20
0.4081242125984252
11
1.164556653543307
21
0.4066525590551181
0
LINE
8
BLACK
6
CONTINUOUS
10
1.164556653543307
20
0.4066525590551181
11
1.166028346456693
21
0.4051808661417323
0
LINE
8
BLACK
6
CONTINUOUS
10
1.166028346456693
20
0.4051808661417323
11
1.1665112992125983
21
0.4043442519685039
0
LINE
8
BLACK
6
CONTINUOUS
10
1.1665112992125983
20
0.4043442519685039
11
1.1671522047244094
21
0.4036215748031496
0
LINE
8
BLACK
6
CONTINUOUS
10
1.1671522047244094
20
0.4036215748031496
11
1.1700093700787402
21
0.3979073228346456
0
LINE
8
BLACK
6
CONTINUOUS
10
1.1700093700787402
20
0.3979073228346456
11
1.1702858267716536
21
0.3965562598425197
0
LINE
8
BLACK
6
CONTINUOUS
10
1.1702858267716536
20
0.3965562598425197
11
1.1706428346456692
21
0.3952240157480315
0
LINE
8
BLACK
6
CONTINUOUS
10
1.1706428346456692
20
0.3952240157480315
11
1.1706428346456692
21
0.3837954330708661
0
LINE
8
BLACK
6
CONTINUOUS
10
1.1706428346456692
20
0.3837954330708661
11
1.1702859055118109
21
0.3824634251968504
0
LINE
8
BLACK
6
CONTINUOUS
10
1.1702859055118109
20
0.3824634251968504
11
1.1700094094488189
21
0.381112125984252
0
LINE
8
BLACK
6
CONTINUOUS
10
1.1700094094488189
20
0.381112125984252
11
1.1671522440944881
21
0.3753978346456693
0
LINE
8
BLACK
6
CONTINUOUS
10
1.1671522440944881
20
0.3753978346456693
11
1.1665112598425196
21
0.374675
0
LINE
8
BLACK
6
CONTINUOUS
10
1.1665112598425196
20
0.374675
11
1.1660283070866142
21
0.3738385039370078
0
LINE
8
BLACK
6
CONTINUOUS
10
1.1660283070866142
20
0.3738385039370078
11
1.1631711811023622
21
0.3709813779527559
0
LINE
8
BLACK
6
CONTINUOUS
10
1.1631711811023622
20
0.3709813779527559
11
1.1623346456692913
21
0.3704983858267716
0
LINE
8
BLACK
6
CONTINUOUS
10
1.1623346456692913
20
0.3704983858267716
11
1.1616118503937007
21
0.3698574409448819
0
LINE
8
BLACK
6
CONTINUOUS
10
1.1616118503937007
20
0.3698574409448819
11
1.1558975590551182
21
0.3670002755905512
0
LINE
8
BLACK
6
CONTINUOUS
10
1.1558975590551182
20
0.3670002755905512
11
1.1545462204724408
21
0.3667237401574803
0
LINE
8
BLACK
6
CONTINUOUS
10
1.1545462204724408
20
0.3667237401574803
11
1.1532142519685038
21
0.3663668503937008
0
LINE
8
BLACK
6
CONTINUOUS
10
1.1532142519685038
20
0.3663668503937008
11
1.1417856692913386
21
0.3663668503937008
0
LINE
8
BLACK
6
CONTINUOUS
10
1.1417856692913386
20
0.3663668503937008
11
1.1404533858267716
21
0.3667238188976378
0
LINE
8
BLACK
6
CONTINUOUS
10
1.1404533858267716
20
0.3667238188976378
11
1.1391023622047245
21
0.3670003149606299
0
LINE
8
BLACK
6
CONTINUOUS
10
1.1391023622047245
20
0.3670003149606299
11
1.1333881102362204
21
0.3698574803149606
0
LINE
8
BLACK
6
CONTINUOUS
10
1.1333881102362204
20
0.3698574803149606
11
1.1326653937007873
21
0.3704983464566929
0
LINE
8
BLACK
6
CONTINUOUS
10
1.1326653937007873
20
0.3704983464566929
11
1.1318288188976378
21
0.3709813385826772
0
LINE
8
BLACK
6
CONTINUOUS
10
1.1318288188976378
20
0.3709813385826772
11
1.128971653543307
21
0.3738384645669292
0
LINE
8
BLACK
6
CONTINUOUS
10
1.128971653543307
20
0.3738384645669292
11
1.1284886220472441
21
0.3746750393700787
0
LINE
8
BLACK
6
CONTINUOUS
10
1.1284886220472441
20
0.3746750393700787
11
1.1278476771653543
21
0.375397874015748
0
LINE
8
BLACK
6
CONTINUOUS
10
1.1278476771653543
20
0.375397874015748
11
1.1249905511811022
21
0.3811121653543307
0
LINE
8
BLACK
6
CONTINUOUS
10
1.1249905511811022
20
0.3811121653543307
11
1.1247140551181103
21
0.3824633070866142
0
LINE
8
BLACK
6
CONTINUOUS
10
1.1247140551181103
20
0.3824633070866142
11
1.124357125984252
21
0.3837954330708661
0
LINE
8
BLACK
6
CONTINUOUS
10
1.124357125984252
20
0.3837954330708661
11
1.124357125984252
21
0.3952240157480315
0
LINE
8
BLACK
6
CONTINUOUS
10
1.124357125984252
20
0.3952240157480315
11
1.1247140157480315
21
0.3965560236220472
0
LINE
8
BLACK
6
CONTINUOUS
10
1.1247140157480315
20
0.3965560236220472
11
1.1249905511811022
21
0.3979072834645669
0
LINE
8
BLACK
6
CONTINUOUS
10
1.1249905511811022
20
0.3979072834645669
11
1.1278476771653543
21
0.4036215748031496
0
LINE
8
BLACK
6
CONTINUOUS
10
1.1278476771653543
20
0.4036215748031496
11
1.1284886220472441
21
0.4043443700787401
0
LINE
8
BLACK
6
CONTINUOUS
10
1.1284886220472441
20
0.4043443700787401
11
1.1289716141732282
21
0.405180905511811
0
LINE
8
BLACK
6
CONTINUOUS
10
1.1289716141732282
20
0.405180905511811
11
1.1304432677165355
21
0.4066525590551181
0
LINE
8
BLACK
6
CONTINUOUS
10
1.1304432677165355
20
0.4066525590551181
11
1.128971653543307
21
0.4081241732283464
0
LINE
8
BLACK
6
CONTINUOUS
10
1.128971653543307
20
0.4081241732283464
11
1.1284886220472441
21
0.4089607480314961
0
LINE
8
BLACK
6
CONTINUOUS
10
1.1284886220472441
20
0.4089607480314961
11
1.1278476771653543
21
0.4096835826771654
0
LINE
8
BLACK
6
CONTINUOUS
10
1.1278476771653543
20
0.4096835826771654
11
1.1249905511811022
21
0.415397874015748
0
LINE
8
BLACK
6
CONTINUOUS
10
1.1249905511811022
20
0.415397874015748
11
1.1247140551181103
21
0.4167490157480315
0
LINE
8
BLACK
6
CONTINUOUS
10
1.1247140551181103
20
0.4167490157480315
11
1.124357125984252
21
0.4180811417322834
0
LINE
8
BLACK
6
CONTINUOUS
10
1.124357125984252
20
0.4180811417322834
11
1.124357125984252
21
0.4209382677165354
0
LINE
8
BLACK
6
CONTINUOUS
10
1.124357125984252
20
0.4209382677165354
11
1.1247140551181103
21
0.4222703543307086
0
LINE
8
BLACK
6
CONTINUOUS
10
1.1247140551181103
20
0.4222703543307086
11
1.1249905511811022
21
0.4236215354330709
0
LINE
8
BLACK
6
CONTINUOUS
10
1.1249905511811022
20
0.4236215354330709
11
1.1278476771653543
21
0.4293358267716536
0
LINE
8
BLACK
6
CONTINUOUS
10
1.1278476771653543
20
0.4293358267716536
11
1.1284886220472441
21
0.4300586220472441
0
LINE
8
BLACK
6
CONTINUOUS
10
1.1284886220472441
20
0.4300586220472441
11
1.1289716141732282
21
0.4308951968503937
0
LINE
8
BLACK
6
CONTINUOUS
10
1.1289716141732282
20
0.4308951968503937
11
1.131828779527559
21
0.4337523622047244
0
LINE
8
BLACK
6
CONTINUOUS
10
1.131828779527559
20
0.4337523622047244
11
1.1326653543307086
21
0.4342353543307086
0
LINE
8
BLACK
6
CONTINUOUS
10
1.1326653543307086
20
0.4342353543307086
11
1.1333881496062992
21
0.4348762992125984
0
LINE
8
BLACK
6
CONTINUOUS
10
1.1333881496062992
20
0.4348762992125984
11
1.139102401574803
21
0.4377334251968504
0
LINE
8
BLACK
6
CONTINUOUS
10
1.139102401574803
20
0.4377334251968504
11
1.1404536220472441
21
0.4380099212598425
0
LINE
8
BLACK
6
CONTINUOUS
10
1.1404536220472441
20
0.4380099212598425
11
1.1417856692913386
21
0.4383668503937008
0
LINE
8
BLACK
6
CONTINUOUS
10
1.1417856692913386
20
0.4383668503937008
11
1.1532142519685038
21
0.4383668503937008
0
LINE
8
BLACK
6
CONTINUOUS
10
1.1532142519685038
20
0.4383668503937008
11
1.1545463385826771
21
0.4380098818897638
0
LINE
8
BLACK
6
CONTINUOUS
10
1.1396255118110237
20
0.3988642519685039
11
1.1381453937007873
21
0.3973841338582677
0
LINE
8
BLACK
6
CONTINUOUS
10
1.1381453937007873
20
0.3973841338582677
11
1.136357125984252
21
0.3938075984251969
0
LINE
8
BLACK
6
CONTINUOUS
10
1.136357125984252
20
0.3938075984251969
11
1.136357125984252
21
0.3852118110236221
0
LINE
8
BLACK
6
CONTINUOUS
10
1.136357125984252
20
0.3852118110236221
11
1.1381453543307087
21
0.3816352755905512
0
LINE
8
BLACK
6
CONTINUOUS
10
1.1381453543307087
20
0.3816352755905512
11
1.1396256299212597
21
0.3801550787401575
0
LINE
8
BLACK
6
CONTINUOUS
10
1.1396256299212597
20
0.3801550787401575
11
1.1432020472440945
21
0.3783668503937008
0
LINE
8
BLACK
6
CONTINUOUS
10
1.1432020472440945
20
0.3783668503937008
11
1.1517977952755905
21
0.3783668503937008
0
LINE
8
BLACK
6
CONTINUOUS
10
1.1517977952755905
20
0.3783668503937008
11
1.155374409448819
21
0.380155157480315
0
LINE
8
BLACK
6
CONTINUOUS
10
1.155374409448819
20
0.380155157480315
11
1.1568544881889764
21
0.3816352362204724
0
LINE
8
BLACK
6
CONTINUOUS
10
1.1568544881889764
20
0.3816352362204724
11
1.1586428346456692
21
0.3852118897637795
0
LINE
8
BLACK
6
CONTINUOUS
10
1.1586428346456692
20
0.3852118897637795
11
1.1586428346456692
21
0.3938075984251969
0
LINE
8
BLACK
6
CONTINUOUS
10
1.1586428346456692
20
0.3938075984251969
11
1.1568545669291339
21
0.3973840157480315
0
LINE
8
BLACK
6
CONTINUOUS
10
1.1568545669291339
20
0.3973840157480315
11
1.1553743700787402
21
0.3988642913385826
0
LINE
8
BLACK
6
CONTINUOUS
10
1.1553743700787402
20
0.3988642913385826
11
1.1517978346456692
21
0.4006525590551181
0
LINE
8
BLACK
6
CONTINUOUS
10
1.1517978346456692
20
0.4006525590551181
11
1.143202125984252
21
0.4006525590551181
0
LINE
8
BLACK
6
CONTINUOUS
10
1.143202125984252
20
0.4006525590551181
11
1.1396255118110237
21
0.3988642519685039
0
LINE
8
BLACK
6
CONTINUOUS
10
1.1396255118110237
20
0.4245785433070866
11
1.1381453937007873
21
0.4230984251968504
0
LINE
8
BLACK
6
CONTINUOUS
10
1.1381453937007873
20
0.4230984251968504
11
1.136357125984252
21
0.4195218503937008
0
LINE
8
BLACK
6
CONTINUOUS
10
1.136357125984252
20
0.4195218503937008
11
1.136357125984252
21
0.4194975196850393
0
LINE
8
BLACK
6
CONTINUOUS
10
1.136357125984252
20
0.4194975196850393
11
1.1381453543307087
21
0.4159209842519685
0
LINE
8
BLACK
6
CONTINUOUS
10
1.1381453543307087
20
0.4159209842519685
11
1.1396256299212597
21
0.4144407874015748
0
LINE
8
BLACK
6
CONTINUOUS
10
1.1396256299212597
20
0.4144407874015748
11
1.1432020472440945
21
0.4126525590551181
0
LINE
8
BLACK
6
CONTINUOUS
10
1.1432020472440945
20
0.4126525590551181
11
1.1517977952755905
21
0.4126525590551181
0
LINE
8
BLACK
6
CONTINUOUS
10
1.1517977952755905
20
0.4126525590551181
11
1.155374409448819
21
0.4144408661417323
0
LINE
8
BLACK
6
CONTINUOUS
10
1.155374409448819
20
0.4144408661417323
11
1.1568544881889764
21
0.4159209448818897
0
LINE
8
BLACK
6
CONTINUOUS
10
1.1568544881889764
20
0.4159209448818897
11
1.1586428346456692
21
0.4194975984251968
0
LINE
8
BLACK
6
CONTINUOUS
10
1.1586428346456692
20
0.4194975984251968
11
1.1586428346456692
21
0.4195217716535433
0
LINE
8
BLACK
6
CONTINUOUS
10
1.1586428346456692
20
0.4195217716535433
11
1.1568544881889764
21
0.4230983858267716
0
LINE
8
BLACK
6
CONTINUOUS
10
1.1568544881889764
20
0.4230983858267716
11
1.1553743700787402
21
0.4245785826771654
0
LINE
8
BLACK
6
CONTINUOUS
10
1.1553743700787402
20
0.4245785826771654
11
1.1517978346456692
21
0.4263668503937008
0
LINE
8
BLACK
6
CONTINUOUS
10
1.1517978346456692
20
0.4263668503937008
11
1.143202125984252
21
0.4263668503937008
0
LINE
8
BLACK
6
CONTINUOUS
10
1.143202125984252
20
0.4263668503937008
11
1.1396255118110237
21
0.4245785433070866
0
LINE
8
BLACK
6
CONTINUOUS
10
1.2247856692913386
20
0.4375629921259843
11
1.2269818110236219
21
0.4353668503937008
0
LINE
8
BLACK
6
CONTINUOUS
10
1.2269818110236219
20
0.4353668503937008
11
1.2277856692913385
21
0.4323668503937008
0
LINE
8
BLACK
6
CONTINUOUS
10
1.2277856692913385
20
0.4323668503937008
11
1.2277856692913385
21
0.3723668503937008
0
LINE
8
BLACK
6
CONTINUOUS
10
1.2277856692913385
20
0.3723668503937008
11
1.2269818110236219
21
0.3693668503937008
0
LINE
8
BLACK
6
CONTINUOUS
10
1.2269818110236219
20
0.3693668503937008
11
1.2247856692913386
21
0.3671707086614173
0
LINE
8
BLACK
6
CONTINUOUS
10
1.2247856692913386
20
0.3671707086614173
11
1.2217856692913385
21
0.3663668503937008
0
LINE
8
BLACK
6
CONTINUOUS
10
1.2217856692913385
20
0.3663668503937008
11
1.2074999606299213
21
0.3663668503937008
0
LINE
8
BLACK
6
CONTINUOUS
10
1.2074999606299213
20
0.3663668503937008
11
1.2065668110236221
21
0.3666168503937008
0
LINE
8
BLACK
6
CONTINUOUS
10
1.2065668110236221
20
0.3666168503937008
11
1.2056025984251968
21
0.3666747637795276
0
LINE
8
BLACK
6
CONTINUOUS
10
1.2056025984251968
20
0.3666747637795276
11
1.1970311417322834
21
0.3695319291338582
0
LINE
8
BLACK
6
CONTINUOUS
10
1.1970311417322834
20
0.3695319291338582
11
1.1958803149606299
21
0.3702917322834646
0
LINE
8
BLACK
6
CONTINUOUS
10
1.1958803149606299
20
0.3702917322834646
11
1.1946859055118111
21
0.3709813779527559
0
LINE
8
BLACK
6
CONTINUOUS
10
1.1946859055118111
20
0.3709813779527559
11
1.1889716141732283
21
0.3766956299212598
0
LINE
8
BLACK
6
CONTINUOUS
10
1.1889716141732283
20
0.3766956299212598
11
1.1884886220472441
21
0.3775321653543307
0
LINE
8
BLACK
6
CONTINUOUS
10
1.1884886220472441
20
0.3775321653543307
11
1.1878476771653543
21
0.378255
0
LINE
8
BLACK
6
CONTINUOUS
10
1.1878476771653543
20
0.378255
11
1.1849905511811023
21
0.3839692913385827
0
LINE
8
BLACK
6
CONTINUOUS
10
1.1849905511811023
20
0.3839692913385827
11
1.1848577559055118
21
0.3846181496062992
0
LINE
8
BLACK
6
CONTINUOUS
10
1.1848577559055118
20
0.3846181496062992
11
1.1845362598425198
21
0.3851973228346456
0
LINE
8
BLACK
6
CONTINUOUS
10
1.1845362598425198
20
0.3851973228346456
11
1.181679094488189
21
0.396625905511811
0
LINE
8
BLACK
6
CONTINUOUS
10
1.181679094488189
20
0.396625905511811
11
1.1816915354330708
21
0.3973661023622047
0
LINE
8
BLACK
6
CONTINUOUS
10
1.1816915354330708
20
0.3973661023622047
11
1.1814999606299212
21
0.3980811417322834
0
LINE
8
BLACK
6
CONTINUOUS
10
1.1814999606299212
20
0.3980811417322834
11
1.1814999606299212
21
0.4066525590551181
0
LINE
8
BLACK
6
CONTINUOUS
10
1.1814999606299212
20
0.4066525590551181
11
1.1816915354330708
21
0.4073675590551181
0
LINE
8
BLACK
6
CONTINUOUS
10
1.1816915354330708
20
0.4073675590551181
11
1.181679094488189
21
0.4081077952755905
0
LINE
8
BLACK
6
CONTINUOUS
10
1.181679094488189
20
0.4081077952755905
11
1.1845362598425198
21
0.4195363779527559
0
LINE
8
BLACK
6
CONTINUOUS
10
1.1845362598425198
20
0.4195363779527559
11
1.1848577559055118
21
0.4201155118110236
0
LINE
8
BLACK
6
CONTINUOUS
10
1.1848577559055118
20
0.4201155118110236
11
1.1849905511811023
21
0.4207644094488189
0
LINE
8
BLACK
6
CONTINUOUS
10
1.1849905511811023
20
0.4207644094488189
11
1.1878476771653543
21
0.4264787007874016
0
LINE
8
BLACK
6
CONTINUOUS
10
1.1878476771653543
20
0.4264787007874016
11
1.1884886220472441
21
0.4272014960629921
0
LINE
8
BLACK
6
CONTINUOUS
10
1.1884886220472441
20
0.4272014960629921
11
1.1889716141732283
21
0.4280380708661417
0
LINE
8
BLACK
6
CONTINUOUS
10
1.1889716141732283
20
0.4280380708661417
11
1.1946859055118111
21
0.4337523622047244
0
LINE
8
BLACK
6
CONTINUOUS
10
1.1946859055118111
20
0.4337523622047244
11
1.1958802755905511
21
0.4344419291338583
0
LINE
8
BLACK
6
CONTINUOUS
10
1.1958802755905511
20
0.4344419291338583
11
1.1970311811023622
21
0.435201811023622
0
LINE
8
BLACK
6
CONTINUOUS
10
1.1970311811023622
20
0.435201811023622
11
1.2056025984251968
21
0.4380589763779528
0
LINE
8
BLACK
6
CONTINUOUS
10
1.2056025984251968
20
0.4380589763779528
11
1.2065669685039371
21
0.4381168503937008
0
LINE
8
BLACK
6
CONTINUOUS
10
1.2065669685039371
20
0.4381168503937008
11
1.2074999606299213
21
0.4383668503937008
0
LINE
8
BLACK
6
CONTINUOUS
10
1.2074999606299213
20
0.4383668503937008
11
1.2217856692913385
21
0.4383668503937008
0
LINE
8
BLACK
6
CONTINUOUS
10
1.2217856692913385
20
0.4383668503937008
11
1.2247856692913386
21
0.4375629921259843
0
LINE
8
BLACK
6
CONTINUOUS
10
1.2021696062992127
20
0.4242655118110236
11
1.1981453937007873
21
0.4202412992125984
0
LINE
8
BLACK
6
CONTINUOUS
10
1.1981453937007873
20
0.4202412992125984
11
1.1960182283464567
21
0.4159870078740157
0
LINE
8
BLACK
6
CONTINUOUS
10
1.1960182283464567
20
0.4159870078740157
11
1.1934999606299213
21
0.4059138188976378
0
LINE
8
BLACK
6
CONTINUOUS
10
1.1934999606299213
20
0.4059138188976378
11
1.1934999606299213
21
0.3988198425196851
0
LINE
8
BLACK
6
CONTINUOUS
10
1.1934999606299213
20
0.3988198425196851
11
1.1960182283464567
21
0.3887466535433071
0
LINE
8
BLACK
6
CONTINUOUS
10
1.1960182283464567
20
0.3887466535433071
11
1.1981453937007873
21
0.3844924015748031
0
LINE
8
BLACK
6
CONTINUOUS
10
1.1981453937007873
20
0.3844924015748031
11
1.2021696062992127
21
0.380468188976378
0
LINE
8
BLACK
6
CONTINUOUS
10
1.2021696062992127
20
0.380468188976378
11
1.2084736220472441
21
0.3783668503937008
0
LINE
8
BLACK
6
CONTINUOUS
10
1.2084736220472441
20
0.3783668503937008
11
1.2157856692913385
21
0.3783668503937008
0
LINE
8
BLACK
6
CONTINUOUS
10
1.2157856692913385
20
0.3783668503937008
11
1.2157856692913385
21
0.4263668503937008
0
LINE
8
BLACK
6
CONTINUOUS
10
1.2157856692913385
20
0.4263668503937008
11
1.2084735826771653
21
0.4263668503937008
0
LINE
8
BLACK
6
CONTINUOUS
10
1.2084735826771653
20
0.4263668503937008
11
1.2021696062992127
21
0.4242655118110236
0
LINE
8
BLACK
6
CONTINUOUS
10
0.6309346850393701
20
0.4757197637795276
11
0.631063937007874
21
0.4757425590551181
0
LINE
8
BLACK
6
CONTINUOUS
10
0.631063937007874
20
0.4757425590551181
11
0.6311775196850393
21
0.4756769291338583
0
LINE
8
BLACK
6
CONTINUOUS
10
0.6311775196850393
20
0.4756769291338583
11
0.6315611023622048
21
0.4756093307086614
0
LINE
8
BLACK
6
CONTINUOUS
10
0.6315611023622048
20
0.4756093307086614
11
0.632148779527559
21
0.4751161811023622
0
LINE
8
BLACK
6
CONTINUOUS
10
0.632148779527559
20
0.4751161811023622
11
0.6328131102362204
21
0.4747326377952756
0
LINE
8
BLACK
6
CONTINUOUS
10
0.6328131102362204
20
0.4747326377952756
11
0.6329042125984252
21
0.4744822834645669
0
LINE
8
BLACK
6
CONTINUOUS
10
0.6329042125984252
20
0.4744822834645669
11
0.6331083464566929
21
0.4743110236220472
0
LINE
8
BLACK
6
CONTINUOUS
10
0.6331083464566929
20
0.4743110236220472
11
0.6332415748031496
21
0.4735554330708661
0
LINE
8
BLACK
6
CONTINUOUS
10
0.6332415748031496
20
0.4735554330708661
11
0.633503937007874
21
0.4728346456692913
0
LINE
8
BLACK
6
CONTINUOUS
10
0.633503937007874
20
0.4728346456692913
11
0.633503937007874
21
0.4551
0
LINE
8
BLACK
6
CONTINUOUS
10
0.633503937007874
20
0.4551
11
0.6333258661417323
21
0.4540900787401574
0
LINE
8
BLACK
6
CONTINUOUS
10
0.6333258661417323
20
0.4540900787401574
11
0.6320275590551181
21
0.4525428346456693
0
LINE
8
BLACK
6
CONTINUOUS
10
0.6320275590551181
20
0.4525428346456693
11
0.6300384251968504
21
0.4521920866141732
0
LINE
8
BLACK
6
CONTINUOUS
10
0.6300384251968504
20
0.4521920866141732
11
0.6282892519685039
21
0.4532020078740157
0
LINE
8
BLACK
6
CONTINUOUS
10
0.6282892519685039
20
0.4532020078740157
11
0.6275984251968504
21
0.4551
0
LINE
8
BLACK
6
CONTINUOUS
10
0.6275984251968504
20
0.4551
11
0.6275984251968504
21
0.4698818897637795
0
LINE
8
BLACK
6
CONTINUOUS
10
0.6275984251968504
20
0.4698818897637795
11
0.6138527559055118
21
0.4698818897637795
0
LINE
8
BLACK
6
CONTINUOUS
10
0.6138527559055118
20
0.4698818897637795
11
0.6138527559055118
21
0.4551
0
LINE
8
BLACK
6
CONTINUOUS
10
0.6138527559055118
20
0.4551
11
0.6136746850393701
21
0.4540900787401574
0
LINE
8
BLACK
6
CONTINUOUS
10
0.6136746850393701
20
0.4540900787401574
11
0.6123763779527559
21
0.4525428346456693
0
LINE
8
BLACK
6
CONTINUOUS
10
0.6123763779527559
20
0.4525428346456693
11
0.6103872440944882
21
0.4521920866141732
0
LINE
8
BLACK
6
CONTINUOUS
10
0.6103872440944882
20
0.4521920866141732
11
0.6086380708661417
21
0.4532020078740157
0
LINE
8
BLACK
6
CONTINUOUS
10
0.6086380708661417
20
0.4532020078740157
11
0.6079472440944882
21
0.4551
0
LINE
8
BLACK
6
CONTINUOUS
10
0.6079472440944882
20
0.4551
11
0.6079472440944882
21
0.4698818897637795
0
LINE
8
BLACK
6
CONTINUOUS
10
0.6079472440944882
20
0.4698818897637795
11
0.4524015748031496
21
0.4698818897637795
0
LINE
8
BLACK
6
CONTINUOUS
10
0.4524015748031496
20
0.4698818897637795
11
0.4524015748031496
21
0.4551
0
LINE
8
BLACK
6
CONTINUOUS
10
0.4524015748031496
20
0.4551
11
0.4522235039370079
21
0.4540900787401574
0
LINE
8
BLACK
6
CONTINUOUS
10
0.4522235039370079
20
0.4540900787401574
11
0.4509251968503937
21
0.4525428346456693
0
LINE
8
BLACK
6
CONTINUOUS
10
0.4509251968503937
20
0.4525428346456693
11
0.448936062992126
21
0.4521920866141732
0
LINE
8
BLACK
6
CONTINUOUS
10
0.448936062992126
20
0.4521920866141732
11
0.4471868897637795
21
0.4532020078740157
0
LINE
8
BLACK
6
CONTINUOUS
10
0.4471868897637795
20
0.4532020078740157
11
0.446496062992126
21
0.4551
0
LINE
8
BLACK
6
CONTINUOUS
10
0.446496062992126
20
0.4551
11
0.446496062992126
21
0.4728346456692913
0
LINE
8
BLACK
6
CONTINUOUS
10
0.446496062992126
20
0.4728346456692913
11
0.4465636614173228
21
0.4732181496062992
0
LINE
8
BLACK
6
CONTINUOUS
10
0.4465636614173228
20
0.4732181496062992
11
0.446540905511811
21
0.4733474015748032
0
LINE
8
BLACK
6
CONTINUOUS
10
0.446540905511811
20
0.4733474015748032
11
0.4466064960629921
21
0.4734609842519685
0
LINE
8
BLACK
6
CONTINUOUS
10
0.4466064960629921
20
0.4734609842519685
11
0.4466741338582677
21
0.4738445669291338
0
LINE
8
BLACK
6
CONTINUOUS
10
0.4466741338582677
20
0.4738445669291338
11
0.4471672440944882
21
0.4744322440944882
0
LINE
8
BLACK
6
CONTINUOUS
10
0.4471672440944882
20
0.4744322440944882
11
0.4475508267716535
21
0.4750965748031496
0
LINE
8
BLACK
6
CONTINUOUS
10
0.4475508267716535
20
0.4750965748031496
11
0.4478011417322835
21
0.4751876771653543
0
LINE
8
BLACK
6
CONTINUOUS
10
0.4478011417322835
20
0.4751876771653543
11
0.4479724409448819
21
0.475391811023622
0
LINE
8
BLACK
6
CONTINUOUS
10
0.4479724409448819
20
0.475391811023622
11
0.4487279921259842
21
0.4755250393700787
0
LINE
8
BLACK
6
CONTINUOUS
10
0.4487279921259842
20
0.4755250393700787
11
0.4494488188976378
21
0.4757874015748031
0
LINE
8
BLACK
6
CONTINUOUS
10
0.4494488188976378
20
0.4757874015748031
11
0.6305511811023622
21
0.4757874015748031
0
LINE
8
BLACK
6
CONTINUOUS
10
0.6305511811023622
20
0.4757874015748031
11
0.6309346850393701
21
0.4757197637795276
0
LINE
8
BLACK
6
CONTINUOUS
10
0.9509346850393701
20
0.4757197637795276
11
0.9510639370078739
21
0.4757425590551181
0
LINE
8
BLACK
6
CONTINUOUS
10
0.9510639370078739
20
0.4757425590551181
11
0.9511775196850394
21
0.4756769291338583
0
LINE
8
BLACK
6
CONTINUOUS
10
0.9511775196850394
20
0.4756769291338583
11
0.9515611023622047
21
0.4756093307086614
0
LINE
8
BLACK
6
CONTINUOUS
10
0.9515611023622047
20
0.4756093307086614
11
0.9521487795275591
21
0.4751161811023622
0
LINE
8
BLACK
6
CONTINUOUS
10
0.9521487795275591
20
0.4751161811023622
11
0.9528131102362205
21
0.4747326377952756
0
LINE
8
BLACK
6
CONTINUOUS
10
0.9528131102362205
20
0.4747326377952756
11
0.9529042125984252
21
0.4744822834645669
0
LINE
8
BLACK
6
CONTINUOUS
10
0.9529042125984252
20
0.4744822834645669
11
0.9531083464566928
21
0.4743110236220472
0
LINE
8
BLACK
6
CONTINUOUS
10
0.9531083464566928
20
0.4743110236220472
11
0.9532415748031496
21
0.4735554330708661
0
LINE
8
BLACK
6
CONTINUOUS
10
0.9532415748031496
20
0.4735554330708661
11
0.9535039370078739
21
0.4728346456692913
0
LINE
8
BLACK
6
CONTINUOUS
10
0.9535039370078739
20
0.4728346456692913
11
0.9535039370078739
21
0.4551
0
LINE
8
BLACK
6
CONTINUOUS
10
0.9535039370078739
20
0.4551
11
0.9533258661417323
21
0.4540900787401574
0
LINE
8
BLACK
6
CONTINUOUS
10
0.9533258661417323
20
0.4540900787401574
11
0.952027559055118
21
0.4525428346456693
0
LINE
8
BLACK
6
CONTINUOUS
10
0.952027559055118
20
0.4525428346456693
11
0.9500384251968503
21
0.4521920866141732
0
LINE
8
BLACK
6
CONTINUOUS
10
0.9500384251968503
20
0.4521920866141732
11
0.9482892519685039
21
0.4532020078740157
0
LINE
8
BLACK
6
CONTINUOUS
10
0.9482892519685039
20
0.4532020078740157
11
0.9475984251968503
21
0.4551
0
LINE
8
BLACK
6
CONTINUOUS
10
0.9475984251968503
20
0.4551
11
0.9475984251968503
21
0.4698818897637795
0
LINE
8
BLACK
6
CONTINUOUS
10
0.9475984251968503
20
0.4698818897637795
11
0.9338527559055118
21
0.4698818897637795
0
LINE
8
BLACK
6
CONTINUOUS
10
0.9338527559055118
20
0.4698818897637795
11
0.9338527559055118
21
0.4551
0
LINE
8
BLACK
6
CONTINUOUS
10
0.9338527559055118
20
0.4551
11
0.93367468503937
21
0.4540900787401574
0
LINE
8
BLACK
6
CONTINUOUS
10
0.93367468503937
20
0.4540900787401574
11
0.9323763779527559
21
0.4525428346456693
0
LINE
8
BLACK
6
CONTINUOUS
10
0.9323763779527559
20
0.4525428346456693
11
0.9303872440944881
21
0.4521920866141732
0
LINE
8
BLACK
6
CONTINUOUS
10
0.9303872440944881
20
0.4521920866141732
11
0.9286380708661417
21
0.4532020078740157
0
LINE
8
BLACK
6
CONTINUOUS
10
0.9286380708661417
20
0.4532020078740157
11
0.9279472440944881
21
0.4551
0
LINE
8
BLACK
6
CONTINUOUS
10
0.9279472440944881
20
0.4551
11
0.9279472440944881
21
0.4698818897637795
0
LINE
8
BLACK
6
CONTINUOUS
10
0.9279472440944881
20
0.4698818897637795
11
0.7724015748031496
21
0.4698818897637795
0
LINE
8
BLACK
6
CONTINUOUS
10
0.7724015748031496
20
0.4698818897637795
11
0.7724015748031496
21
0.4551
0
LINE
8
BLACK
6
CONTINUOUS
10
0.7724015748031496
20
0.4551
11
0.7722235039370079
21
0.4540900787401574
0
LINE
8
BLACK
6
CONTINUOUS
10
0.7722235039370079
20
0.4540900787401574
11
0.7709251968503937
21
0.4525428346456693
0
LINE
8
BLACK
6
CONTINUOUS
10
0.7709251968503937
20
0.4525428346456693
11
0.7689360629921259
21
0.4521920866141732
0
LINE
8
BLACK
6
CONTINUOUS
10
0.7689360629921259
20
0.4521920866141732
11
0.7671868897637795
21
0.4532020078740157
0
LINE
8
BLACK
6
CONTINUOUS
10
0.7671868897637795
20
0.4532020078740157
11
0.7664960629921259
21
0.4551
0
LINE
8
BLACK
6
CONTINUOUS
10
0.7664960629921259
20
0.4551
11
0.7664960629921259
21
0.4728346456692913
0
LINE
8
BLACK
6
CONTINUOUS
10
0.7664960629921259
20
0.4728346456692913
11
0.7665636614173228
21
0.4732181496062992
0
LINE
8
BLACK
6
CONTINUOUS
10
0.7665636614173228
20
0.4732181496062992
11
0.766540905511811
21
0.4733474015748032
0
LINE
8
BLACK
6
CONTINUOUS
10
0.766540905511811
20
0.4733474015748032
11
0.7666064960629921
21
0.4734609842519685
0
LINE
8
BLACK
6
CONTINUOUS
10
0.7666064960629921
20
0.4734609842519685
11
0.7666741338582677
21
0.4738445669291338
0
LINE
8
BLACK
6
CONTINUOUS
10
0.7666741338582677
20
0.4738445669291338
11
0.7671672440944882
21
0.4744322440944882
0
LINE
8
BLACK
6
CONTINUOUS
10
0.7671672440944882
20
0.4744322440944882
11
0.7675508267716535
21
0.4750965748031496
0
LINE
8
BLACK
6
CONTINUOUS
10
0.7675508267716535
20
0.4750965748031496
11
0.7678011417322834
21
0.4751876771653543
0
LINE
8
BLACK
6
CONTINUOUS
10
0.7678011417322834
20
0.4751876771653543
11
0.7679724409448818
21
0.475391811023622
0
LINE
8
BLACK
6
CONTINUOUS
10
0.7679724409448818
20
0.475391811023622
11
0.7687279921259842
21
0.4755250393700787
0
LINE
8
BLACK
6
CONTINUOUS
10
0.7687279921259842
20
0.4755250393700787
11
0.7694488188976378
21
0.4757874015748031
0
LINE
8
BLACK
6
CONTINUOUS
10
0.7694488188976378
20
0.4757874015748031
11
0.9505511811023621
21
0.4757874015748031
0
LINE
8
BLACK
6
CONTINUOUS
10
0.9505511811023621
20
0.4757874015748031
11
0.9509346850393701
21
0.4757197637795276
0
LINE
8
BLACK
6
CONTINUOUS
10
1.2709346850393701
20
0.4757197637795276
11
1.271063937007874
21
0.4757425590551181
0
LINE
8
BLACK
6
CONTINUOUS
10
1.271063937007874
20
0.4757425590551181
11
1.2711775196850394
21
0.4756769291338583
0
LINE
8
BLACK
6
CONTINUOUS
10
1.2711775196850394
20
0.4756769291338583
11
1.2715611023622047
21
0.4756093307086614
0
LINE
8
BLACK
6
CONTINUOUS
10
1.2715611023622047
20
0.4756093307086614
11
1.272148779527559
21
0.4751161811023622
0
LINE
8
BLACK
6
CONTINUOUS
10
1.272148779527559
20
0.4751161811023622
11
1.2728131102362203
21
0.4747326377952756
0
LINE
8
BLACK
6
CONTINUOUS
10
1.2728131102362203
20
0.4747326377952756
11
1.2729042125984251
21
0.4744822834645669
0
LINE
8
BLACK
6
CONTINUOUS
10
1.2729042125984251
20
0.4744822834645669
11
1.2731083464566928
21
0.4743110236220472
0
LINE
8
BLACK
6
CONTINUOUS
10
1.2731083464566928
20
0.4743110236220472
11
1.2732415748031496
21
0.4735554330708661
0
LINE
8
BLACK
6
CONTINUOUS
10
1.2732415748031496
20
0.4735554330708661
11
1.273503937007874
21
0.4728346456692913
0
LINE
8
BLACK
6
CONTINUOUS
10
1.273503937007874
20
0.4728346456692913
11
1.273503937007874
21
0.4551
0
LINE
8
BLACK
6
CONTINUOUS
10
1.273503937007874
20
0.4551
11
1.2733258661417322
21
0.4540900787401574
0
LINE
8
BLACK
6
CONTINUOUS
10
1.2733258661417322
20
0.4540900787401574
11
1.272027559055118
21
0.4525428346456693
0
LINE
8
BLACK
6
CONTINUOUS
10
1.272027559055118
20
0.4525428346456693
11
1.2700384251968504
21
0.4521920866141732
0
LINE
8
BLACK
6
CONTINUOUS
10
1.2700384251968504
20
0.4521920866141732
11
1.2682892519685038
21
0.4532020078740157
0
LINE
8
BLACK
6
CONTINUOUS
10
1.2682892519685038
20
0.4532020078740157
11
1.2675984251968504
21
0.4551
0
LINE
8
BLACK
6
CONTINUOUS
10
1.2675984251968504
20
0.4551
11
1.2675984251968504
21
0.4698818897637795
0
LINE
8
BLACK
6
CONTINUOUS
10
1.2675984251968504
20
0.4698818897637795
11
1.2538527559055117
21
0.4698818897637795
0
LINE
8
BLACK
6
CONTINUOUS
10
1.2538527559055117
20
0.4698818897637795
11
1.2538527559055117
21
0.4551
0
LINE
8
BLACK
6
CONTINUOUS
10
1.2538527559055117
20
0.4551
11
1.2536746850393701
21
0.4540900787401574
0
LINE
8
BLACK
6
CONTINUOUS
10
1.2536746850393701
20
0.4540900787401574
11
1.2523763779527559
21
0.4525428346456693
0
LINE
8
BLACK
6
CONTINUOUS
10
1.2523763779527559
20
0.4525428346456693
11
1.2503872440944881
21
0.4521920866141732
0
LINE
8
BLACK
6
CONTINUOUS
10
1.2503872440944881
20
0.4521920866141732
11
1.2486380708661418
21
0.4532020078740157
0
LINE
8
BLACK
6
CONTINUOUS
10
1.2486380708661418
20
0.4532020078740157
11
1.2479472440944881
21
0.4551
0
LINE
8
BLACK
6
CONTINUOUS
10
1.2479472440944881
20
0.4551
11
1.2479472440944881
21
0.4698818897637795
0
LINE
8
BLACK
6
CONTINUOUS
10
1.2479472440944881
20
0.4698818897637795
11
1.0924015748031495
21
0.4698818897637795
0
LINE
8
BLACK
6
CONTINUOUS
10
1.0924015748031495
20
0.4698818897637795
11
1.0924015748031495
21
0.4551
0
LINE
8
BLACK
6
CONTINUOUS
10
1.0924015748031495
20
0.4551
11
1.0922235039370078
21
0.4540900787401574
0
LINE
8
BLACK
6
CONTINUOUS
10
1.0922235039370078
20
0.4540900787401574
11
1.0909251968503937
21
0.4525428346456693
0
LINE
8
BLACK
6
CONTINUOUS
10
1.0909251968503937
20
0.4525428346456693
11
1.0889360629921259
21
0.4521920866141732
0
LINE
8
BLACK
6
CONTINUOUS
10
1.0889360629921259
20
0.4521920866141732
11
1.0871868897637795
21
0.4532020078740157
0
LINE
8
BLACK
6
CONTINUOUS
10
1.0871868897637795
20
0.4532020078740157
11
1.0864960629921259
21
0.4551
0
LINE
8
BLACK
6
CONTINUOUS
10
1.0864960629921259
20
0.4551
11
1.0864960629921259
21
0.4728346456692913
0
LINE
8
BLACK
6
CONTINUOUS
10
1.0864960629921259
20
0.4728346456692913
11
1.0865636614173229
21
0.4732181496062992
0
LINE
8
BLACK
6
CONTINUOUS
10
1.0865636614173229
20
0.4732181496062992
11
1.0865409055118109
21
0.4733474015748032
0
LINE
8
BLACK
6
CONTINUOUS
10
1.0865409055118109
20
0.4733474015748032
11
1.0866064960629922
21
0.4734609842519685
0
LINE
8
BLACK
6
CONTINUOUS
10
1.0866064960629922
20
0.4734609842519685
11
1.0866741338582677
21
0.4738445669291338
0
LINE
8
BLACK
6
CONTINUOUS
10
1.0866741338582677
20
0.4738445669291338
11
1.0871672440944882
21
0.4744322440944882
0
LINE
8
BLACK
6
CONTINUOUS
10
1.0871672440944882
20
0.4744322440944882
11
1.0875508267716536
21
0.4750965748031496
0
LINE
8
BLACK
6
CONTINUOUS
10
1.0875508267716536
20
0.4750965748031496
11
1.0878011417322835
21
0.4751876771653543
0
LINE
8
BLACK
6
CONTINUOUS
10
1.0878011417322835
20
0.4751876771653543
11
1.0879724409448819
21
0.475391811023622
0
LINE
8
BLACK
6
CONTINUOUS
10
1.0879724409448819
20
0.475391811023622
11
1.0887279921259843
21
0.4755250393700787
0
LINE
8
BLACK
6
CONTINUOUS
10
1.0887279921259843
20
0.4755250393700787
11
1.0894488188976377
21
0.4757874015748031
0
LINE
8
BLACK
6
CONTINUOUS
10
1.0894488188976377
20
0.4757874015748031
11
1.2705511811023622
21
0.4757874015748031
0
LINE
8
BLACK
6
CONTINUOUS
10
1.2705511811023622
20
0.4757874015748031
11
1.2709346850393701
21
0.4757197637795276
0
LINE
8
BLACK
6
CONTINUOUS
10
0.4108266929133858
20
0.4755436614173228
11
0.4109720472440945
21
0.4755333464566929
0
LINE
8
BLACK
6
CONTINUOUS
10
0.4109720472440945
20
0.4755333464566929
11
0.4113770078740158
21
0.4750663779527559
0
LINE
8
BLACK
6
CONTINUOUS
10
0.4113770078740158
20
0.4750663779527559
11
0.411844094488189
21
0.4746612992125984
0
LINE
8
BLACK
6
CONTINUOUS
10
0.411844094488189
20
0.4746612992125984
11
0.4118544094488189
21
0.474515905511811
0
LINE
8
BLACK
6
CONTINUOUS
10
0.4118544094488189
20
0.474515905511811
11
0.4119498818897638
21
0.4744058661417322
0
LINE
8
BLACK
6
CONTINUOUS
10
0.4119498818897638
20
0.4744058661417322
11
0.4185165354330709
21
0.4547058267716536
0
LINE
8
BLACK
6
CONTINUOUS
10
0.4185165354330709
20
0.4547058267716536
11
0.418410748031496
21
0.453217125984252
0
LINE
8
BLACK
6
CONTINUOUS
10
0.418410748031496
20
0.453217125984252
11
0.4172832677165354
21
0.452239251968504
0
LINE
8
BLACK
6
CONTINUOUS
10
0.4172832677165354
20
0.452239251968504
11
0.4157945669291339
21
0.4523450787401574
0
LINE
8
BLACK
6
CONTINUOUS
10
0.4157945669291339
20
0.4523450787401574
11
0.4148166929133858
21
0.4534725590551181
0
LINE
8
BLACK
6
CONTINUOUS
10
0.4148166929133858
20
0.4534725590551181
11
0.4133849606299212
21
0.4577677952755905
0
LINE
8
BLACK
6
CONTINUOUS
10
0.4133849606299212
20
0.4577677952755905
11
0.4068149606299212
21
0.4577677952755905
0
LINE
8
BLACK
6
CONTINUOUS
10
0.4068149606299212
20
0.4577677952755905
11
0.4053832283464567
21
0.4534725590551181
0
LINE
8
BLACK
6
CONTINUOUS
10
0.4053832283464567
20
0.4534725590551181
11
0.4044053937007874
21
0.4523450787401574
0
LINE
8
BLACK
6
CONTINUOUS
10
0.4044053937007874
20
0.4523450787401574
11
0.4029166535433071
21
0.4522392913385826
0
LINE
8
BLACK
6
CONTINUOUS
10
0.4029166535433071
20
0.4522392913385826
11
0.4017891732283465
21
0.453217125984252
0
LINE
8
BLACK
6
CONTINUOUS
10
0.4017891732283465
20
0.453217125984252
11
0.4016833858267717
21
0.4547058661417323
0
LINE
8
BLACK
6
CONTINUOUS
10
0.4016833858267717
20
0.4547058661417323
11
0.4082500393700788
21
0.4744058661417322
0
LINE
8
BLACK
6
CONTINUOUS
10
0.4082500393700788
20
0.4744058661417322
11
0.4083454724409449
21
0.474515905511811
0
LINE
8
BLACK
6
CONTINUOUS
10
0.4083454724409449
20
0.474515905511811
11
0.4083558267716536
21
0.4746612992125984
0
LINE
8
BLACK
6
CONTINUOUS
10
0.4083558267716536
20
0.4746612992125984
11
0.4088229133858268
21
0.4750663779527559
0
LINE
8
BLACK
6
CONTINUOUS
10
0.4088229133858268
20
0.4750663779527559
11
0.4092279133858268
21
0.4755333464566929
0
LINE
8
BLACK
6
CONTINUOUS
10
0.4092279133858268
20
0.4755333464566929
11
0.4093732283464567
21
0.4755436614173228
0
LINE
8
BLACK
6
CONTINUOUS
10
0.4093732283464567
20
0.4755436614173228
11
0.4094833070866142
21
0.4756391338582677
0
LINE
8
BLACK
6
CONTINUOUS
10
0.4094833070866142
20
0.4756391338582677
11
0.4100998031496063
21
0.4755953149606299
0
LINE
8
BLACK
6
CONTINUOUS
10
0.4100998031496063
20
0.4755953149606299
11
0.4107166141732284
21
0.4756391732283464
0
LINE
8
BLACK
6
CONTINUOUS
10
0.4107166141732284
20
0.4756391732283464
11
0.4108266929133858
21
0.4755436614173228
0
LINE
8
BLACK
6
CONTINUOUS
10
0.4081149606299213
20
0.4616677952755905
11
0.4120849606299212
21
0.4616677952755905
0
LINE
8
BLACK
6
CONTINUOUS
10
0.4120849606299212
20
0.4616677952755905
11
0.4100999212598425
21
0.4676227952755905
0
LINE
8
BLACK
6
CONTINUOUS
10
0.4100999212598425
20
0.4676227952755905
11
0.4081149606299213
21
0.4616677952755905
0
LINE
8
BLACK
6
CONTINUOUS
10
0.7308266929133858
20
0.4755436614173228
11
0.7309720472440945
21
0.4755333464566929
0
LINE
8
BLACK
6
CONTINUOUS
10
0.7309720472440945
20
0.4755333464566929
11
0.7313770078740157
21
0.4750663779527559
0
LINE
8
BLACK
6
CONTINUOUS
10
0.7313770078740157
20
0.4750663779527559
11
0.731844094488189
21
0.4746612992125984
0
LINE
8
BLACK
6
CONTINUOUS
10
0.731844094488189
20
0.4746612992125984
11
0.7318544094488189
21
0.474515905511811
0
LINE
8
BLACK
6
CONTINUOUS
10
0.7318544094488189
20
0.474515905511811
11
0.7319498818897637
21
0.4744058661417322
0
LINE
8
BLACK
6
CONTINUOUS
10
0.7319498818897637
20
0.4744058661417322
11
0.7385165354330708
21
0.4547058267716536
0
LINE
8
BLACK
6
CONTINUOUS
10
0.7385165354330708
20
0.4547058267716536
11
0.7384107480314961
21
0.453217125984252
0
LINE
8
BLACK
6
CONTINUOUS
10
0.7384107480314961
20
0.453217125984252
11
0.7372832677165354
21
0.452239251968504
0
LINE
8
BLACK
6
CONTINUOUS
10
0.7372832677165354
20
0.452239251968504
11
0.7357945669291338
21
0.4523450787401574
0
LINE
8
BLACK
6
CONTINUOUS
10
0.7357945669291338
20
0.4523450787401574
11
0.7348166929133858
21
0.4534725590551181
0
LINE
8
BLACK
6
CONTINUOUS
10
0.7348166929133858
20
0.4534725590551181
11
0.7333849606299212
21
0.4577677952755905
0
LINE
8
BLACK
6
CONTINUOUS
10
0.7333849606299212
20
0.4577677952755905
11
0.7268149606299212
21
0.4577677952755905
0
LINE
8
BLACK
6
CONTINUOUS
10
0.7268149606299212
20
0.4577677952755905
11
0.7253832283464566
21
0.4534725590551181
0
LINE
8
BLACK
6
CONTINUOUS
10
0.7253832283464566
20
0.4534725590551181
11
0.7244053937007874
21
0.4523450787401574
0
LINE
8
BLACK
6
CONTINUOUS
10
0.7244053937007874
20
0.4523450787401574
11
0.722916653543307
21
0.4522392913385826
0
LINE
8
BLACK
6
CONTINUOUS
10
0.722916653543307
20
0.4522392913385826
11
0.7217891732283465
21
0.453217125984252
0
LINE
8
BLACK
6
CONTINUOUS
10
0.7217891732283465
20
0.453217125984252
11
0.7216833858267716
21
0.4547058661417323
0
LINE
8
BLACK
6
CONTINUOUS
10
0.7216833858267716
20
0.4547058661417323
11
0.7282500393700787
21
0.4744058661417322
0
LINE
8
BLACK
6
CONTINUOUS
10
0.7282500393700787
20
0.4744058661417322
11
0.7283454724409448
21
0.474515905511811
0
LINE
8
BLACK
6
CONTINUOUS
10
0.7283454724409448
20
0.474515905511811
11
0.7283558267716536
21
0.4746612992125984
0
LINE
8
BLACK
6
CONTINUOUS
10
0.7283558267716536
20
0.4746612992125984
11
0.7288229133858267
21
0.4750663779527559
0
LINE
8
BLACK
6
CONTINUOUS
10
0.7288229133858267
20
0.4750663779527559
11
0.7292279133858267
21
0.4755333464566929
0
LINE
8
BLACK
6
CONTINUOUS
10
0.7292279133858267
20
0.4755333464566929
11
0.7293732283464567
21
0.4755436614173228
0
LINE
8
BLACK
6
CONTINUOUS
10
0.7293732283464567
20
0.4755436614173228
11
0.7294833070866141
21
0.4756391338582677
0
LINE
8
BLACK
6
CONTINUOUS
10
0.7294833070866141
20
0.4756391338582677
11
0.7300998031496063
21
0.4755953149606299
0
LINE
8
BLACK
6
CONTINUOUS
10
0.7300998031496063
20
0.4755953149606299
11
0.7307166141732283
21
0.4756391732283464
0
LINE
8
BLACK
6
CONTINUOUS
10
0.7307166141732283
20
0.4756391732283464
11
0.7308266929133858
21
0.4755436614173228
0
LINE
8
BLACK
6
CONTINUOUS
10
0.7281149606299212
20
0.4616677952755905
11
0.7320849606299212
21
0.4616677952755905
0
LINE
8
BLACK
6
CONTINUOUS
10
0.7320849606299212
20
0.4616677952755905
11
0.7300999212598425
21
0.4676227952755905
0
LINE
8
BLACK
6
CONTINUOUS
10
0.7300999212598425
20
0.4676227952755905
11
0.7281149606299212
21
0.4616677952755905
0
LINE
8
BLACK
6
CONTINUOUS
10
1.0508266929133858
20
0.4755436614173228
11
1.0509720472440944
21
0.4755333464566929
0
LINE
8
BLACK
6
CONTINUOUS
10
1.0509720472440944
20
0.4755333464566929
11
1.0513770078740157
21
0.4750663779527559
0
LINE
8
BLACK
6
CONTINUOUS
10
1.0513770078740157
20
0.4750663779527559
11
1.0518440944881891
21
0.4746612992125984
0
LINE
8
BLACK
6
CONTINUOUS
10
1.0518440944881891
20
0.4746612992125984
11
1.0518544094488189
21
0.474515905511811
0
LINE
8
BLACK
6
CONTINUOUS
10
1.0518544094488189
20
0.474515905511811
11
1.0519498818897637
21
0.4744058661417322
0
LINE
8
BLACK
6
CONTINUOUS
10
1.0519498818897637
20
0.4744058661417322
11
1.0585165354330708
21
0.4547058267716536
0
LINE
8
BLACK
6
CONTINUOUS
10
1.0585165354330708
20
0.4547058267716536
11
1.0584107480314959
21
0.453217125984252
0
LINE
8
BLACK
6
CONTINUOUS
10
1.0584107480314959
20
0.453217125984252
11
1.0572832677165354
21
0.452239251968504
0
LINE
8
BLACK
6
CONTINUOUS
10
1.0572832677165354
20
0.452239251968504
11
1.0557945669291338
21
0.4523450787401574
0
LINE
8
BLACK
6
CONTINUOUS
10
1.0557945669291338
20
0.4523450787401574
11
1.0548166929133858
21
0.4534725590551181
0
LINE
8
BLACK
6
CONTINUOUS
10
1.0548166929133858
20
0.4534725590551181
11
1.0533849606299213
21
0.4577677952755905
0
LINE
8
BLACK
6
CONTINUOUS
10
1.0533849606299213
20
0.4577677952755905
11
1.0468149606299213
21
0.4577677952755905
0
LINE
8
BLACK
6
CONTINUOUS
10
1.0468149606299213
20
0.4577677952755905
11
1.0453832283464566
21
0.4534725590551181
0
LINE
8
BLACK
6
CONTINUOUS
10
1.0453832283464566
20
0.4534725590551181
11
1.0444053937007873
21
0.4523450787401574
0
LINE
8
BLACK
6
CONTINUOUS
10
1.0444053937007873
20
0.4523450787401574
11
1.042916653543307
21
0.4522392913385826
0
LINE
8
BLACK
6
CONTINUOUS
10
1.042916653543307
20
0.4522392913385826
11
1.0417891732283464
21
0.453217125984252
0
LINE
8
BLACK
6
CONTINUOUS
10
1.0417891732283464
20
0.453217125984252
11
1.0416833858267716
21
0.4547058661417323
0
LINE
8
BLACK
6
CONTINUOUS
10
1.0416833858267716
20
0.4547058661417323
11
1.0482500393700787
21
0.4744058661417322
0
LINE
8
BLACK
6
CONTINUOUS
10
1.0482500393700787
20
0.4744058661417322
11
1.0483454724409449
21
0.474515905511811
0
LINE
8
BLACK
6
CONTINUOUS
10
1.0483454724409449
20
0.474515905511811
11
1.0483558267716535
21
0.4746612992125984
0
LINE
8
BLACK
6
CONTINUOUS
10
1.0483558267716535
20
0.4746612992125984
11
1.0488229133858267
21
0.4750663779527559
0
LINE
8
BLACK
6
CONTINUOUS
10
1.0488229133858267
20
0.4750663779527559
11
1.0492279133858267
21
0.4755333464566929
0
LINE
8
BLACK
6
CONTINUOUS
10
1.0492279133858267
20
0.4755333464566929
11
1.0493732283464567
21
0.4755436614173228
0
LINE
8
BLACK
6
CONTINUOUS
10
1.0493732283464567
20
0.4755436614173228
11
1.0494833070866141
21
0.4756391338582677
0
LINE
8
BLACK
6
CONTINUOUS
10
1.0494833070866141
20
0.4756391338582677
11
1.0500998031496063
21
0.4755953149606299
0
LINE
8
BLACK
6
CONTINUOUS
10
1.0500998031496063
20
0.4755953149606299
11
1.0507166141732283
21
0.4756391732283464
0
LINE
8
BLACK
6
CONTINUOUS
10
1.0507166141732283
20
0.4756391732283464
11
1.0508266929133858
21
0.4755436614173228
0
LINE
8
BLACK
6
CONTINUOUS
10
1.0481149606299212
20
0.4616677952755905
11
1.0520849606299212
21
0.4616677952755905
0
LINE
8
BLACK
6
CONTINUOUS
10
1.0520849606299212
20
0.4616677952755905
11
1.0500999212598425
21
0.4676227952755905
0
LINE
8
BLACK
6
CONTINUOUS
10
1.0500999212598425
20
0.4676227952755905
11
1.0481149606299212
21
0.4616677952755905
0
LINE
8
BLACK
6
CONTINUOUS
10
0.664638346456693
20
0.4790680708661417
11
0.6652094881889764
21
0.4776892125984252
0
LINE
8
BLACK
6
CONTINUOUS
10
0.6652094881889764
20
0.4776892125984252
11
0.6652094881889764
21
0.4579892125984252
0
LINE
8
BLACK
6
CONTINUOUS
10
0.6652094881889764
20
0.4579892125984252
11
0.664638346456693
21
0.4566103543307087
0
LINE
8
BLACK
6
CONTINUOUS
10
0.664638346456693
20
0.4566103543307087
11
0.6632594881889764
21
0.4560392125984252
0
LINE
8
BLACK
6
CONTINUOUS
10
0.6632594881889764
20
0.4560392125984252
11
0.6618806299212598
21
0.4566103543307087
0
LINE
8
BLACK
6
CONTINUOUS
10
0.6618806299212598
20
0.4566103543307087
11
0.6613094881889764
21
0.4579892125984252
0
LINE
8
BLACK
6
CONTINUOUS
10
0.6613094881889764
20
0.4579892125984252
11
0.6613094881889764
21
0.4656243307086614
0
LINE
8
BLACK
6
CONTINUOUS
10
0.6613094881889764
20
0.4656243307086614
11
0.6606561811023622
21
0.4662775984251968
0
LINE
8
BLACK
6
CONTINUOUS
10
0.6606561811023622
20
0.4662775984251968
11
0.6535623622047244
21
0.4568192125984252
0
LINE
8
BLACK
6
CONTINUOUS
10
0.6535623622047244
20
0.4568192125984252
11
0.6522781496062992
21
0.4560588188976378
0
LINE
8
BLACK
6
CONTINUOUS
10
0.6522781496062992
20
0.4560588188976378
11
0.6508323622047244
21
0.4564292125984252
0
LINE
8
BLACK
6
CONTINUOUS
10
0.6508323622047244
20
0.4564292125984252
11
0.650071968503937
21
0.4577134251968504
0
LINE
8
BLACK
6
CONTINUOUS
10
0.650071968503937
20
0.4577134251968504
11
0.6504423622047244
21
0.4591592125984252
0
LINE
8
BLACK
6
CONTINUOUS
10
0.6504423622047244
20
0.4591592125984252
11
0.6578704724409449
21
0.4690633070866141
0
LINE
8
BLACK
6
CONTINUOUS
10
0.6578704724409449
20
0.4690633070866141
11
0.6506235039370079
21
0.4763103543307087
0
LINE
8
BLACK
6
CONTINUOUS
10
0.6506235039370079
20
0.4763103543307087
11
0.6500523622047244
21
0.4776892125984252
0
LINE
8
BLACK
6
CONTINUOUS
10
0.6500523622047244
20
0.4776892125984252
11
0.6506235039370079
21
0.4790680708661417
0
LINE
8
BLACK
6
CONTINUOUS
10
0.6506235039370079
20
0.4790680708661417
11
0.6520023622047244
21
0.4796392125984252
0
LINE
8
BLACK
6
CONTINUOUS
10
0.6520023622047244
20
0.4796392125984252
11
0.653381220472441
21
0.4790680708661417
0
LINE
8
BLACK
6
CONTINUOUS
10
0.653381220472441
20
0.4790680708661417
11
0.6613094881889764
21
0.4711397637795275
0
LINE
8
BLACK
6
CONTINUOUS
10
0.6613094881889764
20
0.4711397637795275
11
0.6613094881889764
21
0.4776892125984252
0
LINE
8
BLACK
6
CONTINUOUS
10
0.6613094881889764
20
0.4776892125984252
11
0.6618806299212598
21
0.4790680708661417
0
LINE
8
BLACK
6
CONTINUOUS
10
0.6618806299212598
20
0.4790680708661417
11
0.6632594881889764
21
0.4796392125984252
0
LINE
8
BLACK
6
CONTINUOUS
10
0.6632594881889764
20
0.4796392125984252
11
0.664638346456693
21
0.4790680708661417
0
LINE
8
BLACK
6
CONTINUOUS
10
0.9846383464566929
20
0.4790680708661417
11
0.9852094881889764
21
0.4776892125984252
0
LINE
8
BLACK
6
CONTINUOUS
10
0.9852094881889764
20
0.4776892125984252
11
0.9852094881889764
21
0.4579892125984252
0
LINE
8
BLACK
6
CONTINUOUS
10
0.9852094881889764
20
0.4579892125984252
11
0.9846383464566929
21
0.4566103543307087
0
LINE
8
BLACK
6
CONTINUOUS
10
0.9846383464566929
20
0.4566103543307087
11
0.9832594881889763
21
0.4560392125984252
0
LINE
8
BLACK
6
CONTINUOUS
10
0.9832594881889763
20
0.4560392125984252
11
0.9818806299212598
21
0.4566103543307087
0
LINE
8
BLACK
6
CONTINUOUS
10
0.9818806299212598
20
0.4566103543307087
11
0.9813094881889763
21
0.4579892125984252
0
LINE
8
BLACK
6
CONTINUOUS
10
0.9813094881889763
20
0.4579892125984252
11
0.9813094881889763
21
0.4656243307086614
0
LINE
8
BLACK
6
CONTINUOUS
10
0.9813094881889763
20
0.4656243307086614
11
0.9806561811023622
21
0.4662775984251968
0
LINE
8
BLACK
6
CONTINUOUS
10
0.9806561811023622
20
0.4662775984251968
11
0.9735623622047244
21
0.4568192125984252
0
LINE
8
BLACK
6
CONTINUOUS
10
0.9735623622047244
20
0.4568192125984252
11
0.9722781496062992
21
0.4560588188976378
0
LINE
8
BLACK
6
CONTINUOUS
10
0.9722781496062992
20
0.4560588188976378
11
0.9708323622047244
21
0.4564292125984252
0
LINE
8
BLACK
6
CONTINUOUS
10
0.9708323622047244
20
0.4564292125984252
11
0.970071968503937
21
0.4577134251968504
0
LINE
8
BLACK
6
CONTINUOUS
10
0.970071968503937
20
0.4577134251968504
11
0.9704423622047244
21
0.4591592125984252
0
LINE
8
BLACK
6
CONTINUOUS
10
0.9704423622047244
20
0.4591592125984252
11
0.9778704724409448
21
0.4690633070866141
0
LINE
8
BLACK
6
CONTINUOUS
10
0.9778704724409448
20
0.4690633070866141
11
0.9706235039370078
21
0.4763103543307087
0
LINE
8
BLACK
6
CONTINUOUS
10
0.9706235039370078
20
0.4763103543307087
11
0.9700523622047243
21
0.4776892125984252
0
LINE
8
BLACK
6
CONTINUOUS
10
0.9700523622047243
20
0.4776892125984252
11
0.9706235039370078
21
0.4790680708661417
0
LINE
8
BLACK
6
CONTINUOUS
10
0.9706235039370078
20
0.4790680708661417
11
0.9720023622047244
21
0.4796392125984252
0
LINE
8
BLACK
6
CONTINUOUS
10
0.9720023622047244
20
0.4796392125984252
11
0.9733812204724409
21
0.4790680708661417
0
LINE
8
BLACK
6
CONTINUOUS
10
0.9733812204724409
20
0.4790680708661417
11
0.9813094881889763
21
0.4711397637795275
0
LINE
8
BLACK
6
CONTINUOUS
10
0.9813094881889763
20
0.4711397637795275
11
0.9813094881889763
21
0.4776892125984252
0
LINE
8
BLACK
6
CONTINUOUS
10
0.9813094881889763
20
0.4776892125984252
11
0.9818806299212598
21
0.4790680708661417
0
LINE
8
BLACK
6
CONTINUOUS
10
0.9818806299212598
20
0.4790680708661417
11
0.9832594881889763
21
0.4796392125984252
0
LINE
8
BLACK
6
CONTINUOUS
10
0.9832594881889763
20
0.4796392125984252
11
0.9846383464566929
21
0.4790680708661417
0
LINE
8
BLACK
6
CONTINUOUS
10
1.3046383464566929
20
0.4790680708661417
11
1.3052094881889764
21
0.4776892125984252
0
LINE
8
BLACK
6
CONTINUOUS
10
1.3052094881889764
20
0.4776892125984252
11
1.3052094881889764
21
0.4579892125984252
0
LINE
8
BLACK
6
CONTINUOUS
10
1.3052094881889764
20
0.4579892125984252
11
1.3046383464566929
21
0.4566103543307087
0
LINE
8
BLACK
6
CONTINUOUS
10
1.3046383464566929
20
0.4566103543307087
11
1.3032594881889763
21
0.4560392125984252
0
LINE
8
BLACK
6
CONTINUOUS
10
1.3032594881889763
20
0.4560392125984252
11
1.3018806299212597
21
0.4566103543307087
0
LINE
8
BLACK
6
CONTINUOUS
10
1.3018806299212597
20
0.4566103543307087
11
1.3013094881889764
21
0.4579892125984252
0
LINE
8
BLACK
6
CONTINUOUS
10
1.3013094881889764
20
0.4579892125984252
11
1.3013094881889764
21
0.4656243307086614
0
LINE
8
BLACK
6
CONTINUOUS
10
1.3013094881889764
20
0.4656243307086614
11
1.3006561811023623
21
0.4662775984251968
0
LINE
8
BLACK
6
CONTINUOUS
10
1.3006561811023623
20
0.4662775984251968
11
1.2935623622047243
21
0.4568192125984252
0
LINE
8
BLACK
6
CONTINUOUS
10
1.2935623622047243
20
0.4568192125984252
11
1.2922781496062992
21
0.4560588188976378
0
LINE
8
BLACK
6
CONTINUOUS
10
1.2922781496062992
20
0.4560588188976378
11
1.2908323622047244
21
0.4564292125984252
0
LINE
8
BLACK
6
CONTINUOUS
10
1.2908323622047244
20
0.4564292125984252
11
1.290071968503937
21
0.4577134251968504
0
LINE
8
BLACK
6
CONTINUOUS
10
1.290071968503937
20
0.4577134251968504
11
1.2904423622047243
21
0.4591592125984252
0
LINE
8
BLACK
6
CONTINUOUS
10
1.2904423622047243
20
0.4591592125984252
11
1.2978704724409449
21
0.4690633070866141
0
LINE
8
BLACK
6
CONTINUOUS
10
1.2978704724409449
20
0.4690633070866141
11
1.2906235039370078
21
0.4763103543307087
0
LINE
8
BLACK
6
CONTINUOUS
10
1.2906235039370078
20
0.4763103543307087
11
1.2900523622047244
21
0.4776892125984252
0
LINE
8
BLACK
6
CONTINUOUS
10
1.2900523622047244
20
0.4776892125984252
11
1.2906235039370078
21
0.4790680708661417
0
LINE
8
BLACK
6
CONTINUOUS
10
1.2906235039370078
20
0.4790680708661417
11
1.2920023622047243
21
0.4796392125984252
0
LINE
8
BLACK
6
CONTINUOUS
10
1.2920023622047243
20
0.4796392125984252
11
1.2933812204724409
21
0.4790680708661417
0
LINE
8
BLACK
6
CONTINUOUS
10
1.2933812204724409
20
0.4790680708661417
11
1.3013094881889764
21
0.4711397637795275
0
LINE
8
BLACK
6
CONTINUOUS
10
1.3013094881889764
20
0.4711397637795275
11
1.3013094881889764
21
0.4776892125984252
0
LINE
8
BLACK
6
CONTINUOUS
10
1.3013094881889764
20
0.4776892125984252
11
1.3018806299212597
21
0.4790680708661417
0
LINE
8
BLACK
6
CONTINUOUS
10
1.3018806299212597
20
0.4790680708661417
11
1.3032594881889763
21
0.4796392125984252
0
LINE
8
BLACK
6
CONTINUOUS
10
1.3032594881889763
20
0.4796392125984252
11
1.3046383464566929
21
0.4790680708661417
0
LINE
8
BLACK
6
CONTINUOUS
10
0.3128131102362205
20
0.5267979921259842
11
0.313503937007874
21
0.5249
0
LINE
8
BLACK
6
CONTINUOUS
10
0.313503937007874
20
0.5249
11
0.313503937007874
21
0.5071653543307086
0
LINE
8
BLACK
6
CONTINUOUS
10
0.313503937007874
20
0.5071653543307086
11
0.3134362992125984
21
0.5067818110236221
0
LINE
8
BLACK
6
CONTINUOUS
10
0.3134362992125984
20
0.5067818110236221
11
0.313459094488189
21
0.5066525984251968
0
LINE
8
BLACK
6
CONTINUOUS
10
0.313459094488189
20
0.5066525984251968
11
0.3133934645669291
21
0.5065389763779528
0
LINE
8
BLACK
6
CONTINUOUS
10
0.3133934645669291
20
0.5065389763779528
11
0.3133258661417323
21
0.5061554330708661
0
LINE
8
BLACK
6
CONTINUOUS
10
0.3133258661417323
20
0.5061554330708661
11
0.312832716535433
21
0.5055677165354331
0
LINE
8
BLACK
6
CONTINUOUS
10
0.312832716535433
20
0.5055677165354331
11
0.3124491732283465
21
0.5049034251968504
0
LINE
8
BLACK
6
CONTINUOUS
10
0.3124491732283465
20
0.5049034251968504
11
0.3121988188976378
21
0.504812283464567
0
LINE
8
BLACK
6
CONTINUOUS
10
0.3121988188976378
20
0.504812283464567
11
0.3120275590551181
21
0.5046081889763779
0
LINE
8
BLACK
6
CONTINUOUS
10
0.3120275590551181
20
0.5046081889763779
11
0.311271968503937
21
0.5044749212598425
0
LINE
8
BLACK
6
CONTINUOUS
10
0.311271968503937
20
0.5044749212598425
11
0.3105511811023622
21
0.5042125984251968
0
LINE
8
BLACK
6
CONTINUOUS
10
0.3105511811023622
20
0.5042125984251968
11
0.1294488188976378
21
0.5042125984251968
0
LINE
8
BLACK
6
CONTINUOUS
10
0.1294488188976378
20
0.5042125984251968
11
0.1290652755905512
21
0.5042801968503937
0
LINE
8
BLACK
6
CONTINUOUS
10
0.1290652755905512
20
0.5042801968503937
11
0.128936062992126
21
0.5042574409448819
0
LINE
8
BLACK
6
CONTINUOUS
10
0.128936062992126
20
0.5042574409448819
11
0.1288224409448819
21
0.5043230314960629
0
LINE
8
BLACK
6
CONTINUOUS
10
0.1288224409448819
20
0.5043230314960629
11
0.1284388976377953
21
0.5043906692913386
0
LINE
8
BLACK
6
CONTINUOUS
10
0.1284388976377953
20
0.5043906692913386
11
0.1278511811023622
21
0.504883779527559
0
LINE
8
BLACK
6
CONTINUOUS
10
0.1278511811023622
20
0.504883779527559
11
0.1271868897637795
21
0.5052673622047243
0
LINE
8
BLACK
6
CONTINUOUS
10
0.1271868897637795
20
0.5052673622047243
11
0.1270957480314961
21
0.5055176771653543
0
LINE
8
BLACK
6
CONTINUOUS
10
0.1270957480314961
20
0.5055176771653543
11
0.1268916535433071
21
0.5056889763779527
0
LINE
8
BLACK
6
CONTINUOUS
10
0.1268916535433071
20
0.5056889763779527
11
0.1267583858267717
21
0.5064445275590551
0
LINE
8
BLACK
6
CONTINUOUS
10
0.1267583858267717
20
0.5064445275590551
11
0.126496062992126
21
0.5071653543307086
0
LINE
8
BLACK
6
CONTINUOUS
10
0.126496062992126
20
0.5071653543307086
11
0.126496062992126
21
0.5249
0
LINE
8
BLACK
6
CONTINUOUS
10
0.126496062992126
20
0.5249
11
0.1266741338582677
21
0.5259099212598425
0
LINE
8
BLACK
6
CONTINUOUS
10
0.1266741338582677
20
0.5259099212598425
11
0.1279724409448819
21
0.5274571653543307
0
LINE
8
BLACK
6
CONTINUOUS
10
0.1279724409448819
20
0.5274571653543307
11
0.1299615748031496
21
0.5278079133858268
0
LINE
8
BLACK
6
CONTINUOUS
10
0.1299615748031496
20
0.5278079133858268
11
0.1317107480314961
21
0.5267979921259842
0
LINE
8
BLACK
6
CONTINUOUS
10
0.1317107480314961
20
0.5267979921259842
11
0.1324015748031496
21
0.5249
0
LINE
8
BLACK
6
CONTINUOUS
10
0.1324015748031496
20
0.5249
11
0.1324015748031496
21
0.5101181102362204
0
LINE
8
BLACK
6
CONTINUOUS
10
0.1324015748031496
20
0.5101181102362204
11
0.2879472440944882
21
0.5101181102362204
0
LINE
8
BLACK
6
CONTINUOUS
10
0.2879472440944882
20
0.5101181102362204
11
0.2879472440944882
21
0.5249
0
LINE
8
BLACK
6
CONTINUOUS
10
0.2879472440944882
20
0.5249
11
0.2881253149606299
21
0.5259099212598425
0
LINE
8
BLACK
6
CONTINUOUS
10
0.2881253149606299
20
0.5259099212598425
11
0.2894236220472441
21
0.5274571653543307
0
LINE
8
BLACK
6
CONTINUOUS
10
0.2894236220472441
20
0.5274571653543307
11
0.2914127559055118
21
0.5278079133858268
0
LINE
8
BLACK
6
CONTINUOUS
10
0.2914127559055118
20
0.5278079133858268
11
0.2931619291338582
21
0.5267979921259842
0
LINE
8
BLACK
6
CONTINUOUS
10
0.2931619291338582
20
0.5267979921259842
11
0.2938527559055118
21
0.5249
0
LINE
8
BLACK
6
CONTINUOUS
10
0.2938527559055118
20
0.5249
11
0.2938527559055118
21
0.5101181102362204
0
LINE
8
BLACK
6
CONTINUOUS
10
0.2938527559055118
20
0.5101181102362204
11
0.3075984251968504
21
0.5101181102362204
0
LINE
8
BLACK
6
CONTINUOUS
10
0.3075984251968504
20
0.5101181102362204
11
0.3075984251968504
21
0.5249
0
LINE
8
BLACK
6
CONTINUOUS
10
0.3075984251968504
20
0.5249
11
0.3077764960629921
21
0.5259099212598425
0
LINE
8
BLACK
6
CONTINUOUS
10
0.3077764960629921
20
0.5259099212598425
11
0.3090748031496063
21
0.5274571653543307
0
LINE
8
BLACK
6
CONTINUOUS
10
0.3090748031496063
20
0.5274571653543307
11
0.311063937007874
21
0.5278079133858268
0
LINE
8
BLACK
6
CONTINUOUS
10
0.311063937007874
20
0.5278079133858268
11
0.3128131102362205
21
0.5267979921259842
0
LINE
8
BLACK
6
CONTINUOUS
10
0.6328131102362204
20
0.5267979921259842
11
0.633503937007874
21
0.5249
0
LINE
8
BLACK
6
CONTINUOUS
10
0.633503937007874
20
0.5249
11
0.633503937007874
21
0.5071653543307086
0
LINE
8
BLACK
6
CONTINUOUS
10
0.633503937007874
20
0.5071653543307086
11
0.6334362992125984
21
0.5067818110236221
0
LINE
8
BLACK
6
CONTINUOUS
10
0.6334362992125984
20
0.5067818110236221
11
0.6334590944881889
21
0.5066525984251968
0
LINE
8
BLACK
6
CONTINUOUS
10
0.6334590944881889
20
0.5066525984251968
11
0.6333934645669291
21
0.5065389763779528
0
LINE
8
BLACK
6
CONTINUOUS
10
0.6333934645669291
20
0.5065389763779528
11
0.6333258661417323
21
0.5061554330708661
0
LINE
8
BLACK
6
CONTINUOUS
10
0.6333258661417323
20
0.5061554330708661
11
0.632832716535433
21
0.5055677165354331
0
LINE
8
BLACK
6
CONTINUOUS
10
0.632832716535433
20
0.5055677165354331
11
0.6324491732283465
21
0.5049034251968504
0
LINE
8
BLACK
6
CONTINUOUS
10
0.6324491732283465
20
0.5049034251968504
11
0.6321988188976377
21
0.504812283464567
0
LINE
8
BLACK
6
CONTINUOUS
10
0.6321988188976377
20
0.504812283464567
11
0.6320275590551181
21
0.5046081889763779
0
LINE
8
BLACK
6
CONTINUOUS
10
0.6320275590551181
20
0.5046081889763779
11
0.631271968503937
21
0.5044749212598425
0
LINE
8
BLACK
6
CONTINUOUS
10
0.631271968503937
20
0.5044749212598425
11
0.6305511811023622
21
0.5042125984251968
0
LINE
8
BLACK
6
CONTINUOUS
10
0.6305511811023622
20
0.5042125984251968
11
0.4494488188976378
21
0.5042125984251968
0
LINE
8
BLACK
6
CONTINUOUS
10
0.4494488188976378
20
0.5042125984251968
11
0.4490652755905511
21
0.5042801968503937
0
LINE
8
BLACK
6
CONTINUOUS
10
0.4490652755905511
20
0.5042801968503937
11
0.448936062992126
21
0.5042574409448819
0
LINE
8
BLACK
6
CONTINUOUS
10
0.448936062992126
20
0.5042574409448819
11
0.4488224409448819
21
0.5043230314960629
0
LINE
8
BLACK
6
CONTINUOUS
10
0.4488224409448819
20
0.5043230314960629
11
0.4484388976377953
21
0.5043906692913386
0
LINE
8
BLACK
6
CONTINUOUS
10
0.4484388976377953
20
0.5043906692913386
11
0.4478511811023622
21
0.504883779527559
0
LINE
8
BLACK
6
CONTINUOUS
10
0.4478511811023622
20
0.504883779527559
11
0.4471868897637795
21
0.5052673622047243
0
LINE
8
BLACK
6
CONTINUOUS
10
0.4471868897637795
20
0.5052673622047243
11
0.447095748031496
21
0.5055176771653543
0
LINE
8
BLACK
6
CONTINUOUS
10
0.447095748031496
20
0.5055176771653543
11
0.4468916535433071
21
0.5056889763779527
0
LINE
8
BLACK
6
CONTINUOUS
10
0.4468916535433071
20
0.5056889763779527
11
0.4467583858267716
21
0.5064445275590551
0
LINE
8
BLACK
6
CONTINUOUS
10
0.4467583858267716
20
0.5064445275590551
11
0.446496062992126
21
0.5071653543307086
0
LINE
8
BLACK
6
CONTINUOUS
10
0.446496062992126
20
0.5071653543307086
11
0.446496062992126
21
0.5249
0
LINE
8
BLACK
6
CONTINUOUS
10
0.446496062992126
20
0.5249
11
0.4466741338582677
21
0.5259099212598425
0
LINE
8
BLACK
6
CONTINUOUS
10
0.4466741338582677
20
0.5259099212598425
11
0.4479724409448819
21
0.5274571653543307
0
LINE
8
BLACK
6
CONTINUOUS
10
0.4479724409448819
20
0.5274571653543307
11
0.4499615748031496
21
0.5278079133858268
0
LINE
8
BLACK
6
CONTINUOUS
10
0.4499615748031496
20
0.5278079133858268
11
0.4517107480314961
21
0.5267979921259842
0
LINE
8
BLACK
6
CONTINUOUS
10
0.4517107480314961
20
0.5267979921259842
11
0.4524015748031496
21
0.5249
0
LINE
8
BLACK
6
CONTINUOUS
10
0.4524015748031496
20
0.5249
11
0.4524015748031496
21
0.5101181102362204
0
LINE
8
BLACK
6
CONTINUOUS
10
0.4524015748031496
20
0.5101181102362204
11
0.6079472440944882
21
0.5101181102362204
0
LINE
8
BLACK
6
CONTINUOUS
10
0.6079472440944882
20
0.5101181102362204
11
0.6079472440944882
21
0.5249
0
LINE
8
BLACK
6
CONTINUOUS
10
0.6079472440944882
20
0.5249
11
0.6081253149606299
21
0.5259099212598425
0
LINE
8
BLACK
6
CONTINUOUS
10
0.6081253149606299
20
0.5259099212598425
11
0.6094236220472441
21
0.5274571653543307
0
LINE
8
BLACK
6
CONTINUOUS
10
0.6094236220472441
20
0.5274571653543307
11
0.6114127559055118
21
0.5278079133858268
0
LINE
8
BLACK
6
CONTINUOUS
10
0.6114127559055118
20
0.5278079133858268
11
0.6131619291338583
21
0.5267979921259842
0
LINE
8
BLACK
6
CONTINUOUS
10
0.6131619291338583
20
0.5267979921259842
11
0.6138527559055118
21
0.5249
0
LINE
8
BLACK
6
CONTINUOUS
10
0.6138527559055118
20
0.5249
11
0.6138527559055118
21
0.5101181102362204
0
LINE
8
BLACK
6
CONTINUOUS
10
0.6138527559055118
20
0.5101181102362204
11
0.6275984251968504
21
0.5101181102362204
0
LINE
8
BLACK
6
CONTINUOUS
10
0.6275984251968504
20
0.5101181102362204
11
0.6275984251968504
21
0.5249
0
LINE
8
BLACK
6
CONTINUOUS
10
0.6275984251968504
20
0.5249
11
0.6277764960629921
21
0.5259099212598425
0
LINE
8
BLACK
6
CONTINUOUS
10
0.6277764960629921
20
0.5259099212598425
11
0.6290748031496063
21
0.5274571653543307
0
LINE
8
BLACK
6
CONTINUOUS
10
0.6290748031496063
20
0.5274571653543307
11
0.631063937007874
21
0.5278079133858268
0
LINE
8
BLACK
6
CONTINUOUS
10
0.631063937007874
20
0.5278079133858268
11
0.6328131102362204
21
0.5267979921259842
0
LINE
8
BLACK
6
CONTINUOUS
10
0.9528131102362205
20
0.5267979921259842
11
0.9535039370078739
21
0.5249
0
LINE
8
BLACK
6
CONTINUOUS
10
0.9535039370078739
20
0.5249
11
0.9535039370078739
21
0.5071653543307086
0
LINE
8
BLACK
6
CONTINUOUS
10
0.9535039370078739
20
0.5071653543307086
11
0.9534362992125984
21
0.5067818110236221
0
LINE
8
BLACK
6
CONTINUOUS
10
0.9534362992125984
20
0.5067818110236221
11
0.953459094488189
21
0.5066525984251968
0
LINE
8
BLACK
6
CONTINUOUS
10
0.953459094488189
20
0.5066525984251968
11
0.9533934645669291
21
0.5065389763779528
0
LINE
8
BLACK
6
CONTINUOUS
10
0.9533934645669291
20
0.5065389763779528
11
0.9533258661417323
21
0.5061554330708661
0
LINE
8
BLACK
6
CONTINUOUS
10
0.9533258661417323
20
0.5061554330708661
11
0.952832716535433
21
0.5055677165354331
0
LINE
8
BLACK
6
CONTINUOUS
10
0.952832716535433
20
0.5055677165354331
11
0.9524491732283464
21
0.5049034251968504
0
LINE
8
BLACK
6
CONTINUOUS
10
0.9524491732283464
20
0.5049034251968504
11
0.9521988188976378
21
0.504812283464567
0
LINE
8
BLACK
6
CONTINUOUS
10
0.9521988188976378
20
0.504812283464567
11
0.952027559055118
21
0.5046081889763779
0
LINE
8
BLACK
6
CONTINUOUS
10
0.952027559055118
20
0.5046081889763779
11
0.951271968503937
21
0.5044749212598425
0
LINE
8
BLACK
6
CONTINUOUS
10
0.951271968503937
20
0.5044749212598425
11
0.9505511811023621
21
0.5042125984251968
0
LINE
8
BLACK
6
CONTINUOUS
10
0.9505511811023621
20
0.5042125984251968
11
0.7694488188976378
21
0.5042125984251968
0
LINE
8
BLACK
6
CONTINUOUS
10
0.7694488188976378
20
0.5042125984251968
11
0.7690652755905512
21
0.5042801968503937
0
LINE
8
BLACK
6
CONTINUOUS
10
0.7690652755905512
20
0.5042801968503937
11
0.7689360629921259
21
0.5042574409448819
0
LINE
8
BLACK
6
CONTINUOUS
10
0.7689360629921259
20
0.5042574409448819
11
0.7688224409448818
21
0.5043230314960629
0
LINE
8
BLACK
6
CONTINUOUS
10
0.7688224409448818
20
0.5043230314960629
11
0.7684388976377953
21
0.5043906692913386
0
LINE
8
BLACK
6
CONTINUOUS
10
0.7684388976377953
20
0.5043906692913386
11
0.7678511811023622
21
0.504883779527559
0
LINE
8
BLACK
6
CONTINUOUS
10
0.7678511811023622
20
0.504883779527559
11
0.7671868897637795
21
0.5052673622047243
0
LINE
8
BLACK
6
CONTINUOUS
10
0.7671868897637795
20
0.5052673622047243
11
0.767095748031496
21
0.5055176771653543
0
LINE
8
BLACK
6
CONTINUOUS
10
0.767095748031496
20
0.5055176771653543
11
0.766891653543307
21
0.5056889763779527
0
LINE
8
BLACK
6
CONTINUOUS
10
0.766891653543307
20
0.5056889763779527
11
0.7667583858267716
21
0.5064445275590551
0
LINE
8
BLACK
6
CONTINUOUS
10
0.7667583858267716
20
0.5064445275590551
11
0.7664960629921259
21
0.5071653543307086
0
LINE
8
BLACK
6
CONTINUOUS
10
0.7664960629921259
20
0.5071653543307086
11
0.7664960629921259
21
0.5249
0
LINE
8
BLACK
6
CONTINUOUS
10
0.7664960629921259
20
0.5249
11
0.7666741338582677
21
0.5259099212598425
0
LINE
8
BLACK
6
CONTINUOUS
10
0.7666741338582677
20
0.5259099212598425
11
0.7679724409448818
21
0.5274571653543307
0
LINE
8
BLACK
6
CONTINUOUS
10
0.7679724409448818
20
0.5274571653543307
11
0.7699615748031496
21
0.5278079133858268
0
LINE
8
BLACK
6
CONTINUOUS
10
0.7699615748031496
20
0.5278079133858268
11
0.7717107480314961
21
0.5267979921259842
0
LINE
8
BLACK
6
CONTINUOUS
10
0.7717107480314961
20
0.5267979921259842
11
0.7724015748031496
21
0.5249
0
LINE
8
BLACK
6
CONTINUOUS
10
0.7724015748031496
20
0.5249
11
0.7724015748031496
21
0.5101181102362204
0
LINE
8
BLACK
6
CONTINUOUS
10
0.7724015748031496
20
0.5101181102362204
11
0.9279472440944881
21
0.5101181102362204
0
LINE
8
BLACK
6
CONTINUOUS
10
0.9279472440944881
20
0.5101181102362204
11
0.9279472440944881
21
0.5249
0
LINE
8
BLACK
6
CONTINUOUS
10
0.9279472440944881
20
0.5249
11
0.9281253149606299
21
0.5259099212598425
0
LINE
8
BLACK
6
CONTINUOUS
10
0.9281253149606299
20
0.5259099212598425
11
0.929423622047244
21
0.5274571653543307
0
LINE
8
BLACK
6
CONTINUOUS
10
0.929423622047244
20
0.5274571653543307
11
0.9314127559055118
21
0.5278079133858268
0
LINE
8
BLACK
6
CONTINUOUS
10
0.9314127559055118
20
0.5278079133858268
11
0.9331619291338582
21
0.5267979921259842
0
LINE
8
BLACK
6
CONTINUOUS
10
0.9331619291338582
20
0.5267979921259842
11
0.9338527559055118
21
0.5249
0
LINE
8
BLACK
6
CONTINUOUS
10
0.9338527559055118
20
0.5249
11
0.9338527559055118
21
0.5101181102362204
0
LINE
8
BLACK
6
CONTINUOUS
10
0.9338527559055118
20
0.5101181102362204
11
0.9475984251968503
21
0.5101181102362204
0
LINE
8
BLACK
6
CONTINUOUS
10
0.9475984251968503
20
0.5101181102362204
11
0.9475984251968503
21
0.5249
0
LINE
8
BLACK
6
CONTINUOUS
10
0.9475984251968503
20
0.5249
11
0.9477764960629921
21
0.5259099212598425
0
LINE
8
BLACK
6
CONTINUOUS
10
0.9477764960629921
20
0.5259099212598425
11
0.9490748031496062
21
0.5274571653543307
0
LINE
8
BLACK
6
CONTINUOUS
10
0.9490748031496062
20
0.5274571653543307
11
0.9510639370078739
21
0.5278079133858268
0
LINE
8
BLACK
6
CONTINUOUS
10
0.9510639370078739
20
0.5278079133858268
11
0.9528131102362205
21
0.5267979921259842
0
LINE
8
BLACK
6
CONTINUOUS
10
1.2728131102362203
20
0.5267979921259842
11
1.273503937007874
21
0.5249
0
LINE
8
BLACK
6
CONTINUOUS
10
1.273503937007874
20
0.5249
11
1.273503937007874
21
0.5071653543307086
0
LINE
8
BLACK
6
CONTINUOUS
10
1.273503937007874
20
0.5071653543307086
11
1.2734362992125985
21
0.5067818110236221
0
LINE
8
BLACK
6
CONTINUOUS
10
1.2734362992125985
20
0.5067818110236221
11
1.2734590944881889
21
0.5066525984251968
0
LINE
8
BLACK
6
CONTINUOUS
10
1.2734590944881889
20
0.5066525984251968
11
1.2733934645669291
21
0.5065389763779528
0
LINE
8
BLACK
6
CONTINUOUS
10
1.2733934645669291
20
0.5065389763779528
11
1.2733258661417322
21
0.5061554330708661
0
LINE
8
BLACK
6
CONTINUOUS
10
1.2733258661417322
20
0.5061554330708661
11
1.272832716535433
21
0.5055677165354331
0
LINE
8
BLACK
6
CONTINUOUS
10
1.272832716535433
20
0.5055677165354331
11
1.2724491732283465
21
0.5049034251968504
0
LINE
8
BLACK
6
CONTINUOUS
10
1.2724491732283465
20
0.5049034251968504
11
1.2721988188976379
21
0.504812283464567
0
LINE
8
BLACK
6
CONTINUOUS
10
1.2721988188976379
20
0.504812283464567
11
1.272027559055118
21
0.5046081889763779
0
LINE
8
BLACK
6
CONTINUOUS
10
1.272027559055118
20
0.5046081889763779
11
1.2712719685039371
21
0.5044749212598425
0
LINE
8
BLACK
6
CONTINUOUS
10
1.2712719685039371
20
0.5044749212598425
11
1.2705511811023622
21
0.5042125984251968
0
LINE
8
BLACK
6
CONTINUOUS
10
1.2705511811023622
20
0.5042125984251968
11
1.0894488188976377
21
0.5042125984251968
0
LINE
8
BLACK
6
CONTINUOUS
10
1.0894488188976377
20
0.5042125984251968
11
1.0890652755905512
21
0.5042801968503937
0
LINE
8
BLACK
6
CONTINUOUS
10
1.0890652755905512
20
0.5042801968503937
11
1.0889360629921259
21
0.5042574409448819
0
LINE
8
BLACK
6
CONTINUOUS
10
1.0889360629921259
20
0.5042574409448819
11
1.0888224409448819
21
0.5043230314960629
0
LINE
8
BLACK
6
CONTINUOUS
10
1.0888224409448819
20
0.5043230314960629
11
1.0884388976377952
21
0.5043906692913386
0
LINE
8
BLACK
6
CONTINUOUS
10
1.0884388976377952
20
0.5043906692913386
11
1.0878511811023621
21
0.504883779527559
0
LINE
8
BLACK
6
CONTINUOUS
10
1.0878511811023621
20
0.504883779527559
11
1.0871868897637795
21
0.5052673622047243
0
LINE
8
BLACK
6
CONTINUOUS
10
1.0871868897637795
20
0.5052673622047243
11
1.087095748031496
21
0.5055176771653543
0
LINE
8
BLACK
6
CONTINUOUS
10
1.087095748031496
20
0.5055176771653543
11
1.0868916535433071
21
0.5056889763779527
0
LINE
8
BLACK
6
CONTINUOUS
10
1.0868916535433071
20
0.5056889763779527
11
1.0867583858267715
21
0.5064445275590551
0
LINE
8
BLACK
6
CONTINUOUS
10
1.0867583858267715
20
0.5064445275590551
11
1.0864960629921259
21
0.5071653543307086
0
LINE
8
BLACK
6
CONTINUOUS
10
1.0864960629921259
20
0.5071653543307086
11
1.0864960629921259
21
0.5249
0
LINE
8
BLACK
6
CONTINUOUS
10
1.0864960629921259
20
0.5249
11
1.0866741338582677
21
0.5259099212598425
0
LINE
8
BLACK
6
CONTINUOUS
10
1.0866741338582677
20
0.5259099212598425
11
1.0879724409448819
21
0.5274571653543307
0
LINE
8
BLACK
6
CONTINUOUS
10
1.0879724409448819
20
0.5274571653543307
11
1.0899615748031495
21
0.5278079133858268
0
LINE
8
BLACK
6
CONTINUOUS
10
1.0899615748031495
20
0.5278079133858268
11
1.091710748031496
21
0.5267979921259842
0
LINE
8
BLACK
6
CONTINUOUS
10
1.091710748031496
20
0.5267979921259842
11
1.0924015748031495
21
0.5249
0
LINE
8
BLACK
6
CONTINUOUS
10
1.0924015748031495
20
0.5249
11
1.0924015748031495
21
0.5101181102362204
0
LINE
8
BLACK
6
CONTINUOUS
10
1.0924015748031495
20
0.5101181102362204
11
1.2479472440944881
21
0.5101181102362204
0
LINE
8
BLACK
6
CONTINUOUS
10
1.2479472440944881
20
0.5101181102362204
11
1.2479472440944881
21
0.5249
0
LINE
8
BLACK
6
CONTINUOUS
10
1.2479472440944881
20
0.5249
11
1.24812531496063
21
0.5259099212598425
0
LINE
8
BLACK
6
CONTINUOUS
10
1.24812531496063
20
0.5259099212598425
11
1.2494236220472441
21
0.5274571653543307
0
LINE
8
BLACK
6
CONTINUOUS
10
1.2494236220472441
20
0.5274571653543307
11
1.2514127559055117
21
0.5278079133858268
0
LINE
8
BLACK
6
CONTINUOUS
10
1.2514127559055117
20
0.5278079133858268
11
1.2531619291338583
21
0.5267979921259842
0
LINE
8
BLACK
6
CONTINUOUS
10
1.2531619291338583
20
0.5267979921259842
11
1.2538527559055117
21
0.5249
0
LINE
8
BLACK
6
CONTINUOUS
10
1.2538527559055117
20
0.5249
11
1.2538527559055117
21
0.5101181102362204
0
LINE
8
BLACK
6
CONTINUOUS
10
1.2538527559055117
20
0.5101181102362204
11
1.2675984251968504
21
0.5101181102362204
0
LINE
8
BLACK
6
CONTINUOUS
10
1.2675984251968504
20
0.5101181102362204
11
1.2675984251968504
21
0.5249
0
LINE
8
BLACK
6
CONTINUOUS
10
1.2675984251968504
20
0.5249
11
1.267776496062992
21
0.5259099212598425
0
LINE
8
BLACK
6
CONTINUOUS
10
1.267776496062992
20
0.5259099212598425
11
1.2690748031496062
21
0.5274571653543307
0
LINE
8
BLACK
6
CONTINUOUS
10
1.2690748031496062
20
0.5274571653543307
11
1.271063937007874
21
0.5278079133858268
0
LINE
8
BLACK
6
CONTINUOUS
10
1.271063937007874
20
0.5278079133858268
11
1.2728131102362203
21
0.5267979921259842
0
LINE
8
BLACK
6
CONTINUOUS
10
1.4067828346456692
20
0.558410748031496
11
1.4077607086614172
21
0.5572832677165355
0
LINE
8
BLACK
6
CONTINUOUS
10
1.4077607086614172
20
0.5572832677165355
11
1.4076548818897638
21
0.5557945669291339
0
LINE
8
BLACK
6
CONTINUOUS
10
1.4076548818897638
20
0.5557945669291339
11
1.406527401574803
21
0.5548166929133859
0
LINE
8
BLACK
6
CONTINUOUS
10
1.406527401574803
20
0.5548166929133859
11
1.4022321653543306
21
0.5533849212598425
0
LINE
8
BLACK
6
CONTINUOUS
10
1.4022321653543306
20
0.5533849212598425
11
1.4022321653543306
21
0.5468149606299213
0
LINE
8
BLACK
6
CONTINUOUS
10
1.4022321653543306
20
0.5468149606299213
11
1.406527401574803
21
0.5453832283464567
0
LINE
8
BLACK
6
CONTINUOUS
10
1.406527401574803
20
0.5453832283464567
11
1.4076548818897638
21
0.5444053543307087
0
LINE
8
BLACK
6
CONTINUOUS
10
1.4076548818897638
20
0.5444053543307087
11
1.4077607086614172
21
0.5429166535433071
0
LINE
8
BLACK
6
CONTINUOUS
10
1.4077607086614172
20
0.5429166535433071
11
1.4067828346456692
21
0.5417891732283464
0
LINE
8
BLACK
6
CONTINUOUS
10
1.4067828346456692
20
0.5417891732283464
11
1.4052941338582676
21
0.5416833858267717
0
LINE
8
BLACK
6
CONTINUOUS
10
1.4052941338582676
20
0.5416833858267717
11
1.385594094488189
21
0.5482500393700788
0
LINE
8
BLACK
6
CONTINUOUS
10
1.385594094488189
20
0.5482500393700788
11
1.3854840157480315
21
0.5483454724409449
0
LINE
8
BLACK
6
CONTINUOUS
10
1.3854840157480315
20
0.5483454724409449
11
1.3853386614173229
21
0.5483558267716535
0
LINE
8
BLACK
6
CONTINUOUS
10
1.3853386614173229
20
0.5483558267716535
11
1.3849336220472441
21
0.5488228346456693
0
LINE
8
BLACK
6
CONTINUOUS
10
1.3849336220472441
20
0.5488228346456693
11
1.3844666141732282
21
0.549227874015748
0
LINE
8
BLACK
6
CONTINUOUS
10
1.3844666141732282
20
0.549227874015748
11
1.3844562598425196
21
0.5493732283464566
0
LINE
8
BLACK
6
CONTINUOUS
10
1.3844562598425196
20
0.5493732283464566
11
1.3843608267716536
21
0.5494833070866142
0
LINE
8
BLACK
6
CONTINUOUS
10
1.3843608267716536
20
0.5494833070866142
11
1.3844046062992126
21
0.5500999606299213
0
LINE
8
BLACK
6
CONTINUOUS
10
1.3844046062992126
20
0.5500999606299213
11
1.3843608267716536
21
0.5507166141732284
0
LINE
8
BLACK
6
CONTINUOUS
10
1.3843608267716536
20
0.5507166141732284
11
1.3844562598425196
21
0.5508266535433071
0
LINE
8
BLACK
6
CONTINUOUS
10
1.3844562598425196
20
0.5508266535433071
11
1.3844666141732282
21
0.5509720472440944
0
LINE
8
BLACK
6
CONTINUOUS
10
1.3844666141732282
20
0.5509720472440944
11
1.3849336220472441
21
0.5513770472440944
0
LINE
8
BLACK
6
CONTINUOUS
10
1.3849336220472441
20
0.5513770472440944
11
1.3853386614173229
21
0.5518440944881889
0
LINE
8
BLACK
6
CONTINUOUS
10
1.3853386614173229
20
0.5518440944881889
11
1.3854840157480315
21
0.5518544094488189
0
LINE
8
BLACK
6
CONTINUOUS
10
1.3854840157480315
20
0.5518544094488189
11
1.385594094488189
21
0.5519498818897638
0
LINE
8
BLACK
6
CONTINUOUS
10
1.385594094488189
20
0.5519498818897638
11
1.4052941338582676
21
0.5585165354330709
0
LINE
8
BLACK
6
CONTINUOUS
10
1.4052941338582676
20
0.5585165354330709
11
1.4067828346456692
21
0.558410748031496
0
LINE
8
BLACK
6
CONTINUOUS
10
1.3923771653543306
20
0.5500999606299213
11
1.3983321653543306
21
0.5481149606299213
0
LINE
8
BLACK
6
CONTINUOUS
10
1.3983321653543306
20
0.5481149606299213
11
1.3983321653543306
21
0.5520849212598425
0
LINE
8
BLACK
6
CONTINUOUS
10
1.3983321653543306
20
0.5520849212598425
11
1.3923771653543306
21
0.5500999606299213
0
LINE
8
BLACK
6
CONTINUOUS
10
0.1688320078740158
20
0.6180099212598426
11
0.1701832677165354
21
0.6177334251968504
0
LINE
8
BLACK
6
CONTINUOUS
10
0.1701832677165354
20
0.6177334251968504
11
0.1758975590551181
21
0.6148762992125985
0
LINE
8
BLACK
6
CONTINUOUS
10
0.1758975590551181
20
0.6148762992125985
11
0.1766203543307087
21
0.6142353149606299
0
LINE
8
BLACK
6
CONTINUOUS
10
0.1766203543307087
20
0.6142353149606299
11
0.1774568897637795
21
0.6137523622047244
0
LINE
8
BLACK
6
CONTINUOUS
10
0.1774568897637795
20
0.6137523622047244
11
0.1803140551181102
21
0.6108951968503937
0
LINE
8
BLACK
6
CONTINUOUS
10
0.1803140551181102
20
0.6108951968503937
11
0.181866968503937
21
0.6082054724409449
0
LINE
8
BLACK
6
CONTINUOUS
10
0.181866968503937
20
0.6082054724409449
11
0.181866968503937
21
0.6050996456692913
0
LINE
8
BLACK
6
CONTINUOUS
10
0.181866968503937
20
0.6050996456692913
11
0.1803140551181102
21
0.6024099212598425
0
LINE
8
BLACK
6
CONTINUOUS
10
0.1803140551181102
20
0.6024099212598425
11
0.1776243307086614
21
0.6008570078740157
0
LINE
8
BLACK
6
CONTINUOUS
10
0.1776243307086614
20
0.6008570078740157
11
0.1745185039370079
21
0.6008570078740157
0
LINE
8
BLACK
6
CONTINUOUS
10
0.1745185039370079
20
0.6008570078740157
11
0.171828779527559
21
0.6024099212598425
0
LINE
8
BLACK
6
CONTINUOUS
10
0.171828779527559
20
0.6024099212598425
11
0.1696601181102362
21
0.6045785826771654
0
LINE
8
BLACK
6
CONTINUOUS
10
0.1696601181102362
20
0.6045785826771654
11
0.1660835826771654
21
0.6063668503937008
0
LINE
8
BLACK
6
CONTINUOUS
10
0.1660835826771654
20
0.6063668503937008
11
0.1546307086614173
21
0.6063668503937008
0
LINE
8
BLACK
6
CONTINUOUS
10
0.1546307086614173
20
0.6063668503937008
11
0.151054094488189
21
0.6045785433070866
0
LINE
8
BLACK
6
CONTINUOUS
10
0.151054094488189
20
0.6045785433070866
11
0.1495739763779527
21
0.6030984251968504
0
LINE
8
BLACK
6
CONTINUOUS
10
0.1495739763779527
20
0.6030984251968504
11
0.1477857086614173
21
0.5995218503937008
0
LINE
8
BLACK
6
CONTINUOUS
10
0.1477857086614173
20
0.5995218503937008
11
0.1477857086614173
21
0.5961976377952756
0
LINE
8
BLACK
6
CONTINUOUS
10
0.1477857086614173
20
0.5961976377952756
11
0.1498870472440945
21
0.589893622047244
0
LINE
8
BLACK
6
CONTINUOUS
10
0.1498870472440945
20
0.589893622047244
11
0.1831711811023622
21
0.5566094881889764
0
LINE
8
BLACK
6
CONTINUOUS
10
0.1831711811023622
20
0.5566094881889764
11
0.1835661417322835
21
0.5559253543307087
0
LINE
8
BLACK
6
CONTINUOUS
10
0.1835661417322835
20
0.5559253543307087
11
0.1841246850393701
21
0.5553668503937008
0
LINE
8
BLACK
6
CONTINUOUS
10
0.1841246850393701
20
0.5553668503937008
11
0.184329094488189
21
0.5546038582677165
0
LINE
8
BLACK
6
CONTINUOUS
10
0.184329094488189
20
0.5546038582677165
11
0.184724094488189
21
0.5539197637795276
0
LINE
8
BLACK
6
CONTINUOUS
10
0.184724094488189
20
0.5539197637795276
11
0.184724094488189
21
0.553129842519685
0
LINE
8
BLACK
6
CONTINUOUS
10
0.184724094488189
20
0.553129842519685
11
0.1849285433070866
21
0.5523668503937008
0
LINE
8
BLACK
6
CONTINUOUS
10
0.1849285433070866
20
0.5523668503937008
11
0.184724094488189
21
0.5516038188976378
0
LINE
8
BLACK
6
CONTINUOUS
10
0.184724094488189
20
0.5516038188976378
11
0.184724094488189
21
0.550813937007874
0
LINE
8
BLACK
6
CONTINUOUS
10
0.184724094488189
20
0.550813937007874
11
0.184329094488189
21
0.5501298031496062
0
LINE
8
BLACK
6
CONTINUOUS
10
0.184329094488189
20
0.5501298031496062
11
0.1841246850393701
21
0.5493668503937008
0
LINE
8
BLACK
6
CONTINUOUS
10
0.1841246850393701
20
0.5493668503937008
11
0.1835661417322835
21
0.5488083070866142
0
LINE
8
BLACK
6
CONTINUOUS
10
0.1835661417322835
20
0.5488083070866142
11
0.1831711811023622
21
0.5481242125984251
0
LINE
8
BLACK
6
CONTINUOUS
10
0.1831711811023622
20
0.5481242125984251
11
0.1824870472440945
21
0.5477292125984252
0
LINE
8
BLACK
6
CONTINUOUS
10
0.1824870472440945
20
0.5477292125984252
11
0.1819285433070866
21
0.5471707086614173
0
LINE
8
BLACK
6
CONTINUOUS
10
0.1819285433070866
20
0.5471707086614173
11
0.1811655511811024
21
0.5469662598425197
0
LINE
8
BLACK
6
CONTINUOUS
10
0.1811655511811024
20
0.5469662598425197
11
0.1804814566929134
21
0.5465712992125984
0
LINE
8
BLACK
6
CONTINUOUS
10
0.1804814566929134
20
0.5465712992125984
11
0.1796915354330709
21
0.5465712992125984
0
LINE
8
BLACK
6
CONTINUOUS
10
0.1796915354330709
20
0.5465712992125984
11
0.1789285433070866
21
0.5463668503937008
0
LINE
8
BLACK
6
CONTINUOUS
10
0.1789285433070866
20
0.5463668503937008
11
0.1417857086614173
21
0.5463668503937008
0
LINE
8
BLACK
6
CONTINUOUS
10
0.1417857086614173
20
0.5463668503937008
11
0.1387857086614173
21
0.5471707086614173
0
LINE
8
BLACK
6
CONTINUOUS
10
0.1387857086614173
20
0.5471707086614173
11
0.1365895669291338
21
0.5493668503937008
0
LINE
8
BLACK
6
CONTINUOUS
10
0.1365895669291338
20
0.5493668503937008
11
0.1357857086614173
21
0.5523668503937008
0
LINE
8
BLACK
6
CONTINUOUS
10
0.1357857086614173
20
0.5523668503937008
11
0.1365895669291338
21
0.5553668503937008
0
LINE
8
BLACK
6
CONTINUOUS
10
0.1365895669291338
20
0.5553668503937008
11
0.1387857086614173
21
0.5575629921259843
0
LINE
8
BLACK
6
CONTINUOUS
10
0.1387857086614173
20
0.5575629921259843
11
0.1417857086614173
21
0.5583668503937008
0
LINE
8
BLACK
6
CONTINUOUS
10
0.1417857086614173
20
0.5583668503937008
11
0.1644432677165354
21
0.5583668503937008
0
LINE
8
BLACK
6
CONTINUOUS
10
0.1644432677165354
20
0.5583668503937008
11
0.1404001968503937
21
0.5824099212598425
0
LINE
8
BLACK
6
CONTINUOUS
10
0.1404001968503937
20
0.5824099212598425
11
0.1397105905511811
21
0.5836042913385827
0
LINE
8
BLACK
6
CONTINUOUS
10
0.1397105905511811
20
0.5836042913385827
11
0.1389507480314961
21
0.5847551968503937
0
LINE
8
BLACK
6
CONTINUOUS
10
0.1389507480314961
20
0.5847551968503937
11
0.1360936220472441
21
0.593326653543307
0
LINE
8
BLACK
6
CONTINUOUS
10
0.1360936220472441
20
0.593326653543307
11
0.1360357086614173
21
0.5942908661417323
0
LINE
8
BLACK
6
CONTINUOUS
10
0.1360357086614173
20
0.5942908661417323
11
0.1357857086614173
21
0.5952240157480315
0
LINE
8
BLACK
6
CONTINUOUS
10
0.1357857086614173
20
0.5952240157480315
11
0.1357857086614173
21
0.6009382677165355
0
LINE
8
BLACK
6
CONTINUOUS
10
0.1357857086614173
20
0.6009382677165355
11
0.1361426377952756
21
0.6022703543307086
0
LINE
8
BLACK
6
CONTINUOUS
10
0.1361426377952756
20
0.6022703543307086
11
0.1364191338582677
21
0.6036215354330708
0
LINE
8
BLACK
6
CONTINUOUS
10
0.1364191338582677
20
0.6036215354330708
11
0.1392762598425197
21
0.6093358267716535
0
LINE
8
BLACK
6
CONTINUOUS
10
0.1392762598425197
20
0.6093358267716535
11
0.1399172047244094
21
0.610058622047244
0
LINE
8
BLACK
6
CONTINUOUS
10
0.1399172047244094
20
0.610058622047244
11
0.1404001968503937
21
0.6108951968503937
0
LINE
8
BLACK
6
CONTINUOUS
10
0.1404001968503937
20
0.6108951968503937
11
0.1432573622047244
21
0.6137523622047244
0
LINE
8
BLACK
6
CONTINUOUS
10
0.1432573622047244
20
0.6137523622047244
11
0.144093937007874
21
0.6142353543307086
0
LINE
8
BLACK
6
CONTINUOUS
10
0.144093937007874
20
0.6142353543307086
11
0.1448167322834646
21
0.6148762992125985
0
LINE
8
BLACK
6
CONTINUOUS
10
0.1448167322834646
20
0.6148762992125985
11
0.1505309842519685
21
0.6177334251968504
0
LINE
8
BLACK
6
CONTINUOUS
10
0.1505309842519685
20
0.6177334251968504
11
0.1518822047244094
21
0.6180099212598426
0
LINE
8
BLACK
6
CONTINUOUS
10
0.1518822047244094
20
0.6180099212598426
11
0.1532142519685039
21
0.6183668503937008
0
LINE
8
BLACK
6
CONTINUOUS
10
0.1532142519685039
20
0.6183668503937008
11
0.1675
21
0.6183668503937008
0
LINE
8
BLACK
6
CONTINUOUS
10
0.1675
20
0.6183668503937008
11
0.1688320078740158
21
0.6180099212598426
0
LINE
8
BLACK
6
CONTINUOUS
10
0.2259748818897638
20
0.6180099212598426
11
0.2273261417322835
21
0.6177334251968504
0
LINE
8
BLACK
6
CONTINUOUS
10
0.2273261417322835
20
0.6177334251968504
11
0.2330404330708661
21
0.6148762992125985
0
LINE
8
BLACK
6
CONTINUOUS
10
0.2330404330708661
20
0.6148762992125985
11
0.2337632283464567
21
0.6142353149606299
0
LINE
8
BLACK
6
CONTINUOUS
10
0.2337632283464567
20
0.6142353149606299
11
0.2345997637795275
21
0.6137523622047244
0
LINE
8
BLACK
6
CONTINUOUS
10
0.2345997637795275
20
0.6137523622047244
11
0.2374569291338583
21
0.6108951968503937
0
LINE
8
BLACK
6
CONTINUOUS
10
0.2374569291338583
20
0.6108951968503937
11
0.239009842519685
21
0.6082054724409449
0
LINE
8
BLACK
6
CONTINUOUS
10
0.239009842519685
20
0.6082054724409449
11
0.239009842519685
21
0.6050996456692913
0
LINE
8
BLACK
6
CONTINUOUS
10
0.239009842519685
20
0.6050996456692913
11
0.2374569291338583
21
0.6024099212598425
0
LINE
8
BLACK
6
CONTINUOUS
10
0.2374569291338583
20
0.6024099212598425
11
0.2347672047244095
21
0.6008570078740157
0
LINE
8
BLACK
6
CONTINUOUS
10
0.2347672047244095
20
0.6008570078740157
11
0.2316613779527559
21
0.6008570078740157
0
LINE
8
BLACK
6
CONTINUOUS
10
0.2316613779527559
20
0.6008570078740157
11
0.2289716535433071
21
0.6024099212598425
0
LINE
8
BLACK
6
CONTINUOUS
10
0.2289716535433071
20
0.6024099212598425
11
0.2268029921259843
21
0.6045785826771654
0
LINE
8
BLACK
6
CONTINUOUS
10
0.2268029921259843
20
0.6045785826771654
11
0.2232264566929134
21
0.6063668503937008
0
LINE
8
BLACK
6
CONTINUOUS
10
0.2232264566929134
20
0.6063668503937008
11
0.2117735826771653
21
0.6063668503937008
0
LINE
8
BLACK
6
CONTINUOUS
10
0.2117735826771653
20
0.6063668503937008
11
0.208196968503937
21
0.6045785433070866
0
LINE
8
BLACK
6
CONTINUOUS
10
0.208196968503937
20
0.6045785433070866
11
0.2067168503937008
21
0.6030984251968504
0
LINE
8
BLACK
6
CONTINUOUS
10
0.2067168503937008
20
0.6030984251968504
11
0.2049285826771653
21
0.5995218503937008
0
LINE
8
BLACK
6
CONTINUOUS
10
0.2049285826771653
20
0.5995218503937008
11
0.2049285826771653
21
0.5961976377952756
0
LINE
8
BLACK
6
CONTINUOUS
10
0.2049285826771653
20
0.5961976377952756
11
0.2070299212598425
21
0.589893622047244
0
LINE
8
BLACK
6
CONTINUOUS
10
0.2070299212598425
20
0.589893622047244
11
0.2403140551181102
21
0.5566094881889764
0
LINE
8
BLACK
6
CONTINUOUS
10
0.2403140551181102
20
0.5566094881889764
11
0.2407090157480315
21
0.5559253543307087
0
LINE
8
BLACK
6
CONTINUOUS
10
0.2407090157480315
20
0.5559253543307087
11
0.2412675590551181
21
0.5553668503937008
0
LINE
8
BLACK
6
CONTINUOUS
10
0.2412675590551181
20
0.5553668503937008
11
0.241471968503937
21
0.5546038582677165
0
LINE
8
BLACK
6
CONTINUOUS
10
0.241471968503937
20
0.5546038582677165
11
0.241866968503937
21
0.5539197637795276
0
LINE
8
BLACK
6
CONTINUOUS
10
0.241866968503937
20
0.5539197637795276
11
0.241866968503937
21
0.553129842519685
0
LINE
8
BLACK
6
CONTINUOUS
10
0.241866968503937
20
0.553129842519685
11
0.2420714173228346
21
0.5523668503937008
0
LINE
8
BLACK
6
CONTINUOUS
10
0.2420714173228346
20
0.5523668503937008
11
0.241866968503937
21
0.5516038188976378
0
LINE
8
BLACK
6
CONTINUOUS
10
0.241866968503937
20
0.5516038188976378
11
0.241866968503937
21
0.550813937007874
0
LINE
8
BLACK
6
CONTINUOUS
10
0.241866968503937
20
0.550813937007874
11
0.241471968503937
21
0.5501298031496062
0
LINE
8
BLACK
6
CONTINUOUS
10
0.241471968503937
20
0.5501298031496062
11
0.2412675590551181
21
0.5493668503937008
0
LINE
8
BLACK
6
CONTINUOUS
10
0.2412675590551181
20
0.5493668503937008
11
0.2407090157480315
21
0.5488083070866142
0
LINE
8
BLACK
6
CONTINUOUS
10
0.2407090157480315
20
0.5488083070866142
11
0.2403140551181102
21
0.5481242125984251
0
LINE
8
BLACK
6
CONTINUOUS
10
0.2403140551181102
20
0.5481242125984251
11
0.2396299212598425
21
0.5477292125984252
0
LINE
8
BLACK
6
CONTINUOUS
10
0.2396299212598425
20
0.5477292125984252
11
0.2390714173228346
21
0.5471707086614173
0
LINE
8
BLACK
6
CONTINUOUS
10
0.2390714173228346
20
0.5471707086614173
11
0.2383084251968504
21
0.5469662598425197
0
LINE
8
BLACK
6
CONTINUOUS
10
0.2383084251968504
20
0.5469662598425197
11
0.2376243307086614
21
0.5465712992125984
0
LINE
8
BLACK
6
CONTINUOUS
10
0.2376243307086614
20
0.5465712992125984
11
0.2368344094488189
21
0.5465712992125984
0
LINE
8
BLACK
6
CONTINUOUS
10
0.2368344094488189
20
0.5465712992125984
11
0.2360714173228347
21
0.5463668503937008
0
LINE
8
BLACK
6
CONTINUOUS
10
0.2360714173228347
20
0.5463668503937008
11
0.1989285826771653
21
0.5463668503937008
0
LINE
8
BLACK
6
CONTINUOUS
10
0.1989285826771653
20
0.5463668503937008
11
0.1959285826771653
21
0.5471707086614173
0
LINE
8
BLACK
6
CONTINUOUS
10
0.1959285826771653
20
0.5471707086614173
11
0.1937324409448819
21
0.5493668503937008
0
LINE
8
BLACK
6
CONTINUOUS
10
0.1937324409448819
20
0.5493668503937008
11
0.1929285826771653
21
0.5523668503937008
0
LINE
8
BLACK
6
CONTINUOUS
10
0.1929285826771653
20
0.5523668503937008
11
0.1937324409448819
21
0.5553668503937008
0
LINE
8
BLACK
6
CONTINUOUS
10
0.1937324409448819
20
0.5553668503937008
11
0.1959285826771653
21
0.5575629921259843
0
LINE
8
BLACK
6
CONTINUOUS
10
0.1959285826771653
20
0.5575629921259843
11
0.1989285826771653
21
0.5583668503937008
0
LINE
8
BLACK
6
CONTINUOUS
10
0.1989285826771653
20
0.5583668503937008
11
0.2215861417322835
21
0.5583668503937008
0
LINE
8
BLACK
6
CONTINUOUS
10
0.2215861417322835
20
0.5583668503937008
11
0.1975430708661417
21
0.5824099212598425
0
LINE
8
BLACK
6
CONTINUOUS
10
0.1975430708661417
20
0.5824099212598425
11
0.1968534645669291
21
0.5836042913385827
0
LINE
8
BLACK
6
CONTINUOUS
10
0.1968534645669291
20
0.5836042913385827
11
0.1960936220472441
21
0.5847551968503937
0
LINE
8
BLACK
6
CONTINUOUS
10
0.1960936220472441
20
0.5847551968503937
11
0.1932364960629921
21
0.593326653543307
0
LINE
8
BLACK
6
CONTINUOUS
10
0.1932364960629921
20
0.593326653543307
11
0.1931785826771653
21
0.5942908661417323
0
LINE
8
BLACK
6
CONTINUOUS
10
0.1931785826771653
20
0.5942908661417323
11
0.1929285826771653
21
0.5952240157480315
0
LINE
8
BLACK
6
CONTINUOUS
10
0.1929285826771653
20
0.5952240157480315
11
0.1929285826771653
21
0.6009382677165355
0
LINE
8
BLACK
6
CONTINUOUS
10
0.1929285826771653
20
0.6009382677165355
11
0.1932855118110236
21
0.6022703543307086
0
LINE
8
BLACK
6
CONTINUOUS
10
0.1932855118110236
20
0.6022703543307086
11
0.1935620078740158
21
0.6036215354330708
0
LINE
8
BLACK
6
CONTINUOUS
10
0.1935620078740158
20
0.6036215354330708
11
0.1964191338582677
21
0.6093358267716535
0
LINE
8
BLACK
6
CONTINUOUS
10
0.1964191338582677
20
0.6093358267716535
11
0.1970600787401575
21
0.610058622047244
0
LINE
8
BLACK
6
CONTINUOUS
10
0.1970600787401575
20
0.610058622047244
11
0.1975430708661417
21
0.6108951968503937
0
LINE
8
BLACK
6
CONTINUOUS
10
0.1975430708661417
20
0.6108951968503937
11
0.2004002362204724
21
0.6137523622047244
0
LINE
8
BLACK
6
CONTINUOUS
10
0.2004002362204724
20
0.6137523622047244
11
0.201236811023622
21
0.6142353543307086
0
LINE
8
BLACK
6
CONTINUOUS
10
0.201236811023622
20
0.6142353543307086
11
0.2019596062992126
21
0.6148762992125985
0
LINE
8
BLACK
6
CONTINUOUS
10
0.2019596062992126
20
0.6148762992125985
11
0.2076738582677165
21
0.6177334251968504
0
LINE
8
BLACK
6
CONTINUOUS
10
0.2076738582677165
20
0.6177334251968504
11
0.2090250787401575
21
0.6180099212598426
0
LINE
8
BLACK
6
CONTINUOUS
10
0.2090250787401575
20
0.6180099212598426
11
0.210357125984252
21
0.6183668503937008
0
LINE
8
BLACK
6
CONTINUOUS
10
0.210357125984252
20
0.6183668503937008
11
0.224642874015748
21
0.6183668503937008
0
LINE
8
BLACK
6
CONTINUOUS
10
0.224642874015748
20
0.6183668503937008
11
0.2259748818897638
21
0.6180099212598426
0
LINE
8
BLACK
6
CONTINUOUS
10
0.293357125984252
20
0.6175629921259842
11
0.2955532677165355
21
0.6153668503937008
0
LINE
8
BLACK
6
CONTINUOUS
10
0.2955532677165355
20
0.6153668503937008
11
0.296357125984252
21
0.6123668503937008
0
LINE
8
BLACK
6
CONTINUOUS
10
0.296357125984252
20
0.6123668503937008
11
0.296357125984252
21
0.5523668503937008
0
LINE
8
BLACK
6
CONTINUOUS
10
0.296357125984252
20
0.5523668503937008
11
0.2955532677165355
21
0.5493668503937008
0
LINE
8
BLACK
6
CONTINUOUS
10
0.2955532677165355
20
0.5493668503937008
11
0.293357125984252
21
0.5471707086614173
0
LINE
8
BLACK
6
CONTINUOUS
10
0.293357125984252
20
0.5471707086614173
11
0.290357125984252
21
0.5463668503937008
0
LINE
8
BLACK
6
CONTINUOUS
10
0.290357125984252
20
0.5463668503937008
11
0.2760714173228346
21
0.5463668503937008
0
LINE
8
BLACK
6
CONTINUOUS
10
0.2760714173228346
20
0.5463668503937008
11
0.2751382677165354
21
0.5466168503937008
0
LINE
8
BLACK
6
CONTINUOUS
10
0.2751382677165354
20
0.5466168503937008
11
0.2741740551181102
21
0.5466747637795275
0
LINE
8
BLACK
6
CONTINUOUS
10
0.2741740551181102
20
0.5466747637795275
11
0.2656025984251968
21
0.5495319291338583
0
LINE
8
BLACK
6
CONTINUOUS
10
0.2656025984251968
20
0.5495319291338583
11
0.2644517716535433
21
0.5502917322834645
0
LINE
8
BLACK
6
CONTINUOUS
10
0.2644517716535433
20
0.5502917322834645
11
0.2632573622047244
21
0.5509813779527559
0
LINE
8
BLACK
6
CONTINUOUS
10
0.2632573622047244
20
0.5509813779527559
11
0.2575430708661417
21
0.5566956299212599
0
LINE
8
BLACK
6
CONTINUOUS
10
0.2575430708661417
20
0.5566956299212599
11
0.2570600787401575
21
0.5575321653543307
0
LINE
8
BLACK
6
CONTINUOUS
10
0.2570600787401575
20
0.5575321653543307
11
0.2564191338582677
21
0.5582549999999999
0
LINE
8
BLACK
6
CONTINUOUS
10
0.2564191338582677
20
0.5582549999999999
11
0.2535620078740157
21
0.5639692913385826
0
LINE
8
BLACK
6
CONTINUOUS
10
0.2535620078740157
20
0.5639692913385826
11
0.2534292125984252
21
0.5646181496062992
0
LINE
8
BLACK
6
CONTINUOUS
10
0.2534292125984252
20
0.5646181496062992
11
0.2531077165354331
21
0.5651973228346456
0
LINE
8
BLACK
6
CONTINUOUS
10
0.2531077165354331
20
0.5651973228346456
11
0.2502505511811023
21
0.576625905511811
0
LINE
8
BLACK
6
CONTINUOUS
10
0.2502505511811023
20
0.576625905511811
11
0.2502629921259842
21
0.5773661023622048
0
LINE
8
BLACK
6
CONTINUOUS
10
0.2502629921259842
20
0.5773661023622048
11
0.2500714173228347
21
0.5780811417322834
0
LINE
8
BLACK
6
CONTINUOUS
10
0.2500714173228347
20
0.5780811417322834
11
0.2500714173228347
21
0.5866525590551182
0
LINE
8
BLACK
6
CONTINUOUS
10
0.2500714173228347
20
0.5866525590551182
11
0.2502629921259842
21
0.5873675590551181
0
LINE
8
BLACK
6
CONTINUOUS
10
0.2502629921259842
20
0.5873675590551181
11
0.2502505511811023
21
0.5881077952755905
0
LINE
8
BLACK
6
CONTINUOUS
10
0.2502505511811023
20
0.5881077952755905
11
0.2531077165354331
21
0.5995363779527559
0
LINE
8
BLACK
6
CONTINUOUS
10
0.2531077165354331
20
0.5995363779527559
11
0.2534292125984252
21
0.6001155118110236
0
LINE
8
BLACK
6
CONTINUOUS
10
0.2534292125984252
20
0.6001155118110236
11
0.2535620078740157
21
0.6007644094488189
0
LINE
8
BLACK
6
CONTINUOUS
10
0.2535620078740157
20
0.6007644094488189
11
0.2564191338582677
21
0.6064787007874015
0
LINE
8
BLACK
6
CONTINUOUS
10
0.2564191338582677
20
0.6064787007874015
11
0.2570600787401575
21
0.6072014960629921
0
LINE
8
BLACK
6
CONTINUOUS
10
0.2570600787401575
20
0.6072014960629921
11
0.2575430708661417
21
0.6080380708661417
0
LINE
8
BLACK
6
CONTINUOUS
10
0.2575430708661417
20
0.6080380708661417
11
0.2632573622047244
21
0.6137523622047244
0
LINE
8
BLACK
6
CONTINUOUS
10
0.2632573622047244
20
0.6137523622047244
11
0.2644517322834646
21
0.6144419291338582
0
LINE
8
BLACK
6
CONTINUOUS
10
0.2644517322834646
20
0.6144419291338582
11
0.2656026377952756
21
0.615201811023622
0
LINE
8
BLACK
6
CONTINUOUS
10
0.2656026377952756
20
0.615201811023622
11
0.2741740551181102
21
0.6180589763779527
0
LINE
8
BLACK
6
CONTINUOUS
10
0.2741740551181102
20
0.6180589763779527
11
0.2751384251968504
21
0.6181168503937008
0
LINE
8
BLACK
6
CONTINUOUS
10
0.2751384251968504
20
0.6181168503937008
11
0.2760714173228346
21
0.6183668503937008
0
LINE
8
BLACK
6
CONTINUOUS
10
0.2760714173228346
20
0.6183668503937008
11
0.290357125984252
21
0.6183668503937008
0
LINE
8
BLACK
6
CONTINUOUS
10
0.290357125984252
20
0.6183668503937008
11
0.293357125984252
21
0.6175629921259842
0
LINE
8
BLACK
6
CONTINUOUS
10
0.270741062992126
20
0.6042655118110236
11
0.2667168503937008
21
0.6002412992125984
0
LINE
8
BLACK
6
CONTINUOUS
10
0.2667168503937008
20
0.6002412992125984
11
0.2645896850393701
21
0.5959870078740157
0
LINE
8
BLACK
6
CONTINUOUS
10
0.2645896850393701
20
0.5959870078740157
11
0.2620714173228346
21
0.5859138188976378
0
LINE
8
BLACK
6
CONTINUOUS
10
0.2620714173228346
20
0.5859138188976378
11
0.2620714173228346
21
0.578819842519685
0
LINE
8
BLACK
6
CONTINUOUS
10
0.2620714173228346
20
0.578819842519685
11
0.2645896850393701
21
0.5687466535433071
0
LINE
8
BLACK
6
CONTINUOUS
10
0.2645896850393701
20
0.5687466535433071
11
0.2667168503937008
21
0.5644924015748032
0
LINE
8
BLACK
6
CONTINUOUS
10
0.2667168503937008
20
0.5644924015748032
11
0.270741062992126
21
0.560468188976378
0
LINE
8
BLACK
6
CONTINUOUS
10
0.270741062992126
20
0.560468188976378
11
0.2770450787401575
21
0.5583668503937008
0
LINE
8
BLACK
6
CONTINUOUS
10
0.2770450787401575
20
0.5583668503937008
11
0.2843571259842519
21
0.5583668503937008
0
LINE
8
BLACK
6
CONTINUOUS
10
0.2843571259842519
20
0.5583668503937008
11
0.2843571259842519
21
0.6063668503937008
0
LINE
8
BLACK
6
CONTINUOUS
10
0.2843571259842519
20
0.6063668503937008
11
0.2770450393700787
21
0.6063668503937008
0
LINE
8
BLACK
6
CONTINUOUS
10
0.2770450393700787
20
0.6063668503937008
11
0.270741062992126
21
0.6042655118110236
0
LINE
8
BLACK
6
CONTINUOUS
10
0.4802481102362204
20
0.6180132283464567
11
0.481587874015748
21
0.6177453149606299
0
LINE
8
BLACK
6
CONTINUOUS
10
0.481587874015748
20
0.6177453149606299
11
0.4817368897637795
21
0.6176143307086615
0
LINE
8
BLACK
6
CONTINUOUS
10
0.4817368897637795
20
0.6176143307086615
11
0.4819285433070866
21
0.6175629921259842
0
LINE
8
BLACK
6
CONTINUOUS
10
0.4819285433070866
20
0.6175629921259842
11
0.4828946850393701
21
0.6165968110236221
0
LINE
8
BLACK
6
CONTINUOUS
10
0.4828946850393701
20
0.6165968110236221
11
0.4839208267716535
21
0.6156950393700787
0
LINE
8
BLACK
6
CONTINUOUS
10
0.4839208267716535
20
0.6156950393700787
11
0.4893054724409449
21
0.607618031496063
0
LINE
8
BLACK
6
CONTINUOUS
10
0.4893054724409449
20
0.607618031496063
11
0.493911220472441
21
0.6030122834645669
0
LINE
8
BLACK
6
CONTINUOUS
10
0.493911220472441
20
0.6030122834645669
11
0.4987546850393701
21
0.6005905905511811
0
LINE
8
BLACK
6
CONTINUOUS
10
0.4987546850393701
20
0.6005905905511811
11
0.5010785039370078
21
0.5985299606299213
0
LINE
8
BLACK
6
CONTINUOUS
10
0.5010785039370078
20
0.5985299606299213
11
0.5020606299212599
21
0.5955835039370079
0
LINE
8
BLACK
6
CONTINUOUS
10
0.5020606299212599
20
0.5955835039370079
11
0.5014379921259843
21
0.592540748031496
0
LINE
8
BLACK
6
CONTINUOUS
10
0.5014379921259843
20
0.592540748031496
11
0.4993773622047244
21
0.590216968503937
0
LINE
8
BLACK
6
CONTINUOUS
10
0.4993773622047244
20
0.590216968503937
11
0.4964309448818898
21
0.5892348031496063
0
LINE
8
BLACK
6
CONTINUOUS
10
0.4964309448818898
20
0.5892348031496063
11
0.4933881496062992
21
0.5898574409448819
0
LINE
8
BLACK
6
CONTINUOUS
10
0.4933881496062992
20
0.5898574409448819
11
0.4876738582677165
21
0.5927145669291338
0
LINE
8
BLACK
6
CONTINUOUS
10
0.4876738582677165
20
0.5927145669291338
11
0.486951062992126
21
0.5933554724409449
0
LINE
8
BLACK
6
CONTINUOUS
10
0.486951062992126
20
0.5933554724409449
11
0.4861144881889763
21
0.5938385039370079
0
LINE
8
BLACK
6
CONTINUOUS
10
0.4861144881889763
20
0.5938385039370079
11
0.4849285433070866
21
0.5950244488188976
0
LINE
8
BLACK
6
CONTINUOUS
10
0.4849285433070866
20
0.5950244488188976
11
0.4849285433070866
21
0.5583668503937008
0
LINE
8
BLACK
6
CONTINUOUS
10
0.4849285433070866
20
0.5583668503937008
11
0.4960714173228346
21
0.5583668503937008
0
LINE
8
BLACK
6
CONTINUOUS
10
0.4960714173228346
20
0.5583668503937008
11
0.4990714173228346
21
0.5575629921259843
0
LINE
8
BLACK
6
CONTINUOUS
10
0.4990714173228346
20
0.5575629921259843
11
0.5012675590551181
21
0.5553668503937008
0
LINE
8
BLACK
6
CONTINUOUS
10
0.5012675590551181
20
0.5553668503937008
11
0.5020714173228347
21
0.5523668503937008
0
LINE
8
BLACK
6
CONTINUOUS
10
0.5020714173228347
20
0.5523668503937008
11
0.5012675590551181
21
0.5493668503937008
0
LINE
8
BLACK
6
CONTINUOUS
10
0.5012675590551181
20
0.5493668503937008
11
0.4990714173228346
21
0.5471707086614173
0
LINE
8
BLACK
6
CONTINUOUS
10
0.4990714173228346
20
0.5471707086614173
11
0.4960714173228346
21
0.5463668503937008
0
LINE
8
BLACK
6
CONTINUOUS
10
0.4960714173228346
20
0.5463668503937008
11
0.4789285433070866
21
0.5463668503937008
0
LINE
8
BLACK
6
CONTINUOUS
10
0.4789285433070866
20
0.5463668503937008
11
0.4617857086614173
21
0.5463668503937008
0
LINE
8
BLACK
6
CONTINUOUS
10
0.4617857086614173
20
0.5463668503937008
11
0.4587857086614173
21
0.5471707086614173
0
LINE
8
BLACK
6
CONTINUOUS
10
0.4587857086614173
20
0.5471707086614173
11
0.4565895669291338
21
0.5493668503937008
0
LINE
8
BLACK
6
CONTINUOUS
10
0.4565895669291338
20
0.5493668503937008
11
0.4557857086614173
21
0.5523668503937008
0
LINE
8
BLACK
6
CONTINUOUS
10
0.4557857086614173
20
0.5523668503937008
11
0.4565895669291338
21
0.5553668503937008
0
LINE
8
BLACK
6
CONTINUOUS
10
0.4565895669291338
20
0.5553668503937008
11
0.4587857086614173
21
0.5575629921259843
0
LINE
8
BLACK
6
CONTINUOUS
10
0.4587857086614173
20
0.5575629921259843
11
0.4617857086614173
21
0.5583668503937008
0
LINE
8
BLACK
6
CONTINUOUS
10
0.4617857086614173
20
0.5583668503937008
11
0.4729285433070866
21
0.5583668503937008
0
LINE
8
BLACK
6
CONTINUOUS
10
0.4729285433070866
20
0.5583668503937008
11
0.4729285433070866
21
0.6123668503937008
0
LINE
8
BLACK
6
CONTINUOUS
10
0.4729285433070866
20
0.6123668503937008
11
0.473282125984252
21
0.6136864173228346
0
LINE
8
BLACK
6
CONTINUOUS
10
0.473282125984252
20
0.6136864173228346
11
0.4735500787401575
21
0.6150261811023622
0
LINE
8
BLACK
6
CONTINUOUS
10
0.4735500787401575
20
0.6150261811023622
11
0.4736810236220472
21
0.6151751968503937
0
LINE
8
BLACK
6
CONTINUOUS
10
0.4736810236220472
20
0.6151751968503937
11
0.4737324015748031
21
0.6153668503937008
0
LINE
8
BLACK
6
CONTINUOUS
10
0.4737324015748031
20
0.6153668503937008
11
0.4746985433070866
21
0.6163329921259842
0
LINE
8
BLACK
6
CONTINUOUS
10
0.4746985433070866
20
0.6163329921259842
11
0.4756003543307086
21
0.6173591338582677
0
LINE
8
BLACK
6
CONTINUOUS
10
0.4756003543307086
20
0.6173591338582677
11
0.4757882283464567
21
0.6174226771653544
0
LINE
8
BLACK
6
CONTINUOUS
10
0.4757882283464567
20
0.6174226771653544
11
0.4759285433070866
21
0.6175629921259842
0
LINE
8
BLACK
6
CONTINUOUS
10
0.4759285433070866
20
0.6175629921259842
11
0.4772483070866141
21
0.6179166141732283
0
LINE
8
BLACK
6
CONTINUOUS
10
0.4772483070866141
20
0.6179166141732283
11
0.4785424015748032
21
0.6183544094488189
0
LINE
8
BLACK
6
CONTINUOUS
10
0.4785424015748032
20
0.6183544094488189
11
0.4787368897637795
21
0.6183154724409449
0
LINE
8
BLACK
6
CONTINUOUS
10
0.4787368897637795
20
0.6183154724409449
11
0.4789285433070866
21
0.6183668503937008
0
LINE
8
BLACK
6
CONTINUOUS
10
0.4789285433070866
20
0.6183668503937008
11
0.4802481102362204
21
0.6180132283464567
0
LINE
8
BLACK
6
CONTINUOUS
10
0.5459748818897637
20
0.6180099212598426
11
0.5473261417322834
21
0.6177334251968504
0
LINE
8
BLACK
6
CONTINUOUS
10
0.5473261417322834
20
0.6177334251968504
11
0.5530404330708661
21
0.6148762992125985
0
LINE
8
BLACK
6
CONTINUOUS
10
0.5530404330708661
20
0.6148762992125985
11
0.5537632283464566
21
0.6142353149606299
0
LINE
8
BLACK
6
CONTINUOUS
10
0.5537632283464566
20
0.6142353149606299
11
0.5545997637795276
21
0.6137523622047244
0
LINE
8
BLACK
6
CONTINUOUS
10
0.5545997637795276
20
0.6137523622047244
11
0.5574569291338582
21
0.6108951968503937
0
LINE
8
BLACK
6
CONTINUOUS
10
0.5574569291338582
20
0.6108951968503937
11
0.559009842519685
21
0.6082054724409449
0
LINE
8
BLACK
6
CONTINUOUS
10
0.559009842519685
20
0.6082054724409449
11
0.559009842519685
21
0.6050996456692913
0
LINE
8
BLACK
6
CONTINUOUS
10
0.559009842519685
20
0.6050996456692913
11
0.5574569291338582
21
0.6024099212598425
0
LINE
8
BLACK
6
CONTINUOUS
10
0.5574569291338582
20
0.6024099212598425
11
0.5547672047244094
21
0.6008570078740157
0
LINE
8
BLACK
6
CONTINUOUS
10
0.5547672047244094
20
0.6008570078740157
11
0.5516613779527559
21
0.6008570078740157
0
LINE
8
BLACK
6
CONTINUOUS
10
0.5516613779527559
20
0.6008570078740157
11
0.5489716535433071
21
0.6024099212598425
0
LINE
8
BLACK
6
CONTINUOUS
10
0.5489716535433071
20
0.6024099212598425
11
0.5468029921259843
21
0.6045785826771654
0
LINE
8
BLACK
6
CONTINUOUS
10
0.5468029921259843
20
0.6045785826771654
11
0.5432264566929134
21
0.6063668503937008
0
LINE
8
BLACK
6
CONTINUOUS
10
0.5432264566929134
20
0.6063668503937008
11
0.5317735826771653
21
0.6063668503937008
0
LINE
8
BLACK
6
CONTINUOUS
10
0.5317735826771653
20
0.6063668503937008
11
0.528196968503937
21
0.6045785433070866
0
LINE
8
BLACK
6
CONTINUOUS
10
0.528196968503937
20
0.6045785433070866
11
0.5267168503937008
21
0.6030984251968504
0
LINE
8
BLACK
6
CONTINUOUS
10
0.5267168503937008
20
0.6030984251968504
11
0.5249285826771654
21
0.5995218503937008
0
LINE
8
BLACK
6
CONTINUOUS
10
0.5249285826771654
20
0.5995218503937008
11
0.5249285826771654
21
0.5961976377952756
0
LINE
8
BLACK
6
CONTINUOUS
10
0.5249285826771654
20
0.5961976377952756
11
0.5270299212598425
21
0.589893622047244
0
LINE
8
BLACK
6
CONTINUOUS
10
0.5270299212598425
20
0.589893622047244
11
0.5603140551181103
21
0.5566094881889764
0
LINE
8
BLACK
6
CONTINUOUS
10
0.5603140551181103
20
0.5566094881889764
11
0.5607090157480314
21
0.5559253543307087
0
LINE
8
BLACK
6
CONTINUOUS
10
0.5607090157480314
20
0.5559253543307087
11
0.561267559055118
21
0.5553668503937008
0
LINE
8
BLACK
6
CONTINUOUS
10
0.561267559055118
20
0.5553668503937008
11
0.561471968503937
21
0.5546038582677165
0
LINE
8
BLACK
6
CONTINUOUS
10
0.561471968503937
20
0.5546038582677165
11
0.561866968503937
21
0.5539197637795276
0
LINE
8
BLACK
6
CONTINUOUS
10
0.561866968503937
20
0.5539197637795276
11
0.561866968503937
21
0.553129842519685
0
LINE
8
BLACK
6
CONTINUOUS
10
0.561866968503937
20
0.553129842519685
11
0.5620714173228346
21
0.5523668503937008
0
LINE
8
BLACK
6
CONTINUOUS
10
0.5620714173228346
20
0.5523668503937008
11
0.561866968503937
21
0.5516038188976378
0
LINE
8
BLACK
6
CONTINUOUS
10
0.561866968503937
20
0.5516038188976378
11
0.561866968503937
21
0.550813937007874
0
LINE
8
BLACK
6
CONTINUOUS
10
0.561866968503937
20
0.550813937007874
11
0.561471968503937
21
0.5501298031496062
0
LINE
8
BLACK
6
CONTINUOUS
10
0.561471968503937
20
0.5501298031496062
11
0.561267559055118
21
0.5493668503937008
0
LINE
8
BLACK
6
CONTINUOUS
10
0.561267559055118
20
0.5493668503937008
11
0.5607090157480314
21
0.5488083070866142
0
LINE
8
BLACK
6
CONTINUOUS
10
0.5607090157480314
20
0.5488083070866142
11
0.5603140551181103
21
0.5481242125984251
0
LINE
8
BLACK
6
CONTINUOUS
10
0.5603140551181103
20
0.5481242125984251
11
0.5596299212598425
21
0.5477292125984252
0
LINE
8
BLACK
6
CONTINUOUS
10
0.5596299212598425
20
0.5477292125984252
11
0.5590714173228346
21
0.5471707086614173
0
LINE
8
BLACK
6
CONTINUOUS
10
0.5590714173228346
20
0.5471707086614173
11
0.5583084251968504
21
0.5469662598425197
0
LINE
8
BLACK
6
CONTINUOUS
10
0.5583084251968504
20
0.5469662598425197
11
0.5576243307086614
21
0.5465712992125984
0
LINE
8
BLACK
6
CONTINUOUS
10
0.5576243307086614
20
0.5465712992125984
11
0.5568344094488189
21
0.5465712992125984
0
LINE
8
BLACK
6
CONTINUOUS
10
0.5568344094488189
20
0.5465712992125984
11
0.5560714173228346
21
0.5463668503937008
0
LINE
8
BLACK
6
CONTINUOUS
10
0.5560714173228346
20
0.5463668503937008
11
0.5189285826771654
21
0.5463668503937008
0
LINE
8
BLACK
6
CONTINUOUS
10
0.5189285826771654
20
0.5463668503937008
11
0.5159285826771653
21
0.5471707086614173
0
LINE
8
BLACK
6
CONTINUOUS
10
0.5159285826771653
20
0.5471707086614173
11
0.5137324409448819
21
0.5493668503937008
0
LINE
8
BLACK
6
CONTINUOUS
10
0.5137324409448819
20
0.5493668503937008
11
0.5129285826771653
21
0.5523668503937008
0
LINE
8
BLACK
6
CONTINUOUS
10
0.5129285826771653
20
0.5523668503937008
11
0.5137324409448819
21
0.5553668503937008
0
LINE
8
BLACK
6
CONTINUOUS
10
0.5137324409448819
20
0.5553668503937008
11
0.5159285826771653
21
0.5575629921259843
0
LINE
8
BLACK
6
CONTINUOUS
10
0.5159285826771653
20
0.5575629921259843
11
0.5189285826771654
21
0.5583668503937008
0
LINE
8
BLACK
6
CONTINUOUS
10
0.5189285826771654
20
0.5583668503937008
11
0.5415861417322835
21
0.5583668503937008
0
LINE
8
BLACK
6
CONTINUOUS
10
0.5415861417322835
20
0.5583668503937008
11
0.5175430708661417
21
0.5824099212598425
0
LINE
8
BLACK
6
CONTINUOUS
10
0.5175430708661417
20
0.5824099212598425
11
0.5168534645669292
21
0.5836042913385827
0
LINE
8
BLACK
6
CONTINUOUS
10
0.5168534645669292
20
0.5836042913385827
11
0.5160936220472441
21
0.5847551968503937
0
LINE
8
BLACK
6
CONTINUOUS
10
0.5160936220472441
20
0.5847551968503937
11
0.5132364960629922
21
0.593326653543307
0
LINE
8
BLACK
6
CONTINUOUS
10
0.5132364960629922
20
0.593326653543307
11
0.5131785826771653
21
0.5942908661417323
0
LINE
8
BLACK
6
CONTINUOUS
10
0.5131785826771653
20
0.5942908661417323
11
0.5129285826771653
21
0.5952240157480315
0
LINE
8
BLACK
6
CONTINUOUS
10
0.5129285826771653
20
0.5952240157480315
11
0.5129285826771653
21
0.6009382677165355
0
LINE
8
BLACK
6
CONTINUOUS
10
0.5129285826771653
20
0.6009382677165355
11
0.5132855118110237
21
0.6022703543307086
0
LINE
8
BLACK
6
CONTINUOUS
10
0.5132855118110237
20
0.6022703543307086
11
0.5135620078740157
21
0.6036215354330708
0
LINE
8
BLACK
6
CONTINUOUS
10
0.5135620078740157
20
0.6036215354330708
11
0.5164191338582677
21
0.6093358267716535
0
LINE
8
BLACK
6
CONTINUOUS
10
0.5164191338582677
20
0.6093358267716535
11
0.5170600787401575
21
0.610058622047244
0
LINE
8
BLACK
6
CONTINUOUS
10
0.5170600787401575
20
0.610058622047244
11
0.5175430708661417
21
0.6108951968503937
0
LINE
8
BLACK
6
CONTINUOUS
10
0.5175430708661417
20
0.6108951968503937
11
0.5204002362204724
21
0.6137523622047244
0
LINE
8
BLACK
6
CONTINUOUS
10
0.5204002362204724
20
0.6137523622047244
11
0.5212368110236221
21
0.6142353543307086
0
LINE
8
BLACK
6
CONTINUOUS
10
0.5212368110236221
20
0.6142353543307086
11
0.5219596062992126
21
0.6148762992125985
0
LINE
8
BLACK
6
CONTINUOUS
10
0.5219596062992126
20
0.6148762992125985
11
0.5276738582677165
21
0.6177334251968504
0
LINE
8
BLACK
6
CONTINUOUS
10
0.5276738582677165
20
0.6177334251968504
11
0.5290250787401575
21
0.6180099212598426
0
LINE
8
BLACK
6
CONTINUOUS
10
0.5290250787401575
20
0.6180099212598426
11
0.530357125984252
21
0.6183668503937008
0
LINE
8
BLACK
6
CONTINUOUS
10
0.530357125984252
20
0.6183668503937008
11
0.5446428740157481
21
0.6183668503937008
0
LINE
8
BLACK
6
CONTINUOUS
10
0.5446428740157481
20
0.6183668503937008
11
0.5459748818897637
21
0.6180099212598426
0
LINE
8
BLACK
6
CONTINUOUS
10
0.613357125984252
20
0.6175629921259842
11
0.6155532677165354
21
0.6153668503937008
0
LINE
8
BLACK
6
CONTINUOUS
10
0.6155532677165354
20
0.6153668503937008
11
0.616357125984252
21
0.6123668503937008
0
LINE
8
BLACK
6
CONTINUOUS
10
0.616357125984252
20
0.6123668503937008
11
0.616357125984252
21
0.5523668503937008
0
LINE
8
BLACK
6
CONTINUOUS
10
0.616357125984252
20
0.5523668503937008
11
0.6155532677165354
21
0.5493668503937008
0
LINE
8
BLACK
6
CONTINUOUS
10
0.6155532677165354
20
0.5493668503937008
11
0.613357125984252
21
0.5471707086614173
0
LINE
8
BLACK
6
CONTINUOUS
10
0.613357125984252
20
0.5471707086614173
11
0.610357125984252
21
0.5463668503937008
0
LINE
8
BLACK
6
CONTINUOUS
10
0.610357125984252
20
0.5463668503937008
11
0.5960714173228346
21
0.5463668503937008
0
LINE
8
BLACK
6
CONTINUOUS
10
0.5960714173228346
20
0.5463668503937008
11
0.5951382677165354
21
0.5466168503937008
0
LINE
8
BLACK
6
CONTINUOUS
10
0.5951382677165354
20
0.5466168503937008
11
0.5941740551181103
21
0.5466747637795275
0
LINE
8
BLACK
6
CONTINUOUS
10
0.5941740551181103
20
0.5466747637795275
11
0.5856025984251968
21
0.5495319291338583
0
LINE
8
BLACK
6
CONTINUOUS
10
0.5856025984251968
20
0.5495319291338583
11
0.5844517716535433
21
0.5502917322834645
0
LINE
8
BLACK
6
CONTINUOUS
10
0.5844517716535433
20
0.5502917322834645
11
0.5832573622047244
21
0.5509813779527559
0
LINE
8
BLACK
6
CONTINUOUS
10
0.5832573622047244
20
0.5509813779527559
11
0.5775430708661418
21
0.5566956299212599
0
LINE
8
BLACK
6
CONTINUOUS
10
0.5775430708661418
20
0.5566956299212599
11
0.5770600787401575
21
0.5575321653543307
0
LINE
8
BLACK
6
CONTINUOUS
10
0.5770600787401575
20
0.5575321653543307
11
0.5764191338582677
21
0.5582549999999999
0
LINE
8
BLACK
6
CONTINUOUS
10
0.5764191338582677
20
0.5582549999999999
11
0.5735620078740158
21
0.5639692913385826
0
LINE
8
BLACK
6
CONTINUOUS
10
0.5735620078740158
20
0.5639692913385826
11
0.5734292125984252
21
0.5646181496062992
0
LINE
8
BLACK
6
CONTINUOUS
10
0.5734292125984252
20
0.5646181496062992
11
0.573107716535433
21
0.5651973228346456
0
LINE
8
BLACK
6
CONTINUOUS
10
0.573107716535433
20
0.5651973228346456
11
0.5702505511811023
21
0.576625905511811
0
LINE
8
BLACK
6
CONTINUOUS
10
0.5702505511811023
20
0.576625905511811
11
0.5702629921259842
21
0.5773661023622048
0
LINE
8
BLACK
6
CONTINUOUS
10
0.5702629921259842
20
0.5773661023622048
11
0.5700714173228346
21
0.5780811417322834
0
LINE
8
BLACK
6
CONTINUOUS
10
0.5700714173228346
20
0.5780811417322834
11
0.5700714173228346
21
0.5866525590551182
0
LINE
8
BLACK
6
CONTINUOUS
10
0.5700714173228346
20
0.5866525590551182
11
0.5702629921259842
21
0.5873675590551181
0
LINE
8
BLACK
6
CONTINUOUS
10
0.5702629921259842
20
0.5873675590551181
11
0.5702505511811023
21
0.5881077952755905
0
LINE
8
BLACK
6
CONTINUOUS
10
0.5702505511811023
20
0.5881077952755905
11
0.573107716535433
21
0.5995363779527559
0
LINE
8
BLACK
6
CONTINUOUS
10
0.573107716535433
20
0.5995363779527559
11
0.5734292125984252
21
0.6001155118110236
0
LINE
8
BLACK
6
CONTINUOUS
10
0.5734292125984252
20
0.6001155118110236
11
0.5735620078740158
21
0.6007644094488189
0
LINE
8
BLACK
6
CONTINUOUS
10
0.5735620078740158
20
0.6007644094488189
11
0.5764191338582677
21
0.6064787007874015
0
LINE
8
BLACK
6
CONTINUOUS
10
0.5764191338582677
20
0.6064787007874015
11
0.5770600787401575
21
0.6072014960629921
0
LINE
8
BLACK
6
CONTINUOUS
10
0.5770600787401575
20
0.6072014960629921
11
0.5775430708661418
21
0.6080380708661417
0
LINE
8
BLACK
6
CONTINUOUS
10
0.5775430708661418
20
0.6080380708661417
11
0.5832573622047244
21
0.6137523622047244
0
LINE
8
BLACK
6
CONTINUOUS
10
0.5832573622047244
20
0.6137523622047244
11
0.5844517322834646
21
0.6144419291338582
0
LINE
8
BLACK
6
CONTINUOUS
10
0.5844517322834646
20
0.6144419291338582
11
0.5856026377952755
21
0.615201811023622
0
LINE
8
BLACK
6
CONTINUOUS
10
0.5856026377952755
20
0.615201811023622
11
0.5941740551181103
21
0.6180589763779527
0
LINE
8
BLACK
6
CONTINUOUS
10
0.5941740551181103
20
0.6180589763779527
11
0.5951384251968503
21
0.6181168503937008
0
LINE
8
BLACK
6
CONTINUOUS
10
0.5951384251968503
20
0.6181168503937008
11
0.5960714173228346
21
0.6183668503937008
0
LINE
8
BLACK
6
CONTINUOUS
10
0.5960714173228346
20
0.6183668503937008
11
0.610357125984252
21
0.6183668503937008
0
LINE
8
BLACK
6
CONTINUOUS
10
0.610357125984252
20
0.6183668503937008
11
0.613357125984252
21
0.6175629921259842
0
LINE
8
BLACK
6
CONTINUOUS
10
0.5907410629921259
20
0.6042655118110236
11
0.5867168503937008
21
0.6002412992125984
0
LINE
8
BLACK
6
CONTINUOUS
10
0.5867168503937008
20
0.6002412992125984
11
0.58458968503937
21
0.5959870078740157
0
LINE
8
BLACK
6
CONTINUOUS
10
0.58458968503937
20
0.5959870078740157
11
0.5820714173228346
21
0.5859138188976378
0
LINE
8
BLACK
6
CONTINUOUS
10
0.5820714173228346
20
0.5859138188976378
11
0.5820714173228346
21
0.578819842519685
0
LINE
8
BLACK
6
CONTINUOUS
10
0.5820714173228346
20
0.578819842519685
11
0.58458968503937
21
0.5687466535433071
0
LINE
8
BLACK
6
CONTINUOUS
10
0.58458968503937
20
0.5687466535433071
11
0.5867168503937008
21
0.5644924015748032
0
LINE
8
BLACK
6
CONTINUOUS
10
0.5867168503937008
20
0.5644924015748032
11
0.5907410629921259
21
0.560468188976378
0
LINE
8
BLACK
6
CONTINUOUS
10
0.5907410629921259
20
0.560468188976378
11
0.5970450787401574
21
0.5583668503937008
0
LINE
8
BLACK
6
CONTINUOUS
10
0.5970450787401574
20
0.5583668503937008
11
0.604357125984252
21
0.5583668503937008
0
LINE
8
BLACK
6
CONTINUOUS
10
0.604357125984252
20
0.5583668503937008
11
0.604357125984252
21
0.6063668503937008
0
LINE
8
BLACK
6
CONTINUOUS
10
0.604357125984252
20
0.6063668503937008
11
0.5970450393700787
21
0.6063668503937008
0
LINE
8
BLACK
6
CONTINUOUS
10
0.5970450393700787
20
0.6063668503937008
11
0.5907410629921259
21
0.6042655118110236
0
LINE
8
BLACK
6
CONTINUOUS
10
0.8219285433070866
20
0.6175629921259842
11
0.8241246850393701
21
0.6153668503937008
0
LINE
8
BLACK
6
CONTINUOUS
10
0.8241246850393701
20
0.6153668503937008
11
0.8249285433070866
21
0.6123668503937008
0
LINE
8
BLACK
6
CONTINUOUS
10
0.8249285433070866
20
0.6123668503937008
11
0.8241246850393701
21
0.6093668503937008
0
LINE
8
BLACK
6
CONTINUOUS
10
0.8241246850393701
20
0.6093668503937008
11
0.8219285433070866
21
0.6071707086614173
0
LINE
8
BLACK
6
CONTINUOUS
10
0.8219285433070866
20
0.6071707086614173
11
0.8189285433070866
21
0.6063668503937008
0
LINE
8
BLACK
6
CONTINUOUS
10
0.8189285433070866
20
0.6063668503937008
11
0.7950083464566929
21
0.6063668503937008
0
LINE
8
BLACK
6
CONTINUOUS
10
0.7950083464566929
20
0.6063668503937008
11
0.8063011811023622
21
0.5934607480314961
0
LINE
8
BLACK
6
CONTINUOUS
10
0.8063011811023622
20
0.5934607480314961
11
0.8065627559055117
21
0.5929287795275591
0
LINE
8
BLACK
6
CONTINUOUS
10
0.8065627559055117
20
0.5929287795275591
11
0.8069818503937007
21
0.5925097244094488
0
LINE
8
BLACK
6
CONTINUOUS
10
0.8069818503937007
20
0.5925097244094488
11
0.8072368503937007
21
0.5915579527559055
0
LINE
8
BLACK
6
CONTINUOUS
10
0.8072368503937007
20
0.5915579527559055
11
0.8076717322834646
21
0.5906736614173228
0
LINE
8
BLACK
6
CONTINUOUS
10
0.8076717322834646
20
0.5906736614173228
11
0.8076322834645669
21
0.5900822047244094
0
LINE
8
BLACK
6
CONTINUOUS
10
0.8076322834645669
20
0.5900822047244094
11
0.8077857086614173
21
0.5895097244094488
0
LINE
8
BLACK
6
CONTINUOUS
10
0.8077857086614173
20
0.5895097244094488
11
0.8075306692913385
21
0.5885579133858267
0
LINE
8
BLACK
6
CONTINUOUS
10
0.8075306692913385
20
0.5885579133858267
11
0.8074651181102362
21
0.5875747244094488
0
LINE
8
BLACK
6
CONTINUOUS
10
0.8074651181102362
20
0.5875747244094488
11
0.8071352362204725
21
0.5870822440944882
0
LINE
8
BLACK
6
CONTINUOUS
10
0.8071352362204725
20
0.5870822440944882
11
0.8069818503937007
21
0.5865097244094488
0
LINE
8
BLACK
6
CONTINUOUS
10
0.8069818503937007
20
0.5865097244094488
11
0.8062851181102362
21
0.5858129921259843
0
LINE
8
BLACK
6
CONTINUOUS
10
0.8062851181102362
20
0.5858129921259843
11
0.8057367322834645
21
0.584994251968504
0
LINE
8
BLACK
6
CONTINUOUS
10
0.8057367322834645
20
0.584994251968504
11
0.8052047637795275
21
0.5847326377952756
0
LINE
8
BLACK
6
CONTINUOUS
10
0.8052047637795275
20
0.5847326377952756
11
0.8047857086614173
21
0.5843135826771654
0
LINE
8
BLACK
6
CONTINUOUS
10
0.8047857086614173
20
0.5843135826771654
11
0.8038339763779527
21
0.5840585433070866
0
LINE
8
BLACK
6
CONTINUOUS
10
0.8038339763779527
20
0.5840585433070866
11
0.80294968503937
21
0.5836237007874016
0
LINE
8
BLACK
6
CONTINUOUS
10
0.80294968503937
20
0.5836237007874016
11
0.8023582283464566
21
0.5836631102362204
0
LINE
8
BLACK
6
CONTINUOUS
10
0.8023582283464566
20
0.5836631102362204
11
0.8017857086614173
21
0.5835097244094488
0
LINE
8
BLACK
6
CONTINUOUS
10
0.8017857086614173
20
0.5835097244094488
11
0.7946306299212599
21
0.5835097244094488
0
LINE
8
BLACK
6
CONTINUOUS
10
0.7946306299212599
20
0.5835097244094488
11
0.7910542125984252
21
0.5817214566929134
0
LINE
8
BLACK
6
CONTINUOUS
10
0.7910542125984252
20
0.5817214566929134
11
0.789573937007874
21
0.5802412598425196
0
LINE
8
BLACK
6
CONTINUOUS
10
0.789573937007874
20
0.5802412598425196
11
0.7877857086614173
21
0.5766647244094488
0
LINE
8
BLACK
6
CONTINUOUS
10
0.7877857086614173
20
0.5766647244094488
11
0.7877857086614173
21
0.5652118110236221
0
LINE
8
BLACK
6
CONTINUOUS
10
0.7877857086614173
20
0.5652118110236221
11
0.789573937007874
21
0.5616352755905512
0
LINE
8
BLACK
6
CONTINUOUS
10
0.789573937007874
20
0.5616352755905512
11
0.7910542125984252
21
0.5601550787401575
0
LINE
8
BLACK
6
CONTINUOUS
10
0.7910542125984252
20
0.5601550787401575
11
0.7946306299212599
21
0.5583668503937008
0
LINE
8
BLACK
6
CONTINUOUS
10
0.7946306299212599
20
0.5583668503937008
11
0.8089406692913386
21
0.5583668503937008
0
LINE
8
BLACK
6
CONTINUOUS
10
0.8089406692913386
20
0.5583668503937008
11
0.8125172834645669
21
0.560155157480315
0
LINE
8
BLACK
6
CONTINUOUS
10
0.8125172834645669
20
0.560155157480315
11
0.814685905511811
21
0.5623237795275591
0
LINE
8
BLACK
6
CONTINUOUS
10
0.814685905511811
20
0.5623237795275591
11
0.8173756299212598
21
0.5638766929133858
0
LINE
8
BLACK
6
CONTINUOUS
10
0.8173756299212598
20
0.5638766929133858
11
0.8204814566929134
21
0.5638766929133858
0
LINE
8
BLACK
6
CONTINUOUS
10
0.8204814566929134
20
0.5638766929133858
11
0.8231711811023622
21
0.5623237795275591
0
LINE
8
BLACK
6
CONTINUOUS
10
0.8231711811023622
20
0.5623237795275591
11
0.824724094488189
21
0.5596340551181103
0
LINE
8
BLACK
6
CONTINUOUS
10
0.824724094488189
20
0.5596340551181103
11
0.824724094488189
21
0.5565282283464567
0
LINE
8
BLACK
6
CONTINUOUS
10
0.824724094488189
20
0.5565282283464567
11
0.8231711811023622
21
0.5538385039370078
0
LINE
8
BLACK
6
CONTINUOUS
10
0.8231711811023622
20
0.5538385039370078
11
0.8203140551181102
21
0.5509813779527559
0
LINE
8
BLACK
6
CONTINUOUS
10
0.8203140551181102
20
0.5509813779527559
11
0.8194775196850393
21
0.5504983858267717
0
LINE
8
BLACK
6
CONTINUOUS
10
0.8194775196850393
20
0.5504983858267717
11
0.8187547244094489
21
0.5498574409448819
0
LINE
8
BLACK
6
CONTINUOUS
10
0.8187547244094489
20
0.5498574409448819
11
0.8130404330708662
21
0.5470002755905512
0
LINE
8
BLACK
6
CONTINUOUS
10
0.8130404330708662
20
0.5470002755905512
11
0.8116890944881889
21
0.5467237401574803
0
LINE
8
BLACK
6
CONTINUOUS
10
0.8116890944881889
20
0.5467237401574803
11
0.8103571259842519
21
0.5463668503937008
0
LINE
8
BLACK
6
CONTINUOUS
10
0.8103571259842519
20
0.5463668503937008
11
0.7932142519685039
21
0.5463668503937008
0
LINE
8
BLACK
6
CONTINUOUS
10
0.7932142519685039
20
0.5463668503937008
11
0.791881968503937
21
0.5467238188976378
0
LINE
8
BLACK
6
CONTINUOUS
10
0.791881968503937
20
0.5467238188976378
11
0.7905309448818898
21
0.54700031496063
0
LINE
8
BLACK
6
CONTINUOUS
10
0.7905309448818898
20
0.54700031496063
11
0.7848166929133858
21
0.5498574803149606
0
LINE
8
BLACK
6
CONTINUOUS
10
0.7848166929133858
20
0.5498574803149606
11
0.7840939763779528
21
0.5504983464566929
0
LINE
8
BLACK
6
CONTINUOUS
10
0.7840939763779528
20
0.5504983464566929
11
0.7832574015748032
21
0.5509813385826772
0
LINE
8
BLACK
6
CONTINUOUS
10
0.7832574015748032
20
0.5509813385826772
11
0.7804002362204724
21
0.5538384645669291
0
LINE
8
BLACK
6
CONTINUOUS
10
0.7804002362204724
20
0.5538384645669291
11
0.7799172047244094
21
0.5546750393700788
0
LINE
8
BLACK
6
CONTINUOUS
10
0.7799172047244094
20
0.5546750393700788
11
0.7792762598425197
21
0.555397874015748
0
LINE
8
BLACK
6
CONTINUOUS
10
0.7792762598425197
20
0.555397874015748
11
0.7764191338582677
21
0.5611121653543307
0
LINE
8
BLACK
6
CONTINUOUS
10
0.7764191338582677
20
0.5611121653543307
11
0.7761426377952756
21
0.5624633070866142
0
LINE
8
BLACK
6
CONTINUOUS
10
0.7761426377952756
20
0.5624633070866142
11
0.7757857086614173
21
0.5637954330708661
0
LINE
8
BLACK
6
CONTINUOUS
10
0.7757857086614173
20
0.5637954330708661
11
0.7757857086614173
21
0.5780811417322834
0
LINE
8
BLACK
6
CONTINUOUS
10
0.7757857086614173
20
0.5780811417322834
11
0.7761426377952756
21
0.5794132283464567
0
LINE
8
BLACK
6
CONTINUOUS
10
0.7761426377952756
20
0.5794132283464567
11
0.7764191338582677
21
0.5807644094488189
0
LINE
8
BLACK
6
CONTINUOUS
10
0.7764191338582677
20
0.5807644094488189
11
0.7792762598425197
21
0.5864787007874016
0
LINE
8
BLACK
6
CONTINUOUS
10
0.7792762598425197
20
0.5864787007874016
11
0.7799172047244094
21
0.5872014960629921
0
LINE
8
BLACK
6
CONTINUOUS
10
0.7799172047244094
20
0.5872014960629921
11
0.7804002362204724
21
0.5880381102362204
0
LINE
8
BLACK
6
CONTINUOUS
10
0.7804002362204724
20
0.5880381102362204
11
0.7832574015748032
21
0.5908952362204725
0
LINE
8
BLACK
6
CONTINUOUS
10
0.7832574015748032
20
0.5908952362204725
11
0.7840939763779528
21
0.5913781889763779
0
LINE
8
BLACK
6
CONTINUOUS
10
0.7840939763779528
20
0.5913781889763779
11
0.7848166929133858
21
0.592019094488189
0
LINE
8
BLACK
6
CONTINUOUS
10
0.7848166929133858
20
0.592019094488189
11
0.7895475984251968
21
0.5943845669291339
0
LINE
8
BLACK
6
CONTINUOUS
10
0.7895475984251968
20
0.5943845669291339
11
0.7772702362204724
21
0.6084158267716535
0
LINE
8
BLACK
6
CONTINUOUS
10
0.7772702362204724
20
0.6084158267716535
11
0.7770086220472441
21
0.6089477559055118
0
LINE
8
BLACK
6
CONTINUOUS
10
0.7770086220472441
20
0.6089477559055118
11
0.7765895669291338
21
0.6093668503937008
0
LINE
8
BLACK
6
CONTINUOUS
10
0.7765895669291338
20
0.6093668503937008
11
0.7763345275590551
21
0.6103185826771653
0
LINE
8
BLACK
6
CONTINUOUS
10
0.7763345275590551
20
0.6103185826771653
11
0.77589968503937
21
0.6112029133858268
0
LINE
8
BLACK
6
CONTINUOUS
10
0.77589968503937
20
0.6112029133858268
11
0.775939094488189
21
0.6117943307086614
0
LINE
8
BLACK
6
CONTINUOUS
10
0.775939094488189
20
0.6117943307086614
11
0.7757857086614173
21
0.6123668503937008
0
LINE
8
BLACK
6
CONTINUOUS
10
0.7757857086614173
20
0.6123668503937008
11
0.776040748031496
21
0.6133186614173228
0
LINE
8
BLACK
6
CONTINUOUS
10
0.776040748031496
20
0.6133186614173228
11
0.7761062992125984
21
0.614301811023622
0
LINE
8
BLACK
6
CONTINUOUS
10
0.7761062992125984
20
0.614301811023622
11
0.7764361417322835
21
0.6147942519685039
0
LINE
8
BLACK
6
CONTINUOUS
10
0.7764361417322835
20
0.6147942519685039
11
0.7765895669291338
21
0.6153668503937008
0
LINE
8
BLACK
6
CONTINUOUS
10
0.7765895669291338
20
0.6153668503937008
11
0.7772862992125984
21
0.6160635826771653
0
LINE
8
BLACK
6
CONTINUOUS
10
0.7772862992125984
20
0.6160635826771653
11
0.77783468503937
21
0.6168823228346456
0
LINE
8
BLACK
6
CONTINUOUS
10
0.77783468503937
20
0.6168823228346456
11
0.7783666141732283
21
0.6171438976377953
0
LINE
8
BLACK
6
CONTINUOUS
10
0.7783666141732283
20
0.6171438976377953
11
0.7787857086614173
21
0.6175629921259842
0
LINE
8
BLACK
6
CONTINUOUS
10
0.7787857086614173
20
0.6175629921259842
11
0.7797374409448818
21
0.6178179921259842
0
LINE
8
BLACK
6
CONTINUOUS
10
0.7797374409448818
20
0.6178179921259842
11
0.7806217716535433
21
0.618252874015748
0
LINE
8
BLACK
6
CONTINUOUS
10
0.7806217716535433
20
0.618252874015748
11
0.7812131889763779
21
0.6182134251968504
0
LINE
8
BLACK
6
CONTINUOUS
10
0.7812131889763779
20
0.6182134251968504
11
0.7817857086614173
21
0.6183668503937008
0
LINE
8
BLACK
6
CONTINUOUS
10
0.7817857086614173
20
0.6183668503937008
11
0.8189285433070866
21
0.6183668503937008
0
LINE
8
BLACK
6
CONTINUOUS
10
0.8189285433070866
20
0.6183668503937008
11
0.8219285433070866
21
0.6175629921259842
0
LINE
8
BLACK
6
CONTINUOUS
10
0.8659748818897638
20
0.6180099212598426
11
0.8673261417322834
21
0.6177334251968504
0
LINE
8
BLACK
6
CONTINUOUS
10
0.8673261417322834
20
0.6177334251968504
11
0.8730404330708661
21
0.6148762992125985
0
LINE
8
BLACK
6
CONTINUOUS
10
0.8730404330708661
20
0.6148762992125985
11
0.8737632283464567
21
0.6142353149606299
0
LINE
8
BLACK
6
CONTINUOUS
10
0.8737632283464567
20
0.6142353149606299
11
0.8745997637795275
21
0.6137523622047244
0
LINE
8
BLACK
6
CONTINUOUS
10
0.8745997637795275
20
0.6137523622047244
11
0.8774569291338582
21
0.6108951968503937
0
LINE
8
BLACK
6
CONTINUOUS
10
0.8774569291338582
20
0.6108951968503937
11
0.8790098425196851
21
0.6082054724409449
0
LINE
8
BLACK
6
CONTINUOUS
10
0.8790098425196851
20
0.6082054724409449
11
0.8790098425196851
21
0.6050996456692913
0
LINE
8
BLACK
6
CONTINUOUS
10
0.8790098425196851
20
0.6050996456692913
11
0.8774569291338582
21
0.6024099212598425
0
LINE
8
BLACK
6
CONTINUOUS
10
0.8774569291338582
20
0.6024099212598425
11
0.8747672047244094
21
0.6008570078740157
0
LINE
8
BLACK
6
CONTINUOUS
10
0.8747672047244094
20
0.6008570078740157
11
0.8716613779527559
21
0.6008570078740157
0
LINE
8
BLACK
6
CONTINUOUS
10
0.8716613779527559
20
0.6008570078740157
11
0.8689716535433071
21
0.6024099212598425
0
LINE
8
BLACK
6
CONTINUOUS
10
0.8689716535433071
20
0.6024099212598425
11
0.8668029921259842
21
0.6045785826771654
0
LINE
8
BLACK
6
CONTINUOUS
10
0.8668029921259842
20
0.6045785826771654
11
0.8632264566929133
21
0.6063668503937008
0
LINE
8
BLACK
6
CONTINUOUS
10
0.8632264566929133
20
0.6063668503937008
11
0.8517735826771653
21
0.6063668503937008
0
LINE
8
BLACK
6
CONTINUOUS
10
0.8517735826771653
20
0.6063668503937008
11
0.848196968503937
21
0.6045785433070866
0
LINE
8
BLACK
6
CONTINUOUS
10
0.848196968503937
20
0.6045785433070866
11
0.8467168503937008
21
0.6030984251968504
0
LINE
8
BLACK
6
CONTINUOUS
10
0.8467168503937008
20
0.6030984251968504
11
0.8449285826771653
21
0.5995218503937008
0
LINE
8
BLACK
6
CONTINUOUS
10
0.8449285826771653
20
0.5995218503937008
11
0.8449285826771653
21
0.5961976377952756
0
LINE
8
BLACK
6
CONTINUOUS
10
0.8449285826771653
20
0.5961976377952756
11
0.8470299212598426
21
0.589893622047244
0
LINE
8
BLACK
6
CONTINUOUS
10
0.8470299212598426
20
0.589893622047244
11
0.8803140551181102
21
0.5566094881889764
0
LINE
8
BLACK
6
CONTINUOUS
10
0.8803140551181102
20
0.5566094881889764
11
0.8807090157480315
21
0.5559253543307087
0
LINE
8
BLACK
6
CONTINUOUS
10
0.8807090157480315
20
0.5559253543307087
11
0.8812675590551181
21
0.5553668503937008
0
LINE
8
BLACK
6
CONTINUOUS
10
0.8812675590551181
20
0.5553668503937008
11
0.8814719685039369
21
0.5546038582677165
0
LINE
8
BLACK
6
CONTINUOUS
10
0.8814719685039369
20
0.5546038582677165
11
0.881866968503937
21
0.5539197637795276
0
LINE
8
BLACK
6
CONTINUOUS
10
0.881866968503937
20
0.5539197637795276
11
0.881866968503937
21
0.553129842519685
0
LINE
8
BLACK
6
CONTINUOUS
10
0.881866968503937
20
0.553129842519685
11
0.8820714173228347
21
0.5523668503937008
0
LINE
8
BLACK
6
CONTINUOUS
10
0.8820714173228347
20
0.5523668503937008
11
0.881866968503937
21
0.5516038188976378
0
LINE
8
BLACK
6
CONTINUOUS
10
0.881866968503937
20
0.5516038188976378
11
0.881866968503937
21
0.550813937007874
0
LINE
8
BLACK
6
CONTINUOUS
10
0.881866968503937
20
0.550813937007874
11
0.8814719685039369
21
0.5501298031496062
0
LINE
8
BLACK
6
CONTINUOUS
10
0.8814719685039369
20
0.5501298031496062
11
0.8812675590551181
21
0.5493668503937008
0
LINE
8
BLACK
6
CONTINUOUS
10
0.8812675590551181
20
0.5493668503937008
11
0.8807090157480315
21
0.5488083070866142
0
LINE
8
BLACK
6
CONTINUOUS
10
0.8807090157480315
20
0.5488083070866142
11
0.8803140551181102
21
0.5481242125984251
0
LINE
8
BLACK
6
CONTINUOUS
10
0.8803140551181102
20
0.5481242125984251
11
0.8796299212598425
21
0.5477292125984252
0
LINE
8
BLACK
6
CONTINUOUS
10
0.8796299212598425
20
0.5477292125984252
11
0.8790714173228347
21
0.5471707086614173
0
LINE
8
BLACK
6
CONTINUOUS
10
0.8790714173228347
20
0.5471707086614173
11
0.8783084251968504
21
0.5469662598425197
0
LINE
8
BLACK
6
CONTINUOUS
10
0.8783084251968504
20
0.5469662598425197
11
0.8776243307086614
21
0.5465712992125984
0
LINE
8
BLACK
6
CONTINUOUS
10
0.8776243307086614
20
0.5465712992125984
11
0.8768344094488189
21
0.5465712992125984
0
LINE
8
BLACK
6
CONTINUOUS
10
0.8768344094488189
20
0.5465712992125984
11
0.8760714173228347
21
0.5463668503937008
0
LINE
8
BLACK
6
CONTINUOUS
10
0.8760714173228347
20
0.5463668503937008
11
0.8389285826771653
21
0.5463668503937008
0
LINE
8
BLACK
6
CONTINUOUS
10
0.8389285826771653
20
0.5463668503937008
11
0.8359285826771653
21
0.5471707086614173
0
LINE
8
BLACK
6
CONTINUOUS
10
0.8359285826771653
20
0.5471707086614173
11
0.8337324409448819
21
0.5493668503937008
0
LINE
8
BLACK
6
CONTINUOUS
10
0.8337324409448819
20
0.5493668503937008
11
0.8329285826771653
21
0.5523668503937008
0
LINE
8
BLACK
6
CONTINUOUS
10
0.8329285826771653
20
0.5523668503937008
11
0.8337324409448819
21
0.5553668503937008
0
LINE
8
BLACK
6
CONTINUOUS
10
0.8337324409448819
20
0.5553668503937008
11
0.8359285826771653
21
0.5575629921259843
0
LINE
8
BLACK
6
CONTINUOUS
10
0.8359285826771653
20
0.5575629921259843
11
0.8389285826771653
21
0.5583668503937008
0
LINE
8
BLACK
6
CONTINUOUS
10
0.8389285826771653
20
0.5583668503937008
11
0.8615861417322834
21
0.5583668503937008
0
LINE
8
BLACK
6
CONTINUOUS
10
0.8615861417322834
20
0.5583668503937008
11
0.8375430708661417
21
0.5824099212598425
0
LINE
8
BLACK
6
CONTINUOUS
10
0.8375430708661417
20
0.5824099212598425
11
0.8368534645669291
21
0.5836042913385827
0
LINE
8
BLACK
6
CONTINUOUS
10
0.8368534645669291
20
0.5836042913385827
11
0.836093622047244
21
0.5847551968503937
0
LINE
8
BLACK
6
CONTINUOUS
10
0.836093622047244
20
0.5847551968503937
11
0.8332364960629921
21
0.593326653543307
0
LINE
8
BLACK
6
CONTINUOUS
10
0.8332364960629921
20
0.593326653543307
11
0.8331785826771654
21
0.5942908661417323
0
LINE
8
BLACK
6
CONTINUOUS
10
0.8331785826771654
20
0.5942908661417323
11
0.8329285826771653
21
0.5952240157480315
0
LINE
8
BLACK
6
CONTINUOUS
10
0.8329285826771653
20
0.5952240157480315
11
0.8329285826771653
21
0.6009382677165355
0
LINE
8
BLACK
6
CONTINUOUS
10
0.8329285826771653
20
0.6009382677165355
11
0.8332855118110236
21
0.6022703543307086
0
LINE
8
BLACK
6
CONTINUOUS
10
0.8332855118110236
20
0.6022703543307086
11
0.8335620078740157
21
0.6036215354330708
0
LINE
8
BLACK
6
CONTINUOUS
10
0.8335620078740157
20
0.6036215354330708
11
0.8364191338582677
21
0.6093358267716535
0
LINE
8
BLACK
6
CONTINUOUS
10
0.8364191338582677
20
0.6093358267716535
11
0.8370600787401574
21
0.610058622047244
0
LINE
8
BLACK
6
CONTINUOUS
10
0.8370600787401574
20
0.610058622047244
11
0.8375430708661417
21
0.6108951968503937
0
LINE
8
BLACK
6
CONTINUOUS
10
0.8375430708661417
20
0.6108951968503937
11
0.8404002362204724
21
0.6137523622047244
0
LINE
8
BLACK
6
CONTINUOUS
10
0.8404002362204724
20
0.6137523622047244
11
0.841236811023622
21
0.6142353543307086
0
LINE
8
BLACK
6
CONTINUOUS
10
0.841236811023622
20
0.6142353543307086
11
0.8419596062992126
21
0.6148762992125985
0
LINE
8
BLACK
6
CONTINUOUS
10
0.8419596062992126
20
0.6148762992125985
11
0.8476738582677165
21
0.6177334251968504
0
LINE
8
BLACK
6
CONTINUOUS
10
0.8476738582677165
20
0.6177334251968504
11
0.8490250787401574
21
0.6180099212598426
0
LINE
8
BLACK
6
CONTINUOUS
10
0.8490250787401574
20
0.6180099212598426
11
0.8503571259842519
21
0.6183668503937008
0
LINE
8
BLACK
6
CONTINUOUS
10
0.8503571259842519
20
0.6183668503937008
11
0.864642874015748
21
0.6183668503937008
0
LINE
8
BLACK
6
CONTINUOUS
10
0.864642874015748
20
0.6183668503937008
11
0.8659748818897638
21
0.6180099212598426
0
LINE
8
BLACK
6
CONTINUOUS
10
0.9333571259842519
20
0.6175629921259842
11
0.9355532677165355
21
0.6153668503937008
0
LINE
8
BLACK
6
CONTINUOUS
10
0.9355532677165355
20
0.6153668503937008
11
0.9363571259842519
21
0.6123668503937008
0
LINE
8
BLACK
6
CONTINUOUS
10
0.9363571259842519
20
0.6123668503937008
11
0.9363571259842519
21
0.5523668503937008
0
LINE
8
BLACK
6
CONTINUOUS
10
0.9363571259842519
20
0.5523668503937008
11
0.9355532677165355
21
0.5493668503937008
0
LINE
8
BLACK
6
CONTINUOUS
10
0.9355532677165355
20
0.5493668503937008
11
0.9333571259842519
21
0.5471707086614173
0
LINE
8
BLACK
6
CONTINUOUS
10
0.9333571259842519
20
0.5471707086614173
11
0.9303571259842519
21
0.5463668503937008
0
LINE
8
BLACK
6
CONTINUOUS
10
0.9303571259842519
20
0.5463668503937008
11
0.9160714173228346
21
0.5463668503937008
0
LINE
8
BLACK
6
CONTINUOUS
10
0.9160714173228346
20
0.5463668503937008
11
0.9151382677165354
21
0.5466168503937008
0
LINE
8
BLACK
6
CONTINUOUS
10
0.9151382677165354
20
0.5466168503937008
11
0.9141740551181102
21
0.5466747637795275
0
LINE
8
BLACK
6
CONTINUOUS
10
0.9141740551181102
20
0.5466747637795275
11
0.9056025984251969
21
0.5495319291338583
0
LINE
8
BLACK
6
CONTINUOUS
10
0.9056025984251969
20
0.5495319291338583
11
0.9044517716535433
21
0.5502917322834645
0
LINE
8
BLACK
6
CONTINUOUS
10
0.9044517716535433
20
0.5502917322834645
11
0.9032573622047244
21
0.5509813779527559
0
LINE
8
BLACK
6
CONTINUOUS
10
0.9032573622047244
20
0.5509813779527559
11
0.8975430708661417
21
0.5566956299212599
0
LINE
8
BLACK
6
CONTINUOUS
10
0.8975430708661417
20
0.5566956299212599
11
0.8970600787401575
21
0.5575321653543307
0
LINE
8
BLACK
6
CONTINUOUS
10
0.8970600787401575
20
0.5575321653543307
11
0.8964191338582677
21
0.5582549999999999
0
LINE
8
BLACK
6
CONTINUOUS
10
0.8964191338582677
20
0.5582549999999999
11
0.8935620078740157
21
0.5639692913385826
0
LINE
8
BLACK
6
CONTINUOUS
10
0.8935620078740157
20
0.5639692913385826
11
0.8934292125984252
21
0.5646181496062992
0
LINE
8
BLACK
6
CONTINUOUS
10
0.8934292125984252
20
0.5646181496062992
11
0.8931077165354331
21
0.5651973228346456
0
LINE
8
BLACK
6
CONTINUOUS
10
0.8931077165354331
20
0.5651973228346456
11
0.8902505511811023
21
0.576625905511811
0
LINE
8
BLACK
6
CONTINUOUS
10
0.8902505511811023
20
0.576625905511811
11
0.8902629921259843
21
0.5773661023622048
0
LINE
8
BLACK
6
CONTINUOUS
10
0.8902629921259843
20
0.5773661023622048
11
0.8900714173228347
21
0.5780811417322834
0
LINE
8
BLACK
6
CONTINUOUS
10
0.8900714173228347
20
0.5780811417322834
11
0.8900714173228347
21
0.5866525590551182
0
LINE
8
BLACK
6
CONTINUOUS
10
0.8900714173228347
20
0.5866525590551182
11
0.8902629921259843
21
0.5873675590551181
0
LINE
8
BLACK
6
CONTINUOUS
10
0.8902629921259843
20
0.5873675590551181
11
0.8902505511811023
21
0.5881077952755905
0
LINE
8
BLACK
6
CONTINUOUS
10
0.8902505511811023
20
0.5881077952755905
11
0.8931077165354331
21
0.5995363779527559
0
LINE
8
BLACK
6
CONTINUOUS
10
0.8931077165354331
20
0.5995363779527559
11
0.8934292125984252
21
0.6001155118110236
0
LINE
8
BLACK
6
CONTINUOUS
10
0.8934292125984252
20
0.6001155118110236
11
0.8935620078740157
21
0.6007644094488189
0
LINE
8
BLACK
6
CONTINUOUS
10
0.8935620078740157
20
0.6007644094488189
11
0.8964191338582677
21
0.6064787007874015
0
LINE
8
BLACK
6
CONTINUOUS
10
0.8964191338582677
20
0.6064787007874015
11
0.8970600787401575
21
0.6072014960629921
0
LINE
8
BLACK
6
CONTINUOUS
10
0.8970600787401575
20
0.6072014960629921
11
0.8975430708661417
21
0.6080380708661417
0
LINE
8
BLACK
6
CONTINUOUS
10
0.8975430708661417
20
0.6080380708661417
11
0.9032573622047244
21
0.6137523622047244
0
LINE
8
BLACK
6
CONTINUOUS
10
0.9032573622047244
20
0.6137523622047244
11
0.9044517322834645
21
0.6144419291338582
0
LINE
8
BLACK
6
CONTINUOUS
10
0.9044517322834645
20
0.6144419291338582
11
0.9056026377952756
21
0.615201811023622
0
LINE
8
BLACK
6
CONTINUOUS
10
0.9056026377952756
20
0.615201811023622
11
0.9141740551181102
21
0.6180589763779527
0
LINE
8
BLACK
6
CONTINUOUS
10
0.9141740551181102
20
0.6180589763779527
11
0.9151384251968504
21
0.6181168503937008
0
LINE
8
BLACK
6
CONTINUOUS
10
0.9151384251968504
20
0.6181168503937008
11
0.9160714173228346
21
0.6183668503937008
0
LINE
8
BLACK
6
CONTINUOUS
10
0.9160714173228346
20
0.6183668503937008
11
0.9303571259842519
21
0.6183668503937008
0
LINE
8
BLACK
6
CONTINUOUS
10
0.9303571259842519
20
0.6183668503937008
11
0.9333571259842519
21
0.6175629921259842
0
LINE
8
BLACK
6
CONTINUOUS
10
0.910741062992126
20
0.6042655118110236
11
0.9067168503937008
21
0.6002412992125984
0
LINE
8
BLACK
6
CONTINUOUS
10
0.9067168503937008
20
0.6002412992125984
11
0.9045896850393701
21
0.5959870078740157
0
LINE
8
BLACK
6
CONTINUOUS
10
0.9045896850393701
20
0.5959870078740157
11
0.9020714173228346
21
0.5859138188976378
0
LINE
8
BLACK
6
CONTINUOUS
10
0.9020714173228346
20
0.5859138188976378
11
0.9020714173228346
21
0.578819842519685
0
LINE
8
BLACK
6
CONTINUOUS
10
0.9020714173228346
20
0.578819842519685
11
0.9045896850393701
21
0.5687466535433071
0
LINE
8
BLACK
6
CONTINUOUS
10
0.9045896850393701
20
0.5687466535433071
11
0.9067168503937008
21
0.5644924015748032
0
LINE
8
BLACK
6
CONTINUOUS
10
0.9067168503937008
20
0.5644924015748032
11
0.910741062992126
21
0.560468188976378
0
LINE
8
BLACK
6
CONTINUOUS
10
0.910741062992126
20
0.560468188976378
11
0.9170450787401575
21
0.5583668503937008
0
LINE
8
BLACK
6
CONTINUOUS
10
0.9170450787401575
20
0.5583668503937008
11
0.9243571259842519
21
0.5583668503937008
0
LINE
8
BLACK
6
CONTINUOUS
10
0.9243571259842519
20
0.5583668503937008
11
0.9243571259842519
21
0.6063668503937008
0
LINE
8
BLACK
6
CONTINUOUS
10
0.9243571259842519
20
0.6063668503937008
11
0.9170450393700788
21
0.6063668503937008
0
LINE
8
BLACK
6
CONTINUOUS
10
0.9170450393700788
20
0.6063668503937008
11
0.910741062992126
21
0.6042655118110236
0
LINE
8
BLACK
6
CONTINUOUS
10
1.1231177952755906
20
0.6180098818897638
11
1.1244689763779527
21
0.6177334251968504
0
LINE
8
BLACK
6
CONTINUOUS
10
1.1244689763779527
20
0.6177334251968504
11
1.1301832677165353
21
0.6148762992125985
0
LINE
8
BLACK
6
CONTINUOUS
10
1.1301832677165353
20
0.6148762992125985
11
1.1309060629921259
21
0.6142353149606299
0
LINE
8
BLACK
6
CONTINUOUS
10
1.1309060629921259
20
0.6142353149606299
11
1.1317426771653543
21
0.6137523228346456
0
LINE
8
BLACK
6
CONTINUOUS
10
1.1317426771653543
20
0.6137523228346456
11
1.1345998031496063
21
0.610895157480315
0
LINE
8
BLACK
6
CONTINUOUS
10
1.1345998031496063
20
0.610895157480315
11
1.1350827559055119
21
0.6100585826771654
0
LINE
8
BLACK
6
CONTINUOUS
10
1.1350827559055119
20
0.6100585826771654
11
1.1357237007874015
21
0.6093358267716535
0
LINE
8
BLACK
6
CONTINUOUS
10
1.1357237007874015
20
0.6093358267716535
11
1.1385808267716535
21
0.6036215354330708
0
LINE
8
BLACK
6
CONTINUOUS
10
1.1385808267716535
20
0.6036215354330708
11
1.1387135826771653
21
0.6029726377952755
0
LINE
8
BLACK
6
CONTINUOUS
10
1.1387135826771653
20
0.6029726377952755
11
1.1390351181102363
21
0.6023935039370079
0
LINE
8
BLACK
6
CONTINUOUS
10
1.1390351181102363
20
0.6023935039370079
11
1.1418922834645668
21
0.5909649606299212
0
LINE
8
BLACK
6
CONTINUOUS
10
1.1418922834645668
20
0.5909649606299212
11
1.1418798031496062
21
0.5902247244094488
0
LINE
8
BLACK
6
CONTINUOUS
10
1.1418798031496062
20
0.5902247244094488
11
1.1420714173228346
21
0.5895097244094488
0
LINE
8
BLACK
6
CONTINUOUS
10
1.1420714173228346
20
0.5895097244094488
11
1.1420714173228346
21
0.5752240157480315
0
LINE
8
BLACK
6
CONTINUOUS
10
1.1420714173228346
20
0.5752240157480315
11
1.1418798031496062
21
0.5745089763779527
0
LINE
8
BLACK
6
CONTINUOUS
10
1.1418798031496062
20
0.5745089763779527
11
1.1418922834645668
21
0.573768779527559
0
LINE
8
BLACK
6
CONTINUOUS
10
1.1418922834645668
20
0.573768779527559
11
1.1390351181102363
21
0.5623401968503937
0
LINE
8
BLACK
6
CONTINUOUS
10
1.1390351181102363
20
0.5623401968503937
11
1.1387135826771653
21
0.5617610236220473
0
LINE
8
BLACK
6
CONTINUOUS
10
1.1387135826771653
20
0.5617610236220473
11
1.1385808267716535
21
0.5611121653543307
0
LINE
8
BLACK
6
CONTINUOUS
10
1.1385808267716535
20
0.5611121653543307
11
1.1357237007874015
21
0.555397874015748
0
LINE
8
BLACK
6
CONTINUOUS
10
1.1357237007874015
20
0.555397874015748
11
1.1350827559055119
21
0.5546750787401574
0
LINE
8
BLACK
6
CONTINUOUS
10
1.1350827559055119
20
0.5546750787401574
11
1.1345997637795275
21
0.5538385039370078
0
LINE
8
BLACK
6
CONTINUOUS
10
1.1345997637795275
20
0.5538385039370078
11
1.1317426377952755
21
0.5509813779527559
0
LINE
8
BLACK
6
CONTINUOUS
10
1.1317426377952755
20
0.5509813779527559
11
1.1309061023622047
21
0.5504983858267717
0
LINE
8
BLACK
6
CONTINUOUS
10
1.1309061023622047
20
0.5504983858267717
11
1.1301833070866141
21
0.5498574409448819
0
LINE
8
BLACK
6
CONTINUOUS
10
1.1301833070866141
20
0.5498574409448819
11
1.1244690157480315
21
0.5470002755905512
0
LINE
8
BLACK
6
CONTINUOUS
10
1.1244690157480315
20
0.5470002755905512
11
1.1231176771653544
21
0.5467237401574803
0
LINE
8
BLACK
6
CONTINUOUS
10
1.1231176771653544
20
0.5467237401574803
11
1.1217857086614174
21
0.5463668503937008
0
LINE
8
BLACK
6
CONTINUOUS
10
1.1217857086614174
20
0.5463668503937008
11
1.1160714173228345
21
0.5463668503937008
0
LINE
8
BLACK
6
CONTINUOUS
10
1.1160714173228345
20
0.5463668503937008
11
1.1147394094488188
21
0.5467237401574803
0
LINE
8
BLACK
6
CONTINUOUS
10
1.1147394094488188
20
0.5467237401574803
11
1.1133881102362204
21
0.5470002755905512
0
LINE
8
BLACK
6
CONTINUOUS
10
1.1133881102362204
20
0.5470002755905512
11
1.1076738188976378
21
0.5498574409448819
0
LINE
8
BLACK
6
CONTINUOUS
10
1.1076738188976378
20
0.5498574409448819
11
1.1069509842519685
21
0.5504983858267717
0
LINE
8
BLACK
6
CONTINUOUS
10
1.1069509842519685
20
0.5504983858267717
11
1.1061144881889764
21
0.5509813779527559
0
LINE
8
BLACK
6
CONTINUOUS
10
1.1061144881889764
20
0.5509813779527559
11
1.1032573622047244
21
0.5538385039370078
0
LINE
8
BLACK
6
CONTINUOUS
10
1.1032573622047244
20
0.5538385039370078
11
1.1027743700787402
21
0.554675
0
LINE
8
BLACK
6
CONTINUOUS
10
1.1027743700787402
20
0.554675
11
1.1021334251968504
21
0.5553978346456693
0
LINE
8
BLACK
6
CONTINUOUS
10
1.1021334251968504
20
0.5553978346456693
11
1.0992762598425196
21
0.561112125984252
0
LINE
8
BLACK
6
CONTINUOUS
10
1.0992762598425196
20
0.561112125984252
11
1.0991434251968504
21
0.5617611023622047
0
LINE
8
BLACK
6
CONTINUOUS
10
1.0991434251968504
20
0.5617611023622047
11
1.0988219685039369
21
0.5623402362204725
0
LINE
8
BLACK
6
CONTINUOUS
10
1.0988219685039369
20
0.5623402362204725
11
1.0959648425196851
21
0.5737688188976378
0
LINE
8
BLACK
6
CONTINUOUS
10
1.0959648425196851
20
0.5737688188976378
11
1.0959772834645669
21
0.5745089763779527
0
LINE
8
BLACK
6
CONTINUOUS
10
1.0959772834645669
20
0.5745089763779527
11
1.0957857086614173
21
0.5752240157480315
0
LINE
8
BLACK
6
CONTINUOUS
10
1.0957857086614173
20
0.5752240157480315
11
1.0957857086614173
21
0.5895097244094488
0
LINE
8
BLACK
6
CONTINUOUS
10
1.0957857086614173
20
0.5895097244094488
11
1.0959772834645669
21
0.5902247244094488
0
LINE
8
BLACK
6
CONTINUOUS
10
1.0959772834645669
20
0.5902247244094488
11
1.0959648425196851
21
0.5909649212598425
0
LINE
8
BLACK
6
CONTINUOUS
10
1.0959648425196851
20
0.5909649212598425
11
1.0988219685039369
21
0.6023934645669291
0
LINE
8
BLACK
6
CONTINUOUS
10
1.0988219685039369
20
0.6023934645669291
11
1.0991434251968504
21
0.6029725590551182
0
LINE
8
BLACK
6
CONTINUOUS
10
1.0991434251968504
20
0.6029725590551182
11
1.0992762598425196
21
0.6036215748031496
0
LINE
8
BLACK
6
CONTINUOUS
10
1.0992762598425196
20
0.6036215748031496
11
1.1021334251968504
21
0.6093358661417323
0
LINE
8
BLACK
6
CONTINUOUS
10
1.1021334251968504
20
0.6093358661417323
11
1.1027743700787402
21
0.6100586614173228
0
LINE
8
BLACK
6
CONTINUOUS
10
1.1027743700787402
20
0.6100586614173228
11
1.1032573228346456
21
0.610895157480315
0
LINE
8
BLACK
6
CONTINUOUS
10
1.1032573228346456
20
0.610895157480315
11
1.1061144488188976
21
0.6137523622047244
0
LINE
8
BLACK
6
CONTINUOUS
10
1.1061144488188976
20
0.6137523622047244
11
1.1069511417322835
21
0.6142353937007874
0
LINE
8
BLACK
6
CONTINUOUS
10
1.1069511417322835
20
0.6142353937007874
11
1.1076738582677166
21
0.6148762992125985
0
LINE
8
BLACK
6
CONTINUOUS
10
1.1076738582677166
20
0.6148762992125985
11
1.1133881496062992
21
0.6177334251968504
0
LINE
8
BLACK
6
CONTINUOUS
10
1.1133881496062992
20
0.6177334251968504
11
1.1147392913385827
21
0.6180098818897638
0
LINE
8
BLACK
6
CONTINUOUS
10
1.1147392913385827
20
0.6180098818897638
11
1.1160714173228345
21
0.6183668503937008
0
LINE
8
BLACK
6
CONTINUOUS
10
1.1160714173228345
20
0.6183668503937008
11
1.1217857086614174
21
0.6183668503937008
0
LINE
8
BLACK
6
CONTINUOUS
10
1.1217857086614174
20
0.6183668503937008
11
1.1231177952755906
21
0.6180098818897638
0
LINE
8
BLACK
6
CONTINUOUS
10
1.1139112598425196
20
0.6045785826771654
11
1.1124311811023622
21
0.6030984645669292
0
LINE
8
BLACK
6
CONTINUOUS
10
1.1124311811023622
20
0.6030984645669292
11
1.1103038976377952
21
0.5988439763779527
0
LINE
8
BLACK
6
CONTINUOUS
10
1.1103038976377952
20
0.5988439763779527
11
1.1077857086614173
21
0.588771062992126
0
LINE
8
BLACK
6
CONTINUOUS
10
1.1077857086614173
20
0.588771062992126
11
1.1077857086614173
21
0.5759626377952756
0
LINE
8
BLACK
6
CONTINUOUS
10
1.1077857086614173
20
0.5759626377952756
11
1.110303937007874
21
0.5658896850393701
0
LINE
8
BLACK
6
CONTINUOUS
10
1.110303937007874
20
0.5658896850393701
11
1.1124311417322834
21
0.5616352362204724
0
LINE
8
BLACK
6
CONTINUOUS
10
1.1124311417322834
20
0.5616352362204724
11
1.1139112204724408
21
0.560155157480315
0
LINE
8
BLACK
6
CONTINUOUS
10
1.1139112204724408
20
0.560155157480315
11
1.1174878740157479
21
0.5583668503937008
0
LINE
8
BLACK
6
CONTINUOUS
10
1.1174878740157479
20
0.5583668503937008
11
1.120369251968504
21
0.5583668503937008
0
LINE
8
BLACK
6
CONTINUOUS
10
1.120369251968504
20
0.5583668503937008
11
1.1239458661417323
21
0.560155157480315
0
LINE
8
BLACK
6
CONTINUOUS
10
1.1239458661417323
20
0.560155157480315
11
1.1254259448818897
21
0.5616352362204724
0
LINE
8
BLACK
6
CONTINUOUS
10
1.1254259448818897
20
0.5616352362204724
11
1.1275531102362204
21
0.5658895275590551
0
LINE
8
BLACK
6
CONTINUOUS
10
1.1275531102362204
20
0.5658895275590551
11
1.1300714173228346
21
0.5759627165354331
0
LINE
8
BLACK
6
CONTINUOUS
10
1.1300714173228346
20
0.5759627165354331
11
1.1300714173228346
21
0.5887709842519685
0
LINE
8
BLACK
6
CONTINUOUS
10
1.1300714173228346
20
0.5887709842519685
11
1.1275531102362204
21
0.5988441338582677
0
LINE
8
BLACK
6
CONTINUOUS
10
1.1275531102362204
20
0.5988441338582677
11
1.1254259842519685
21
0.6030983858267717
0
LINE
8
BLACK
6
CONTINUOUS
10
1.1254259842519685
20
0.6030983858267717
11
1.1239458267716536
21
0.6045785826771654
0
LINE
8
BLACK
6
CONTINUOUS
10
1.1239458267716536
20
0.6045785826771654
11
1.1203692913385828
21
0.6063668503937008
0
LINE
8
BLACK
6
CONTINUOUS
10
1.1203692913385828
20
0.6063668503937008
11
1.1174878346456694
21
0.6063668503937008
0
LINE
8
BLACK
6
CONTINUOUS
10
1.1174878346456694
20
0.6063668503937008
11
1.1139112598425196
21
0.6045785826771654
0
LINE
8
BLACK
6
CONTINUOUS
10
1.1859748818897637
20
0.6180099212598426
11
1.1873261417322833
21
0.6177334251968504
0
LINE
8
BLACK
6
CONTINUOUS
10
1.1873261417322833
20
0.6177334251968504
11
1.1930404330708662
21
0.6148762992125985
0
LINE
8
BLACK
6
CONTINUOUS
10
1.1930404330708662
20
0.6148762992125985
11
1.1937632283464568
21
0.6142353149606299
0
LINE
8
BLACK
6
CONTINUOUS
10
1.1937632283464568
20
0.6142353149606299
11
1.1945997637795276
21
0.6137523622047244
0
LINE
8
BLACK
6
CONTINUOUS
10
1.1945997637795276
20
0.6137523622047244
11
1.1974569291338582
21
0.6108951968503937
0
LINE
8
BLACK
6
CONTINUOUS
10
1.1974569291338582
20
0.6108951968503937
11
1.1990098425196851
21
0.6082054724409449
0
LINE
8
BLACK
6
CONTINUOUS
10
1.1990098425196851
20
0.6082054724409449
11
1.1990098425196851
21
0.6050996456692913
0
LINE
8
BLACK
6
CONTINUOUS
10
1.1990098425196851
20
0.6050996456692913
11
1.1974569291338582
21
0.6024099212598425
0
LINE
8
BLACK
6
CONTINUOUS
10
1.1974569291338582
20
0.6024099212598425
11
1.1947672047244093
21
0.6008570078740157
0
LINE
8
BLACK
6
CONTINUOUS
10
1.1947672047244093
20
0.6008570078740157
11
1.1916613779527558
21
0.6008570078740157
0
LINE
8
BLACK
6
CONTINUOUS
10
1.1916613779527558
20
0.6008570078740157
11
1.188971653543307
21
0.6024099212598425
0
LINE
8
BLACK
6
CONTINUOUS
10
1.188971653543307
20
0.6024099212598425
11
1.1868029921259842
21
0.6045785826771654
0
LINE
8
BLACK
6
CONTINUOUS
10
1.1868029921259842
20
0.6045785826771654
11
1.1832264566929134
21
0.6063668503937008
0
LINE
8
BLACK
6
CONTINUOUS
10
1.1832264566929134
20
0.6063668503937008
11
1.1717735826771654
21
0.6063668503937008
0
LINE
8
BLACK
6
CONTINUOUS
10
1.1717735826771654
20
0.6063668503937008
11
1.1681969685039371
21
0.6045785433070866
0
LINE
8
BLACK
6
CONTINUOUS
10
1.1681969685039371
20
0.6045785433070866
11
1.1667168503937007
21
0.6030984251968504
0
LINE
8
BLACK
6
CONTINUOUS
10
1.1667168503937007
20
0.6030984251968504
11
1.1649285826771654
21
0.5995218503937008
0
LINE
8
BLACK
6
CONTINUOUS
10
1.1649285826771654
20
0.5995218503937008
11
1.1649285826771654
21
0.5961976377952756
0
LINE
8
BLACK
6
CONTINUOUS
10
1.1649285826771654
20
0.5961976377952756
11
1.1670299212598425
21
0.589893622047244
0
LINE
8
BLACK
6
CONTINUOUS
10
1.1670299212598425
20
0.589893622047244
11
1.2003140551181102
21
0.5566094881889764
0
LINE
8
BLACK
6
CONTINUOUS
10
1.2003140551181102
20
0.5566094881889764
11
1.2007090157480316
21
0.5559253543307087
0
LINE
8
BLACK
6
CONTINUOUS
10
1.2007090157480316
20
0.5559253543307087
11
1.2012675590551181
21
0.5553668503937008
0
LINE
8
BLACK
6
CONTINUOUS
10
1.2012675590551181
20
0.5553668503937008
11
1.201471968503937
21
0.5546038582677165
0
LINE
8
BLACK
6
CONTINUOUS
10
1.201471968503937
20
0.5546038582677165
11
1.2018669685039369
21
0.5539197637795276
0
LINE
8
BLACK
6
CONTINUOUS
10
1.2018669685039369
20
0.5539197637795276
11
1.2018669685039369
21
0.553129842519685
0
LINE
8
BLACK
6
CONTINUOUS
10
1.2018669685039369
20
0.553129842519685
11
1.2020714173228346
21
0.5523668503937008
0
LINE
8
BLACK
6
CONTINUOUS
10
1.2020714173228346
20
0.5523668503937008
11
1.2018669685039369
21
0.5516038188976378
0
LINE
8
BLACK
6
CONTINUOUS
10
1.2018669685039369
20
0.5516038188976378
11
1.2018669685039369
21
0.550813937007874
0
LINE
8
BLACK
6
CONTINUOUS
10
1.2018669685039369
20
0.550813937007874
11
1.201471968503937
21
0.5501298031496062
0
LINE
8
BLACK
6
CONTINUOUS
10
1.201471968503937
20
0.5501298031496062
11
1.2012675590551181
21
0.5493668503937008
0
LINE
8
BLACK
6
CONTINUOUS
10
1.2012675590551181
20
0.5493668503937008
11
1.2007090157480316
21
0.5488083070866142
0
LINE
8
BLACK
6
CONTINUOUS
10
1.2007090157480316
20
0.5488083070866142
11
1.2003140551181102
21
0.5481242125984251
0
LINE
8
BLACK
6
CONTINUOUS
10
1.2003140551181102
20
0.5481242125984251
11
1.1996299212598425
21
0.5477292125984252
0
LINE
8
BLACK
6
CONTINUOUS
10
1.1996299212598425
20
0.5477292125984252
11
1.1990714173228345
21
0.5471707086614173
0
LINE
8
BLACK
6
CONTINUOUS
10
1.1990714173228345
20
0.5471707086614173
11
1.1983084251968503
21
0.5469662598425197
0
LINE
8
BLACK
6
CONTINUOUS
10
1.1983084251968503
20
0.5469662598425197
11
1.1976243307086614
21
0.5465712992125984
0
LINE
8
BLACK
6
CONTINUOUS
10
1.1976243307086614
20
0.5465712992125984
11
1.1968344094488188
21
0.5465712992125984
0
LINE
8
BLACK
6
CONTINUOUS
10
1.1968344094488188
20
0.5465712992125984
11
1.1960714173228346
21
0.5463668503937008
0
LINE
8
BLACK
6
CONTINUOUS
10
1.1960714173228346
20
0.5463668503937008
11
1.1589285826771654
21
0.5463668503937008
0
LINE
8
BLACK
6
CONTINUOUS
10
1.1589285826771654
20
0.5463668503937008
11
1.1559285826771653
21
0.5471707086614173
0
LINE
8
BLACK
6
CONTINUOUS
10
1.1559285826771653
20
0.5471707086614173
11
1.1537324409448819
21
0.5493668503937008
0
LINE
8
BLACK
6
CONTINUOUS
10
1.1537324409448819
20
0.5493668503937008
11
1.1529285826771654
21
0.5523668503937008
0
LINE
8
BLACK
6
CONTINUOUS
10
1.1529285826771654
20
0.5523668503937008
11
1.1537324409448819
21
0.5553668503937008
0
LINE
8
BLACK
6
CONTINUOUS
10
1.1537324409448819
20
0.5553668503937008
11
1.1559285826771653
21
0.5575629921259843
0
LINE
8
BLACK
6
CONTINUOUS
10
1.1559285826771653
20
0.5575629921259843
11
1.1589285826771654
21
0.5583668503937008
0
LINE
8
BLACK
6
CONTINUOUS
10
1.1589285826771654
20
0.5583668503937008
11
1.1815861417322835
21
0.5583668503937008
0
LINE
8
BLACK
6
CONTINUOUS
10
1.1815861417322835
20
0.5583668503937008
11
1.1575430708661416
21
0.5824099212598425
0
LINE
8
BLACK
6
CONTINUOUS
10
1.1575430708661416
20
0.5824099212598425
11
1.1568534645669291
21
0.5836042913385827
0
LINE
8
BLACK
6
CONTINUOUS
10
1.1568534645669291
20
0.5836042913385827
11
1.156093622047244
21
0.5847551968503937
0
LINE
8
BLACK
6
CONTINUOUS
10
1.156093622047244
20
0.5847551968503937
11
1.1532364960629922
21
0.593326653543307
0
LINE
8
BLACK
6
CONTINUOUS
10
1.1532364960629922
20
0.593326653543307
11
1.1531785826771652
21
0.5942908661417323
0
LINE
8
BLACK
6
CONTINUOUS
10
1.1531785826771652
20
0.5942908661417323
11
1.1529285826771654
21
0.5952240157480315
0
LINE
8
BLACK
6
CONTINUOUS
10
1.1529285826771654
20
0.5952240157480315
11
1.1529285826771654
21
0.6009382677165355
0
LINE
8
BLACK
6
CONTINUOUS
10
1.1529285826771654
20
0.6009382677165355
11
1.1532855118110237
21
0.6022703543307086
0
LINE
8
BLACK
6
CONTINUOUS
10
1.1532855118110237
20
0.6022703543307086
11
1.1535620078740156
21
0.6036215354330708
0
LINE
8
BLACK
6
CONTINUOUS
10
1.1535620078740156
20
0.6036215354330708
11
1.1564191338582677
21
0.6093358267716535
0
LINE
8
BLACK
6
CONTINUOUS
10
1.1564191338582677
20
0.6093358267716535
11
1.1570600787401575
21
0.610058622047244
0
LINE
8
BLACK
6
CONTINUOUS
10
1.1570600787401575
20
0.610058622047244
11
1.1575430708661416
21
0.6108951968503937
0
LINE
8
BLACK
6
CONTINUOUS
10
1.1575430708661416
20
0.6108951968503937
11
1.1604002362204724
21
0.6137523622047244
0
LINE
8
BLACK
6
CONTINUOUS
10
1.1604002362204724
20
0.6137523622047244
11
1.161236811023622
21
0.6142353543307086
0
LINE
8
BLACK
6
CONTINUOUS
10
1.161236811023622
20
0.6142353543307086
11
1.1619596062992126
21
0.6148762992125985
0
LINE
8
BLACK
6
CONTINUOUS
10
1.1619596062992126
20
0.6148762992125985
11
1.1676738582677164
21
0.6177334251968504
0
LINE
8
BLACK
6
CONTINUOUS
10
1.1676738582677164
20
0.6177334251968504
11
1.1690250787401575
21
0.6180099212598426
0
LINE
8
BLACK
6
CONTINUOUS
10
1.1690250787401575
20
0.6180099212598426
11
1.170357125984252
21
0.6183668503937008
0
LINE
8
BLACK
6
CONTINUOUS
10
1.170357125984252
20
0.6183668503937008
11
1.184642874015748
21
0.6183668503937008
0
LINE
8
BLACK
6
CONTINUOUS
10
1.184642874015748
20
0.6183668503937008
11
1.1859748818897637
21
0.6180099212598426
0
LINE
8
BLACK
6
CONTINUOUS
10
1.253357125984252
20
0.6175629921259842
11
1.2555532677165353
21
0.6153668503937008
0
LINE
8
BLACK
6
CONTINUOUS
10
1.2555532677165353
20
0.6153668503937008
11
1.2563571259842519
21
0.6123668503937008
0
LINE
8
BLACK
6
CONTINUOUS
10
1.2563571259842519
20
0.6123668503937008
11
1.2563571259842519
21
0.5523668503937008
0
LINE
8
BLACK
6
CONTINUOUS
10
1.2563571259842519
20
0.5523668503937008
11
1.2555532677165353
21
0.5493668503937008
0
LINE
8
BLACK
6
CONTINUOUS
10
1.2555532677165353
20
0.5493668503937008
11
1.253357125984252
21
0.5471707086614173
0
LINE
8
BLACK
6
CONTINUOUS
10
1.253357125984252
20
0.5471707086614173
11
1.2503571259842519
21
0.5463668503937008
0
LINE
8
BLACK
6
CONTINUOUS
10
1.2503571259842519
20
0.5463668503937008
11
1.2360714173228347
21
0.5463668503937008
0
LINE
8
BLACK
6
CONTINUOUS
10
1.2360714173228347
20
0.5463668503937008
11
1.2351382677165355
21
0.5466168503937008
0
LINE
8
BLACK
6
CONTINUOUS
10
1.2351382677165355
20
0.5466168503937008
11
1.2341740551181102
21
0.5466747637795275
0
LINE
8
BLACK
6
CONTINUOUS
10
1.2341740551181102
20
0.5466747637795275
11
1.2256025984251968
21
0.5495319291338583
0
LINE
8
BLACK
6
CONTINUOUS
10
1.2256025984251968
20
0.5495319291338583
11
1.2244517716535432
21
0.5502917322834645
0
LINE
8
BLACK
6
CONTINUOUS
10
1.2244517716535432
20
0.5502917322834645
11
1.2232573622047245
21
0.5509813779527559
0
LINE
8
BLACK
6
CONTINUOUS
10
1.2232573622047245
20
0.5509813779527559
11
1.2175430708661417
21
0.5566956299212599
0
LINE
8
BLACK
6
CONTINUOUS
10
1.2175430708661417
20
0.5566956299212599
11
1.2170600787401575
21
0.5575321653543307
0
LINE
8
BLACK
6
CONTINUOUS
10
1.2170600787401575
20
0.5575321653543307
11
1.2164191338582677
21
0.5582549999999999
0
LINE
8
BLACK
6
CONTINUOUS
10
1.2164191338582677
20
0.5582549999999999
11
1.2135620078740157
21
0.5639692913385826
0
LINE
8
BLACK
6
CONTINUOUS
10
1.2135620078740157
20
0.5639692913385826
11
1.2134292125984252
21
0.5646181496062992
0
LINE
8
BLACK
6
CONTINUOUS
10
1.2134292125984252
20
0.5646181496062992
11
1.2131077165354331
21
0.5651973228346456
0
LINE
8
BLACK
6
CONTINUOUS
10
1.2131077165354331
20
0.5651973228346456
11
1.2102505511811024
21
0.576625905511811
0
LINE
8
BLACK
6
CONTINUOUS
10
1.2102505511811024
20
0.576625905511811
11
1.2102629921259842
21
0.5773661023622048
0
LINE
8
BLACK
6
CONTINUOUS
10
1.2102629921259842
20
0.5773661023622048
11
1.2100714173228346
21
0.5780811417322834
0
LINE
8
BLACK
6
CONTINUOUS
10
1.2100714173228346
20
0.5780811417322834
11
1.2100714173228346
21
0.5866525590551182
0
LINE
8
BLACK
6
CONTINUOUS
10
1.2100714173228346
20
0.5866525590551182
11
1.2102629921259842
21
0.5873675590551181
0
LINE
8
BLACK
6
CONTINUOUS
10
1.2102629921259842
20
0.5873675590551181
11
1.2102505511811024
21
0.5881077952755905
0
LINE
8
BLACK
6
CONTINUOUS
10
1.2102505511811024
20
0.5881077952755905
11
1.2131077165354331
21
0.5995363779527559
0
LINE
8
BLACK
6
CONTINUOUS
10
1.2131077165354331
20
0.5995363779527559
11
1.2134292125984252
21
0.6001155118110236
0
LINE
8
BLACK
6
CONTINUOUS
10
1.2134292125984252
20
0.6001155118110236
11
1.2135620078740157
21
0.6007644094488189
0
LINE
8
BLACK
6
CONTINUOUS
10
1.2135620078740157
20
0.6007644094488189
11
1.2164191338582677
21
0.6064787007874015
0
LINE
8
BLACK
6
CONTINUOUS
10
1.2164191338582677
20
0.6064787007874015
11
1.2170600787401575
21
0.6072014960629921
0
LINE
8
BLACK
6
CONTINUOUS
10
1.2170600787401575
20
0.6072014960629921
11
1.2175430708661417
21
0.6080380708661417
0
LINE
8
BLACK
6
CONTINUOUS
10
1.2175430708661417
20
0.6080380708661417
11
1.2232573622047245
21
0.6137523622047244
0
LINE
8
BLACK
6
CONTINUOUS
10
1.2232573622047245
20
0.6137523622047244
11
1.2244517322834645
21
0.6144419291338582
0
LINE
8
BLACK
6
CONTINUOUS
10
1.2244517322834645
20
0.6144419291338582
11
1.2256026377952756
21
0.615201811023622
0
LINE
8
BLACK
6
CONTINUOUS
10
1.2256026377952756
20
0.615201811023622
11
1.2341740551181102
21
0.6180589763779527
0
LINE
8
BLACK
6
CONTINUOUS
10
1.2341740551181102
20
0.6180589763779527
11
1.2351384251968505
21
0.6181168503937008
0
LINE
8
BLACK
6
CONTINUOUS
10
1.2351384251968505
20
0.6181168503937008
11
1.2360714173228347
21
0.6183668503937008
0
LINE
8
BLACK
6
CONTINUOUS
10
1.2360714173228347
20
0.6183668503937008
11
1.2503571259842519
21
0.6183668503937008
0
LINE
8
BLACK
6
CONTINUOUS
10
1.2503571259842519
20
0.6183668503937008
11
1.253357125984252
21
0.6175629921259842
0
LINE
8
BLACK
6
CONTINUOUS
10
1.230741062992126
20
0.6042655118110236
11
1.2267168503937007
21
0.6002412992125984
0
LINE
8
BLACK
6
CONTINUOUS
10
1.2267168503937007
20
0.6002412992125984
11
1.22458968503937
21
0.5959870078740157
0
LINE
8
BLACK
6
CONTINUOUS
10
1.22458968503937
20
0.5959870078740157
11
1.2220714173228346
21
0.5859138188976378
0
LINE
8
BLACK
6
CONTINUOUS
10
1.2220714173228346
20
0.5859138188976378
11
1.2220714173228346
21
0.578819842519685
0
LINE
8
BLACK
6
CONTINUOUS
10
1.2220714173228346
20
0.578819842519685
11
1.22458968503937
21
0.5687466535433071
0
LINE
8
BLACK
6
CONTINUOUS
10
1.22458968503937
20
0.5687466535433071
11
1.2267168503937007
21
0.5644924015748032
0
LINE
8
BLACK
6
CONTINUOUS
10
1.2267168503937007
20
0.5644924015748032
11
1.230741062992126
21
0.560468188976378
0
LINE
8
BLACK
6
CONTINUOUS
10
1.230741062992126
20
0.560468188976378
11
1.2370450787401575
21
0.5583668503937008
0
LINE
8
BLACK
6
CONTINUOUS
10
1.2370450787401575
20
0.5583668503937008
11
1.2443571259842519
21
0.5583668503937008
0
LINE
8
BLACK
6
CONTINUOUS
10
1.2443571259842519
20
0.5583668503937008
11
1.2443571259842519
21
0.6063668503937008
0
LINE
8
BLACK
6
CONTINUOUS
10
1.2443571259842519
20
0.6063668503937008
11
1.2370450393700787
21
0.6063668503937008
0
LINE
8
BLACK
6
CONTINUOUS
10
1.2370450393700787
20
0.6063668503937008
11
1.230741062992126
21
0.6042655118110236
0
LINE
8
BLACK
6
CONTINUOUS
10
1.4059099212598425
20
0.7733258661417323
11
1.4074571653543306
21
0.7720275590551181
0
LINE
8
BLACK
6
CONTINUOUS
10
1.4074571653543306
20
0.7720275590551181
11
1.4078079133858268
21
0.7700384251968504
0
LINE
8
BLACK
6
CONTINUOUS
10
1.4078079133858268
20
0.7700384251968504
11
1.4067979921259841
21
0.768289251968504
0
LINE
8
BLACK
6
CONTINUOUS
10
1.4067979921259841
20
0.768289251968504
11
1.4049
21
0.7675984251968504
0
LINE
8
BLACK
6
CONTINUOUS
10
1.4049
20
0.7675984251968504
11
1.3901181102362203
21
0.7675984251968504
0
LINE
8
BLACK
6
CONTINUOUS
10
1.3901181102362203
20
0.7675984251968504
11
1.3901181102362203
21
0.7538527559055118
0
LINE
8
BLACK
6
CONTINUOUS
10
1.3901181102362203
20
0.7538527559055118
11
1.4049
21
0.7538527559055118
0
LINE
8
BLACK
6
CONTINUOUS
10
1.4049
20
0.7538527559055118
11
1.4059099212598425
21
0.7536746850393701
0
LINE
8
BLACK
6
CONTINUOUS
10
1.4059099212598425
20
0.7536746850393701
11
1.4074571653543306
21
0.7523763779527559
0
LINE
8
BLACK
6
CONTINUOUS
10
1.4074571653543306
20
0.7523763779527559
11
1.4078079133858268
21
0.7503872440944882
0
LINE
8
BLACK
6
CONTINUOUS
10
1.4078079133858268
20
0.7503872440944882
11
1.4067979921259841
21
0.7486380708661418
0
LINE
8
BLACK
6
CONTINUOUS
10
1.4067979921259841
20
0.7486380708661418
11
1.4049
21
0.7479472440944882
0
LINE
8
BLACK
6
CONTINUOUS
10
1.4049
20
0.7479472440944882
11
1.3901181102362203
21
0.7479472440944882
0
LINE
8
BLACK
6
CONTINUOUS
10
1.3901181102362203
20
0.7479472440944882
11
1.3901181102362203
21
0.5924015748031496
0
LINE
8
BLACK
6
CONTINUOUS
10
1.3901181102362203
20
0.5924015748031496
11
1.4049
21
0.5924015748031496
0
LINE
8
BLACK
6
CONTINUOUS
10
1.4049
20
0.5924015748031496
11
1.4059099212598425
21
0.5922235039370078
0
LINE
8
BLACK
6
CONTINUOUS
10
1.4059099212598425
20
0.5922235039370078
11
1.4074571653543306
21
0.5909251968503937
0
LINE
8
BLACK
6
CONTINUOUS
10
1.4074571653543306
20
0.5909251968503937
11
1.4078079133858268
21
0.588936062992126
0
LINE
8
BLACK
6
CONTINUOUS
10
1.4078079133858268
20
0.588936062992126
11
1.4067979921259841
21
0.5871868897637795
0
LINE
8
BLACK
6
CONTINUOUS
10
1.4067979921259841
20
0.5871868897637795
11
1.4049
21
0.586496062992126
0
LINE
8
BLACK
6
CONTINUOUS
10
1.4049
20
0.586496062992126
11
1.3871653543307085
21
0.586496062992126
0
LINE
8
BLACK
6
CONTINUOUS
10
1.3871653543307085
20
0.586496062992126
11
1.3867818110236221
21
0.5865636614173229
0
LINE
8
BLACK
6
CONTINUOUS
10
1.3867818110236221
20
0.5865636614173229
11
1.3866525984251967
21
0.586540905511811
0
LINE
8
BLACK
6
CONTINUOUS
10
1.3866525984251967
20
0.586540905511811
11
1.3865389763779528
21
0.5866064960629921
0
LINE
8
BLACK
6
CONTINUOUS
10
1.3865389763779528
20
0.5866064960629921
11
1.3861554330708661
21
0.5866741338582677
0
LINE
8
BLACK
6
CONTINUOUS
10
1.3861554330708661
20
0.5866741338582677
11
1.385567716535433
21
0.5871672440944882
0
LINE
8
BLACK
6
CONTINUOUS
10
1.385567716535433
20
0.5871672440944882
11
1.3849034251968504
21
0.5875508267716535
0
LINE
8
BLACK
6
CONTINUOUS
10
1.3849034251968504
20
0.5875508267716535
11
1.3848122834645669
21
0.5878011417322835
0
LINE
8
BLACK
6
CONTINUOUS
10
1.3848122834645669
20
0.5878011417322835
11
1.3846081889763779
21
0.5879724409448819
0
LINE
8
BLACK
6
CONTINUOUS
10
1.3846081889763779
20
0.5879724409448819
11
1.3844749212598424
21
0.5887279921259843
0
LINE
8
BLACK
6
CONTINUOUS
10
1.3844749212598424
20
0.5887279921259843
11
1.3842125984251967
21
0.5894488188976378
0
LINE
8
BLACK
6
CONTINUOUS
10
1.3842125984251967
20
0.5894488188976378
11
1.3842125984251967
21
0.7705511811023622
0
LINE
8
BLACK
6
CONTINUOUS
10
1.3842125984251967
20
0.7705511811023622
11
1.3842801968503937
21
0.77093468503937
0
LINE
8
BLACK
6
CONTINUOUS
10
1.3842801968503937
20
0.77093468503937
11
1.3842574409448818
21
0.771063937007874
0
LINE
8
BLACK
6
CONTINUOUS
10
1.3842574409448818
20
0.771063937007874
11
1.3843230314960631
21
0.7711775196850393
0
LINE
8
BLACK
6
CONTINUOUS
10
1.3843230314960631
20
0.7711775196850393
11
1.3843906692913386
21
0.7715611023622047
0
LINE
8
BLACK
6
CONTINUOUS
10
1.3843906692913386
20
0.7715611023622047
11
1.384883779527559
21
0.772148779527559
0
LINE
8
BLACK
6
CONTINUOUS
10
1.384883779527559
20
0.772148779527559
11
1.3852673622047245
21
0.7728131102362205
0
LINE
8
BLACK
6
CONTINUOUS
10
1.3852673622047245
20
0.7728131102362205
11
1.3855176771653543
21
0.7729042125984252
0
LINE
8
BLACK
6
CONTINUOUS
10
1.3855176771653543
20
0.7729042125984252
11
1.3856889763779527
21
0.7731083464566929
0
LINE
8
BLACK
6
CONTINUOUS
10
1.3856889763779527
20
0.7731083464566929
11
1.3864445275590551
21
0.7732415748031496
0
LINE
8
BLACK
6
CONTINUOUS
10
1.3864445275590551
20
0.7732415748031496
11
1.3871653543307085
21
0.773503937007874
0
LINE
8
BLACK
6
CONTINUOUS
10
1.3871653543307085
20
0.773503937007874
11
1.4049
21
0.773503937007874
0
LINE
8
BLACK
6
CONTINUOUS
10
1.4049
20
0.773503937007874
11
1.4059099212598425
21
0.7733258661417323
0
LINE
8
BLACK
6
CONTINUOUS
10
1.5332181496062991
20
0.7734362992125984
11
1.5333474015748032
21
0.7734590944881889
0
LINE
8
BLACK
6
CONTINUOUS
10
1.5333474015748032
20
0.7734590944881889
11
1.5334609842519684
21
0.7733934645669291
0
LINE
8
BLACK
6
CONTINUOUS
10
1.5334609842519684
20
0.7733934645669291
11
1.5338445669291338
21
0.7733258661417323
0
LINE
8
BLACK
6
CONTINUOUS
10
1.5338445669291338
20
0.7733258661417323
11
1.5344322440944882
21
0.7728327165354331
0
LINE
8
BLACK
6
CONTINUOUS
10
1.5344322440944882
20
0.7728327165354331
11
1.5350965748031495
21
0.7724491732283464
0
LINE
8
BLACK
6
CONTINUOUS
10
1.5350965748031495
20
0.7724491732283464
11
1.5351876771653543
21
0.7721988188976378
0
LINE
8
BLACK
6
CONTINUOUS
10
1.5351876771653543
20
0.7721988188976378
11
1.535391811023622
21
0.7720275590551181
0
LINE
8
BLACK
6
CONTINUOUS
10
1.535391811023622
20
0.7720275590551181
11
1.5355250393700788
21
0.771271968503937
0
LINE
8
BLACK
6
CONTINUOUS
10
1.5355250393700788
20
0.771271968503937
11
1.5357874015748032
21
0.7705511811023622
0
LINE
8
BLACK
6
CONTINUOUS
10
1.5357874015748032
20
0.7705511811023622
11
1.5357874015748032
21
0.5894488188976378
0
LINE
8
BLACK
6
CONTINUOUS
10
1.5357874015748032
20
0.5894488188976378
11
1.5357197637795275
21
0.5890652755905512
0
LINE
8
BLACK
6
CONTINUOUS
10
1.5357197637795275
20
0.5890652755905512
11
1.5357425590551181
21
0.588936062992126
0
LINE
8
BLACK
6
CONTINUOUS
10
1.5357425590551181
20
0.588936062992126
11
1.5356769291338583
21
0.5888224409448819
0
LINE
8
BLACK
6
CONTINUOUS
10
1.5356769291338583
20
0.5888224409448819
11
1.5356093307086613
21
0.5884388976377952
0
LINE
8
BLACK
6
CONTINUOUS
10
1.5356093307086613
20
0.5884388976377952
11
1.5351161811023621
21
0.5878511811023622
0
LINE
8
BLACK
6
CONTINUOUS
10
1.5351161811023621
20
0.5878511811023622
11
1.5347326377952755
21
0.5871868897637795
0
LINE
8
BLACK
6
CONTINUOUS
10
1.5347326377952755
20
0.5871868897637795
11
1.5344822834645668
21
0.587095748031496
0
LINE
8
BLACK
6
CONTINUOUS
10
1.5344822834645668
20
0.587095748031496
11
1.5343110236220472
21
0.5868916535433071
0
LINE
8
BLACK
6
CONTINUOUS
10
1.5343110236220472
20
0.5868916535433071
11
1.5335554330708661
21
0.5867583858267716
0
LINE
8
BLACK
6
CONTINUOUS
10
1.5335554330708661
20
0.5867583858267716
11
1.5328346456692914
21
0.586496062992126
0
LINE
8
BLACK
6
CONTINUOUS
10
1.5328346456692914
20
0.586496062992126
11
1.5150999999999999
21
0.586496062992126
0
LINE
8
BLACK
6
CONTINUOUS
10
1.5150999999999999
20
0.586496062992126
11
1.5140900787401574
21
0.5866741338582677
0
LINE
8
BLACK
6
CONTINUOUS
10
1.5140900787401574
20
0.5866741338582677
11
1.5125428346456693
21
0.5879724409448819
0
LINE
8
BLACK
6
CONTINUOUS
10
1.5125428346456693
20
0.5879724409448819
11
1.5121920866141731
21
0.5899615748031496
0
LINE
8
BLACK
6
CONTINUOUS
10
1.5121920866141731
20
0.5899615748031496
11
1.5132020078740158
21
0.591710748031496
0
LINE
8
BLACK
6
CONTINUOUS
10
1.5132020078740158
20
0.591710748031496
11
1.5150999999999999
21
0.5924015748031496
0
LINE
8
BLACK
6
CONTINUOUS
10
1.5150999999999999
20
0.5924015748031496
11
1.5298818897637796
21
0.5924015748031496
0
LINE
8
BLACK
6
CONTINUOUS
10
1.5298818897637796
20
0.5924015748031496
11
1.5298818897637796
21
0.7479472440944882
0
LINE
8
BLACK
6
CONTINUOUS
10
1.5298818897637796
20
0.7479472440944882
11
1.5150999999999999
21
0.7479472440944882
0
LINE
8
BLACK
6
CONTINUOUS
10
1.5150999999999999
20
0.7479472440944882
11
1.5140900787401574
21
0.74812531496063
0
LINE
8
BLACK
6
CONTINUOUS
10
1.5140900787401574
20
0.74812531496063
11
1.5125428346456693
21
0.7494236220472441
0
LINE
8
BLACK
6
CONTINUOUS
10
1.5125428346456693
20
0.7494236220472441
11
1.5121920866141731
21
0.7514127559055118
0
LINE
8
BLACK
6
CONTINUOUS
10
1.5121920866141731
20
0.7514127559055118
11
1.5132020078740158
21
0.7531619291338583
0
LINE
8
BLACK
6
CONTINUOUS
10
1.5132020078740158
20
0.7531619291338583
11
1.5150999999999999
21
0.7538527559055118
0
LINE
8
BLACK
6
CONTINUOUS
10
1.5150999999999999
20
0.7538527559055118
11
1.5298818897637796
21
0.7538527559055118
0
LINE
8
BLACK
6
CONTINUOUS
10
1.5298818897637796
20
0.7538527559055118
11
1.5298818897637796
21
0.7675984251968504
0
LINE
8
BLACK
6
CONTINUOUS
10
1.5298818897637796
20
0.7675984251968504
11
1.5150999999999999
21
0.7675984251968504
0
LINE
8
BLACK
6
CONTINUOUS
10
1.5150999999999999
20
0.7675984251968504
11
1.5140900787401574
21
0.7677764960629921
0
LINE
8
BLACK
6
CONTINUOUS
10
1.5140900787401574
20
0.7677764960629921
11
1.5125428346456693
21
0.7690748031496063
0
LINE
8
BLACK
6
CONTINUOUS
10
1.5125428346456693
20
0.7690748031496063
11
1.5121920866141731
21
0.771063937007874
0
LINE
8
BLACK
6
CONTINUOUS
10
1.5121920866141731
20
0.771063937007874
11
1.5132020078740158
21
0.7728131102362205
0
LINE
8
BLACK
6
CONTINUOUS
10
1.5132020078740158
20
0.7728131102362205
11
1.5150999999999999
21
0.773503937007874
0
LINE
8
BLACK
6
CONTINUOUS
10
1.5150999999999999
20
0.773503937007874
11
1.5328346456692914
21
0.773503937007874
0
LINE
8
BLACK
6
CONTINUOUS
10
1.5328346456692914
20
0.773503937007874
11
1.5332181496062991
21
0.7734362992125984
0
LINE
8
BLACK
6
CONTINUOUS
10
1.4775364960629922
20
0.6417144881889764
11
1.4788878346456693
21
0.6414379921259843
0
LINE
8
BLACK
6
CONTINUOUS
10
1.4788878346456693
20
0.6414379921259843
11
1.4846021259842519
21
0.6385808267716535
0
LINE
8
BLACK
6
CONTINUOUS
10
1.4846021259842519
20
0.6385808267716535
11
1.4853249212598425
21
0.6379398425196851
0
LINE
8
BLACK
6
CONTINUOUS
10
1.4853249212598425
20
0.6379398425196851
11
1.4861614173228346
21
0.6374569291338582
0
LINE
8
BLACK
6
CONTINUOUS
10
1.4861614173228346
20
0.6374569291338582
11
1.4890186220472441
21
0.6345998031496063
0
LINE
8
BLACK
6
CONTINUOUS
10
1.4890186220472441
20
0.6345998031496063
11
1.489501653543307
21
0.6337630708661417
0
LINE
8
BLACK
6
CONTINUOUS
10
1.489501653543307
20
0.6337630708661417
11
1.4901425590551181
21
0.6330403937007874
0
LINE
8
BLACK
6
CONTINUOUS
10
1.4901425590551181
20
0.6330403937007874
11
1.4929996850393701
21
0.6273261023622048
0
LINE
8
BLACK
6
CONTINUOUS
10
1.4929996850393701
20
0.6273261023622048
11
1.4932761417322835
21
0.6259749212598426
0
LINE
8
BLACK
6
CONTINUOUS
10
1.4932761417322835
20
0.6259749212598426
11
1.4936331102362204
21
0.6246428346456693
0
LINE
8
BLACK
6
CONTINUOUS
10
1.4936331102362204
20
0.6246428346456693
11
1.4936331102362204
21
0.6132142519685039
0
LINE
8
BLACK
6
CONTINUOUS
10
1.4936331102362204
20
0.6132142519685039
11
1.4932761811023623
21
0.6118822047244095
0
LINE
8
BLACK
6
CONTINUOUS
10
1.4932761811023623
20
0.6118822047244095
11
1.4929996850393701
21
0.6105309842519685
0
LINE
8
BLACK
6
CONTINUOUS
10
1.4929996850393701
20
0.6105309842519685
11
1.4901425590551181
21
0.6048167322834646
0
LINE
8
BLACK
6
CONTINUOUS
10
1.4901425590551181
20
0.6048167322834646
11
1.4895016141732282
21
0.6040939370078739
0
LINE
8
BLACK
6
CONTINUOUS
10
1.4895016141732282
20
0.6040939370078739
11
1.4890186220472441
21
0.6032573622047244
0
LINE
8
BLACK
6
CONTINUOUS
10
1.4890186220472441
20
0.6032573622047244
11
1.4861614566929133
21
0.6004001968503937
0
LINE
8
BLACK
6
CONTINUOUS
10
1.4861614566929133
20
0.6004001968503937
11
1.4853248818897637
21
0.5999172047244095
0
LINE
8
BLACK
6
CONTINUOUS
10
1.4853248818897637
20
0.5999172047244095
11
1.4846020866141731
21
0.5992762598425196
0
LINE
8
BLACK
6
CONTINUOUS
10
1.4846020866141731
20
0.5992762598425196
11
1.4788877952755906
21
0.5964191338582677
0
LINE
8
BLACK
6
CONTINUOUS
10
1.4788877952755906
20
0.5964191338582677
11
1.4775366141732282
21
0.5961426377952755
0
LINE
8
BLACK
6
CONTINUOUS
10
1.4775366141732282
20
0.5961426377952755
11
1.4762045275590552
21
0.5957857086614173
0
LINE
8
BLACK
6
CONTINUOUS
10
1.4762045275590552
20
0.5957857086614173
11
1.4619188188976378
21
0.5957857086614173
0
LINE
8
BLACK
6
CONTINUOUS
10
1.4619188188976378
20
0.5957857086614173
11
1.4605866929133857
21
0.5961426377952755
0
LINE
8
BLACK
6
CONTINUOUS
10
1.4605866929133857
20
0.5961426377952755
11
1.4592355511811024
21
0.5964191338582677
0
LINE
8
BLACK
6
CONTINUOUS
10
1.4592355511811024
20
0.5964191338582677
11
1.4535212598425196
21
0.5992762598425196
0
LINE
8
BLACK
6
CONTINUOUS
10
1.4535212598425196
20
0.5992762598425196
11
1.4527985433070867
21
0.599917125984252
0
LINE
8
BLACK
6
CONTINUOUS
10
1.4527985433070867
20
0.599917125984252
11
1.4519618503937008
21
0.6004001968503937
0
LINE
8
BLACK
6
CONTINUOUS
10
1.4519618503937008
20
0.6004001968503937
11
1.4491047244094488
21
0.6032574015748031
0
LINE
8
BLACK
6
CONTINUOUS
10
1.4491047244094488
20
0.6032574015748031
11
1.4486217322834645
21
0.6040939763779527
0
LINE
8
BLACK
6
CONTINUOUS
10
1.4486217322834645
20
0.6040939763779527
11
1.4479808661417322
21
0.6048166929133858
0
LINE
8
BLACK
6
CONTINUOUS
10
1.4479808661417322
20
0.6048166929133858
11
1.4451237007874016
21
0.6105309448818897
0
LINE
8
BLACK
6
CONTINUOUS
10
1.4451237007874016
20
0.6105309448818897
11
1.4448472047244094
21
0.6118819685039369
0
LINE
8
BLACK
6
CONTINUOUS
10
1.4448472047244094
20
0.6118819685039369
11
1.4444902362204723
21
0.6132142519685039
0
LINE
8
BLACK
6
CONTINUOUS
10
1.4444902362204723
20
0.6132142519685039
11
1.4444902362204723
21
0.6246428346456693
0
LINE
8
BLACK
6
CONTINUOUS
10
1.4444902362204723
20
0.6246428346456693
11
1.4448471259842519
21
0.6259748031496063
0
LINE
8
BLACK
6
CONTINUOUS
10
1.4448471259842519
20
0.6259748031496063
11
1.4451236614173228
21
0.6273261417322834
0
LINE
8
BLACK
6
CONTINUOUS
10
1.4451236614173228
20
0.6273261417322834
11
1.4454120078740158
21
0.6279028740157481
0
LINE
8
BLACK
6
CONTINUOUS
10
1.4454120078740158
20
0.6279028740157481
11
1.4443822440944882
21
0.6276454330708662
0
LINE
8
BLACK
6
CONTINUOUS
10
1.4443822440944882
20
0.6276454330708662
11
1.437169842519685
21
0.6228371653543306
0
LINE
8
BLACK
6
CONTINUOUS
10
1.437169842519685
20
0.6228371653543306
11
1.4354213779527558
21
0.6210887007874015
0
LINE
8
BLACK
6
CONTINUOUS
10
1.4354213779527558
20
0.6210887007874015
11
1.4336331102362205
21
0.617512125984252
0
LINE
8
BLACK
6
CONTINUOUS
10
1.4336331102362205
20
0.617512125984252
11
1.4336331102362205
21
0.6075
0
LINE
8
BLACK
6
CONTINUOUS
10
1.4336331102362205
20
0.6075
11
1.432829251968504
21
0.6045
0
LINE
8
BLACK
6
CONTINUOUS
10
1.432829251968504
20
0.6045
11
1.4306331102362204
21
0.6023038582677165
0
LINE
8
BLACK
6
CONTINUOUS
10
1.4306331102362204
20
0.6023038582677165
11
1.4276331102362205
21
0.6015
0
LINE
8
BLACK
6
CONTINUOUS
10
1.4276331102362205
20
0.6015
11
1.4246331102362204
21
0.6023038582677165
0
LINE
8
BLACK
6
CONTINUOUS
10
1.4246331102362204
20
0.6023038582677165
11
1.4224369685039371
21
0.6045
0
LINE
8
BLACK
6
CONTINUOUS
10
1.4224369685039371
20
0.6045
11
1.4216331102362205
21
0.6075
0
LINE
8
BLACK
6
CONTINUOUS
10
1.4216331102362205
20
0.6075
11
1.4216331102362205
21
0.6189285433070866
0
LINE
8
BLACK
6
CONTINUOUS
10
1.4216331102362205
20
0.6189285433070866
11
1.4219900393700786
21
0.6202606299212599
0
LINE
8
BLACK
6
CONTINUOUS
10
1.4219900393700786
20
0.6202606299212599
11
1.4222665354330708
21
0.6216118110236221
0
LINE
8
BLACK
6
CONTINUOUS
10
1.4222665354330708
20
0.6216118110236221
11
1.4251236614173228
21
0.6273261023622048
0
LINE
8
BLACK
6
CONTINUOUS
10
1.4251236614173228
20
0.6273261023622048
11
1.4257646062992126
21
0.6280488976377953
0
LINE
8
BLACK
6
CONTINUOUS
10
1.4257646062992126
20
0.6280488976377953
11
1.4262475984251968
21
0.6288854724409448
0
LINE
8
BLACK
6
CONTINUOUS
10
1.4262475984251968
20
0.6288854724409448
11
1.4291047637795276
21
0.6317426377952756
0
LINE
8
BLACK
6
CONTINUOUS
10
1.4291047637795276
20
0.6317426377952756
11
1.429623622047244
21
0.6320422047244094
0
LINE
8
BLACK
6
CONTINUOUS
10
1.429623622047244
20
0.6320422047244094
11
1.4300192125984252
21
0.6324923228346456
0
LINE
8
BLACK
6
CONTINUOUS
10
1.4300192125984252
20
0.6324923228346456
11
1.4385906299212599
21
0.6382065354330708
0
LINE
8
BLACK
6
CONTINUOUS
10
1.4385906299212599
20
0.6382065354330708
11
1.4395644881889764
21
0.6385359842519684
0
LINE
8
BLACK
6
CONTINUOUS
10
1.4395644881889764
20
0.6385359842519684
11
1.4404635826771652
21
0.6390351181102362
0
LINE
8
BLACK
6
CONTINUOUS
10
1.4404635826771652
20
0.6390351181102362
11
1.4518921653543306
21
0.6418922834645669
0
LINE
8
BLACK
6
CONTINUOUS
10
1.4518921653543306
20
0.6418922834645669
11
1.4526323622047244
21
0.6418798031496062
0
LINE
8
BLACK
6
CONTINUOUS
10
1.4526323622047244
20
0.6418798031496062
11
1.4533474015748031
21
0.6420714173228347
0
LINE
8
BLACK
6
CONTINUOUS
10
1.4533474015748031
20
0.6420714173228347
11
1.4762045275590552
21
0.6420714173228347
0
LINE
8
BLACK
6
CONTINUOUS
10
1.4762045275590552
20
0.6420714173228347
11
1.4775364960629922
21
0.6417144881889764
0
LINE
8
BLACK
6
CONTINUOUS
10
1.459758622047244
20
0.6282830708661418
11
1.4582785433070866
21
0.6268029921259842
0
LINE
8
BLACK
6
CONTINUOUS
10
1.4582785433070866
20
0.6268029921259842
11
1.4564902362204724
21
0.6232263385826772
0
LINE
8
BLACK
6
CONTINUOUS
10
1.4564902362204724
20
0.6232263385826772
11
1.4564902362204724
21
0.6146306299212598
0
LINE
8
BLACK
6
CONTINUOUS
10
1.4564902362204724
20
0.6146306299212598
11
1.4582784645669291
21
0.6110541338582677
0
LINE
8
BLACK
6
CONTINUOUS
10
1.4582784645669291
20
0.6110541338582677
11
1.4597586614173228
21
0.609573937007874
0
LINE
8
BLACK
6
CONTINUOUS
10
1.4597586614173228
20
0.609573937007874
11
1.4633352362204723
21
0.6077857086614173
0
LINE
8
BLACK
6
CONTINUOUS
10
1.4633352362204723
20
0.6077857086614173
11
1.4747881102362204
21
0.6077857086614173
0
LINE
8
BLACK
6
CONTINUOUS
10
1.4747881102362204
20
0.6077857086614173
11
1.4783646850393701
21
0.6095739763779527
0
LINE
8
BLACK
6
CONTINUOUS
10
1.4783646850393701
20
0.6095739763779527
11
1.4798448031496063
21
0.6110540944881889
0
LINE
8
BLACK
6
CONTINUOUS
10
1.4798448031496063
20
0.6110540944881889
11
1.4816331102362204
21
0.6146306692913386
0
LINE
8
BLACK
6
CONTINUOUS
10
1.4816331102362204
20
0.6146306692913386
11
1.4816331102362204
21
0.6232264173228347
0
LINE
8
BLACK
6
CONTINUOUS
10
1.4816331102362204
20
0.6232264173228347
11
1.4798448425196851
21
0.6268029527559055
0
LINE
8
BLACK
6
CONTINUOUS
10
1.4798448425196851
20
0.6268029527559055
11
1.4783647244094489
21
0.628283031496063
0
LINE
8
BLACK
6
CONTINUOUS
10
1.4783647244094489
20
0.628283031496063
11
1.4747880708661416
21
0.6300714173228347
0
LINE
8
BLACK
6
CONTINUOUS
10
1.4747880708661416
20
0.6300714173228347
11
1.4633352755905511
21
0.6300714173228347
0
LINE
8
BLACK
6
CONTINUOUS
10
1.4633352755905511
20
0.6300714173228347
11
1.459758622047244
21
0.6282830708661418
0
LINE
8
BLACK
6
CONTINUOUS
10
0.3109346850393701
20
0.6557197637795276
11
0.311063937007874
21
0.6557425590551181
0
LINE
8
BLACK
6
CONTINUOUS
10
0.311063937007874
20
0.6557425590551181
11
0.3111775196850394
21
0.6556769291338582
0
LINE
8
BLACK
6
CONTINUOUS
10
0.3111775196850394
20
0.6556769291338582
11
0.3115611023622047
21
0.6556093307086615
0
LINE
8
BLACK
6
CONTINUOUS
10
0.3115611023622047
20
0.6556093307086615
11
0.312148779527559
21
0.6551161811023621
0
LINE
8
BLACK
6
CONTINUOUS
10
0.312148779527559
20
0.6551161811023621
11
0.3128131102362205
21
0.6547326377952756
0
LINE
8
BLACK
6
CONTINUOUS
10
0.3128131102362205
20
0.6547326377952756
11
0.3129042125984252
21
0.6544822834645669
0
LINE
8
BLACK
6
CONTINUOUS
10
0.3129042125984252
20
0.6544822834645669
11
0.3131083464566929
21
0.6543110236220472
0
LINE
8
BLACK
6
CONTINUOUS
10
0.3131083464566929
20
0.6543110236220472
11
0.3132415748031496
21
0.6535554330708662
0
LINE
8
BLACK
6
CONTINUOUS
10
0.3132415748031496
20
0.6535554330708662
11
0.313503937007874
21
0.6528346456692913
0
LINE
8
BLACK
6
CONTINUOUS
10
0.313503937007874
20
0.6528346456692913
11
0.313503937007874
21
0.6351
0
LINE
8
BLACK
6
CONTINUOUS
10
0.313503937007874
20
0.6351
11
0.3133258661417323
21
0.6340900787401574
0
LINE
8
BLACK
6
CONTINUOUS
10
0.3133258661417323
20
0.6340900787401574
11
0.3120275590551181
21
0.6325428346456693
0
LINE
8
BLACK
6
CONTINUOUS
10
0.3120275590551181
20
0.6325428346456693
11
0.3100384251968504
21
0.6321920866141733
0
LINE
8
BLACK
6
CONTINUOUS
10
0.3100384251968504
20
0.6321920866141733
11
0.3082892519685039
21
0.6332020078740157
0
LINE
8
BLACK
6
CONTINUOUS
10
0.3082892519685039
20
0.6332020078740157
11
0.3075984251968504
21
0.6351
0
LINE
8
BLACK
6
CONTINUOUS
10
0.3075984251968504
20
0.6351
11
0.3075984251968504
21
0.6498818897637795
0
LINE
8
BLACK
6
CONTINUOUS
10
0.3075984251968504
20
0.6498818897637795
11
0.2938527559055118
21
0.6498818897637795
0
LINE
8
BLACK
6
CONTINUOUS
10
0.2938527559055118
20
0.6498818897637795
11
0.2938527559055118
21
0.6351
0
LINE
8
BLACK
6
CONTINUOUS
10
0.2938527559055118
20
0.6351
11
0.2936746850393701
21
0.6340900787401574
0
LINE
8
BLACK
6
CONTINUOUS
10
0.2936746850393701
20
0.6340900787401574
11
0.2923763779527559
21
0.6325428346456693
0
LINE
8
BLACK
6
CONTINUOUS
10
0.2923763779527559
20
0.6325428346456693
11
0.2903872440944882
21
0.6321920866141733
0
LINE
8
BLACK
6
CONTINUOUS
10
0.2903872440944882
20
0.6321920866141733
11
0.2886380708661417
21
0.6332020078740157
0
LINE
8
BLACK
6
CONTINUOUS
10
0.2886380708661417
20
0.6332020078740157
11
0.2879472440944882
21
0.6351
0
LINE
8
BLACK
6
CONTINUOUS
10
0.2879472440944882
20
0.6351
11
0.2879472440944882
21
0.6498818897637795
0
LINE
8
BLACK
6
CONTINUOUS
10
0.2879472440944882
20
0.6498818897637795
11
0.1324015748031496
21
0.6498818897637795
0
LINE
8
BLACK
6
CONTINUOUS
10
0.1324015748031496
20
0.6498818897637795
11
0.1324015748031496
21
0.6351
0
LINE
8
BLACK
6
CONTINUOUS
10
0.1324015748031496
20
0.6351
11
0.1322235039370079
21
0.6340900787401574
0
LINE
8
BLACK
6
CONTINUOUS
10
0.1322235039370079
20
0.6340900787401574
11
0.1309251968503937
21
0.6325428346456693
0
LINE
8
BLACK
6
CONTINUOUS
10
0.1309251968503937
20
0.6325428346456693
11
0.128936062992126
21
0.6321920866141733
0
LINE
8
BLACK
6
CONTINUOUS
10
0.128936062992126
20
0.6321920866141733
11
0.1271868897637795
21
0.6332020078740157
0
LINE
8
BLACK
6
CONTINUOUS
10
0.1271868897637795
20
0.6332020078740157
11
0.126496062992126
21
0.6351
0
LINE
8
BLACK
6
CONTINUOUS
10
0.126496062992126
20
0.6351
11
0.126496062992126
21
0.6528346456692913
0
LINE
8
BLACK
6
CONTINUOUS
10
0.126496062992126
20
0.6528346456692913
11
0.1265636614173228
21
0.6532181496062992
0
LINE
8
BLACK
6
CONTINUOUS
10
0.1265636614173228
20
0.6532181496062992
11
0.126540905511811
21
0.6533474015748031
0
LINE
8
BLACK
6
CONTINUOUS
10
0.126540905511811
20
0.6533474015748031
11
0.1266064960629921
21
0.6534609842519685
0
LINE
8
BLACK
6
CONTINUOUS
10
0.1266064960629921
20
0.6534609842519685
11
0.1266741338582677
21
0.6538445669291338
0
LINE
8
BLACK
6
CONTINUOUS
10
0.1266741338582677
20
0.6538445669291338
11
0.1271672440944882
21
0.6544322440944882
0
LINE
8
BLACK
6
CONTINUOUS
10
0.1271672440944882
20
0.6544322440944882
11
0.1275508267716536
21
0.6550965748031496
0
LINE
8
BLACK
6
CONTINUOUS
10
0.1275508267716536
20
0.6550965748031496
11
0.1278011417322835
21
0.6551876771653543
0
LINE
8
BLACK
6
CONTINUOUS
10
0.1278011417322835
20
0.6551876771653543
11
0.1279724409448819
21
0.655391811023622
0
LINE
8
BLACK
6
CONTINUOUS
10
0.1279724409448819
20
0.655391811023622
11
0.1287279921259842
21
0.6555250393700788
0
LINE
8
BLACK
6
CONTINUOUS
10
0.1287279921259842
20
0.6555250393700788
11
0.1294488188976378
21
0.6557874015748031
0
LINE
8
BLACK
6
CONTINUOUS
10
0.1294488188976378
20
0.6557874015748031
11
0.3105511811023622
21
0.6557874015748031
0
LINE
8
BLACK
6
CONTINUOUS
10
0.3105511811023622
20
0.6557874015748031
11
0.3109346850393701
21
0.6557197637795276
0
LINE
8
BLACK
6
CONTINUOUS
10
0.6309346850393701
20
0.6557197637795276
11
0.631063937007874
21
0.6557425590551181
0
LINE
8
BLACK
6
CONTINUOUS
10
0.631063937007874
20
0.6557425590551181
11
0.6311775196850393
21
0.6556769291338582
0
LINE
8
BLACK
6
CONTINUOUS
10
0.6311775196850393
20
0.6556769291338582
11
0.6315611023622048
21
0.6556093307086615
0
LINE
8
BLACK
6
CONTINUOUS
10
0.6315611023622048
20
0.6556093307086615
11
0.632148779527559
21
0.6551161811023621
0
LINE
8
BLACK
6
CONTINUOUS
10
0.632148779527559
20
0.6551161811023621
11
0.6328131102362204
21
0.6547326377952756
0
LINE
8
BLACK
6
CONTINUOUS
10
0.6328131102362204
20
0.6547326377952756
11
0.6329042125984252
21
0.6544822834645669
0
LINE
8
BLACK
6
CONTINUOUS
10
0.6329042125984252
20
0.6544822834645669
11
0.6331083464566929
21
0.6543110236220472
0
LINE
8
BLACK
6
CONTINUOUS
10
0.6331083464566929
20
0.6543110236220472
11
0.6332415748031496
21
0.6535554330708662
0
LINE
8
BLACK
6
CONTINUOUS
10
0.6332415748031496
20
0.6535554330708662
11
0.633503937007874
21
0.6528346456692913
0
LINE
8
BLACK
6
CONTINUOUS
10
0.633503937007874
20
0.6528346456692913
11
0.633503937007874
21
0.6351
0
LINE
8
BLACK
6
CONTINUOUS
10
0.633503937007874
20
0.6351
11
0.6333258661417323
21
0.6340900787401574
0
LINE
8
BLACK
6
CONTINUOUS
10
0.6333258661417323
20
0.6340900787401574
11
0.6320275590551181
21
0.6325428346456693
0
LINE
8
BLACK
6
CONTINUOUS
10
0.6320275590551181
20
0.6325428346456693
11
0.6300384251968504
21
0.6321920866141733
0
LINE
8
BLACK
6
CONTINUOUS
10
0.6300384251968504
20
0.6321920866141733
11
0.6282892519685039
21
0.6332020078740157
0
LINE
8
BLACK
6
CONTINUOUS
10
0.6282892519685039
20
0.6332020078740157
11
0.6275984251968504
21
0.6351
0
LINE
8
BLACK
6
CONTINUOUS
10
0.6275984251968504
20
0.6351
11
0.6275984251968504
21
0.6498818897637795
0
LINE
8
BLACK
6
CONTINUOUS
10
0.6275984251968504
20
0.6498818897637795
11
0.6138527559055118
21
0.6498818897637795
0
LINE
8
BLACK
6
CONTINUOUS
10
0.6138527559055118
20
0.6498818897637795
11
0.6138527559055118
21
0.6351
0
LINE
8
BLACK
6
CONTINUOUS
10
0.6138527559055118
20
0.6351
11
0.6136746850393701
21
0.6340900787401574
0
LINE
8
BLACK
6
CONTINUOUS
10
0.6136746850393701
20
0.6340900787401574
11
0.6123763779527559
21
0.6325428346456693
0
LINE
8
BLACK
6
CONTINUOUS
10
0.6123763779527559
20
0.6325428346456693
11
0.6103872440944882
21
0.6321920866141733
0
LINE
8
BLACK
6
CONTINUOUS
10
0.6103872440944882
20
0.6321920866141733
11
0.6086380708661417
21
0.6332020078740157
0
LINE
8
BLACK
6
CONTINUOUS
10
0.6086380708661417
20
0.6332020078740157
11
0.6079472440944882
21
0.6351
0
LINE
8
BLACK
6
CONTINUOUS
10
0.6079472440944882
20
0.6351
11
0.6079472440944882
21
0.6498818897637795
0
LINE
8
BLACK
6
CONTINUOUS
10
0.6079472440944882
20
0.6498818897637795
11
0.4524015748031496
21
0.6498818897637795
0
LINE
8
BLACK
6
CONTINUOUS
10
0.4524015748031496
20
0.6498818897637795
11
0.4524015748031496
21
0.6351
0
LINE
8
BLACK
6
CONTINUOUS
10
0.4524015748031496
20
0.6351
11
0.4522235039370079
21
0.6340900787401574
0
LINE
8
BLACK
6
CONTINUOUS
10
0.4522235039370079
20
0.6340900787401574
11
0.4509251968503937
21
0.6325428346456693
0
LINE
8
BLACK
6
CONTINUOUS
10
0.4509251968503937
20
0.6325428346456693
11
0.448936062992126
21
0.6321920866141733
0
LINE
8
BLACK
6
CONTINUOUS
10
0.448936062992126
20
0.6321920866141733
11
0.4471868897637795
21
0.6332020078740157
0
LINE
8
BLACK
6
CONTINUOUS
10
0.4471868897637795
20
0.6332020078740157
11
0.446496062992126
21
0.6351
0
LINE
8
BLACK
6
CONTINUOUS
10
0.446496062992126
20
0.6351
11
0.446496062992126
21
0.6528346456692913
0
LINE
8
BLACK
6
CONTINUOUS
10
0.446496062992126
20
0.6528346456692913
11
0.4465636614173228
21
0.6532181496062992
0
LINE
8
BLACK
6
CONTINUOUS
10
0.4465636614173228
20
0.6532181496062992
11
0.446540905511811
21
0.6533474015748031
0
LINE
8
BLACK
6
CONTINUOUS
10
0.446540905511811
20
0.6533474015748031
11
0.4466064960629921
21
0.6534609842519685
0
LINE
8
BLACK
6
CONTINUOUS
10
0.4466064960629921
20
0.6534609842519685
11
0.4466741338582677
21
0.6538445669291338
0
LINE
8
BLACK
6
CONTINUOUS
10
0.4466741338582677
20
0.6538445669291338
11
0.4471672440944882
21
0.6544322440944882
0
LINE
8
BLACK
6
CONTINUOUS
10
0.4471672440944882
20
0.6544322440944882
11
0.4475508267716535
21
0.6550965748031496
0
LINE
8
BLACK
6
CONTINUOUS
10
0.4475508267716535
20
0.6550965748031496
11
0.4478011417322835
21
0.6551876771653543
0
LINE
8
BLACK
6
CONTINUOUS
10
0.4478011417322835
20
0.6551876771653543
11
0.4479724409448819
21
0.655391811023622
0
LINE
8
BLACK
6
CONTINUOUS
10
0.4479724409448819
20
0.655391811023622
11
0.4487279921259842
21
0.6555250393700788
0
LINE
8
BLACK
6
CONTINUOUS
10
0.4487279921259842
20
0.6555250393700788
11
0.4494488188976378
21
0.6557874015748031
0
LINE
8
BLACK
6
CONTINUOUS
10
0.4494488188976378
20
0.6557874015748031
11
0.6305511811023622
21
0.6557874015748031
0
LINE
8
BLACK
6
CONTINUOUS
10
0.6305511811023622
20
0.6557874015748031
11
0.6309346850393701
21
0.6557197637795276
0
LINE
8
BLACK
6
CONTINUOUS
10
0.9509346850393701
20
0.6557197637795276
11
0.9510639370078739
21
0.6557425590551181
0
LINE
8
BLACK
6
CONTINUOUS
10
0.9510639370078739
20
0.6557425590551181
11
0.9511775196850394
21
0.6556769291338582
0
LINE
8
BLACK
6
CONTINUOUS
10
0.9511775196850394
20
0.6556769291338582
11
0.9515611023622047
21
0.6556093307086615
0
LINE
8
BLACK
6
CONTINUOUS
10
0.9515611023622047
20
0.6556093307086615
11
0.9521487795275591
21
0.6551161811023621
0
LINE
8
BLACK
6
CONTINUOUS
10
0.9521487795275591
20
0.6551161811023621
11
0.9528131102362205
21
0.6547326377952756
0
LINE
8
BLACK
6
CONTINUOUS
10
0.9528131102362205
20
0.6547326377952756
11
0.9529042125984252
21
0.6544822834645669
0
LINE
8
BLACK
6
CONTINUOUS
10
0.9529042125984252
20
0.6544822834645669
11
0.9531083464566928
21
0.6543110236220472
0
LINE
8
BLACK
6
CONTINUOUS
10
0.9531083464566928
20
0.6543110236220472
11
0.9532415748031496
21
0.6535554330708662
0
LINE
8
BLACK
6
CONTINUOUS
10
0.9532415748031496
20
0.6535554330708662
11
0.9535039370078739
21
0.6528346456692913
0
LINE
8
BLACK
6
CONTINUOUS
10
0.9535039370078739
20
0.6528346456692913
11
0.9535039370078739
21
0.6351
0
LINE
8
BLACK
6
CONTINUOUS
10
0.9535039370078739
20
0.6351
11
0.9533258661417323
21
0.6340900787401574
0
LINE
8
BLACK
6
CONTINUOUS
10
0.9533258661417323
20
0.6340900787401574
11
0.952027559055118
21
0.6325428346456693
0
LINE
8
BLACK
6
CONTINUOUS
10
0.952027559055118
20
0.6325428346456693
11
0.9500384251968503
21
0.6321920866141733
0
LINE
8
BLACK
6
CONTINUOUS
10
0.9500384251968503
20
0.6321920866141733
11
0.9482892519685039
21
0.6332020078740157
0
LINE
8
BLACK
6
CONTINUOUS
10
0.9482892519685039
20
0.6332020078740157
11
0.9475984251968503
21
0.6351
0
LINE
8
BLACK
6
CONTINUOUS
10
0.9475984251968503
20
0.6351
11
0.9475984251968503
21
0.6498818897637795
0
LINE
8
BLACK
6
CONTINUOUS
10
0.9475984251968503
20
0.6498818897637795
11
0.9338527559055118
21
0.6498818897637795
0
LINE
8
BLACK
6
CONTINUOUS
10
0.9338527559055118
20
0.6498818897637795
11
0.9338527559055118
21
0.6351
0
LINE
8
BLACK
6
CONTINUOUS
10
0.9338527559055118
20
0.6351
11
0.93367468503937
21
0.6340900787401574
0
LINE
8
BLACK
6
CONTINUOUS
10
0.93367468503937
20
0.6340900787401574
11
0.9323763779527559
21
0.6325428346456693
0
LINE
8
BLACK
6
CONTINUOUS
10
0.9323763779527559
20
0.6325428346456693
11
0.9303872440944881
21
0.6321920866141733
0
LINE
8
BLACK
6
CONTINUOUS
10
0.9303872440944881
20
0.6321920866141733
11
0.9286380708661417
21
0.6332020078740157
0
LINE
8
BLACK
6
CONTINUOUS
10
0.9286380708661417
20
0.6332020078740157
11
0.9279472440944881
21
0.6351
0
LINE
8
BLACK
6
CONTINUOUS
10
0.9279472440944881
20
0.6351
11
0.9279472440944881
21
0.6498818897637795
0
LINE
8
BLACK
6
CONTINUOUS
10
0.9279472440944881
20
0.6498818897637795
11
0.7724015748031496
21
0.6498818897637795
0
LINE
8
BLACK
6
CONTINUOUS
10
0.7724015748031496
20
0.6498818897637795
11
0.7724015748031496
21
0.6351
0
LINE
8
BLACK
6
CONTINUOUS
10
0.7724015748031496
20
0.6351
11
0.7722235039370079
21
0.6340900787401574
0
LINE
8
BLACK
6
CONTINUOUS
10
0.7722235039370079
20
0.6340900787401574
11
0.7709251968503937
21
0.6325428346456693
0
LINE
8
BLACK
6
CONTINUOUS
10
0.7709251968503937
20
0.6325428346456693
11
0.7689360629921259
21
0.6321920866141733
0
LINE
8
BLACK
6
CONTINUOUS
10
0.7689360629921259
20
0.6321920866141733
11
0.7671868897637795
21
0.6332020078740157
0
LINE
8
BLACK
6
CONTINUOUS
10
0.7671868897637795
20
0.6332020078740157
11
0.7664960629921259
21
0.6351
0
LINE
8
BLACK
6
CONTINUOUS
10
0.7664960629921259
20
0.6351
11
0.7664960629921259
21
0.6528346456692913
0
LINE
8
BLACK
6
CONTINUOUS
10
0.7664960629921259
20
0.6528346456692913
11
0.7665636614173228
21
0.6532181496062992
0
LINE
8
BLACK
6
CONTINUOUS
10
0.7665636614173228
20
0.6532181496062992
11
0.766540905511811
21
0.6533474015748031
0
LINE
8
BLACK
6
CONTINUOUS
10
0.766540905511811
20
0.6533474015748031
11
0.7666064960629921
21
0.6534609842519685
0
LINE
8
BLACK
6
CONTINUOUS
10
0.7666064960629921
20
0.6534609842519685
11
0.7666741338582677
21
0.6538445669291338
0
LINE
8
BLACK
6
CONTINUOUS
10
0.7666741338582677
20
0.6538445669291338
11
0.7671672440944882
21
0.6544322440944882
0
LINE
8
BLACK
6
CONTINUOUS
10
0.7671672440944882
20
0.6544322440944882
11
0.7675508267716535
21
0.6550965748031496
0
LINE
8
BLACK
6
CONTINUOUS
10
0.7675508267716535
20
0.6550965748031496
11
0.7678011417322834
21
0.6551876771653543
0
LINE
8
BLACK
6
CONTINUOUS
10
0.7678011417322834
20
0.6551876771653543
11
0.7679724409448818
21
0.655391811023622
0
LINE
8
BLACK
6
CONTINUOUS
10
0.7679724409448818
20
0.655391811023622
11
0.7687279921259842
21
0.6555250393700788
0
LINE
8
BLACK
6
CONTINUOUS
10
0.7687279921259842
20
0.6555250393700788
11
0.7694488188976378
21
0.6557874015748031
0
LINE
8
BLACK
6
CONTINUOUS
10
0.7694488188976378
20
0.6557874015748031
11
0.9505511811023621
21
0.6557874015748031
0
LINE
8
BLACK
6
CONTINUOUS
10
0.9505511811023621
20
0.6557874015748031
11
0.9509346850393701
21
0.6557197637795276
0
LINE
8
BLACK
6
CONTINUOUS
10
1.2709346850393701
20
0.6557197637795276
11
1.271063937007874
21
0.6557425590551181
0
LINE
8
BLACK
6
CONTINUOUS
10
1.271063937007874
20
0.6557425590551181
11
1.2711775196850394
21
0.6556769291338582
0
LINE
8
BLACK
6
CONTINUOUS
10
1.2711775196850394
20
0.6556769291338582
11
1.2715611023622047
21
0.6556093307086615
0
LINE
8
BLACK
6
CONTINUOUS
10
1.2715611023622047
20
0.6556093307086615
11
1.272148779527559
21
0.6551161811023621
0
LINE
8
BLACK
6
CONTINUOUS
10
1.272148779527559
20
0.6551161811023621
11
1.2728131102362203
21
0.6547326377952756
0
LINE
8
BLACK
6
CONTINUOUS
10
1.2728131102362203
20
0.6547326377952756
11
1.2729042125984251
21
0.6544822834645669
0
LINE
8
BLACK
6
CONTINUOUS
10
1.2729042125984251
20
0.6544822834645669
11
1.2731083464566928
21
0.6543110236220472
0
LINE
8
BLACK
6
CONTINUOUS
10
1.2731083464566928
20
0.6543110236220472
11
1.2732415748031496
21
0.6535554330708662
0
LINE
8
BLACK
6
CONTINUOUS
10
1.2732415748031496
20
0.6535554330708662
11
1.273503937007874
21
0.6528346456692913
0
LINE
8
BLACK
6
CONTINUOUS
10
1.273503937007874
20
0.6528346456692913
11
1.273503937007874
21
0.6351
0
LINE
8
BLACK
6
CONTINUOUS
10
1.273503937007874
20
0.6351
11
1.2733258661417322
21
0.6340900787401574
0
LINE
8
BLACK
6
CONTINUOUS
10
1.2733258661417322
20
0.6340900787401574
11
1.272027559055118
21
0.6325428346456693
0
LINE
8
BLACK
6
CONTINUOUS
10
1.272027559055118
20
0.6325428346456693
11
1.2700384251968504
21
0.6321920866141733
0
LINE
8
BLACK
6
CONTINUOUS
10
1.2700384251968504
20
0.6321920866141733
11
1.2682892519685038
21
0.6332020078740157
0
LINE
8
BLACK
6
CONTINUOUS
10
1.2682892519685038
20
0.6332020078740157
11
1.2675984251968504
21
0.6351
0
LINE
8
BLACK
6
CONTINUOUS
10
1.2675984251968504
20
0.6351
11
1.2675984251968504
21
0.6498818897637795
0
LINE
8
BLACK
6
CONTINUOUS
10
1.2675984251968504
20
0.6498818897637795
11
1.2538527559055117
21
0.6498818897637795
0
LINE
8
BLACK
6
CONTINUOUS
10
1.2538527559055117
20
0.6498818897637795
11
1.2538527559055117
21
0.6351
0
LINE
8
BLACK
6
CONTINUOUS
10
1.2538527559055117
20
0.6351
11
1.2536746850393701
21
0.6340900787401574
0
LINE
8
BLACK
6
CONTINUOUS
10
1.2536746850393701
20
0.6340900787401574
11
1.2523763779527559
21
0.6325428346456693
0
LINE
8
BLACK
6
CONTINUOUS
10
1.2523763779527559
20
0.6325428346456693
11
1.2503872440944881
21
0.6321920866141733
0
LINE
8
BLACK
6
CONTINUOUS
10
1.2503872440944881
20
0.6321920866141733
11
1.2486380708661418
21
0.6332020078740157
0
LINE
8
BLACK
6
CONTINUOUS
10
1.2486380708661418
20
0.6332020078740157
11
1.2479472440944881
21
0.6351
0
LINE
8
BLACK
6
CONTINUOUS
10
1.2479472440944881
20
0.6351
11
1.2479472440944881
21
0.6498818897637795
0
LINE
8
BLACK
6
CONTINUOUS
10
1.2479472440944881
20
0.6498818897637795
11
1.0924015748031495
21
0.6498818897637795
0
LINE
8
BLACK
6
CONTINUOUS
10
1.0924015748031495
20
0.6498818897637795
11
1.0924015748031495
21
0.6351
0
LINE
8
BLACK
6
CONTINUOUS
10
1.0924015748031495
20
0.6351
11
1.0922235039370078
21
0.6340900787401574
0
LINE
8
BLACK
6
CONTINUOUS
10
1.0922235039370078
20
0.6340900787401574
11
1.0909251968503937
21
0.6325428346456693
0
LINE
8
BLACK
6
CONTINUOUS
10
1.0909251968503937
20
0.6325428346456693
11
1.0889360629921259
21
0.6321920866141733
0
LINE
8
BLACK
6
CONTINUOUS
10
1.0889360629921259
20
0.6321920866141733
11
1.0871868897637795
21
0.6332020078740157
0
LINE
8
BLACK
6
CONTINUOUS
10
1.0871868897637795
20
0.6332020078740157
11
1.0864960629921259
21
0.6351
0
LINE
8
BLACK
6
CONTINUOUS
10
1.0864960629921259
20
0.6351
11
1.0864960629921259
21
0.6528346456692913
0
LINE
8
BLACK
6
CONTINUOUS
10
1.0864960629921259
20
0.6528346456692913
11
1.0865636614173229
21
0.6532181496062992
0
LINE
8
BLACK
6
CONTINUOUS
10
1.0865636614173229
20
0.6532181496062992
11
1.0865409055118109
21
0.6533474015748031
0
LINE
8
BLACK
6
CONTINUOUS
10
1.0865409055118109
20
0.6533474015748031
11
1.0866064960629922
21
0.6534609842519685
0
LINE
8
BLACK
6
CONTINUOUS
10
1.0866064960629922
20
0.6534609842519685
11
1.0866741338582677
21
0.6538445669291338
0
LINE
8
BLACK
6
CONTINUOUS
10
1.0866741338582677
20
0.6538445669291338
11
1.0871672440944882
21
0.6544322440944882
0
LINE
8
BLACK
6
CONTINUOUS
10
1.0871672440944882
20
0.6544322440944882
11
1.0875508267716536
21
0.6550965748031496
0
LINE
8
BLACK
6
CONTINUOUS
10
1.0875508267716536
20
0.6550965748031496
11
1.0878011417322835
21
0.6551876771653543
0
LINE
8
BLACK
6
CONTINUOUS
10
1.0878011417322835
20
0.6551876771653543
11
1.0879724409448819
21
0.655391811023622
0
LINE
8
BLACK
6
CONTINUOUS
10
1.0879724409448819
20
0.655391811023622
11
1.0887279921259843
21
0.6555250393700788
0
LINE
8
BLACK
6
CONTINUOUS
10
1.0887279921259843
20
0.6555250393700788
11
1.0894488188976377
21
0.6557874015748031
0
LINE
8
BLACK
6
CONTINUOUS
10
1.0894488188976377
20
0.6557874015748031
11
1.2705511811023622
21
0.6557874015748031
0
LINE
8
BLACK
6
CONTINUOUS
10
1.2705511811023622
20
0.6557874015748031
11
1.2709346850393701
21
0.6557197637795276
0
LINE
8
BLACK
6
CONTINUOUS
10
0.0908266929133858
20
0.6555436614173228
11
0.0909720472440945
21
0.6555333464566929
0
LINE
8
BLACK
6
CONTINUOUS
10
0.0909720472440945
20
0.6555333464566929
11
0.0913770078740157
21
0.6550663779527559
0
LINE
8
BLACK
6
CONTINUOUS
10
0.0913770078740157
20
0.6550663779527559
11
0.091844094488189
21
0.6546612992125984
0
LINE
8
BLACK
6
CONTINUOUS
10
0.091844094488189
20
0.6546612992125984
11
0.0918544094488189
21
0.654515905511811
0
LINE
8
BLACK
6
CONTINUOUS
10
0.0918544094488189
20
0.654515905511811
11
0.0919498818897638
21
0.6544058661417322
0
LINE
8
BLACK
6
CONTINUOUS
10
0.0919498818897638
20
0.6544058661417322
11
0.0985165354330709
21
0.6347058267716535
0
LINE
8
BLACK
6
CONTINUOUS
10
0.0985165354330709
20
0.6347058267716535
11
0.0984107480314961
21
0.6332171259842519
0
LINE
8
BLACK
6
CONTINUOUS
10
0.0984107480314961
20
0.6332171259842519
11
0.0972832677165354
21
0.6322392519685039
0
LINE
8
BLACK
6
CONTINUOUS
10
0.0972832677165354
20
0.6322392519685039
11
0.0957945669291339
21
0.6323450787401574
0
LINE
8
BLACK
6
CONTINUOUS
10
0.0957945669291339
20
0.6323450787401574
11
0.0948166929133858
21
0.6334725590551181
0
LINE
8
BLACK
6
CONTINUOUS
10
0.0948166929133858
20
0.6334725590551181
11
0.0933849606299213
21
0.6377677952755906
0
LINE
8
BLACK
6
CONTINUOUS
10
0.0933849606299213
20
0.6377677952755906
11
0.0868149606299213
21
0.6377677952755906
0
LINE
8
BLACK
6
CONTINUOUS
10
0.0868149606299213
20
0.6377677952755906
11
0.0853832283464567
21
0.6334725590551181
0
LINE
8
BLACK
6
CONTINUOUS
10
0.0853832283464567
20
0.6334725590551181
11
0.0844053937007874
21
0.6323450787401574
0
LINE
8
BLACK
6
CONTINUOUS
10
0.0844053937007874
20
0.6323450787401574
11
0.0829166535433071
21
0.6322392913385827
0
LINE
8
BLACK
6
CONTINUOUS
10
0.0829166535433071
20
0.6322392913385827
11
0.0817891732283465
21
0.6332171259842519
0
LINE
8
BLACK
6
CONTINUOUS
10
0.0817891732283465
20
0.6332171259842519
11
0.0816833858267716
21
0.6347058661417323
0
LINE
8
BLACK
6
CONTINUOUS
10
0.0816833858267716
20
0.6347058661417323
11
0.0882500393700787
21
0.6544058661417322
0
LINE
8
BLACK
6
CONTINUOUS
10
0.0882500393700787
20
0.6544058661417322
11
0.0883454724409449
21
0.654515905511811
0
LINE
8
BLACK
6
CONTINUOUS
10
0.0883454724409449
20
0.654515905511811
11
0.0883558267716535
21
0.6546612992125984
0
LINE
8
BLACK
6
CONTINUOUS
10
0.0883558267716535
20
0.6546612992125984
11
0.0888229133858268
21
0.6550663779527559
0
LINE
8
BLACK
6
CONTINUOUS
10
0.0888229133858268
20
0.6550663779527559
11
0.0892279133858268
21
0.6555333464566929
0
LINE
8
BLACK
6
CONTINUOUS
10
0.0892279133858268
20
0.6555333464566929
11
0.0893732283464567
21
0.6555436614173228
0
LINE
8
BLACK
6
CONTINUOUS
10
0.0893732283464567
20
0.6555436614173228
11
0.0894833070866142
21
0.6556391338582677
0
LINE
8
BLACK
6
CONTINUOUS
10
0.0894833070866142
20
0.6556391338582677
11
0.0900998031496063
21
0.6555953149606299
0
LINE
8
BLACK
6
CONTINUOUS
10
0.0900998031496063
20
0.6555953149606299
11
0.0907166141732283
21
0.6556391732283464
0
LINE
8
BLACK
6
CONTINUOUS
10
0.0907166141732283
20
0.6556391732283464
11
0.0908266929133858
21
0.6555436614173228
0
LINE
8
BLACK
6
CONTINUOUS
10
0.0881149606299213
20
0.6416677952755906
11
0.0920849606299213
21
0.6416677952755906
0
LINE
8
BLACK
6
CONTINUOUS
10
0.0920849606299213
20
0.6416677952755906
11
0.0900999212598425
21
0.6476227952755905
0
LINE
8
BLACK
6
CONTINUOUS
10
0.0900999212598425
20
0.6476227952755905
11
0.0881149606299213
21
0.6416677952755906
0
LINE
8
BLACK
6
CONTINUOUS
10
0.4108266929133858
20
0.6555436614173228
11
0.4109720472440945
21
0.6555333464566929
0
LINE
8
BLACK
6
CONTINUOUS
10
0.4109720472440945
20
0.6555333464566929
11
0.4113770078740158
21
0.6550663779527559
0
LINE
8
BLACK
6
CONTINUOUS
10
0.4113770078740158
20
0.6550663779527559
11
0.411844094488189
21
0.6546612992125984
0
LINE
8
BLACK
6
CONTINUOUS
10
0.411844094488189
20
0.6546612992125984
11
0.4118544094488189
21
0.654515905511811
0
LINE
8
BLACK
6
CONTINUOUS
10
0.4118544094488189
20
0.654515905511811
11
0.4119498818897638
21
0.6544058661417322
0
LINE
8
BLACK
6
CONTINUOUS
10
0.4119498818897638
20
0.6544058661417322
11
0.4185165354330709
21
0.6347058267716535
0
LINE
8
BLACK
6
CONTINUOUS
10
0.4185165354330709
20
0.6347058267716535
11
0.418410748031496
21
0.6332171259842519
0
LINE
8
BLACK
6
CONTINUOUS
10
0.418410748031496
20
0.6332171259842519
11
0.4172832677165354
21
0.6322392519685039
0
LINE
8
BLACK
6
CONTINUOUS
10
0.4172832677165354
20
0.6322392519685039
11
0.4157945669291339
21
0.6323450787401574
0
LINE
8
BLACK
6
CONTINUOUS
10
0.4157945669291339
20
0.6323450787401574
11
0.4148166929133858
21
0.6334725590551181
0
LINE
8
BLACK
6
CONTINUOUS
10
0.4148166929133858
20
0.6334725590551181
11
0.4133849606299212
21
0.6377677952755906
0
LINE
8
BLACK
6
CONTINUOUS
10
0.4133849606299212
20
0.6377677952755906
11
0.4068149606299212
21
0.6377677952755906
0
LINE
8
BLACK
6
CONTINUOUS
10
0.4068149606299212
20
0.6377677952755906
11
0.4053832283464567
21
0.6334725590551181
0
LINE
8
BLACK
6
CONTINUOUS
10
0.4053832283464567
20
0.6334725590551181
11
0.4044053937007874
21
0.6323450787401574
0
LINE
8
BLACK
6
CONTINUOUS
10
0.4044053937007874
20
0.6323450787401574
11
0.4029166535433071
21
0.6322392913385827
0
LINE
8
BLACK
6
CONTINUOUS
10
0.4029166535433071
20
0.6322392913385827
11
0.4017891732283465
21
0.6332171259842519
0
LINE
8
BLACK
6
CONTINUOUS
10
0.4017891732283465
20
0.6332171259842519
11
0.4016833858267717
21
0.6347058661417323
0
LINE
8
BLACK
6
CONTINUOUS
10
0.4016833858267717
20
0.6347058661417323
11
0.4082500393700788
21
0.6544058661417322
0
LINE
8
BLACK
6
CONTINUOUS
10
0.4082500393700788
20
0.6544058661417322
11
0.4083454724409449
21
0.654515905511811
0
LINE
8
BLACK
6
CONTINUOUS
10
0.4083454724409449
20
0.654515905511811
11
0.4083558267716536
21
0.6546612992125984
0
LINE
8
BLACK
6
CONTINUOUS
10
0.4083558267716536
20
0.6546612992125984
11
0.4088229133858268
21
0.6550663779527559
0
LINE
8
BLACK
6
CONTINUOUS
10
0.4088229133858268
20
0.6550663779527559
11
0.4092279133858268
21
0.6555333464566929
0
LINE
8
BLACK
6
CONTINUOUS
10
0.4092279133858268
20
0.6555333464566929
11
0.4093732283464567
21
0.6555436614173228
0
LINE
8
BLACK
6
CONTINUOUS
10
0.4093732283464567
20
0.6555436614173228
11
0.4094833070866142
21
0.6556391338582677
0
LINE
8
BLACK
6
CONTINUOUS
10
0.4094833070866142
20
0.6556391338582677
11
0.4100998031496063
21
0.6555953149606299
0
LINE
8
BLACK
6
CONTINUOUS
10
0.4100998031496063
20
0.6555953149606299
11
0.4107166141732284
21
0.6556391732283464
0
LINE
8
BLACK
6
CONTINUOUS
10
0.4107166141732284
20
0.6556391732283464
11
0.4108266929133858
21
0.6555436614173228
0
LINE
8
BLACK
6
CONTINUOUS
10
0.4081149606299213
20
0.6416677952755906
11
0.4120849606299212
21
0.6416677952755906
0
LINE
8
BLACK
6
CONTINUOUS
10
0.4120849606299212
20
0.6416677952755906
11
0.4100999212598425
21
0.6476227952755905
0
LINE
8
BLACK
6
CONTINUOUS
10
0.4100999212598425
20
0.6476227952755905
11
0.4081149606299213
21
0.6416677952755906
0
LINE
8
BLACK
6
CONTINUOUS
10
0.7308266929133858
20
0.6555436614173228
11
0.7309720472440945
21
0.6555333464566929
0
LINE
8
BLACK
6
CONTINUOUS
10
0.7309720472440945
20
0.6555333464566929
11
0.7313770078740157
21
0.6550663779527559
0
LINE
8
BLACK
6
CONTINUOUS
10
0.7313770078740157
20
0.6550663779527559
11
0.731844094488189
21
0.6546612992125984
0
LINE
8
BLACK
6
CONTINUOUS
10
0.731844094488189
20
0.6546612992125984
11
0.7318544094488189
21
0.654515905511811
0
LINE
8
BLACK
6
CONTINUOUS
10
0.7318544094488189
20
0.654515905511811
11
0.7319498818897637
21
0.6544058661417322
0
LINE
8
BLACK
6
CONTINUOUS
10
0.7319498818897637
20
0.6544058661417322
11
0.7385165354330708
21
0.6347058267716535
0
LINE
8
BLACK
6
CONTINUOUS
10
0.7385165354330708
20
0.6347058267716535
11
0.7384107480314961
21
0.6332171259842519
0
LINE
8
BLACK
6
CONTINUOUS
10
0.7384107480314961
20
0.6332171259842519
11
0.7372832677165354
21
0.6322392519685039
0
LINE
8
BLACK
6
CONTINUOUS
10
0.7372832677165354
20
0.6322392519685039
11
0.7357945669291338
21
0.6323450787401574
0
LINE
8
BLACK
6
CONTINUOUS
10
0.7357945669291338
20
0.6323450787401574
11
0.7348166929133858
21
0.6334725590551181
0
LINE
8
BLACK
6
CONTINUOUS
10
0.7348166929133858
20
0.6334725590551181
11
0.7333849606299212
21
0.6377677952755906
0
LINE
8
BLACK
6
CONTINUOUS
10
0.7333849606299212
20
0.6377677952755906
11
0.7268149606299212
21
0.6377677952755906
0
LINE
8
BLACK
6
CONTINUOUS
10
0.7268149606299212
20
0.6377677952755906
11
0.7253832283464566
21
0.6334725590551181
0
LINE
8
BLACK
6
CONTINUOUS
10
0.7253832283464566
20
0.6334725590551181
11
0.7244053937007874
21
0.6323450787401574
0
LINE
8
BLACK
6
CONTINUOUS
10
0.7244053937007874
20
0.6323450787401574
11
0.722916653543307
21
0.6322392913385827
0
LINE
8
BLACK
6
CONTINUOUS
10
0.722916653543307
20
0.6322392913385827
11
0.7217891732283465
21
0.6332171259842519
0
LINE
8
BLACK
6
CONTINUOUS
10
0.7217891732283465
20
0.6332171259842519
11
0.7216833858267716
21
0.6347058661417323
0
LINE
8
BLACK
6
CONTINUOUS
10
0.7216833858267716
20
0.6347058661417323
11
0.7282500393700787
21
0.6544058661417322
0
LINE
8
BLACK
6
CONTINUOUS
10
0.7282500393700787
20
0.6544058661417322
11
0.7283454724409448
21
0.654515905511811
0
LINE
8
BLACK
6
CONTINUOUS
10
0.7283454724409448
20
0.654515905511811
11
0.7283558267716536
21
0.6546612992125984
0
LINE
8
BLACK
6
CONTINUOUS
10
0.7283558267716536
20
0.6546612992125984
11
0.7288229133858267
21
0.6550663779527559
0
LINE
8
BLACK
6
CONTINUOUS
10
0.7288229133858267
20
0.6550663779527559
11
0.7292279133858267
21
0.6555333464566929
0
LINE
8
BLACK
6
CONTINUOUS
10
0.7292279133858267
20
0.6555333464566929
11
0.7293732283464567
21
0.6555436614173228
0
LINE
8
BLACK
6
CONTINUOUS
10
0.7293732283464567
20
0.6555436614173228
11
0.7294833070866141
21
0.6556391338582677
0
LINE
8
BLACK
6
CONTINUOUS
10
0.7294833070866141
20
0.6556391338582677
11
0.7300998031496063
21
0.6555953149606299
0
LINE
8
BLACK
6
CONTINUOUS
10
0.7300998031496063
20
0.6555953149606299
11
0.7307166141732283
21
0.6556391732283464
0
LINE
8
BLACK
6
CONTINUOUS
10
0.7307166141732283
20
0.6556391732283464
11
0.7308266929133858
21
0.6555436614173228
0
LINE
8
BLACK
6
CONTINUOUS
10
0.7281149606299212
20
0.6416677952755906
11
0.7320849606299212
21
0.6416677952755906
0
LINE
8
BLACK
6
CONTINUOUS
10
0.7320849606299212
20
0.6416677952755906
11
0.7300999212598425
21
0.6476227952755905
0
LINE
8
BLACK
6
CONTINUOUS
10
0.7300999212598425
20
0.6476227952755905
11
0.7281149606299212
21
0.6416677952755906
0
LINE
8
BLACK
6
CONTINUOUS
10
1.0508266929133858
20
0.6555436614173228
11
1.0509720472440944
21
0.6555333464566929
0
LINE
8
BLACK
6
CONTINUOUS
10
1.0509720472440944
20
0.6555333464566929
11
1.0513770078740157
21
0.6550663779527559
0
LINE
8
BLACK
6
CONTINUOUS
10
1.0513770078740157
20
0.6550663779527559
11
1.0518440944881891
21
0.6546612992125984
0
LINE
8
BLACK
6
CONTINUOUS
10
1.0518440944881891
20
0.6546612992125984
11
1.0518544094488189
21
0.654515905511811
0
LINE
8
BLACK
6
CONTINUOUS
10
1.0518544094488189
20
0.654515905511811
11
1.0519498818897637
21
0.6544058661417322
0
LINE
8
BLACK
6
CONTINUOUS
10
1.0519498818897637
20
0.6544058661417322
11
1.0585165354330708
21
0.6347058267716535
0
LINE
8
BLACK
6
CONTINUOUS
10
1.0585165354330708
20
0.6347058267716535
11
1.0584107480314959
21
0.6332171259842519
0
LINE
8
BLACK
6
CONTINUOUS
10
1.0584107480314959
20
0.6332171259842519
11
1.0572832677165354
21
0.6322392519685039
0
LINE
8
BLACK
6
CONTINUOUS
10
1.0572832677165354
20
0.6322392519685039
11
1.0557945669291338
21
0.6323450787401574
0
LINE
8
BLACK
6
CONTINUOUS
10
1.0557945669291338
20
0.6323450787401574
11
1.0548166929133858
21
0.6334725590551181
0
LINE
8
BLACK
6
CONTINUOUS
10
1.0548166929133858
20
0.6334725590551181
11
1.0533849606299213
21
0.6377677952755906
0
LINE
8
BLACK
6
CONTINUOUS
10
1.0533849606299213
20
0.6377677952755906
11
1.0468149606299213
21
0.6377677952755906
0
LINE
8
BLACK
6
CONTINUOUS
10
1.0468149606299213
20
0.6377677952755906
11
1.0453832283464566
21
0.6334725590551181
0
LINE
8
BLACK
6
CONTINUOUS
10
1.0453832283464566
20
0.6334725590551181
11
1.0444053937007873
21
0.6323450787401574
0
LINE
8
BLACK
6
CONTINUOUS
10
1.0444053937007873
20
0.6323450787401574
11
1.042916653543307
21
0.6322392913385827
0
LINE
8
BLACK
6
CONTINUOUS
10
1.042916653543307
20
0.6322392913385827
11
1.0417891732283464
21
0.6332171259842519
0
LINE
8
BLACK
6
CONTINUOUS
10
1.0417891732283464
20
0.6332171259842519
11
1.0416833858267716
21
0.6347058661417323
0
LINE
8
BLACK
6
CONTINUOUS
10
1.0416833858267716
20
0.6347058661417323
11
1.0482500393700787
21
0.6544058661417322
0
LINE
8
BLACK
6
CONTINUOUS
10
1.0482500393700787
20
0.6544058661417322
11
1.0483454724409449
21
0.654515905511811
0
LINE
8
BLACK
6
CONTINUOUS
10
1.0483454724409449
20
0.654515905511811
11
1.0483558267716535
21
0.6546612992125984
0
LINE
8
BLACK
6
CONTINUOUS
10
1.0483558267716535
20
0.6546612992125984
11
1.0488229133858267
21
0.6550663779527559
0
LINE
8
BLACK
6
CONTINUOUS
10
1.0488229133858267
20
0.6550663779527559
11
1.0492279133858267
21
0.6555333464566929
0
LINE
8
BLACK
6
CONTINUOUS
10
1.0492279133858267
20
0.6555333464566929
11
1.0493732283464567
21
0.6555436614173228
0
LINE
8
BLACK
6
CONTINUOUS
10
1.0493732283464567
20
0.6555436614173228
11
1.0494833070866141
21
0.6556391338582677
0
LINE
8
BLACK
6
CONTINUOUS
10
1.0494833070866141
20
0.6556391338582677
11
1.0500998031496063
21
0.6555953149606299
0
LINE
8
BLACK
6
CONTINUOUS
10
1.0500998031496063
20
0.6555953149606299
11
1.0507166141732283
21
0.6556391732283464
0
LINE
8
BLACK
6
CONTINUOUS
10
1.0507166141732283
20
0.6556391732283464
11
1.0508266929133858
21
0.6555436614173228
0
LINE
8
BLACK
6
CONTINUOUS
10
1.0481149606299212
20
0.6416677952755906
11
1.0520849606299212
21
0.6416677952755906
0
LINE
8
BLACK
6
CONTINUOUS
10
1.0520849606299212
20
0.6416677952755906
11
1.0500999212598425
21
0.6476227952755905
0
LINE
8
BLACK
6
CONTINUOUS
10
1.0500999212598425
20
0.6476227952755905
11
1.0481149606299212
21
0.6416677952755906
0
LINE
8
BLACK
6
CONTINUOUS
10
0.3446383464566929
20
0.6590680708661417
11
0.3452094881889763
21
0.6576892125984252
0
LINE
8
BLACK
6
CONTINUOUS
10
0.3452094881889763
20
0.6576892125984252
11
0.3452094881889763
21
0.6379892125984252
0
LINE
8
BLACK
6
CONTINUOUS
10
0.3452094881889763
20
0.6379892125984252
11
0.3446383464566929
21
0.6366103543307087
0
LINE
8
BLACK
6
CONTINUOUS
10
0.3446383464566929
20
0.6366103543307087
11
0.3432594881889764
21
0.6360392125984252
0
LINE
8
BLACK
6
CONTINUOUS
10
0.3432594881889764
20
0.6360392125984252
11
0.3418806299212598
21
0.6366103543307087
0
LINE
8
BLACK
6
CONTINUOUS
10
0.3418806299212598
20
0.6366103543307087
11
0.3413094881889764
21
0.6379892125984252
0
LINE
8
BLACK
6
CONTINUOUS
10
0.3413094881889764
20
0.6379892125984252
11
0.3413094881889764
21
0.6456243307086614
0
LINE
8
BLACK
6
CONTINUOUS
10
0.3413094881889764
20
0.6456243307086614
11
0.3406561811023622
21
0.6462775984251968
0
LINE
8
BLACK
6
CONTINUOUS
10
0.3406561811023622
20
0.6462775984251968
11
0.3335623622047244
21
0.6368192125984252
0
LINE
8
BLACK
6
CONTINUOUS
10
0.3335623622047244
20
0.6368192125984252
11
0.3322781496062992
21
0.6360588188976378
0
LINE
8
BLACK
6
CONTINUOUS
10
0.3322781496062992
20
0.6360588188976378
11
0.3308323622047244
21
0.6364292125984252
0
LINE
8
BLACK
6
CONTINUOUS
10
0.3308323622047244
20
0.6364292125984252
11
0.330071968503937
21
0.6377134251968504
0
LINE
8
BLACK
6
CONTINUOUS
10
0.330071968503937
20
0.6377134251968504
11
0.3304423622047244
21
0.6391592125984252
0
LINE
8
BLACK
6
CONTINUOUS
10
0.3304423622047244
20
0.6391592125984252
11
0.3378704724409449
21
0.6490633070866142
0
LINE
8
BLACK
6
CONTINUOUS
10
0.3378704724409449
20
0.6490633070866142
11
0.3306235039370078
21
0.6563103543307086
0
LINE
8
BLACK
6
CONTINUOUS
10
0.3306235039370078
20
0.6563103543307086
11
0.3300523622047244
21
0.6576892125984252
0
LINE
8
BLACK
6
CONTINUOUS
10
0.3300523622047244
20
0.6576892125984252
11
0.3306235039370078
21
0.6590680708661417
0
LINE
8
BLACK
6
CONTINUOUS
10
0.3306235039370078
20
0.6590680708661417
11
0.3320023622047244
21
0.6596392125984252
0
LINE
8
BLACK
6
CONTINUOUS
10
0.3320023622047244
20
0.6596392125984252
11
0.333381220472441
21
0.6590680708661417
0
LINE
8
BLACK
6
CONTINUOUS
10
0.333381220472441
20
0.6590680708661417
11
0.3413094881889764
21
0.6511397637795275
0
LINE
8
BLACK
6
CONTINUOUS
10
0.3413094881889764
20
0.6511397637795275
11
0.3413094881889764
21
0.6576892125984252
0
LINE
8
BLACK
6
CONTINUOUS
10
0.3413094881889764
20
0.6576892125984252
11
0.3418806299212598
21
0.6590680708661417
0
LINE
8
BLACK
6
CONTINUOUS
10
0.3418806299212598
20
0.6590680708661417
11
0.3432594881889764
21
0.6596392125984252
0
LINE
8
BLACK
6
CONTINUOUS
10
0.3432594881889764
20
0.6596392125984252
11
0.3446383464566929
21
0.6590680708661417
0
LINE
8
BLACK
6
CONTINUOUS
10
0.664638346456693
20
0.6590680708661417
11
0.6652094881889764
21
0.6576892125984252
0
LINE
8
BLACK
6
CONTINUOUS
10
0.6652094881889764
20
0.6576892125984252
11
0.6652094881889764
21
0.6379892125984252
0
LINE
8
BLACK
6
CONTINUOUS
10
0.6652094881889764
20
0.6379892125984252
11
0.664638346456693
21
0.6366103543307087
0
LINE
8
BLACK
6
CONTINUOUS
10
0.664638346456693
20
0.6366103543307087
11
0.6632594881889764
21
0.6360392125984252
0
LINE
8
BLACK
6
CONTINUOUS
10
0.6632594881889764
20
0.6360392125984252
11
0.6618806299212598
21
0.6366103543307087
0
LINE
8
BLACK
6
CONTINUOUS
10
0.6618806299212598
20
0.6366103543307087
11
0.6613094881889764
21
0.6379892125984252
0
LINE
8
BLACK
6
CONTINUOUS
10
0.6613094881889764
20
0.6379892125984252
11
0.6613094881889764
21
0.6456243307086614
0
LINE
8
BLACK
6
CONTINUOUS
10
0.6613094881889764
20
0.6456243307086614
11
0.6606561811023622
21
0.6462775984251968
0
LINE
8
BLACK
6
CONTINUOUS
10
0.6606561811023622
20
0.6462775984251968
11
0.6535623622047244
21
0.6368192125984252
0
LINE
8
BLACK
6
CONTINUOUS
10
0.6535623622047244
20
0.6368192125984252
11
0.6522781496062992
21
0.6360588188976378
0
LINE
8
BLACK
6
CONTINUOUS
10
0.6522781496062992
20
0.6360588188976378
11
0.6508323622047244
21
0.6364292125984252
0
LINE
8
BLACK
6
CONTINUOUS
10
0.6508323622047244
20
0.6364292125984252
11
0.650071968503937
21
0.6377134251968504
0
LINE
8
BLACK
6
CONTINUOUS
10
0.650071968503937
20
0.6377134251968504
11
0.6504423622047244
21
0.6391592125984252
0
LINE
8
BLACK
6
CONTINUOUS
10
0.6504423622047244
20
0.6391592125984252
11
0.6578704724409449
21
0.6490633070866142
0
LINE
8
BLACK
6
CONTINUOUS
10
0.6578704724409449
20
0.6490633070866142
11
0.6506235039370079
21
0.6563103543307086
0
LINE
8
BLACK
6
CONTINUOUS
10
0.6506235039370079
20
0.6563103543307086
11
0.6500523622047244
21
0.6576892125984252
0
LINE
8
BLACK
6
CONTINUOUS
10
0.6500523622047244
20
0.6576892125984252
11
0.6506235039370079
21
0.6590680708661417
0
LINE
8
BLACK
6
CONTINUOUS
10
0.6506235039370079
20
0.6590680708661417
11
0.6520023622047244
21
0.6596392125984252
0
LINE
8
BLACK
6
CONTINUOUS
10
0.6520023622047244
20
0.6596392125984252
11
0.653381220472441
21
0.6590680708661417
0
LINE
8
BLACK
6
CONTINUOUS
10
0.653381220472441
20
0.6590680708661417
11
0.6613094881889764
21
0.6511397637795275
0
LINE
8
BLACK
6
CONTINUOUS
10
0.6613094881889764
20
0.6511397637795275
11
0.6613094881889764
21
0.6576892125984252
0
LINE
8
BLACK
6
CONTINUOUS
10
0.6613094881889764
20
0.6576892125984252
11
0.6618806299212598
21
0.6590680708661417
0
LINE
8
BLACK
6
CONTINUOUS
10
0.6618806299212598
20
0.6590680708661417
11
0.6632594881889764
21
0.6596392125984252
0
LINE
8
BLACK
6
CONTINUOUS
10
0.6632594881889764
20
0.6596392125984252
11
0.664638346456693
21
0.6590680708661417
0
LINE
8
BLACK
6
CONTINUOUS
10
0.9846383464566929
20
0.6590680708661417
11
0.9852094881889764
21
0.6576892125984252
0
LINE
8
BLACK
6
CONTINUOUS
10
0.9852094881889764
20
0.6576892125984252
11
0.9852094881889764
21
0.6379892125984252
0
LINE
8
BLACK
6
CONTINUOUS
10
0.9852094881889764
20
0.6379892125984252
11
0.9846383464566929
21
0.6366103543307087
0
LINE
8
BLACK
6
CONTINUOUS
10
0.9846383464566929
20
0.6366103543307087
11
0.9832594881889763
21
0.6360392125984252
0
LINE
8
BLACK
6
CONTINUOUS
10
0.9832594881889763
20
0.6360392125984252
11
0.9818806299212598
21
0.6366103543307087
0
LINE
8
BLACK
6
CONTINUOUS
10
0.9818806299212598
20
0.6366103543307087
11
0.9813094881889763
21
0.6379892125984252
0
LINE
8
BLACK
6
CONTINUOUS
10
0.9813094881889763
20
0.6379892125984252
11
0.9813094881889763
21
0.6456243307086614
0
LINE
8
BLACK
6
CONTINUOUS
10
0.9813094881889763
20
0.6456243307086614
11
0.9806561811023622
21
0.6462775984251968
0
LINE
8
BLACK
6
CONTINUOUS
10
0.9806561811023622
20
0.6462775984251968
11
0.9735623622047244
21
0.6368192125984252
0
LINE
8
BLACK
6
CONTINUOUS
10
0.9735623622047244
20
0.6368192125984252
11
0.9722781496062992
21
0.6360588188976378
0
LINE
8
BLACK
6
CONTINUOUS
10
0.9722781496062992
20
0.6360588188976378
11
0.9708323622047244
21
0.6364292125984252
0
LINE
8
BLACK
6
CONTINUOUS
10
0.9708323622047244
20
0.6364292125984252
11
0.970071968503937
21
0.6377134251968504
0
LINE
8
BLACK
6
CONTINUOUS
10
0.970071968503937
20
0.6377134251968504
11
0.9704423622047244
21
0.6391592125984252
0
LINE
8
BLACK
6
CONTINUOUS
10
0.9704423622047244
20
0.6391592125984252
11
0.9778704724409448
21
0.6490633070866142
0
LINE
8
BLACK
6
CONTINUOUS
10
0.9778704724409448
20
0.6490633070866142
11
0.9706235039370078
21
0.6563103543307086
0
LINE
8
BLACK
6
CONTINUOUS
10
0.9706235039370078
20
0.6563103543307086
11
0.9700523622047243
21
0.6576892125984252
0
LINE
8
BLACK
6
CONTINUOUS
10
0.9700523622047243
20
0.6576892125984252
11
0.9706235039370078
21
0.6590680708661417
0
LINE
8
BLACK
6
CONTINUOUS
10
0.9706235039370078
20
0.6590680708661417
11
0.9720023622047244
21
0.6596392125984252
0
LINE
8
BLACK
6
CONTINUOUS
10
0.9720023622047244
20
0.6596392125984252
11
0.9733812204724409
21
0.6590680708661417
0
LINE
8
BLACK
6
CONTINUOUS
10
0.9733812204724409
20
0.6590680708661417
11
0.9813094881889763
21
0.6511397637795275
0
LINE
8
BLACK
6
CONTINUOUS
10
0.9813094881889763
20
0.6511397637795275
11
0.9813094881889763
21
0.6576892125984252
0
LINE
8
BLACK
6
CONTINUOUS
10
0.9813094881889763
20
0.6576892125984252
11
0.9818806299212598
21
0.6590680708661417
0
LINE
8
BLACK
6
CONTINUOUS
10
0.9818806299212598
20
0.6590680708661417
11
0.9832594881889763
21
0.6596392125984252
0
LINE
8
BLACK
6
CONTINUOUS
10
0.9832594881889763
20
0.6596392125984252
11
0.9846383464566929
21
0.6590680708661417
0
LINE
8
BLACK
6
CONTINUOUS
10
1.3046383464566929
20
0.6590680708661417
11
1.3052094881889764
21
0.6576892125984252
0
LINE
8
BLACK
6
CONTINUOUS
10
1.3052094881889764
20
0.6576892125984252
11
1.3052094881889764
21
0.6379892125984252
0
LINE
8
BLACK
6
CONTINUOUS
10
1.3052094881889764
20
0.6379892125984252
11
1.3046383464566929
21
0.6366103543307087
0
LINE
8
BLACK
6
CONTINUOUS
10
1.3046383464566929
20
0.6366103543307087
11
1.3032594881889763
21
0.6360392125984252
0
LINE
8
BLACK
6
CONTINUOUS
10
1.3032594881889763
20
0.6360392125984252
11
1.3018806299212597
21
0.6366103543307087
0
LINE
8
BLACK
6
CONTINUOUS
10
1.3018806299212597
20
0.6366103543307087
11
1.3013094881889764
21
0.6379892125984252
0
LINE
8
BLACK
6
CONTINUOUS
10
1.3013094881889764
20
0.6379892125984252
11
1.3013094881889764
21
0.6456243307086614
0
LINE
8
BLACK
6
CONTINUOUS
10
1.3013094881889764
20
0.6456243307086614
11
1.3006561811023623
21
0.6462775984251968
0
LINE
8
BLACK
6
CONTINUOUS
10
1.3006561811023623
20
0.6462775984251968
11
1.2935623622047243
21
0.6368192125984252
0
LINE
8
BLACK
6
CONTINUOUS
10
1.2935623622047243
20
0.6368192125984252
11
1.2922781496062992
21
0.6360588188976378
0
LINE
8
BLACK
6
CONTINUOUS
10
1.2922781496062992
20
0.6360588188976378
11
1.2908323622047244
21
0.6364292125984252
0
LINE
8
BLACK
6
CONTINUOUS
10
1.2908323622047244
20
0.6364292125984252
11
1.290071968503937
21
0.6377134251968504
0
LINE
8
BLACK
6
CONTINUOUS
10
1.290071968503937
20
0.6377134251968504
11
1.2904423622047243
21
0.6391592125984252
0
LINE
8
BLACK
6
CONTINUOUS
10
1.2904423622047243
20
0.6391592125984252
11
1.2978704724409449
21
0.6490633070866142
0
LINE
8
BLACK
6
CONTINUOUS
10
1.2978704724409449
20
0.6490633070866142
11
1.2906235039370078
21
0.6563103543307086
0
LINE
8
BLACK
6
CONTINUOUS
10
1.2906235039370078
20
0.6563103543307086
11
1.2900523622047244
21
0.6576892125984252
0
LINE
8
BLACK
6
CONTINUOUS
10
1.2900523622047244
20
0.6576892125984252
11
1.2906235039370078
21
0.6590680708661417
0
LINE
8
BLACK
6
CONTINUOUS
10
1.2906235039370078
20
0.6590680708661417
11
1.2920023622047243
21
0.6596392125984252
0
LINE
8
BLACK
6
CONTINUOUS
10
1.2920023622047243
20
0.6596392125984252
11
1.2933812204724409
21
0.6590680708661417
0
LINE
8
BLACK
6
CONTINUOUS
10
1.2933812204724409
20
0.6590680708661417
11
1.3013094881889764
21
0.6511397637795275
0
LINE
8
BLACK
6
CONTINUOUS
10
1.3013094881889764
20
0.6511397637795275
11
1.3013094881889764
21
0.6576892125984252
0
LINE
8
BLACK
6
CONTINUOUS
10
1.3013094881889764
20
0.6576892125984252
11
1.3018806299212597
21
0.6590680708661417
0
LINE
8
BLACK
6
CONTINUOUS
10
1.3018806299212597
20
0.6590680708661417
11
1.3032594881889763
21
0.6596392125984252
0
LINE
8
BLACK
6
CONTINUOUS
10
1.3032594881889763
20
0.6596392125984252
11
1.3046383464566929
21
0.6590680708661417
0
LINE
8
BLACK
6
CONTINUOUS
10
1.4883961023622048
20
0.701866968503937
11
1.4891860236220471
21
0.701866968503937
0
LINE
8
BLACK
6
CONTINUOUS
10
1.4891860236220471
20
0.701866968503937
11
1.4898701181102363
21
0.701471968503937
0
LINE
8
BLACK
6
CONTINUOUS
10
1.4898701181102363
20
0.701471968503937
11
1.4906331102362205
21
0.7012675590551181
0
LINE
8
BLACK
6
CONTINUOUS
10
1.4906331102362205
20
0.7012675590551181
11
1.4911916141732282
21
0.7007090157480315
0
LINE
8
BLACK
6
CONTINUOUS
10
1.4911916141732282
20
0.7007090157480315
11
1.4918757480314959
21
0.7003140551181102
0
LINE
8
BLACK
6
CONTINUOUS
10
1.4918757480314959
20
0.7003140551181102
11
1.4922707086614173
21
0.6996299212598425
0
LINE
8
BLACK
6
CONTINUOUS
10
1.4922707086614173
20
0.6996299212598425
11
1.4928292519685038
21
0.6990714173228346
0
LINE
8
BLACK
6
CONTINUOUS
10
1.4928292519685038
20
0.6990714173228346
11
1.4930336614173227
21
0.6983084251968503
0
LINE
8
BLACK
6
CONTINUOUS
10
1.4930336614173227
20
0.6983084251968503
11
1.4934286614173229
21
0.6976243307086614
0
LINE
8
BLACK
6
CONTINUOUS
10
1.4934286614173229
20
0.6976243307086614
11
1.4934286614173229
21
0.6968344094488189
0
LINE
8
BLACK
6
CONTINUOUS
10
1.4934286614173229
20
0.6968344094488189
11
1.4936331102362204
21
0.6960714173228346
0
LINE
8
BLACK
6
CONTINUOUS
10
1.4936331102362204
20
0.6960714173228346
11
1.4936331102362204
21
0.6589285826771654
0
LINE
8
BLACK
6
CONTINUOUS
10
1.4936331102362204
20
0.6589285826771654
11
1.4928292519685038
21
0.6559285826771654
0
LINE
8
BLACK
6
CONTINUOUS
10
1.4928292519685038
20
0.6559285826771654
11
1.4906331102362205
21
0.6537324409448819
0
LINE
8
BLACK
6
CONTINUOUS
10
1.4906331102362205
20
0.6537324409448819
11
1.4876331102362204
21
0.6529285826771654
0
LINE
8
BLACK
6
CONTINUOUS
10
1.4876331102362204
20
0.6529285826771654
11
1.4846331102362205
21
0.6537324409448819
0
LINE
8
BLACK
6
CONTINUOUS
10
1.4846331102362205
20
0.6537324409448819
11
1.4824369685039369
21
0.6559285826771654
0
LINE
8
BLACK
6
CONTINUOUS
10
1.4824369685039369
20
0.6559285826771654
11
1.4816331102362204
21
0.6589285826771654
0
LINE
8
BLACK
6
CONTINUOUS
10
1.4816331102362204
20
0.6589285826771654
11
1.4816331102362204
21
0.6815861417322835
0
LINE
8
BLACK
6
CONTINUOUS
10
1.4816331102362204
20
0.6815861417322835
11
1.4575900393700787
21
0.6575430708661417
0
LINE
8
BLACK
6
CONTINUOUS
10
1.4575900393700787
20
0.6575430708661417
11
1.4563956299212597
21
0.6568534645669292
0
LINE
8
BLACK
6
CONTINUOUS
10
1.4563956299212597
20
0.6568534645669292
11
1.4552447637795276
21
0.6560936220472441
0
LINE
8
BLACK
6
CONTINUOUS
10
1.4552447637795276
20
0.6560936220472441
11
1.446673346456693
21
0.6532364960629921
0
LINE
8
BLACK
6
CONTINUOUS
10
1.446673346456693
20
0.6532364960629921
11
1.445709094488189
21
0.6531785826771653
0
LINE
8
BLACK
6
CONTINUOUS
10
1.445709094488189
20
0.6531785826771653
11
1.4447759842519685
21
0.6529285826771654
0
LINE
8
BLACK
6
CONTINUOUS
10
1.4447759842519685
20
0.6529285826771654
11
1.4390616929133857
21
0.6529285826771654
0
LINE
8
BLACK
6
CONTINUOUS
10
1.4390616929133857
20
0.6529285826771654
11
1.4377295669291339
21
0.6532855118110236
0
LINE
8
BLACK
6
CONTINUOUS
10
1.4377295669291339
20
0.6532855118110236
11
1.4363784251968503
21
0.6535620078740157
0
LINE
8
BLACK
6
CONTINUOUS
10
1.4363784251968503
20
0.6535620078740157
11
1.4306641338582677
21
0.6564191338582677
0
LINE
8
BLACK
6
CONTINUOUS
10
1.4306641338582677
20
0.6564191338582677
11
1.4299413385826771
21
0.6570600393700787
0
LINE
8
BLACK
6
CONTINUOUS
10
1.4299413385826771
20
0.6570600393700787
11
1.4291047637795276
21
0.6575430708661417
0
LINE
8
BLACK
6
CONTINUOUS
10
1.4291047637795276
20
0.6575430708661417
11
1.4262475984251968
21
0.6604002362204724
0
LINE
8
BLACK
6
CONTINUOUS
10
1.4262475984251968
20
0.6604002362204724
11
1.4257646062992126
21
0.6612367322834646
0
LINE
8
BLACK
6
CONTINUOUS
10
1.4257646062992126
20
0.6612367322834646
11
1.4251236614173228
21
0.6619595669291338
0
LINE
8
BLACK
6
CONTINUOUS
10
1.4251236614173228
20
0.6619595669291338
11
1.4222665354330708
21
0.6676738582677165
0
LINE
8
BLACK
6
CONTINUOUS
10
1.4222665354330708
20
0.6676738582677165
11
1.4219899999999999
21
0.6690250787401575
0
LINE
8
BLACK
6
CONTINUOUS
10
1.4219899999999999
20
0.6690250787401575
11
1.4216331102362205
21
0.6703571259842519
0
LINE
8
BLACK
6
CONTINUOUS
10
1.4216331102362205
20
0.6703571259842519
11
1.4216331102362205
21
0.684642874015748
0
LINE
8
BLACK
6
CONTINUOUS
10
1.4216331102362205
20
0.684642874015748
11
1.4219899999999999
21
0.6859748818897637
0
LINE
8
BLACK
6
CONTINUOUS
10
1.4219899999999999
20
0.6859748818897637
11
1.4222665354330708
21
0.6873261417322835
0
LINE
8
BLACK
6
CONTINUOUS
10
1.4222665354330708
20
0.6873261417322835
11
1.4251236614173228
21
0.6930404330708662
0
LINE
8
BLACK
6
CONTINUOUS
10
1.4251236614173228
20
0.6930404330708662
11
1.4257646062992126
21
0.6937632283464567
0
LINE
8
BLACK
6
CONTINUOUS
10
1.4257646062992126
20
0.6937632283464567
11
1.4262475984251968
21
0.6945997637795276
0
LINE
8
BLACK
6
CONTINUOUS
10
1.4262475984251968
20
0.6945997637795276
11
1.4291047637795276
21
0.6974569291338583
0
LINE
8
BLACK
6
CONTINUOUS
10
1.4291047637795276
20
0.6974569291338583
11
1.4317944881889764
21
0.699009842519685
0
LINE
8
BLACK
6
CONTINUOUS
10
1.4317944881889764
20
0.699009842519685
11
1.4349003149606299
21
0.699009842519685
0
LINE
8
BLACK
6
CONTINUOUS
10
1.4349003149606299
20
0.699009842519685
11
1.4375900393700787
21
0.6974569291338583
0
LINE
8
BLACK
6
CONTINUOUS
10
1.4375900393700787
20
0.6974569291338583
11
1.4391429527559054
21
0.6947672047244094
0
LINE
8
BLACK
6
CONTINUOUS
10
1.4391429527559054
20
0.6947672047244094
11
1.4391429527559054
21
0.6916613779527558
0
LINE
8
BLACK
6
CONTINUOUS
10
1.4391429527559054
20
0.6916613779527558
11
1.4375900393700787
21
0.688971653543307
0
LINE
8
BLACK
6
CONTINUOUS
10
1.4375900393700787
20
0.688971653543307
11
1.4354213779527558
21
0.6868029921259843
0
LINE
8
BLACK
6
CONTINUOUS
10
1.4354213779527558
20
0.6868029921259843
11
1.4336331102362205
21
0.6832264566929134
0
LINE
8
BLACK
6
CONTINUOUS
10
1.4336331102362205
20
0.6832264566929134
11
1.4336331102362205
21
0.6717735433070866
0
LINE
8
BLACK
6
CONTINUOUS
10
1.4336331102362205
20
0.6717735433070866
11
1.4354213779527558
21
0.6681970078740157
0
LINE
8
BLACK
6
CONTINUOUS
10
1.4354213779527558
20
0.6681970078740157
11
1.436901496062992
21
0.6667168503937008
0
LINE
8
BLACK
6
CONTINUOUS
10
1.436901496062992
20
0.6667168503937008
11
1.4404781102362205
21
0.6649285826771654
0
LINE
8
BLACK
6
CONTINUOUS
10
1.4404781102362205
20
0.6649285826771654
11
1.4438023622047245
21
0.6649285826771654
0
LINE
8
BLACK
6
CONTINUOUS
10
1.4438023622047245
20
0.6649285826771654
11
1.4501063385826771
21
0.6670299212598425
0
LINE
8
BLACK
6
CONTINUOUS
10
1.4501063385826771
20
0.6670299212598425
11
1.4833904724409448
21
0.7003140551181102
0
LINE
8
BLACK
6
CONTINUOUS
10
1.4833904724409448
20
0.7003140551181102
11
1.4840745669291338
21
0.7007090157480315
0
LINE
8
BLACK
6
CONTINUOUS
10
1.4840745669291338
20
0.7007090157480315
11
1.4846331102362205
21
0.7012675590551181
0
LINE
8
BLACK
6
CONTINUOUS
10
1.4846331102362205
20
0.7012675590551181
11
1.4853960629921259
21
0.701471968503937
0
LINE
8
BLACK
6
CONTINUOUS
10
1.4853960629921259
20
0.701471968503937
11
1.4860801968503936
21
0.701866968503937
0
LINE
8
BLACK
6
CONTINUOUS
10
1.4860801968503936
20
0.701866968503937
11
1.4868701181102362
21
0.701866968503937
0
LINE
8
BLACK
6
CONTINUOUS
10
1.4868701181102362
20
0.701866968503937
11
1.4876331102362204
21
0.7020714173228346
0
LINE
8
BLACK
6
CONTINUOUS
10
1.4876331102362204
20
0.7020714173228346
11
1.4883961023622048
21
0.701866968503937
0
LINE
8
BLACK
6
CONTINUOUS
10
0.3128131102362205
20
0.7067979921259843
11
0.313503937007874
21
0.7049
0
LINE
8
BLACK
6
CONTINUOUS
10
0.313503937007874
20
0.7049
11
0.313503937007874
21
0.6871653543307087
0
LINE
8
BLACK
6
CONTINUOUS
10
0.313503937007874
20
0.6871653543307087
11
0.3134362992125984
21
0.686781811023622
0
LINE
8
BLACK
6
CONTINUOUS
10
0.3134362992125984
20
0.686781811023622
11
0.313459094488189
21
0.6866525984251969
0
LINE
8
BLACK
6
CONTINUOUS
10
0.313459094488189
20
0.6866525984251969
11
0.3133934645669291
21
0.6865389763779527
0
LINE
8
BLACK
6
CONTINUOUS
10
0.3133934645669291
20
0.6865389763779527
11
0.3133258661417323
21
0.6861554330708661
0
LINE
8
BLACK
6
CONTINUOUS
10
0.3133258661417323
20
0.6861554330708661
11
0.312832716535433
21
0.685567716535433
0
LINE
8
BLACK
6
CONTINUOUS
10
0.312832716535433
20
0.685567716535433
11
0.3124491732283465
21
0.6849034251968503
0
LINE
8
BLACK
6
CONTINUOUS
10
0.3124491732283465
20
0.6849034251968503
11
0.3121988188976378
21
0.6848122834645669
0
LINE
8
BLACK
6
CONTINUOUS
10
0.3121988188976378
20
0.6848122834645669
11
0.3120275590551181
21
0.684608188976378
0
LINE
8
BLACK
6
CONTINUOUS
10
0.3120275590551181
20
0.684608188976378
11
0.311271968503937
21
0.6844749212598426
0
LINE
8
BLACK
6
CONTINUOUS
10
0.311271968503937
20
0.6844749212598426
11
0.3105511811023622
21
0.6842125984251969
0
LINE
8
BLACK
6
CONTINUOUS
10
0.3105511811023622
20
0.6842125984251969
11
0.1294488188976378
21
0.6842125984251969
0
LINE
8
BLACK
6
CONTINUOUS
10
0.1294488188976378
20
0.6842125984251969
11
0.1290652755905512
21
0.6842801968503937
0
LINE
8
BLACK
6
CONTINUOUS
10
0.1290652755905512
20
0.6842801968503937
11
0.128936062992126
21
0.6842574409448818
0
LINE
8
BLACK
6
CONTINUOUS
10
0.128936062992126
20
0.6842574409448818
11
0.1288224409448819
21
0.684323031496063
0
LINE
8
BLACK
6
CONTINUOUS
10
0.1288224409448819
20
0.684323031496063
11
0.1284388976377953
21
0.6843906692913385
0
LINE
8
BLACK
6
CONTINUOUS
10
0.1284388976377953
20
0.6843906692913385
11
0.1278511811023622
21
0.6848837795275591
0
LINE
8
BLACK
6
CONTINUOUS
10
0.1278511811023622
20
0.6848837795275591
11
0.1271868897637795
21
0.6852673622047244
0
LINE
8
BLACK
6
CONTINUOUS
10
0.1271868897637795
20
0.6852673622047244
11
0.1270957480314961
21
0.6855176771653543
0
LINE
8
BLACK
6
CONTINUOUS
10
0.1270957480314961
20
0.6855176771653543
11
0.1268916535433071
21
0.6856889763779528
0
LINE
8
BLACK
6
CONTINUOUS
10
0.1268916535433071
20
0.6856889763779528
11
0.1267583858267717
21
0.6864445275590551
0
LINE
8
BLACK
6
CONTINUOUS
10
0.1267583858267717
20
0.6864445275590551
11
0.126496062992126
21
0.6871653543307087
0
LINE
8
BLACK
6
CONTINUOUS
10
0.126496062992126
20
0.6871653543307087
11
0.126496062992126
21
0.7049
0
LINE
8
BLACK
6
CONTINUOUS
10
0.126496062992126
20
0.7049
11
0.1266741338582677
21
0.7059099212598425
0
LINE
8
BLACK
6
CONTINUOUS
10
0.1266741338582677
20
0.7059099212598425
11
0.1279724409448819
21
0.7074571653543307
0
LINE
8
BLACK
6
CONTINUOUS
10
0.1279724409448819
20
0.7074571653543307
11
0.1299615748031496
21
0.7078079133858267
0
LINE
8
BLACK
6
CONTINUOUS
10
0.1299615748031496
20
0.7078079133858267
11
0.1317107480314961
21
0.7067979921259843
0
LINE
8
BLACK
6
CONTINUOUS
10
0.1317107480314961
20
0.7067979921259843
11
0.1324015748031496
21
0.7049
0
LINE
8
BLACK
6
CONTINUOUS
10
0.1324015748031496
20
0.7049
11
0.1324015748031496
21
0.6901181102362205
0
LINE
8
BLACK
6
CONTINUOUS
10
0.1324015748031496
20
0.6901181102362205
11
0.2879472440944882
21
0.6901181102362205
0
LINE
8
BLACK
6
CONTINUOUS
10
0.2879472440944882
20
0.6901181102362205
11
0.2879472440944882
21
0.7049
0
LINE
8
BLACK
6
CONTINUOUS
10
0.2879472440944882
20
0.7049
11
0.2881253149606299
21
0.7059099212598425
0
LINE
8
BLACK
6
CONTINUOUS
10
0.2881253149606299
20
0.7059099212598425
11
0.2894236220472441
21
0.7074571653543307
0
LINE
8
BLACK
6
CONTINUOUS
10
0.2894236220472441
20
0.7074571653543307
11
0.2914127559055118
21
0.7078079133858267
0
LINE
8
BLACK
6
CONTINUOUS
10
0.2914127559055118
20
0.7078079133858267
11
0.2931619291338582
21
0.7067979921259843
0
LINE
8
BLACK
6
CONTINUOUS
10
0.2931619291338582
20
0.7067979921259843
11
0.2938527559055118
21
0.7049
0
LINE
8
BLACK
6
CONTINUOUS
10
0.2938527559055118
20
0.7049
11
0.2938527559055118
21
0.6901181102362205
0
LINE
8
BLACK
6
CONTINUOUS
10
0.2938527559055118
20
0.6901181102362205
11
0.3075984251968504
21
0.6901181102362205
0
LINE
8
BLACK
6
CONTINUOUS
10
0.3075984251968504
20
0.6901181102362205
11
0.3075984251968504
21
0.7049
0
LINE
8
BLACK
6
CONTINUOUS
10
0.3075984251968504
20
0.7049
11
0.3077764960629921
21
0.7059099212598425
0
LINE
8
BLACK
6
CONTINUOUS
10
0.3077764960629921
20
0.7059099212598425
11
0.3090748031496063
21
0.7074571653543307
0
LINE
8
BLACK
6
CONTINUOUS
10
0.3090748031496063
20
0.7074571653543307
11
0.311063937007874
21
0.7078079133858267
0
LINE
8
BLACK
6
CONTINUOUS
10
0.311063937007874
20
0.7078079133858267
11
0.3128131102362205
21
0.7067979921259843
0
LINE
8
BLACK
6
CONTINUOUS
10
0.6328131102362204
20
0.7067979921259843
11
0.633503937007874
21
0.7049
0
LINE
8
BLACK
6
CONTINUOUS
10
0.633503937007874
20
0.7049
11
0.633503937007874
21
0.6871653543307087
0
LINE
8
BLACK
6
CONTINUOUS
10
0.633503937007874
20
0.6871653543307087
11
0.6334362992125984
21
0.686781811023622
0
LINE
8
BLACK
6
CONTINUOUS
10
0.6334362992125984
20
0.686781811023622
11
0.6334590944881889
21
0.6866525984251969
0
LINE
8
BLACK
6
CONTINUOUS
10
0.6334590944881889
20
0.6866525984251969
11
0.6333934645669291
21
0.6865389763779527
0
LINE
8
BLACK
6
CONTINUOUS
10
0.6333934645669291
20
0.6865389763779527
11
0.6333258661417323
21
0.6861554330708661
0
LINE
8
BLACK
6
CONTINUOUS
10
0.6333258661417323
20
0.6861554330708661
11
0.632832716535433
21
0.685567716535433
0
LINE
8
BLACK
6
CONTINUOUS
10
0.632832716535433
20
0.685567716535433
11
0.6324491732283465
21
0.6849034251968503
0
LINE
8
BLACK
6
CONTINUOUS
10
0.6324491732283465
20
0.6849034251968503
11
0.6321988188976377
21
0.6848122834645669
0
LINE
8
BLACK
6
CONTINUOUS
10
0.6321988188976377
20
0.6848122834645669
11
0.6320275590551181
21
0.684608188976378
0
LINE
8
BLACK
6
CONTINUOUS
10
0.6320275590551181
20
0.684608188976378
11
0.631271968503937
21
0.6844749212598426
0
LINE
8
BLACK
6
CONTINUOUS
10
0.631271968503937
20
0.6844749212598426
11
0.6305511811023622
21
0.6842125984251969
0
LINE
8
BLACK
6
CONTINUOUS
10
0.6305511811023622
20
0.6842125984251969
11
0.4494488188976378
21
0.6842125984251969
0
LINE
8
BLACK
6
CONTINUOUS
10
0.4494488188976378
20
0.6842125984251969
11
0.4490652755905511
21
0.6842801968503937
0
LINE
8
BLACK
6
CONTINUOUS
10
0.4490652755905511
20
0.6842801968503937
11
0.448936062992126
21
0.6842574409448818
0
LINE
8
BLACK
6
CONTINUOUS
10
0.448936062992126
20
0.6842574409448818
11
0.4488224409448819
21
0.684323031496063
0
LINE
8
BLACK
6
CONTINUOUS
10
0.4488224409448819
20
0.684323031496063
11
0.4484388976377953
21
0.6843906692913385
0
LINE
8
BLACK
6
CONTINUOUS
10
0.4484388976377953
20
0.6843906692913385
11
0.4478511811023622
21
0.6848837795275591
0
LINE
8
BLACK
6
CONTINUOUS
10
0.4478511811023622
20
0.6848837795275591
11
0.4471868897637795
21
0.6852673622047244
0
LINE
8
BLACK
6
CONTINUOUS
10
0.4471868897637795
20
0.6852673622047244
11
0.447095748031496
21
0.6855176771653543
0
LINE
8
BLACK
6
CONTINUOUS
10
0.447095748031496
20
0.6855176771653543
11
0.4468916535433071
21
0.6856889763779528
0
LINE
8
BLACK
6
CONTINUOUS
10
0.4468916535433071
20
0.6856889763779528
11
0.4467583858267716
21
0.6864445275590551
0
LINE
8
BLACK
6
CONTINUOUS
10
0.4467583858267716
20
0.6864445275590551
11
0.446496062992126
21
0.6871653543307087
0
LINE
8
BLACK
6
CONTINUOUS
10
0.446496062992126
20
0.6871653543307087
11
0.446496062992126
21
0.7049
0
LINE
8
BLACK
6
CONTINUOUS
10
0.446496062992126
20
0.7049
11
0.4466741338582677
21
0.7059099212598425
0
LINE
8
BLACK
6
CONTINUOUS
10
0.4466741338582677
20
0.7059099212598425
11
0.4479724409448819
21
0.7074571653543307
0
LINE
8
BLACK
6
CONTINUOUS
10
0.4479724409448819
20
0.7074571653543307
11
0.4499615748031496
21
0.7078079133858267
0
LINE
8
BLACK
6
CONTINUOUS
10
0.4499615748031496
20
0.7078079133858267
11
0.4517107480314961
21
0.7067979921259843
0
LINE
8
BLACK
6
CONTINUOUS
10
0.4517107480314961
20
0.7067979921259843
11
0.4524015748031496
21
0.7049
0
LINE
8
BLACK
6
CONTINUOUS
10
0.4524015748031496
20
0.7049
11
0.4524015748031496
21
0.6901181102362205
0
LINE
8
BLACK
6
CONTINUOUS
10
0.4524015748031496
20
0.6901181102362205
11
0.6079472440944882
21
0.6901181102362205
0
LINE
8
BLACK
6
CONTINUOUS
10
0.6079472440944882
20
0.6901181102362205
11
0.6079472440944882
21
0.7049
0
LINE
8
BLACK
6
CONTINUOUS
10
0.6079472440944882
20
0.7049
11
0.6081253149606299
21
0.7059099212598425
0
LINE
8
BLACK
6
CONTINUOUS
10
0.6081253149606299
20
0.7059099212598425
11
0.6094236220472441
21
0.7074571653543307
0
LINE
8
BLACK
6
CONTINUOUS
10
0.6094236220472441
20
0.7074571653543307
11
0.6114127559055118
21
0.7078079133858267
0
LINE
8
BLACK
6
CONTINUOUS
10
0.6114127559055118
20
0.7078079133858267
11
0.6131619291338583
21
0.7067979921259843
0
LINE
8
BLACK
6
CONTINUOUS
10
0.6131619291338583
20
0.7067979921259843
11
0.6138527559055118
21
0.7049
0
LINE
8
BLACK
6
CONTINUOUS
10
0.6138527559055118
20
0.7049
11
0.6138527559055118
21
0.6901181102362205
0
LINE
8
BLACK
6
CONTINUOUS
10
0.6138527559055118
20
0.6901181102362205
11
0.6275984251968504
21
0.6901181102362205
0
LINE
8
BLACK
6
CONTINUOUS
10
0.6275984251968504
20
0.6901181102362205
11
0.6275984251968504
21
0.7049
0
LINE
8
BLACK
6
CONTINUOUS
10
0.6275984251968504
20
0.7049
11
0.6277764960629921
21
0.7059099212598425
0
LINE
8
BLACK
6
CONTINUOUS
10
0.6277764960629921
20
0.7059099212598425
11
0.6290748031496063
21
0.7074571653543307
0
LINE
8
BLACK
6
CONTINUOUS
10
0.6290748031496063
20
0.7074571653543307
11
0.631063937007874
21
0.7078079133858267
0
LINE
8
BLACK
6
CONTINUOUS
10
0.631063937007874
20
0.7078079133858267
11
0.6328131102362204
21
0.7067979921259843
0
LINE
8
BLACK
6
CONTINUOUS
10
0.9528131102362205
20
0.7067979921259843
11
0.9535039370078739
21
0.7049
0
LINE
8
BLACK
6
CONTINUOUS
10
0.9535039370078739
20
0.7049
11
0.9535039370078739
21
0.6871653543307087
0
LINE
8
BLACK
6
CONTINUOUS
10
0.9535039370078739
20
0.6871653543307087
11
0.9534362992125984
21
0.686781811023622
0
LINE
8
BLACK
6
CONTINUOUS
10
0.9534362992125984
20
0.686781811023622
11
0.953459094488189
21
0.6866525984251969
0
LINE
8
BLACK
6
CONTINUOUS
10
0.953459094488189
20
0.6866525984251969
11
0.9533934645669291
21
0.6865389763779527
0
LINE
8
BLACK
6
CONTINUOUS
10
0.9533934645669291
20
0.6865389763779527
11
0.9533258661417323
21
0.6861554330708661
0
LINE
8
BLACK
6
CONTINUOUS
10
0.9533258661417323
20
0.6861554330708661
11
0.952832716535433
21
0.685567716535433
0
LINE
8
BLACK
6
CONTINUOUS
10
0.952832716535433
20
0.685567716535433
11
0.9524491732283464
21
0.6849034251968503
0
LINE
8
BLACK
6
CONTINUOUS
10
0.9524491732283464
20
0.6849034251968503
11
0.9521988188976378
21
0.6848122834645669
0
LINE
8
BLACK
6
CONTINUOUS
10
0.9521988188976378
20
0.6848122834645669
11
0.952027559055118
21
0.684608188976378
0
LINE
8
BLACK
6
CONTINUOUS
10
0.952027559055118
20
0.684608188976378
11
0.951271968503937
21
0.6844749212598426
0
LINE
8
BLACK
6
CONTINUOUS
10
0.951271968503937
20
0.6844749212598426
11
0.9505511811023621
21
0.6842125984251969
0
LINE
8
BLACK
6
CONTINUOUS
10
0.9505511811023621
20
0.6842125984251969
11
0.7694488188976378
21
0.6842125984251969
0
LINE
8
BLACK
6
CONTINUOUS
10
0.7694488188976378
20
0.6842125984251969
11
0.7690652755905512
21
0.6842801968503937
0
LINE
8
BLACK
6
CONTINUOUS
10
0.7690652755905512
20
0.6842801968503937
11
0.7689360629921259
21
0.6842574409448818
0
LINE
8
BLACK
6
CONTINUOUS
10
0.7689360629921259
20
0.6842574409448818
11
0.7688224409448818
21
0.684323031496063
0
LINE
8
BLACK
6
CONTINUOUS
10
0.7688224409448818
20
0.684323031496063
11
0.7684388976377953
21
0.6843906692913385
0
LINE
8
BLACK
6
CONTINUOUS
10
0.7684388976377953
20
0.6843906692913385
11
0.7678511811023622
21
0.6848837795275591
0
LINE
8
BLACK
6
CONTINUOUS
10
0.7678511811023622
20
0.6848837795275591
11
0.7671868897637795
21
0.6852673622047244
0
LINE
8
BLACK
6
CONTINUOUS
10
0.7671868897637795
20
0.6852673622047244
11
0.767095748031496
21
0.6855176771653543
0
LINE
8
BLACK
6
CONTINUOUS
10
0.767095748031496
20
0.6855176771653543
11
0.766891653543307
21
0.6856889763779528
0
LINE
8
BLACK
6
CONTINUOUS
10
0.766891653543307
20
0.6856889763779528
11
0.7667583858267716
21
0.6864445275590551
0
LINE
8
BLACK
6
CONTINUOUS
10
0.7667583858267716
20
0.6864445275590551
11
0.7664960629921259
21
0.6871653543307087
0
LINE
8
BLACK
6
CONTINUOUS
10
0.7664960629921259
20
0.6871653543307087
11
0.7664960629921259
21
0.7049
0
LINE
8
BLACK
6
CONTINUOUS
10
0.7664960629921259
20
0.7049
11
0.7666741338582677
21
0.7059099212598425
0
LINE
8
BLACK
6
CONTINUOUS
10
0.7666741338582677
20
0.7059099212598425
11
0.7679724409448818
21
0.7074571653543307
0
LINE
8
BLACK
6
CONTINUOUS
10
0.7679724409448818
20
0.7074571653543307
11
0.7699615748031496
21
0.7078079133858267
0
LINE
8
BLACK
6
CONTINUOUS
10
0.7699615748031496
20
0.7078079133858267
11
0.7717107480314961
21
0.7067979921259843
0
LINE
8
BLACK
6
CONTINUOUS
10
0.7717107480314961
20
0.7067979921259843
11
0.7724015748031496
21
0.7049
0
LINE
8
BLACK
6
CONTINUOUS
10
0.7724015748031496
20
0.7049
11
0.7724015748031496
21
0.6901181102362205
0
LINE
8
BLACK
6
CONTINUOUS
10
0.7724015748031496
20
0.6901181102362205
11
0.9279472440944881
21
0.6901181102362205
0
LINE
8
BLACK
6
CONTINUOUS
10
0.9279472440944881
20
0.6901181102362205
11
0.9279472440944881
21
0.7049
0
LINE
8
BLACK
6
CONTINUOUS
10
0.9279472440944881
20
0.7049
11
0.9281253149606299
21
0.7059099212598425
0
LINE
8
BLACK
6
CONTINUOUS
10
0.9281253149606299
20
0.7059099212598425
11
0.929423622047244
21
0.7074571653543307
0
LINE
8
BLACK
6
CONTINUOUS
10
0.929423622047244
20
0.7074571653543307
11
0.9314127559055118
21
0.7078079133858267
0
LINE
8
BLACK
6
CONTINUOUS
10
0.9314127559055118
20
0.7078079133858267
11
0.9331619291338582
21
0.7067979921259843
0
LINE
8
BLACK
6
CONTINUOUS
10
0.9331619291338582
20
0.7067979921259843
11
0.9338527559055118
21
0.7049
0
LINE
8
BLACK
6
CONTINUOUS
10
0.9338527559055118
20
0.7049
11
0.9338527559055118
21
0.6901181102362205
0
LINE
8
BLACK
6
CONTINUOUS
10
0.9338527559055118
20
0.6901181102362205
11
0.9475984251968503
21
0.6901181102362205
0
LINE
8
BLACK
6
CONTINUOUS
10
0.9475984251968503
20
0.6901181102362205
11
0.9475984251968503
21
0.7049
0
LINE
8
BLACK
6
CONTINUOUS
10
0.9475984251968503
20
0.7049
11
0.9477764960629921
21
0.7059099212598425
0
LINE
8
BLACK
6
CONTINUOUS
10
0.9477764960629921
20
0.7059099212598425
11
0.9490748031496062
21
0.7074571653543307
0
LINE
8
BLACK
6
CONTINUOUS
10
0.9490748031496062
20
0.7074571653543307
11
0.9510639370078739
21
0.7078079133858267
0
LINE
8
BLACK
6
CONTINUOUS
10
0.9510639370078739
20
0.7078079133858267
11
0.9528131102362205
21
0.7067979921259843
0
LINE
8
BLACK
6
CONTINUOUS
10
1.2728131102362203
20
0.7067979921259843
11
1.273503937007874
21
0.7049
0
LINE
8
BLACK
6
CONTINUOUS
10
1.273503937007874
20
0.7049
11
1.273503937007874
21
0.6871653543307087
0
LINE
8
BLACK
6
CONTINUOUS
10
1.273503937007874
20
0.6871653543307087
11
1.2734362992125985
21
0.686781811023622
0
LINE
8
BLACK
6
CONTINUOUS
10
1.2734362992125985
20
0.686781811023622
11
1.2734590944881889
21
0.6866525984251969
0
LINE
8
BLACK
6
CONTINUOUS
10
1.2734590944881889
20
0.6866525984251969
11
1.2733934645669291
21
0.6865389763779527
0
LINE
8
BLACK
6
CONTINUOUS
10
1.2733934645669291
20
0.6865389763779527
11
1.2733258661417322
21
0.6861554330708661
0
LINE
8
BLACK
6
CONTINUOUS
10
1.2733258661417322
20
0.6861554330708661
11
1.272832716535433
21
0.685567716535433
0
LINE
8
BLACK
6
CONTINUOUS
10
1.272832716535433
20
0.685567716535433
11
1.2724491732283465
21
0.6849034251968503
0
LINE
8
BLACK
6
CONTINUOUS
10
1.2724491732283465
20
0.6849034251968503
11
1.2721988188976379
21
0.6848122834645669
0
LINE
8
BLACK
6
CONTINUOUS
10
1.2721988188976379
20
0.6848122834645669
11
1.272027559055118
21
0.684608188976378
0
LINE
8
BLACK
6
CONTINUOUS
10
1.272027559055118
20
0.684608188976378
11
1.2712719685039371
21
0.6844749212598426
0
LINE
8
BLACK
6
CONTINUOUS
10
1.2712719685039371
20
0.6844749212598426
11
1.2705511811023622
21
0.6842125984251969
0
LINE
8
BLACK
6
CONTINUOUS
10
1.2705511811023622
20
0.6842125984251969
11
1.0894488188976377
21
0.6842125984251969
0
LINE
8
BLACK
6
CONTINUOUS
10
1.0894488188976377
20
0.6842125984251969
11
1.0890652755905512
21
0.6842801968503937
0
LINE
8
BLACK
6
CONTINUOUS
10
1.0890652755905512
20
0.6842801968503937
11
1.0889360629921259
21
0.6842574409448818
0
LINE
8
BLACK
6
CONTINUOUS
10
1.0889360629921259
20
0.6842574409448818
11
1.0888224409448819
21
0.684323031496063
0
LINE
8
BLACK
6
CONTINUOUS
10
1.0888224409448819
20
0.684323031496063
11
1.0884388976377952
21
0.6843906692913385
0
LINE
8
BLACK
6
CONTINUOUS
10
1.0884388976377952
20
0.6843906692913385
11
1.0878511811023621
21
0.6848837795275591
0
LINE
8
BLACK
6
CONTINUOUS
10
1.0878511811023621
20
0.6848837795275591
11
1.0871868897637795
21
0.6852673622047244
0
LINE
8
BLACK
6
CONTINUOUS
10
1.0871868897637795
20
0.6852673622047244
11
1.087095748031496
21
0.6855176771653543
0
LINE
8
BLACK
6
CONTINUOUS
10
1.087095748031496
20
0.6855176771653543
11
1.0868916535433071
21
0.6856889763779528
0
LINE
8
BLACK
6
CONTINUOUS
10
1.0868916535433071
20
0.6856889763779528
11
1.0867583858267715
21
0.6864445275590551
0
LINE
8
BLACK
6
CONTINUOUS
10
1.0867583858267715
20
0.6864445275590551
11
1.0864960629921259
21
0.6871653543307087
0
LINE
8
BLACK
6
CONTINUOUS
10
1.0864960629921259
20
0.6871653543307087
11
1.0864960629921259
21
0.7049
0
LINE
8
BLACK
6
CONTINUOUS
10
1.0864960629921259
20
0.7049
11
1.0866741338582677
21
0.7059099212598425
0
LINE
8
BLACK
6
CONTINUOUS
10
1.0866741338582677
20
0.7059099212598425
11
1.0879724409448819
21
0.7074571653543307
0
LINE
8
BLACK
6
CONTINUOUS
10
1.0879724409448819
20
0.7074571653543307
11
1.0899615748031495
21
0.7078079133858267
0
LINE
8
BLACK
6
CONTINUOUS
10
1.0899615748031495
20
0.7078079133858267
11
1.091710748031496
21
0.7067979921259843
0
LINE
8
BLACK
6
CONTINUOUS
10
1.091710748031496
20
0.7067979921259843
11
1.0924015748031495
21
0.7049
0
LINE
8
BLACK
6
CONTINUOUS
10
1.0924015748031495
20
0.7049
11
1.0924015748031495
21
0.6901181102362205
0
LINE
8
BLACK
6
CONTINUOUS
10
1.0924015748031495
20
0.6901181102362205
11
1.2479472440944881
21
0.6901181102362205
0
LINE
8
BLACK
6
CONTINUOUS
10
1.2479472440944881
20
0.6901181102362205
11
1.2479472440944881
21
0.7049
0
LINE
8
BLACK
6
CONTINUOUS
10
1.2479472440944881
20
0.7049
11
1.24812531496063
21
0.7059099212598425
0
LINE
8
BLACK
6
CONTINUOUS
10
1.24812531496063
20
0.7059099212598425
11
1.2494236220472441
21
0.7074571653543307
0
LINE
8
BLACK
6
CONTINUOUS
10
1.2494236220472441
20
0.7074571653543307
11
1.2514127559055117
21
0.7078079133858267
0
LINE
8
BLACK
6
CONTINUOUS
10
1.2514127559055117
20
0.7078079133858267
11
1.2531619291338583
21
0.7067979921259843
0
LINE
8
BLACK
6
CONTINUOUS
10
1.2531619291338583
20
0.7067979921259843
11
1.2538527559055117
21
0.7049
0
LINE
8
BLACK
6
CONTINUOUS
10
1.2538527559055117
20
0.7049
11
1.2538527559055117
21
0.6901181102362205
0
LINE
8
BLACK
6
CONTINUOUS
10
1.2538527559055117
20
0.6901181102362205
11
1.2675984251968504
21
0.6901181102362205
0
LINE
8
BLACK
6
CONTINUOUS
10
1.2675984251968504
20
0.6901181102362205
11
1.2675984251968504
21
0.7049
0
LINE
8
BLACK
6
CONTINUOUS
10
1.2675984251968504
20
0.7049
11
1.267776496062992
21
0.7059099212598425
0
LINE
8
BLACK
6
CONTINUOUS
10
1.267776496062992
20
0.7059099212598425
11
1.2690748031496062
21
0.7074571653543307
0
LINE
8
BLACK
6
CONTINUOUS
10
1.2690748031496062
20
0.7074571653543307
11
1.271063937007874
21
0.7078079133858267
0
LINE
8
BLACK
6
CONTINUOUS
10
1.271063937007874
20
0.7078079133858267
11
1.2728131102362203
21
0.7067979921259843
0
LINE
8
BLACK
6
CONTINUOUS
10
1.4906331102362205
20
0.7555532677165354
11
1.4928292519685038
21
0.753357125984252
0
LINE
8
BLACK
6
CONTINUOUS
10
1.4928292519685038
20
0.753357125984252
11
1.4936331102362204
21
0.750357125984252
0
LINE
8
BLACK
6
CONTINUOUS
10
1.4936331102362204
20
0.750357125984252
11
1.4936331102362204
21
0.7360714173228347
0
LINE
8
BLACK
6
CONTINUOUS
10
1.4936331102362204
20
0.7360714173228347
11
1.4933831102362205
21
0.7351384251968504
0
LINE
8
BLACK
6
CONTINUOUS
10
1.4933831102362205
20
0.7351384251968504
11
1.4933252362204723
21
0.7341740551181102
0
LINE
8
BLACK
6
CONTINUOUS
10
1.4933252362204723
20
0.7341740551181102
11
1.4904680708661417
21
0.7256026377952756
0
LINE
8
BLACK
6
CONTINUOUS
10
1.4904680708661417
20
0.7256026377952756
11
1.4897081889763779
21
0.7244517322834646
0
LINE
8
BLACK
6
CONTINUOUS
10
1.4897081889763779
20
0.7244517322834646
11
1.4890186220472441
21
0.7232573622047244
0
LINE
8
BLACK
6
CONTINUOUS
10
1.4890186220472441
20
0.7232573622047244
11
1.4833043307086613
21
0.7175430708661417
0
LINE
8
BLACK
6
CONTINUOUS
10
1.4833043307086613
20
0.7175430708661417
11
1.4824677559055117
21
0.7170600787401574
0
LINE
8
BLACK
6
CONTINUOUS
10
1.4824677559055117
20
0.7170600787401574
11
1.4817449606299211
21
0.7164191338582677
0
LINE
8
BLACK
6
CONTINUOUS
10
1.4817449606299211
20
0.7164191338582677
11
1.4760306692913385
21
0.7135620078740157
0
LINE
8
BLACK
6
CONTINUOUS
10
1.4760306692913385
20
0.7135620078740157
11
1.4753817716535433
21
0.7134292125984252
0
LINE
8
BLACK
6
CONTINUOUS
10
1.4753817716535433
20
0.7134292125984252
11
1.4748026377952757
21
0.713107716535433
0
LINE
8
BLACK
6
CONTINUOUS
10
1.4748026377952757
20
0.713107716535433
11
1.4633740551181103
21
0.7102505511811024
0
LINE
8
BLACK
6
CONTINUOUS
10
1.4633740551181103
20
0.7102505511811024
11
1.4626338188976378
21
0.7102629921259842
0
LINE
8
BLACK
6
CONTINUOUS
10
1.4626338188976378
20
0.7102629921259842
11
1.4619188188976378
21
0.7100714173228346
0
LINE
8
BLACK
6
CONTINUOUS
10
1.4619188188976378
20
0.7100714173228346
11
1.4533474015748031
21
0.7100714173228346
0
LINE
8
BLACK
6
CONTINUOUS
10
1.4533474015748031
20
0.7100714173228346
11
1.4526323622047244
21
0.7102629921259842
0
LINE
8
BLACK
6
CONTINUOUS
10
1.4526323622047244
20
0.7102629921259842
11
1.4518921653543306
21
0.7102505511811024
0
LINE
8
BLACK
6
CONTINUOUS
10
1.4518921653543306
20
0.7102505511811024
11
1.4404635826771652
21
0.713107716535433
0
LINE
8
BLACK
6
CONTINUOUS
10
1.4404635826771652
20
0.713107716535433
11
1.4398844094488188
21
0.7134292125984252
0
LINE
8
BLACK
6
CONTINUOUS
10
1.4398844094488188
20
0.7134292125984252
11
1.4392355511811024
21
0.7135620078740157
0
LINE
8
BLACK
6
CONTINUOUS
10
1.4392355511811024
20
0.7135620078740157
11
1.4335212598425195
21
0.7164191338582677
0
LINE
8
BLACK
6
CONTINUOUS
10
1.4335212598425195
20
0.7164191338582677
11
1.4327984645669292
21
0.7170600393700787
0
LINE
8
BLACK
6
CONTINUOUS
10
1.4327984645669292
20
0.7170600393700787
11
1.4319618897637796
21
0.7175430708661417
0
LINE
8
BLACK
6
CONTINUOUS
10
1.4319618897637796
20
0.7175430708661417
11
1.4262475984251968
21
0.7232573622047244
0
LINE
8
BLACK
6
CONTINUOUS
10
1.4262475984251968
20
0.7232573622047244
11
1.4255579921259842
21
0.7244517322834646
0
LINE
8
BLACK
6
CONTINUOUS
10
1.4255579921259842
20
0.7244517322834646
11
1.4247981496062991
21
0.7256026377952756
0
LINE
8
BLACK
6
CONTINUOUS
10
1.4247981496062991
20
0.7256026377952756
11
1.4219410236220471
21
0.7341740551181102
0
LINE
8
BLACK
6
CONTINUOUS
10
1.4219410236220471
20
0.7341740551181102
11
1.4218831102362204
21
0.7351382677165355
0
LINE
8
BLACK
6
CONTINUOUS
10
1.4218831102362204
20
0.7351382677165355
11
1.4216331102362205
21
0.7360714173228347
0
LINE
8
BLACK
6
CONTINUOUS
10
1.4216331102362205
20
0.7360714173228347
11
1.4216331102362205
21
0.750357125984252
0
LINE
8
BLACK
6
CONTINUOUS
10
1.4216331102362205
20
0.750357125984252
11
1.4224369685039371
21
0.753357125984252
0
LINE
8
BLACK
6
CONTINUOUS
10
1.4224369685039371
20
0.753357125984252
11
1.4246331102362204
21
0.7555532677165354
0
LINE
8
BLACK
6
CONTINUOUS
10
1.4246331102362204
20
0.7555532677165354
11
1.4276331102362205
21
0.756357125984252
0
LINE
8
BLACK
6
CONTINUOUS
10
1.4276331102362205
20
0.756357125984252
11
1.4876331102362204
21
0.756357125984252
0
LINE
8
BLACK
6
CONTINUOUS
10
1.4876331102362204
20
0.756357125984252
11
1.4906331102362205
21
0.7555532677165354
0
LINE
8
BLACK
6
CONTINUOUS
10
1.4336331102362205
20
0.7370450393700787
11
1.4357344488188977
21
0.7307410236220472
0
LINE
8
BLACK
6
CONTINUOUS
10
1.4357344488188977
20
0.7307410236220472
11
1.439758622047244
21
0.7267168503937008
0
LINE
8
BLACK
6
CONTINUOUS
10
1.439758622047244
20
0.7267168503937008
11
1.4440129133858268
21
0.72458968503937
0
LINE
8
BLACK
6
CONTINUOUS
10
1.4440129133858268
20
0.72458968503937
11
1.4540861023622047
21
0.7220714173228346
0
LINE
8
BLACK
6
CONTINUOUS
10
1.4540861023622047
20
0.7220714173228346
11
1.4611801181102362
21
0.7220714173228346
0
LINE
8
BLACK
6
CONTINUOUS
10
1.4611801181102362
20
0.7220714173228346
11
1.4712532677165353
21
0.72458968503937
0
LINE
8
BLACK
6
CONTINUOUS
10
1.4712532677165353
20
0.72458968503937
11
1.4755075590551181
21
0.7267168503937008
0
LINE
8
BLACK
6
CONTINUOUS
10
1.4755075590551181
20
0.7267168503937008
11
1.4795317716535432
21
0.7307410629921259
0
LINE
8
BLACK
6
CONTINUOUS
10
1.4795317716535432
20
0.7307410629921259
11
1.4816331102362204
21
0.737045
0
LINE
8
BLACK
6
CONTINUOUS
10
1.4816331102362204
20
0.737045
11
1.4816331102362204
21
0.744357125984252
0
LINE
8
BLACK
6
CONTINUOUS
10
1.4816331102362204
20
0.744357125984252
11
1.4336331102362205
21
0.744357125984252
0
LINE
8
BLACK
6
CONTINUOUS
10
1.4336331102362205
20
0.744357125984252
11
1.4336331102362205
21
0.7370450393700787
0
LINE
8
BLACK
6
CONTINUOUS
10
0.1943379527559055
20
0.7997132283464566
11
0.1960492125984252
21
0.7971213779527558
0
LINE
8
BLACK
6
CONTINUOUS
10
0.1960492125984252
20
0.7971213779527558
11
0.2103349212598425
21
0.7542642125984251
0
LINE
8
BLACK
6
CONTINUOUS
10
0.2103349212598425
20
0.7542642125984251
11
0.2103927952755905
21
0.7532999606299212
0
LINE
8
BLACK
6
CONTINUOUS
10
0.2103927952755905
20
0.7532999606299212
11
0.2106428346456693
21
0.7523668503937008
0
LINE
8
BLACK
6
CONTINUOUS
10
0.2106428346456693
20
0.7523668503937008
11
0.2104842913385827
21
0.7517752755905511
0
LINE
8
BLACK
6
CONTINUOUS
10
0.2104842913385827
20
0.7517752755905511
11
0.2105210236220472
21
0.751163937007874
0
LINE
8
BLACK
6
CONTINUOUS
10
0.2105210236220472
20
0.751163937007874
11
0.2100889763779528
21
0.7502998425196851
0
LINE
8
BLACK
6
CONTINUOUS
10
0.2100889763779528
20
0.7502998425196851
11
0.2098389763779528
21
0.7493668503937008
0
LINE
8
BLACK
6
CONTINUOUS
10
0.2098389763779528
20
0.7493668503937008
11
0.2094059448818898
21
0.7489338188976378
0
LINE
8
BLACK
6
CONTINUOUS
10
0.2094059448818898
20
0.7489338188976378
11
0.2091320472440945
21
0.7483860236220472
0
LINE
8
BLACK
6
CONTINUOUS
10
0.2091320472440945
20
0.7483860236220472
11
0.2083258267716535
21
0.7478537007874015
0
LINE
8
BLACK
6
CONTINUOUS
10
0.2083258267716535
20
0.7478537007874015
11
0.2076428346456693
21
0.7471707086614173
0
LINE
8
BLACK
6
CONTINUOUS
10
0.2076428346456693
20
0.7471707086614173
11
0.2070513385826772
21
0.7470122047244094
0
LINE
8
BLACK
6
CONTINUOUS
10
0.2070513385826772
20
0.7470122047244094
11
0.2065401968503937
21
0.7466747244094488
0
LINE
8
BLACK
6
CONTINUOUS
10
0.2065401968503937
20
0.7466747244094488
11
0.2055757874015748
21
0.746616811023622
0
LINE
8
BLACK
6
CONTINUOUS
10
0.2055757874015748
20
0.746616811023622
11
0.2046428346456693
21
0.7463668503937008
0
LINE
8
BLACK
6
CONTINUOUS
10
0.2046428346456693
20
0.7463668503937008
11
0.1820714173228346
21
0.7463668503937008
0
LINE
8
BLACK
6
CONTINUOUS
10
0.1820714173228346
20
0.7463668503937008
11
0.1820714173228346
21
0.7323668503937008
0
LINE
8
BLACK
6
CONTINUOUS
10
0.1820714173228346
20
0.7323668503937008
11
0.1812675590551181
21
0.7293668503937007
0
LINE
8
BLACK
6
CONTINUOUS
10
0.1812675590551181
20
0.7293668503937007
11
0.1790714173228346
21
0.7271707086614173
0
LINE
8
BLACK
6
CONTINUOUS
10
0.1790714173228346
20
0.7271707086614173
11
0.1760714173228346
21
0.7263668503937007
0
LINE
8
BLACK
6
CONTINUOUS
10
0.1760714173228346
20
0.7263668503937007
11
0.1730714173228347
21
0.7271707086614173
0
LINE
8
BLACK
6
CONTINUOUS
10
0.1730714173228347
20
0.7271707086614173
11
0.1708752755905512
21
0.7293668503937007
0
LINE
8
BLACK
6
CONTINUOUS
10
0.1708752755905512
20
0.7293668503937007
11
0.1700714173228347
21
0.7323668503937008
0
LINE
8
BLACK
6
CONTINUOUS
10
0.1700714173228347
20
0.7323668503937008
11
0.1700714173228347
21
0.7463668503937008
0
LINE
8
BLACK
6
CONTINUOUS
10
0.1700714173228347
20
0.7463668503937008
11
0.1674999606299213
21
0.7463668503937008
0
LINE
8
BLACK
6
CONTINUOUS
10
0.1674999606299213
20
0.7463668503937008
11
0.1644999606299213
21
0.7471707086614173
0
LINE
8
BLACK
6
CONTINUOUS
10
0.1644999606299213
20
0.7471707086614173
11
0.1623038188976378
21
0.7493668503937008
0
LINE
8
BLACK
6
CONTINUOUS
10
0.1623038188976378
20
0.7493668503937008
11
0.1614999606299213
21
0.7523668503937008
0
LINE
8
BLACK
6
CONTINUOUS
10
0.1614999606299213
20
0.7523668503937008
11
0.1623038188976378
21
0.7553668503937008
0
LINE
8
BLACK
6
CONTINUOUS
10
0.1623038188976378
20
0.7553668503937008
11
0.1644999606299213
21
0.7575629921259842
0
LINE
8
BLACK
6
CONTINUOUS
10
0.1644999606299213
20
0.7575629921259842
11
0.1674999606299213
21
0.7583668503937008
0
LINE
8
BLACK
6
CONTINUOUS
10
0.1674999606299213
20
0.7583668503937008
11
0.1700714173228347
21
0.7583668503937008
0
LINE
8
BLACK
6
CONTINUOUS
10
0.1700714173228347
20
0.7583668503937008
11
0.1700714173228347
21
0.7723668503937008
0
LINE
8
BLACK
6
CONTINUOUS
10
0.1700714173228347
20
0.7723668503937008
11
0.1708752755905512
21
0.7753668503937008
0
LINE
8
BLACK
6
CONTINUOUS
10
0.1708752755905512
20
0.7753668503937008
11
0.1730714173228347
21
0.7775629921259842
0
LINE
8
BLACK
6
CONTINUOUS
10
0.1730714173228347
20
0.7775629921259842
11
0.1760714173228346
21
0.7783668503937008
0
LINE
8
BLACK
6
CONTINUOUS
10
0.1760714173228346
20
0.7783668503937008
11
0.1790714173228346
21
0.7775629921259842
0
LINE
8
BLACK
6
CONTINUOUS
10
0.1790714173228346
20
0.7775629921259842
11
0.1812675590551181
21
0.7753668503937008
0
LINE
8
BLACK
6
CONTINUOUS
10
0.1812675590551181
20
0.7753668503937008
11
0.1820714173228346
21
0.7723668503937008
0
LINE
8
BLACK
6
CONTINUOUS
10
0.1820714173228346
20
0.7723668503937008
11
0.1820714173228346
21
0.7583668503937008
0
LINE
8
BLACK
6
CONTINUOUS
10
0.1820714173228346
20
0.7583668503937008
11
0.1963182677165354
21
0.7583668503937008
0
LINE
8
BLACK
6
CONTINUOUS
10
0.1963182677165354
20
0.7583668503937008
11
0.1846650393700787
21
0.7933266535433071
0
LINE
8
BLACK
6
CONTINUOUS
10
0.1846650393700787
20
0.7933266535433071
11
0.184478937007874
21
0.7964268897637795
0
LINE
8
BLACK
6
CONTINUOUS
10
0.184478937007874
20
0.7964268897637795
11
0.1858679133858268
21
0.799204842519685
0
LINE
8
BLACK
6
CONTINUOUS
10
0.1858679133858268
20
0.799204842519685
11
0.1884597637795276
21
0.8009161023622047
0
LINE
8
BLACK
6
CONTINUOUS
10
0.1884597637795276
20
0.8009161023622047
11
0.19156
21
0.8011022047244094
0
LINE
8
BLACK
6
CONTINUOUS
10
0.19156
20
0.8011022047244094
11
0.1943379527559055
21
0.7997132283464566
0
LINE
8
BLACK
6
CONTINUOUS
10
0.2647856692913386
20
0.7975629921259842
11
0.2669818110236221
21
0.7953668503937008
0
LINE
8
BLACK
6
CONTINUOUS
10
0.2669818110236221
20
0.7953668503937008
11
0.2677856692913386
21
0.7923668503937008
0
LINE
8
BLACK
6
CONTINUOUS
10
0.2677856692913386
20
0.7923668503937008
11
0.2677856692913386
21
0.7323668503937008
0
LINE
8
BLACK
6
CONTINUOUS
10
0.2677856692913386
20
0.7323668503937008
11
0.2669818110236221
21
0.7293668503937007
0
LINE
8
BLACK
6
CONTINUOUS
10
0.2669818110236221
20
0.7293668503937007
11
0.2647856692913386
21
0.7271707086614173
0
LINE
8
BLACK
6
CONTINUOUS
10
0.2647856692913386
20
0.7271707086614173
11
0.2617856692913386
21
0.7263668503937007
0
LINE
8
BLACK
6
CONTINUOUS
10
0.2617856692913386
20
0.7263668503937007
11
0.2474999606299212
21
0.7263668503937007
0
LINE
8
BLACK
6
CONTINUOUS
10
0.2474999606299212
20
0.7263668503937007
11
0.246566811023622
21
0.7266168503937007
0
LINE
8
BLACK
6
CONTINUOUS
10
0.246566811023622
20
0.7266168503937007
11
0.2456025984251969
21
0.7266747637795276
0
LINE
8
BLACK
6
CONTINUOUS
10
0.2456025984251969
20
0.7266747637795276
11
0.2370311417322835
21
0.7295319291338582
0
LINE
8
BLACK
6
CONTINUOUS
10
0.2370311417322835
20
0.7295319291338582
11
0.2358803149606299
21
0.7302917322834646
0
LINE
8
BLACK
6
CONTINUOUS
10
0.2358803149606299
20
0.7302917322834646
11
0.234685905511811
21
0.7309813779527559
0
LINE
8
BLACK
6
CONTINUOUS
10
0.234685905511811
20
0.7309813779527559
11
0.2289716141732283
21
0.7366956299212598
0
LINE
8
BLACK
6
CONTINUOUS
10
0.2289716141732283
20
0.7366956299212598
11
0.2284886220472441
21
0.7375321653543306
0
LINE
8
BLACK
6
CONTINUOUS
10
0.2284886220472441
20
0.7375321653543306
11
0.2278476771653543
21
0.738255
0
LINE
8
BLACK
6
CONTINUOUS
10
0.2278476771653543
20
0.738255
11
0.2249905511811024
21
0.7439692913385827
0
LINE
8
BLACK
6
CONTINUOUS
10
0.2249905511811024
20
0.7439692913385827
11
0.2248577559055118
21
0.7446181496062992
0
LINE
8
BLACK
6
CONTINUOUS
10
0.2248577559055118
20
0.7446181496062992
11
0.2245362598425197
21
0.7451973228346457
0
LINE
8
BLACK
6
CONTINUOUS
10
0.2245362598425197
20
0.7451973228346457
11
0.221679094488189
21
0.756625905511811
0
LINE
8
BLACK
6
CONTINUOUS
10
0.221679094488189
20
0.756625905511811
11
0.2216915354330709
21
0.7573661023622047
0
LINE
8
BLACK
6
CONTINUOUS
10
0.2216915354330709
20
0.7573661023622047
11
0.2214999606299212
21
0.7580811417322835
0
LINE
8
BLACK
6
CONTINUOUS
10
0.2214999606299212
20
0.7580811417322835
11
0.2214999606299212
21
0.7666525590551181
0
LINE
8
BLACK
6
CONTINUOUS
10
0.2214999606299212
20
0.7666525590551181
11
0.2216915354330709
21
0.7673675590551181
0
LINE
8
BLACK
6
CONTINUOUS
10
0.2216915354330709
20
0.7673675590551181
11
0.221679094488189
21
0.7681077952755906
0
LINE
8
BLACK
6
CONTINUOUS
10
0.221679094488189
20
0.7681077952755906
11
0.2245362598425197
21
0.7795363779527559
0
LINE
8
BLACK
6
CONTINUOUS
10
0.2245362598425197
20
0.7795363779527559
11
0.2248577559055118
21
0.7801155118110236
0
LINE
8
BLACK
6
CONTINUOUS
10
0.2248577559055118
20
0.7801155118110236
11
0.2249905511811024
21
0.7807644094488189
0
LINE
8
BLACK
6
CONTINUOUS
10
0.2249905511811024
20
0.7807644094488189
11
0.2278476771653543
21
0.7864787007874016
0
LINE
8
BLACK
6
CONTINUOUS
10
0.2278476771653543
20
0.7864787007874016
11
0.2284886220472441
21
0.7872014960629921
0
LINE
8
BLACK
6
CONTINUOUS
10
0.2284886220472441
20
0.7872014960629921
11
0.2289716141732283
21
0.7880380708661417
0
LINE
8
BLACK
6
CONTINUOUS
10
0.2289716141732283
20
0.7880380708661417
11
0.234685905511811
21
0.7937523622047243
0
LINE
8
BLACK
6
CONTINUOUS
10
0.234685905511811
20
0.7937523622047243
11
0.2358802755905512
21
0.7944419291338582
0
LINE
8
BLACK
6
CONTINUOUS
10
0.2358802755905512
20
0.7944419291338582
11
0.2370311811023622
21
0.795201811023622
0
LINE
8
BLACK
6
CONTINUOUS
10
0.2370311811023622
20
0.795201811023622
11
0.2456025984251969
21
0.7980589763779528
0
LINE
8
BLACK
6
CONTINUOUS
10
0.2456025984251969
20
0.7980589763779528
11
0.246566968503937
21
0.7981168503937007
0
LINE
8
BLACK
6
CONTINUOUS
10
0.246566968503937
20
0.7981168503937007
11
0.2474999606299212
21
0.7983668503937008
0
LINE
8
BLACK
6
CONTINUOUS
10
0.2474999606299212
20
0.7983668503937008
11
0.2617856692913386
21
0.7983668503937008
0
LINE
8
BLACK
6
CONTINUOUS
10
0.2617856692913386
20
0.7983668503937008
11
0.2647856692913386
21
0.7975629921259842
0
LINE
8
BLACK
6
CONTINUOUS
10
0.2421696062992126
20
0.7842655118110236
11
0.2381453937007874
21
0.7802412992125984
0
LINE
8
BLACK
6
CONTINUOUS
10
0.2381453937007874
20
0.7802412992125984
11
0.2360182283464567
21
0.7759870078740158
0
LINE
8
BLACK
6
CONTINUOUS
10
0.2360182283464567
20
0.7759870078740158
11
0.2334999606299213
21
0.7659138188976378
0
LINE
8
BLACK
6
CONTINUOUS
10
0.2334999606299213
20
0.7659138188976378
11
0.2334999606299213
21
0.758819842519685
0
LINE
8
BLACK
6
CONTINUOUS
10
0.2334999606299213
20
0.758819842519685
11
0.2360182283464567
21
0.7487466535433071
0
LINE
8
BLACK
6
CONTINUOUS
10
0.2360182283464567
20
0.7487466535433071
11
0.2381453937007874
21
0.7444924015748031
0
LINE
8
BLACK
6
CONTINUOUS
10
0.2381453937007874
20
0.7444924015748031
11
0.2421696062992126
21
0.7404681889763779
0
LINE
8
BLACK
6
CONTINUOUS
10
0.2421696062992126
20
0.7404681889763779
11
0.2484736220472441
21
0.7383668503937008
0
LINE
8
BLACK
6
CONTINUOUS
10
0.2484736220472441
20
0.7383668503937008
11
0.2557856692913386
21
0.7383668503937008
0
LINE
8
BLACK
6
CONTINUOUS
10
0.2557856692913386
20
0.7383668503937008
11
0.2557856692913386
21
0.7863668503937008
0
LINE
8
BLACK
6
CONTINUOUS
10
0.2557856692913386
20
0.7863668503937008
11
0.2484735826771653
21
0.7863668503937008
0
LINE
8
BLACK
6
CONTINUOUS
10
0.2484735826771653
20
0.7863668503937008
11
0.2421696062992126
21
0.7842655118110236
0
LINE
8
BLACK
6
CONTINUOUS
10
0.4802606299212598
20
0.7980098818897637
11
0.481611811023622
21
0.7977334251968504
0
LINE
8
BLACK
6
CONTINUOUS
10
0.481611811023622
20
0.7977334251968504
11
0.4873261023622047
21
0.7948762992125984
0
LINE
8
BLACK
6
CONTINUOUS
10
0.4873261023622047
20
0.7948762992125984
11
0.4880488976377952
21
0.7942353149606299
0
LINE
8
BLACK
6
CONTINUOUS
10
0.4880488976377952
20
0.7942353149606299
11
0.4888854724409449
21
0.7937523622047243
0
LINE
8
BLACK
6
CONTINUOUS
10
0.4888854724409449
20
0.7937523622047243
11
0.4917426377952756
21
0.7908951968503937
0
LINE
8
BLACK
6
CONTINUOUS
10
0.4917426377952756
20
0.7908951968503937
11
0.4920422047244095
21
0.7903762992125984
0
LINE
8
BLACK
6
CONTINUOUS
10
0.4920422047244095
20
0.7903762992125984
11
0.4924923228346457
21
0.7899807480314961
0
LINE
8
BLACK
6
CONTINUOUS
10
0.4924923228346457
20
0.7899807480314961
11
0.4982065354330709
21
0.7814093307086614
0
LINE
8
BLACK
6
CONTINUOUS
10
0.4982065354330709
20
0.7814093307086614
11
0.4985359842519685
21
0.7804354330708662
0
LINE
8
BLACK
6
CONTINUOUS
10
0.4985359842519685
20
0.7804354330708662
11
0.4990351181102362
21
0.7795363779527559
0
LINE
8
BLACK
6
CONTINUOUS
10
0.4990351181102362
20
0.7795363779527559
11
0.5018922834645669
21
0.7681077952755906
0
LINE
8
BLACK
6
CONTINUOUS
10
0.5018922834645669
20
0.7681077952755906
11
0.5018798031496063
21
0.7673675590551181
0
LINE
8
BLACK
6
CONTINUOUS
10
0.5018798031496063
20
0.7673675590551181
11
0.5020714173228347
21
0.7666525590551181
0
LINE
8
BLACK
6
CONTINUOUS
10
0.5020714173228347
20
0.7666525590551181
11
0.5020714173228347
21
0.7437954330708662
0
LINE
8
BLACK
6
CONTINUOUS
10
0.5020714173228347
20
0.7437954330708662
11
0.5017144881889763
21
0.7424634251968504
0
LINE
8
BLACK
6
CONTINUOUS
10
0.5017144881889763
20
0.7424634251968504
11
0.5014379921259843
21
0.7411121259842519
0
LINE
8
BLACK
6
CONTINUOUS
10
0.5014379921259843
20
0.7411121259842519
11
0.4985808267716536
21
0.7353978346456693
0
LINE
8
BLACK
6
CONTINUOUS
10
0.4985808267716536
20
0.7353978346456693
11
0.497939842519685
21
0.734675
0
LINE
8
BLACK
6
CONTINUOUS
10
0.497939842519685
20
0.734675
11
0.4974568897637795
21
0.7338385039370079
0
LINE
8
BLACK
6
CONTINUOUS
10
0.4974568897637795
20
0.7338385039370079
11
0.4945997637795275
21
0.7309813779527559
0
LINE
8
BLACK
6
CONTINUOUS
10
0.4945997637795275
20
0.7309813779527559
11
0.4937632283464567
21
0.7304983858267716
0
LINE
8
BLACK
6
CONTINUOUS
10
0.4937632283464567
20
0.7304983858267716
11
0.4930404330708661
21
0.7298574409448819
0
LINE
8
BLACK
6
CONTINUOUS
10
0.4930404330708661
20
0.7298574409448819
11
0.4873261417322834
21
0.7270002755905511
0
LINE
8
BLACK
6
CONTINUOUS
10
0.4873261417322834
20
0.7270002755905511
11
0.4859748031496063
21
0.7267237401574803
0
LINE
8
BLACK
6
CONTINUOUS
10
0.4859748031496063
20
0.7267237401574803
11
0.4846428346456693
21
0.7263668503937007
0
LINE
8
BLACK
6
CONTINUOUS
10
0.4846428346456693
20
0.7263668503937007
11
0.4732142519685039
21
0.7263668503937007
0
LINE
8
BLACK
6
CONTINUOUS
10
0.4732142519685039
20
0.7263668503937007
11
0.471881968503937
21
0.7267238188976378
0
LINE
8
BLACK
6
CONTINUOUS
10
0.471881968503937
20
0.7267238188976378
11
0.4705309448818897
21
0.7270003149606299
0
LINE
8
BLACK
6
CONTINUOUS
10
0.4705309448818897
20
0.7270003149606299
11
0.4648166929133858
21
0.7298574803149606
0
LINE
8
BLACK
6
CONTINUOUS
10
0.4648166929133858
20
0.7298574803149606
11
0.4640939763779527
21
0.7304983464566929
0
LINE
8
BLACK
6
CONTINUOUS
10
0.4640939763779527
20
0.7304983464566929
11
0.4632574015748032
21
0.7309813385826771
0
LINE
8
BLACK
6
CONTINUOUS
10
0.4632574015748032
20
0.7309813385826771
11
0.4604002362204724
21
0.7338384645669291
0
LINE
8
BLACK
6
CONTINUOUS
10
0.4604002362204724
20
0.7338384645669291
11
0.4599172047244094
21
0.7346750393700787
0
LINE
8
BLACK
6
CONTINUOUS
10
0.4599172047244094
20
0.7346750393700787
11
0.4592762598425197
21
0.735397874015748
0
LINE
8
BLACK
6
CONTINUOUS
10
0.4592762598425197
20
0.735397874015748
11
0.4564191338582677
21
0.7411121653543307
0
LINE
8
BLACK
6
CONTINUOUS
10
0.4564191338582677
20
0.7411121653543307
11
0.4561426377952756
21
0.7424633070866141
0
LINE
8
BLACK
6
CONTINUOUS
10
0.4561426377952756
20
0.7424633070866141
11
0.4557857086614173
21
0.7437954330708662
0
LINE
8
BLACK
6
CONTINUOUS
10
0.4557857086614173
20
0.7437954330708662
11
0.4557857086614173
21
0.7580811417322835
0
LINE
8
BLACK
6
CONTINUOUS
10
0.4557857086614173
20
0.7580811417322835
11
0.4561426377952756
21
0.7594132283464566
0
LINE
8
BLACK
6
CONTINUOUS
10
0.4561426377952756
20
0.7594132283464566
11
0.4564191338582677
21
0.7607644094488188
0
LINE
8
BLACK
6
CONTINUOUS
10
0.4564191338582677
20
0.7607644094488188
11
0.4592762598425197
21
0.7664787007874015
0
LINE
8
BLACK
6
CONTINUOUS
10
0.4592762598425197
20
0.7664787007874015
11
0.4599172047244094
21
0.7672014960629921
0
LINE
8
BLACK
6
CONTINUOUS
10
0.4599172047244094
20
0.7672014960629921
11
0.4604002362204724
21
0.7680381102362205
0
LINE
8
BLACK
6
CONTINUOUS
10
0.4604002362204724
20
0.7680381102362205
11
0.4632574015748032
21
0.7708952362204724
0
LINE
8
BLACK
6
CONTINUOUS
10
0.4632574015748032
20
0.7708952362204724
11
0.4640939763779527
21
0.7713781889763779
0
LINE
8
BLACK
6
CONTINUOUS
10
0.4640939763779527
20
0.7713781889763779
11
0.4648166929133858
21
0.772019094488189
0
LINE
8
BLACK
6
CONTINUOUS
10
0.4648166929133858
20
0.772019094488189
11
0.4705309448818897
21
0.7748762598425196
0
LINE
8
BLACK
6
CONTINUOUS
10
0.4705309448818897
20
0.7748762598425196
11
0.471881968503937
21
0.7751527165354331
0
LINE
8
BLACK
6
CONTINUOUS
10
0.471881968503937
20
0.7751527165354331
11
0.4732142519685039
21
0.7755097244094488
0
LINE
8
BLACK
6
CONTINUOUS
10
0.4732142519685039
20
0.7755097244094488
11
0.4846428346456693
21
0.7755097244094488
0
LINE
8
BLACK
6
CONTINUOUS
10
0.4846428346456693
20
0.7755097244094488
11
0.4859748031496063
21
0.7751527952755906
0
LINE
8
BLACK
6
CONTINUOUS
10
0.4859748031496063
20
0.7751527952755906
11
0.4873261417322834
21
0.7748762992125984
0
LINE
8
BLACK
6
CONTINUOUS
10
0.4873261417322834
20
0.7748762992125984
11
0.487902874015748
21
0.7745879133858268
0
LINE
8
BLACK
6
CONTINUOUS
10
0.487902874015748
20
0.7745879133858268
11
0.4876454330708661
21
0.7756176771653543
0
LINE
8
BLACK
6
CONTINUOUS
10
0.4876454330708661
20
0.7756176771653543
11
0.4828371653543307
21
0.7828300787401574
0
LINE
8
BLACK
6
CONTINUOUS
10
0.4828371653543307
20
0.7828300787401574
11
0.4810887007874016
21
0.7845785433070867
0
LINE
8
BLACK
6
CONTINUOUS
10
0.4810887007874016
20
0.7845785433070867
11
0.477512125984252
21
0.7863668503937008
0
LINE
8
BLACK
6
CONTINUOUS
10
0.477512125984252
20
0.7863668503937008
11
0.4675
21
0.7863668503937008
0
LINE
8
BLACK
6
CONTINUOUS
10
0.4675
20
0.7863668503937008
11
0.4645
21
0.7871707086614173
0
LINE
8
BLACK
6
CONTINUOUS
10
0.4645
20
0.7871707086614173
11
0.4623038582677165
21
0.7893668503937008
0
LINE
8
BLACK
6
CONTINUOUS
10
0.4623038582677165
20
0.7893668503937008
11
0.4615
21
0.7923668503937008
0
LINE
8
BLACK
6
CONTINUOUS
10
0.4615
20
0.7923668503937008
11
0.4623038582677165
21
0.7953668503937008
0
LINE
8
BLACK
6
CONTINUOUS
10
0.4623038582677165
20
0.7953668503937008
11
0.4645
21
0.7975629921259842
0
LINE
8
BLACK
6
CONTINUOUS
10
0.4645
20
0.7975629921259842
11
0.4675
21
0.7983668503937008
0
LINE
8
BLACK
6
CONTINUOUS
10
0.4675
20
0.7983668503937008
11
0.4789285433070866
21
0.7983668503937008
0
LINE
8
BLACK
6
CONTINUOUS
10
0.4789285433070866
20
0.7983668503937008
11
0.4802606299212598
21
0.7980098818897637
0
LINE
8
BLACK
6
CONTINUOUS
10
0.4710542125984252
20
0.7617214566929134
11
0.469573937007874
21
0.7602412598425197
0
LINE
8
BLACK
6
CONTINUOUS
10
0.469573937007874
20
0.7602412598425197
11
0.4677857086614173
21
0.7566647244094488
0
LINE
8
BLACK
6
CONTINUOUS
10
0.4677857086614173
20
0.7566647244094488
11
0.4677857086614173
21
0.745211811023622
0
LINE
8
BLACK
6
CONTINUOUS
10
0.4677857086614173
20
0.745211811023622
11
0.469573937007874
21
0.7416352755905512
0
LINE
8
BLACK
6
CONTINUOUS
10
0.469573937007874
20
0.7416352755905512
11
0.4710542125984252
21
0.7401550787401575
0
LINE
8
BLACK
6
CONTINUOUS
10
0.4710542125984252
20
0.7401550787401575
11
0.4746306299212598
21
0.7383668503937008
0
LINE
8
BLACK
6
CONTINUOUS
10
0.4746306299212598
20
0.7383668503937008
11
0.4832263779527559
21
0.7383668503937008
0
LINE
8
BLACK
6
CONTINUOUS
10
0.4832263779527559
20
0.7383668503937008
11
0.4868029921259843
21
0.7401551574803149
0
LINE
8
BLACK
6
CONTINUOUS
10
0.4868029921259843
20
0.7401551574803149
11
0.4882830708661417
21
0.7416352362204724
0
LINE
8
BLACK
6
CONTINUOUS
10
0.4882830708661417
20
0.7416352362204724
11
0.4900714173228347
21
0.7452118897637795
0
LINE
8
BLACK
6
CONTINUOUS
10
0.4900714173228347
20
0.7452118897637795
11
0.4900714173228347
21
0.7566646456692914
0
LINE
8
BLACK
6
CONTINUOUS
10
0.4900714173228347
20
0.7566646456692914
11
0.4882830708661417
21
0.7602412992125984
0
LINE
8
BLACK
6
CONTINUOUS
10
0.4882830708661417
20
0.7602412992125984
11
0.4868029921259843
21
0.7617213779527559
0
LINE
8
BLACK
6
CONTINUOUS
10
0.4868029921259843
20
0.7617213779527559
11
0.4832263779527559
21
0.7635097244094488
0
LINE
8
BLACK
6
CONTINUOUS
10
0.4832263779527559
20
0.7635097244094488
11
0.4746306299212598
21
0.7635097244094488
0
LINE
8
BLACK
6
CONTINUOUS
10
0.4746306299212598
20
0.7635097244094488
11
0.4710542125984252
21
0.7617214566929134
0
LINE
8
BLACK
6
CONTINUOUS
10
0.5373909842519685
20
0.7980132283464567
11
0.538730748031496
21
0.7977453149606299
0
LINE
8
BLACK
6
CONTINUOUS
10
0.538730748031496
20
0.7977453149606299
11
0.5388797637795275
21
0.7976143307086614
0
LINE
8
BLACK
6
CONTINUOUS
10
0.5388797637795275
20
0.7976143307086614
11
0.5390714173228346
21
0.7975629921259842
0
LINE
8
BLACK
6
CONTINUOUS
10
0.5390714173228346
20
0.7975629921259842
11
0.5400375590551181
21
0.796596811023622
0
LINE
8
BLACK
6
CONTINUOUS
10
0.5400375590551181
20
0.796596811023622
11
0.5410637007874015
21
0.7956950393700787
0
LINE
8
BLACK
6
CONTINUOUS
10
0.5410637007874015
20
0.7956950393700787
11
0.5464483464566929
21
0.787618031496063
0
LINE
8
BLACK
6
CONTINUOUS
10
0.5464483464566929
20
0.787618031496063
11
0.551054094488189
21
0.7830122834645669
0
LINE
8
BLACK
6
CONTINUOUS
10
0.551054094488189
20
0.7830122834645669
11
0.5558975590551181
21
0.7805905905511811
0
LINE
8
BLACK
6
CONTINUOUS
10
0.5558975590551181
20
0.7805905905511811
11
0.5582213779527559
21
0.7785299606299212
0
LINE
8
BLACK
6
CONTINUOUS
10
0.5582213779527559
20
0.7785299606299212
11
0.5592035039370079
21
0.7755835039370078
0
LINE
8
BLACK
6
CONTINUOUS
10
0.5592035039370079
20
0.7755835039370078
11
0.5585808661417323
21
0.7725407480314961
0
LINE
8
BLACK
6
CONTINUOUS
10
0.5585808661417323
20
0.7725407480314961
11
0.5565202362204724
21
0.7702169685039369
0
LINE
8
BLACK
6
CONTINUOUS
10
0.5565202362204724
20
0.7702169685039369
11
0.5535738188976378
21
0.7692348031496062
0
LINE
8
BLACK
6
CONTINUOUS
10
0.5535738188976378
20
0.7692348031496062
11
0.5505310236220472
21
0.7698574409448818
0
LINE
8
BLACK
6
CONTINUOUS
10
0.5505310236220472
20
0.7698574409448818
11
0.5448167322834645
21
0.7727145669291339
0
LINE
8
BLACK
6
CONTINUOUS
10
0.5448167322834645
20
0.7727145669291339
11
0.544093937007874
21
0.7733554724409448
0
LINE
8
BLACK
6
CONTINUOUS
10
0.544093937007874
20
0.7733554724409448
11
0.5432573622047244
21
0.7738385039370078
0
LINE
8
BLACK
6
CONTINUOUS
10
0.5432573622047244
20
0.7738385039370078
11
0.5420714173228346
21
0.7750244488188976
0
LINE
8
BLACK
6
CONTINUOUS
10
0.5420714173228346
20
0.7750244488188976
11
0.5420714173228346
21
0.7383668503937008
0
LINE
8
BLACK
6
CONTINUOUS
10
0.5420714173228346
20
0.7383668503937008
11
0.5532142913385827
21
0.7383668503937008
0
LINE
8
BLACK
6
CONTINUOUS
10
0.5532142913385827
20
0.7383668503937008
11
0.5562142913385827
21
0.7375629921259842
0
LINE
8
BLACK
6
CONTINUOUS
10
0.5562142913385827
20
0.7375629921259842
11
0.5584104330708661
21
0.7353668503937008
0
LINE
8
BLACK
6
CONTINUOUS
10
0.5584104330708661
20
0.7353668503937008
11
0.5592142913385827
21
0.7323668503937008
0
LINE
8
BLACK
6
CONTINUOUS
10
0.5592142913385827
20
0.7323668503937008
11
0.5584104330708661
21
0.7293668503937007
0
LINE
8
BLACK
6
CONTINUOUS
10
0.5584104330708661
20
0.7293668503937007
11
0.5562142913385827
21
0.7271707086614173
0
LINE
8
BLACK
6
CONTINUOUS
10
0.5562142913385827
20
0.7271707086614173
11
0.5532142913385827
21
0.7263668503937007
0
LINE
8
BLACK
6
CONTINUOUS
10
0.5532142913385827
20
0.7263668503937007
11
0.5360714173228346
21
0.7263668503937007
0
LINE
8
BLACK
6
CONTINUOUS
10
0.5360714173228346
20
0.7263668503937007
11
0.5189285826771654
21
0.7263668503937007
0
LINE
8
BLACK
6
CONTINUOUS
10
0.5189285826771654
20
0.7263668503937007
11
0.5159285826771653
21
0.7271707086614173
0
LINE
8
BLACK
6
CONTINUOUS
10
0.5159285826771653
20
0.7271707086614173
11
0.5137324409448819
21
0.7293668503937007
0
LINE
8
BLACK
6
CONTINUOUS
10
0.5137324409448819
20
0.7293668503937007
11
0.5129285826771653
21
0.7323668503937008
0
LINE
8
BLACK
6
CONTINUOUS
10
0.5129285826771653
20
0.7323668503937008
11
0.5137324409448819
21
0.7353668503937008
0
LINE
8
BLACK
6
CONTINUOUS
10
0.5137324409448819
20
0.7353668503937008
11
0.5159285826771653
21
0.7375629921259842
0
LINE
8
BLACK
6
CONTINUOUS
10
0.5159285826771653
20
0.7375629921259842
11
0.5189285826771654
21
0.7383668503937008
0
LINE
8
BLACK
6
CONTINUOUS
10
0.5189285826771654
20
0.7383668503937008
11
0.5300714173228346
21
0.7383668503937008
0
LINE
8
BLACK
6
CONTINUOUS
10
0.5300714173228346
20
0.7383668503937008
11
0.5300714173228346
21
0.7923668503937008
0
LINE
8
BLACK
6
CONTINUOUS
10
0.5300714173228346
20
0.7923668503937008
11
0.530425
21
0.7936864173228346
0
LINE
8
BLACK
6
CONTINUOUS
10
0.530425
20
0.7936864173228346
11
0.5306929527559054
21
0.7950261811023622
0
LINE
8
BLACK
6
CONTINUOUS
10
0.5306929527559054
20
0.7950261811023622
11
0.5308238976377953
21
0.7951751968503937
0
LINE
8
BLACK
6
CONTINUOUS
10
0.5308238976377953
20
0.7951751968503937
11
0.5308752755905511
21
0.7953668503937008
0
LINE
8
BLACK
6
CONTINUOUS
10
0.5308752755905511
20
0.7953668503937008
11
0.5318414173228346
21
0.7963329921259842
0
LINE
8
BLACK
6
CONTINUOUS
10
0.5318414173228346
20
0.7963329921259842
11
0.5327432283464567
21
0.7973591338582677
0
LINE
8
BLACK
6
CONTINUOUS
10
0.5327432283464567
20
0.7973591338582677
11
0.5329311023622048
21
0.7974226771653543
0
LINE
8
BLACK
6
CONTINUOUS
10
0.5329311023622048
20
0.7974226771653543
11
0.5330714173228346
21
0.7975629921259842
0
LINE
8
BLACK
6
CONTINUOUS
10
0.5330714173228346
20
0.7975629921259842
11
0.5343911811023622
21
0.7979166141732283
0
LINE
8
BLACK
6
CONTINUOUS
10
0.5343911811023622
20
0.7979166141732283
11
0.5356852755905511
21
0.7983544094488189
0
LINE
8
BLACK
6
CONTINUOUS
10
0.5356852755905511
20
0.7983544094488189
11
0.5358797637795275
21
0.7983154724409449
0
LINE
8
BLACK
6
CONTINUOUS
10
0.5358797637795275
20
0.7983154724409449
11
0.5360714173228346
21
0.7983668503937008
0
LINE
8
BLACK
6
CONTINUOUS
10
0.5360714173228346
20
0.7983668503937008
11
0.5373909842519685
21
0.7980132283464567
0
LINE
8
BLACK
6
CONTINUOUS
10
0.613357125984252
20
0.7975629921259842
11
0.6155532677165354
21
0.7953668503937008
0
LINE
8
BLACK
6
CONTINUOUS
10
0.6155532677165354
20
0.7953668503937008
11
0.616357125984252
21
0.7923668503937008
0
LINE
8
BLACK
6
CONTINUOUS
10
0.616357125984252
20
0.7923668503937008
11
0.616357125984252
21
0.7323668503937008
0
LINE
8
BLACK
6
CONTINUOUS
10
0.616357125984252
20
0.7323668503937008
11
0.6155532677165354
21
0.7293668503937007
0
LINE
8
BLACK
6
CONTINUOUS
10
0.6155532677165354
20
0.7293668503937007
11
0.613357125984252
21
0.7271707086614173
0
LINE
8
BLACK
6
CONTINUOUS
10
0.613357125984252
20
0.7271707086614173
11
0.610357125984252
21
0.7263668503937007
0
LINE
8
BLACK
6
CONTINUOUS
10
0.610357125984252
20
0.7263668503937007
11
0.5960714173228346
21
0.7263668503937007
0
LINE
8
BLACK
6
CONTINUOUS
10
0.5960714173228346
20
0.7263668503937007
11
0.5951382677165354
21
0.7266168503937007
0
LINE
8
BLACK
6
CONTINUOUS
10
0.5951382677165354
20
0.7266168503937007
11
0.5941740551181103
21
0.7266747637795276
0
LINE
8
BLACK
6
CONTINUOUS
10
0.5941740551181103
20
0.7266747637795276
11
0.5856025984251968
21
0.7295319291338582
0
LINE
8
BLACK
6
CONTINUOUS
10
0.5856025984251968
20
0.7295319291338582
11
0.5844517716535433
21
0.7302917322834646
0
LINE
8
BLACK
6
CONTINUOUS
10
0.5844517716535433
20
0.7302917322834646
11
0.5832573622047244
21
0.7309813779527559
0
LINE
8
BLACK
6
CONTINUOUS
10
0.5832573622047244
20
0.7309813779527559
11
0.5775430708661418
21
0.7366956299212598
0
LINE
8
BLACK
6
CONTINUOUS
10
0.5775430708661418
20
0.7366956299212598
11
0.5770600787401575
21
0.7375321653543306
0
LINE
8
BLACK
6
CONTINUOUS
10
0.5770600787401575
20
0.7375321653543306
11
0.5764191338582677
21
0.738255
0
LINE
8
BLACK
6
CONTINUOUS
10
0.5764191338582677
20
0.738255
11
0.5735620078740158
21
0.7439692913385827
0
LINE
8
BLACK
6
CONTINUOUS
10
0.5735620078740158
20
0.7439692913385827
11
0.5734292125984252
21
0.7446181496062992
0
LINE
8
BLACK
6
CONTINUOUS
10
0.5734292125984252
20
0.7446181496062992
11
0.573107716535433
21
0.7451973228346457
0
LINE
8
BLACK
6
CONTINUOUS
10
0.573107716535433
20
0.7451973228346457
11
0.5702505511811023
21
0.756625905511811
0
LINE
8
BLACK
6
CONTINUOUS
10
0.5702505511811023
20
0.756625905511811
11
0.5702629921259842
21
0.7573661023622047
0
LINE
8
BLACK
6
CONTINUOUS
10
0.5702629921259842
20
0.7573661023622047
11
0.5700714173228346
21
0.7580811417322835
0
LINE
8
BLACK
6
CONTINUOUS
10
0.5700714173228346
20
0.7580811417322835
11
0.5700714173228346
21
0.7666525590551181
0
LINE
8
BLACK
6
CONTINUOUS
10
0.5700714173228346
20
0.7666525590551181
11
0.5702629921259842
21
0.7673675590551181
0
LINE
8
BLACK
6
CONTINUOUS
10
0.5702629921259842
20
0.7673675590551181
11
0.5702505511811023
21
0.7681077952755906
0
LINE
8
BLACK
6
CONTINUOUS
10
0.5702505511811023
20
0.7681077952755906
11
0.573107716535433
21
0.7795363779527559
0
LINE
8
BLACK
6
CONTINUOUS
10
0.573107716535433
20
0.7795363779527559
11
0.5734292125984252
21
0.7801155118110236
0
LINE
8
BLACK
6
CONTINUOUS
10
0.5734292125984252
20
0.7801155118110236
11
0.5735620078740158
21
0.7807644094488189
0
LINE
8
BLACK
6
CONTINUOUS
10
0.5735620078740158
20
0.7807644094488189
11
0.5764191338582677
21
0.7864787007874016
0
LINE
8
BLACK
6
CONTINUOUS
10
0.5764191338582677
20
0.7864787007874016
11
0.5770600787401575
21
0.7872014960629921
0
LINE
8
BLACK
6
CONTINUOUS
10
0.5770600787401575
20
0.7872014960629921
11
0.5775430708661418
21
0.7880380708661417
0
LINE
8
BLACK
6
CONTINUOUS
10
0.5775430708661418
20
0.7880380708661417
11
0.5832573622047244
21
0.7937523622047243
0
LINE
8
BLACK
6
CONTINUOUS
10
0.5832573622047244
20
0.7937523622047243
11
0.5844517322834646
21
0.7944419291338582
0
LINE
8
BLACK
6
CONTINUOUS
10
0.5844517322834646
20
0.7944419291338582
11
0.5856026377952755
21
0.795201811023622
0
LINE
8
BLACK
6
CONTINUOUS
10
0.5856026377952755
20
0.795201811023622
11
0.5941740551181103
21
0.7980589763779528
0
LINE
8
BLACK
6
CONTINUOUS
10
0.5941740551181103
20
0.7980589763779528
11
0.5951384251968503
21
0.7981168503937007
0
LINE
8
BLACK
6
CONTINUOUS
10
0.5951384251968503
20
0.7981168503937007
11
0.5960714173228346
21
0.7983668503937008
0
LINE
8
BLACK
6
CONTINUOUS
10
0.5960714173228346
20
0.7983668503937008
11
0.610357125984252
21
0.7983668503937008
0
LINE
8
BLACK
6
CONTINUOUS
10
0.610357125984252
20
0.7983668503937008
11
0.613357125984252
21
0.7975629921259842
0
LINE
8
BLACK
6
CONTINUOUS
10
0.5907410629921259
20
0.7842655118110236
11
0.5867168503937008
21
0.7802412992125984
0
LINE
8
BLACK
6
CONTINUOUS
10
0.5867168503937008
20
0.7802412992125984
11
0.58458968503937
21
0.7759870078740158
0
LINE
8
BLACK
6
CONTINUOUS
10
0.58458968503937
20
0.7759870078740158
11
0.5820714173228346
21
0.7659138188976378
0
LINE
8
BLACK
6
CONTINUOUS
10
0.5820714173228346
20
0.7659138188976378
11
0.5820714173228346
21
0.758819842519685
0
LINE
8
BLACK
6
CONTINUOUS
10
0.5820714173228346
20
0.758819842519685
11
0.58458968503937
21
0.7487466535433071
0
LINE
8
BLACK
6
CONTINUOUS
10
0.58458968503937
20
0.7487466535433071
11
0.5867168503937008
21
0.7444924015748031
0
LINE
8
BLACK
6
CONTINUOUS
10
0.5867168503937008
20
0.7444924015748031
11
0.5907410629921259
21
0.7404681889763779
0
LINE
8
BLACK
6
CONTINUOUS
10
0.5907410629921259
20
0.7404681889763779
11
0.5970450787401574
21
0.7383668503937008
0
LINE
8
BLACK
6
CONTINUOUS
10
0.5970450787401574
20
0.7383668503937008
11
0.604357125984252
21
0.7383668503937008
0
LINE
8
BLACK
6
CONTINUOUS
10
0.604357125984252
20
0.7383668503937008
11
0.604357125984252
21
0.7863668503937008
0
LINE
8
BLACK
6
CONTINUOUS
10
0.604357125984252
20
0.7863668503937008
11
0.5970450393700787
21
0.7863668503937008
0
LINE
8
BLACK
6
CONTINUOUS
10
0.5970450393700787
20
0.7863668503937008
11
0.5907410629921259
21
0.7842655118110236
0
LINE
8
BLACK
6
CONTINUOUS
10
0.8057665354330709
20
0.7997132283464566
11
0.8074777952755905
21
0.7971213779527558
0
LINE
8
BLACK
6
CONTINUOUS
10
0.8074777952755905
20
0.7971213779527558
11
0.8217635039370078
21
0.7542642125984251
0
LINE
8
BLACK
6
CONTINUOUS
10
0.8217635039370078
20
0.7542642125984251
11
0.8218213779527559
21
0.7532999606299212
0
LINE
8
BLACK
6
CONTINUOUS
10
0.8218213779527559
20
0.7532999606299212
11
0.8220714173228346
21
0.7523668503937008
0
LINE
8
BLACK
6
CONTINUOUS
10
0.8220714173228346
20
0.7523668503937008
11
0.821912874015748
21
0.7517752755905511
0
LINE
8
BLACK
6
CONTINUOUS
10
0.821912874015748
20
0.7517752755905511
11
0.8219496062992125
21
0.751163937007874
0
LINE
8
BLACK
6
CONTINUOUS
10
0.8219496062992125
20
0.751163937007874
11
0.8215175590551181
21
0.7502998425196851
0
LINE
8
BLACK
6
CONTINUOUS
10
0.8215175590551181
20
0.7502998425196851
11
0.8212675590551181
21
0.7493668503937008
0
LINE
8
BLACK
6
CONTINUOUS
10
0.8212675590551181
20
0.7493668503937008
11
0.8208345275590551
21
0.7489338188976378
0
LINE
8
BLACK
6
CONTINUOUS
10
0.8208345275590551
20
0.7489338188976378
11
0.8205606299212598
21
0.7483860236220472
0
LINE
8
BLACK
6
CONTINUOUS
10
0.8205606299212598
20
0.7483860236220472
11
0.8197544094488188
21
0.7478537007874015
0
LINE
8
BLACK
6
CONTINUOUS
10
0.8197544094488188
20
0.7478537007874015
11
0.8190714173228346
21
0.7471707086614173
0
LINE
8
BLACK
6
CONTINUOUS
10
0.8190714173228346
20
0.7471707086614173
11
0.8184799212598425
21
0.7470122047244094
0
LINE
8
BLACK
6
CONTINUOUS
10
0.8184799212598425
20
0.7470122047244094
11
0.8179687795275591
21
0.7466747244094488
0
LINE
8
BLACK
6
CONTINUOUS
10
0.8179687795275591
20
0.7466747244094488
11
0.8170043700787402
21
0.746616811023622
0
LINE
8
BLACK
6
CONTINUOUS
10
0.8170043700787402
20
0.746616811023622
11
0.8160714173228346
21
0.7463668503937008
0
LINE
8
BLACK
6
CONTINUOUS
10
0.8160714173228346
20
0.7463668503937008
11
0.7935
21
0.7463668503937008
0
LINE
8
BLACK
6
CONTINUOUS
10
0.7935
20
0.7463668503937008
11
0.7935
21
0.7323668503937008
0
LINE
8
BLACK
6
CONTINUOUS
10
0.7935
20
0.7323668503937008
11
0.7926961417322834
21
0.7293668503937007
0
LINE
8
BLACK
6
CONTINUOUS
10
0.7926961417322834
20
0.7293668503937007
11
0.7905
21
0.7271707086614173
0
LINE
8
BLACK
6
CONTINUOUS
10
0.7905
20
0.7271707086614173
11
0.7875
21
0.7263668503937007
0
LINE
8
BLACK
6
CONTINUOUS
10
0.7875
20
0.7263668503937007
11
0.7845
21
0.7271707086614173
0
LINE
8
BLACK
6
CONTINUOUS
10
0.7845
20
0.7271707086614173
11
0.7823038582677165
21
0.7293668503937007
0
LINE
8
BLACK
6
CONTINUOUS
10
0.7823038582677165
20
0.7293668503937007
11
0.7815
21
0.7323668503937008
0
LINE
8
BLACK
6
CONTINUOUS
10
0.7815
20
0.7323668503937008
11
0.7815
21
0.7463668503937008
0
LINE
8
BLACK
6
CONTINUOUS
10
0.7815
20
0.7463668503937008
11
0.7789285433070866
21
0.7463668503937008
0
LINE
8
BLACK
6
CONTINUOUS
10
0.7789285433070866
20
0.7463668503937008
11
0.7759285433070866
21
0.7471707086614173
0
LINE
8
BLACK
6
CONTINUOUS
10
0.7759285433070866
20
0.7471707086614173
11
0.7737324015748032
21
0.7493668503937008
0
LINE
8
BLACK
6
CONTINUOUS
10
0.7737324015748032
20
0.7493668503937008
11
0.7729285433070866
21
0.7523668503937008
0
LINE
8
BLACK
6
CONTINUOUS
10
0.7729285433070866
20
0.7523668503937008
11
0.7737324015748032
21
0.7553668503937008
0
LINE
8
BLACK
6
CONTINUOUS
10
0.7737324015748032
20
0.7553668503937008
11
0.7759285433070866
21
0.7575629921259842
0
LINE
8
BLACK
6
CONTINUOUS
10
0.7759285433070866
20
0.7575629921259842
11
0.7789285433070866
21
0.7583668503937008
0
LINE
8
BLACK
6
CONTINUOUS
10
0.7789285433070866
20
0.7583668503937008
11
0.7815
21
0.7583668503937008
0
LINE
8
BLACK
6
CONTINUOUS
10
0.7815
20
0.7583668503937008
11
0.7815
21
0.7723668503937008
0
LINE
8
BLACK
6
CONTINUOUS
10
0.7815
20
0.7723668503937008
11
0.7823038582677165
21
0.7753668503937008
0
LINE
8
BLACK
6
CONTINUOUS
10
0.7823038582677165
20
0.7753668503937008
11
0.7845
21
0.7775629921259842
0
LINE
8
BLACK
6
CONTINUOUS
10
0.7845
20
0.7775629921259842
11
0.7875
21
0.7783668503937008
0
LINE
8
BLACK
6
CONTINUOUS
10
0.7875
20
0.7783668503937008
11
0.7905
21
0.7775629921259842
0
LINE
8
BLACK
6
CONTINUOUS
10
0.7905
20
0.7775629921259842
11
0.7926961417322834
21
0.7753668503937008
0
LINE
8
BLACK
6
CONTINUOUS
10
0.7926961417322834
20
0.7753668503937008
11
0.7935
21
0.7723668503937008
0
LINE
8
BLACK
6
CONTINUOUS
10
0.7935
20
0.7723668503937008
11
0.7935
21
0.7583668503937008
0
LINE
8
BLACK
6
CONTINUOUS
10
0.7935
20
0.7583668503937008
11
0.8077468503937008
21
0.7583668503937008
0
LINE
8
BLACK
6
CONTINUOUS
10
0.8077468503937008
20
0.7583668503937008
11
0.7960936220472441
21
0.7933266535433071
0
LINE
8
BLACK
6
CONTINUOUS
10
0.7960936220472441
20
0.7933266535433071
11
0.7959075196850394
21
0.7964268897637795
0
LINE
8
BLACK
6
CONTINUOUS
10
0.7959075196850394
20
0.7964268897637795
11
0.7972964960629921
21
0.799204842519685
0
LINE
8
BLACK
6
CONTINUOUS
10
0.7972964960629921
20
0.799204842519685
11
0.7998883464566929
21
0.8009161023622047
0
LINE
8
BLACK
6
CONTINUOUS
10
0.7998883464566929
20
0.8009161023622047
11
0.8029885826771653
21
0.8011022047244094
0
LINE
8
BLACK
6
CONTINUOUS
10
0.8029885826771653
20
0.8011022047244094
11
0.8057665354330709
21
0.7997132283464566
0
LINE
8
BLACK
6
CONTINUOUS
10
0.8573909842519685
20
0.7980132283464567
11
0.8587307480314961
21
0.7977453149606299
0
LINE
8
BLACK
6
CONTINUOUS
10
0.8587307480314961
20
0.7977453149606299
11
0.8588797637795276
21
0.7976143307086614
0
LINE
8
BLACK
6
CONTINUOUS
10
0.8588797637795276
20
0.7976143307086614
11
0.8590714173228347
21
0.7975629921259842
0
LINE
8
BLACK
6
CONTINUOUS
10
0.8590714173228347
20
0.7975629921259842
11
0.8600375590551181
21
0.796596811023622
0
LINE
8
BLACK
6
CONTINUOUS
10
0.8600375590551181
20
0.796596811023622
11
0.8610637007874016
21
0.7956950393700787
0
LINE
8
BLACK
6
CONTINUOUS
10
0.8610637007874016
20
0.7956950393700787
11
0.8664483464566929
21
0.787618031496063
0
LINE
8
BLACK
6
CONTINUOUS
10
0.8664483464566929
20
0.787618031496063
11
0.8710540944881889
21
0.7830122834645669
0
LINE
8
BLACK
6
CONTINUOUS
10
0.8710540944881889
20
0.7830122834645669
11
0.8758975590551181
21
0.7805905905511811
0
LINE
8
BLACK
6
CONTINUOUS
10
0.8758975590551181
20
0.7805905905511811
11
0.8782213779527559
21
0.7785299606299212
0
LINE
8
BLACK
6
CONTINUOUS
10
0.8782213779527559
20
0.7785299606299212
11
0.8792035039370079
21
0.7755835039370078
0
LINE
8
BLACK
6
CONTINUOUS
10
0.8792035039370079
20
0.7755835039370078
11
0.8785808661417323
21
0.7725407480314961
0
LINE
8
BLACK
6
CONTINUOUS
10
0.8785808661417323
20
0.7725407480314961
11
0.8765202362204724
21
0.7702169685039369
0
LINE
8
BLACK
6
CONTINUOUS
10
0.8765202362204724
20
0.7702169685039369
11
0.8735738188976377
21
0.7692348031496062
0
LINE
8
BLACK
6
CONTINUOUS
10
0.8735738188976377
20
0.7692348031496062
11
0.8705310236220473
21
0.7698574409448818
0
LINE
8
BLACK
6
CONTINUOUS
10
0.8705310236220473
20
0.7698574409448818
11
0.8648167322834646
21
0.7727145669291339
0
LINE
8
BLACK
6
CONTINUOUS
10
0.8648167322834646
20
0.7727145669291339
11
0.864093937007874
21
0.7733554724409448
0
LINE
8
BLACK
6
CONTINUOUS
10
0.864093937007874
20
0.7733554724409448
11
0.8632573622047244
21
0.7738385039370078
0
LINE
8
BLACK
6
CONTINUOUS
10
0.8632573622047244
20
0.7738385039370078
11
0.8620714173228347
21
0.7750244488188976
0
LINE
8
BLACK
6
CONTINUOUS
10
0.8620714173228347
20
0.7750244488188976
11
0.8620714173228347
21
0.7383668503937008
0
LINE
8
BLACK
6
CONTINUOUS
10
0.8620714173228347
20
0.7383668503937008
11
0.8732142913385826
21
0.7383668503937008
0
LINE
8
BLACK
6
CONTINUOUS
10
0.8732142913385826
20
0.7383668503937008
11
0.8762142913385826
21
0.7375629921259842
0
LINE
8
BLACK
6
CONTINUOUS
10
0.8762142913385826
20
0.7375629921259842
11
0.8784104330708661
21
0.7353668503937008
0
LINE
8
BLACK
6
CONTINUOUS
10
0.8784104330708661
20
0.7353668503937008
11
0.8792142913385826
21
0.7323668503937008
0
LINE
8
BLACK
6
CONTINUOUS
10
0.8792142913385826
20
0.7323668503937008
11
0.8784104330708661
21
0.7293668503937007
0
LINE
8
BLACK
6
CONTINUOUS
10
0.8784104330708661
20
0.7293668503937007
11
0.8762142913385826
21
0.7271707086614173
0
LINE
8
BLACK
6
CONTINUOUS
10
0.8762142913385826
20
0.7271707086614173
11
0.8732142913385826
21
0.7263668503937007
0
LINE
8
BLACK
6
CONTINUOUS
10
0.8732142913385826
20
0.7263668503937007
11
0.8560714173228346
21
0.7263668503937007
0
LINE
8
BLACK
6
CONTINUOUS
10
0.8560714173228346
20
0.7263668503937007
11
0.8389285826771653
21
0.7263668503937007
0
LINE
8
BLACK
6
CONTINUOUS
10
0.8389285826771653
20
0.7263668503937007
11
0.8359285826771653
21
0.7271707086614173
0
LINE
8
BLACK
6
CONTINUOUS
10
0.8359285826771653
20
0.7271707086614173
11
0.8337324409448819
21
0.7293668503937007
0
LINE
8
BLACK
6
CONTINUOUS
10
0.8337324409448819
20
0.7293668503937007
11
0.8329285826771653
21
0.7323668503937008
0
LINE
8
BLACK
6
CONTINUOUS
10
0.8329285826771653
20
0.7323668503937008
11
0.8337324409448819
21
0.7353668503937008
0
LINE
8
BLACK
6
CONTINUOUS
10
0.8337324409448819
20
0.7353668503937008
11
0.8359285826771653
21
0.7375629921259842
0
LINE
8
BLACK
6
CONTINUOUS
10
0.8359285826771653
20
0.7375629921259842
11
0.8389285826771653
21
0.7383668503937008
0
LINE
8
BLACK
6
CONTINUOUS
10
0.8389285826771653
20
0.7383668503937008
11
0.8500714173228346
21
0.7383668503937008
0
LINE
8
BLACK
6
CONTINUOUS
10
0.8500714173228346
20
0.7383668503937008
11
0.8500714173228346
21
0.7923668503937008
0
LINE
8
BLACK
6
CONTINUOUS
10
0.8500714173228346
20
0.7923668503937008
11
0.850425
21
0.7936864173228346
0
LINE
8
BLACK
6
CONTINUOUS
10
0.850425
20
0.7936864173228346
11
0.8506929527559055
21
0.7950261811023622
0
LINE
8
BLACK
6
CONTINUOUS
10
0.8506929527559055
20
0.7950261811023622
11
0.8508238976377952
21
0.7951751968503937
0
LINE
8
BLACK
6
CONTINUOUS
10
0.8508238976377952
20
0.7951751968503937
11
0.8508752755905512
21
0.7953668503937008
0
LINE
8
BLACK
6
CONTINUOUS
10
0.8508752755905512
20
0.7953668503937008
11
0.8518414173228346
21
0.7963329921259842
0
LINE
8
BLACK
6
CONTINUOUS
10
0.8518414173228346
20
0.7963329921259842
11
0.8527432283464567
21
0.7973591338582677
0
LINE
8
BLACK
6
CONTINUOUS
10
0.8527432283464567
20
0.7973591338582677
11
0.8529311023622047
21
0.7974226771653543
0
LINE
8
BLACK
6
CONTINUOUS
10
0.8529311023622047
20
0.7974226771653543
11
0.8530714173228346
21
0.7975629921259842
0
LINE
8
BLACK
6
CONTINUOUS
10
0.8530714173228346
20
0.7975629921259842
11
0.8543911811023622
21
0.7979166141732283
0
LINE
8
BLACK
6
CONTINUOUS
10
0.8543911811023622
20
0.7979166141732283
11
0.8556852755905512
21
0.7983544094488189
0
LINE
8
BLACK
6
CONTINUOUS
10
0.8556852755905512
20
0.7983544094488189
11
0.8558797637795276
21
0.7983154724409449
0
LINE
8
BLACK
6
CONTINUOUS
10
0.8558797637795276
20
0.7983154724409449
11
0.8560714173228346
21
0.7983668503937008
0
LINE
8
BLACK
6
CONTINUOUS
10
0.8560714173228346
20
0.7983668503937008
11
0.8573909842519685
21
0.7980132283464567
0
LINE
8
BLACK
6
CONTINUOUS
10
0.9333571259842519
20
0.7975629921259842
11
0.9355532677165355
21
0.7953668503937008
0
LINE
8
BLACK
6
CONTINUOUS
10
0.9355532677165355
20
0.7953668503937008
11
0.9363571259842519
21
0.7923668503937008
0
LINE
8
BLACK
6
CONTINUOUS
10
0.9363571259842519
20
0.7923668503937008
11
0.9363571259842519
21
0.7323668503937008
0
LINE
8
BLACK
6
CONTINUOUS
10
0.9363571259842519
20
0.7323668503937008
11
0.9355532677165355
21
0.7293668503937007
0
LINE
8
BLACK
6
CONTINUOUS
10
0.9355532677165355
20
0.7293668503937007
11
0.9333571259842519
21
0.7271707086614173
0
LINE
8
BLACK
6
CONTINUOUS
10
0.9333571259842519
20
0.7271707086614173
11
0.9303571259842519
21
0.7263668503937007
0
LINE
8
BLACK
6
CONTINUOUS
10
0.9303571259842519
20
0.7263668503937007
11
0.9160714173228346
21
0.7263668503937007
0
LINE
8
BLACK
6
CONTINUOUS
10
0.9160714173228346
20
0.7263668503937007
11
0.9151382677165354
21
0.7266168503937007
0
LINE
8
BLACK
6
CONTINUOUS
10
0.9151382677165354
20
0.7266168503937007
11
0.9141740551181102
21
0.7266747637795276
0
LINE
8
BLACK
6
CONTINUOUS
10
0.9141740551181102
20
0.7266747637795276
11
0.9056025984251969
21
0.7295319291338582
0
LINE
8
BLACK
6
CONTINUOUS
10
0.9056025984251969
20
0.7295319291338582
11
0.9044517716535433
21
0.7302917322834646
0
LINE
8
BLACK
6
CONTINUOUS
10
0.9044517716535433
20
0.7302917322834646
11
0.9032573622047244
21
0.7309813779527559
0
LINE
8
BLACK
6
CONTINUOUS
10
0.9032573622047244
20
0.7309813779527559
11
0.8975430708661417
21
0.7366956299212598
0
LINE
8
BLACK
6
CONTINUOUS
10
0.8975430708661417
20
0.7366956299212598
11
0.8970600787401575
21
0.7375321653543306
0
LINE
8
BLACK
6
CONTINUOUS
10
0.8970600787401575
20
0.7375321653543306
11
0.8964191338582677
21
0.738255
0
LINE
8
BLACK
6
CONTINUOUS
10
0.8964191338582677
20
0.738255
11
0.8935620078740157
21
0.7439692913385827
0
LINE
8
BLACK
6
CONTINUOUS
10
0.8935620078740157
20
0.7439692913385827
11
0.8934292125984252
21
0.7446181496062992
0
LINE
8
BLACK
6
CONTINUOUS
10
0.8934292125984252
20
0.7446181496062992
11
0.8931077165354331
21
0.7451973228346457
0
LINE
8
BLACK
6
CONTINUOUS
10
0.8931077165354331
20
0.7451973228346457
11
0.8902505511811023
21
0.756625905511811
0
LINE
8
BLACK
6
CONTINUOUS
10
0.8902505511811023
20
0.756625905511811
11
0.8902629921259843
21
0.7573661023622047
0
LINE
8
BLACK
6
CONTINUOUS
10
0.8902629921259843
20
0.7573661023622047
11
0.8900714173228347
21
0.7580811417322835
0
LINE
8
BLACK
6
CONTINUOUS
10
0.8900714173228347
20
0.7580811417322835
11
0.8900714173228347
21
0.7666525590551181
0
LINE
8
BLACK
6
CONTINUOUS
10
0.8900714173228347
20
0.7666525590551181
11
0.8902629921259843
21
0.7673675590551181
0
LINE
8
BLACK
6
CONTINUOUS
10
0.8902629921259843
20
0.7673675590551181
11
0.8902505511811023
21
0.7681077952755906
0
LINE
8
BLACK
6
CONTINUOUS
10
0.8902505511811023
20
0.7681077952755906
11
0.8931077165354331
21
0.7795363779527559
0
LINE
8
BLACK
6
CONTINUOUS
10
0.8931077165354331
20
0.7795363779527559
11
0.8934292125984252
21
0.7801155118110236
0
LINE
8
BLACK
6
CONTINUOUS
10
0.8934292125984252
20
0.7801155118110236
11
0.8935620078740157
21
0.7807644094488189
0
LINE
8
BLACK
6
CONTINUOUS
10
0.8935620078740157
20
0.7807644094488189
11
0.8964191338582677
21
0.7864787007874016
0
LINE
8
BLACK
6
CONTINUOUS
10
0.8964191338582677
20
0.7864787007874016
11
0.8970600787401575
21
0.7872014960629921
0
LINE
8
BLACK
6
CONTINUOUS
10
0.8970600787401575
20
0.7872014960629921
11
0.8975430708661417
21
0.7880380708661417
0
LINE
8
BLACK
6
CONTINUOUS
10
0.8975430708661417
20
0.7880380708661417
11
0.9032573622047244
21
0.7937523622047243
0
LINE
8
BLACK
6
CONTINUOUS
10
0.9032573622047244
20
0.7937523622047243
11
0.9044517322834645
21
0.7944419291338582
0
LINE
8
BLACK
6
CONTINUOUS
10
0.9044517322834645
20
0.7944419291338582
11
0.9056026377952756
21
0.795201811023622
0
LINE
8
BLACK
6
CONTINUOUS
10
0.9056026377952756
20
0.795201811023622
11
0.9141740551181102
21
0.7980589763779528
0
LINE
8
BLACK
6
CONTINUOUS
10
0.9141740551181102
20
0.7980589763779528
11
0.9151384251968504
21
0.7981168503937007
0
LINE
8
BLACK
6
CONTINUOUS
10
0.9151384251968504
20
0.7981168503937007
11
0.9160714173228346
21
0.7983668503937008
0
LINE
8
BLACK
6
CONTINUOUS
10
0.9160714173228346
20
0.7983668503937008
11
0.9303571259842519
21
0.7983668503937008
0
LINE
8
BLACK
6
CONTINUOUS
10
0.9303571259842519
20
0.7983668503937008
11
0.9333571259842519
21
0.7975629921259842
0
LINE
8
BLACK
6
CONTINUOUS
10
0.910741062992126
20
0.7842655118110236
11
0.9067168503937008
21
0.7802412992125984
0
LINE
8
BLACK
6
CONTINUOUS
10
0.9067168503937008
20
0.7802412992125984
11
0.9045896850393701
21
0.7759870078740158
0
LINE
8
BLACK
6
CONTINUOUS
10
0.9045896850393701
20
0.7759870078740158
11
0.9020714173228346
21
0.7659138188976378
0
LINE
8
BLACK
6
CONTINUOUS
10
0.9020714173228346
20
0.7659138188976378
11
0.9020714173228346
21
0.758819842519685
0
LINE
8
BLACK
6
CONTINUOUS
10
0.9020714173228346
20
0.758819842519685
11
0.9045896850393701
21
0.7487466535433071
0
LINE
8
BLACK
6
CONTINUOUS
10
0.9045896850393701
20
0.7487466535433071
11
0.9067168503937008
21
0.7444924015748031
0
LINE
8
BLACK
6
CONTINUOUS
10
0.9067168503937008
20
0.7444924015748031
11
0.910741062992126
21
0.7404681889763779
0
LINE
8
BLACK
6
CONTINUOUS
10
0.910741062992126
20
0.7404681889763779
11
0.9170450787401575
21
0.7383668503937008
0
LINE
8
BLACK
6
CONTINUOUS
10
0.9170450787401575
20
0.7383668503937008
11
0.9243571259842519
21
0.7383668503937008
0
LINE
8
BLACK
6
CONTINUOUS
10
0.9243571259842519
20
0.7383668503937008
11
0.9243571259842519
21
0.7863668503937008
0
LINE
8
BLACK
6
CONTINUOUS
10
0.9243571259842519
20
0.7863668503937008
11
0.9170450393700788
21
0.7863668503937008
0
LINE
8
BLACK
6
CONTINUOUS
10
0.9170450393700788
20
0.7863668503937008
11
0.910741062992126
21
0.7842655118110236
0
LINE
8
BLACK
6
CONTINUOUS
10
1.1344350393700786
20
0.7980397244094488
11
1.1356823228346455
21
0.7978357086614173
0
LINE
8
BLACK
6
CONTINUOUS
10
1.1356823228346455
20
0.7978357086614173
11
1.1359188976377952
21
0.7976420866141732
0
LINE
8
BLACK
6
CONTINUOUS
10
1.1359188976377952
20
0.7976420866141732
11
1.1362142519685039
21
0.7975629921259842
0
LINE
8
BLACK
6
CONTINUOUS
10
1.1362142519685039
20
0.7975629921259842
11
1.1371078740157481
21
0.7966693307086614
0
LINE
8
BLACK
6
CONTINUOUS
10
1.1371078740157481
20
0.7966693307086614
11
1.1380861023622046
21
0.7958690157480315
0
LINE
8
BLACK
6
CONTINUOUS
10
1.1380861023622046
20
0.7958690157480315
11
1.1381942125984252
21
0.7955829921259843
0
LINE
8
BLACK
6
CONTINUOUS
10
1.1381942125984252
20
0.7955829921259843
11
1.1384103937007874
21
0.7953668503937008
0
LINE
8
BLACK
6
CONTINUOUS
10
1.1384103937007874
20
0.7953668503937008
11
1.1387374409448818
21
0.7941461417322835
0
LINE
8
BLACK
6
CONTINUOUS
10
1.1387374409448818
20
0.7941461417322835
11
1.1391844881889763
21
0.7929638582677165
0
LINE
8
BLACK
6
CONTINUOUS
10
1.1391844881889763
20
0.7929638582677165
11
1.1420416535433071
21
0.7643924409448819
0
LINE
8
BLACK
6
CONTINUOUS
10
1.1420416535433071
20
0.7643924409448819
11
1.1418669685039369
21
0.7633245275590551
0
LINE
8
BLACK
6
CONTINUOUS
10
1.1418669685039369
20
0.7633245275590551
11
1.1418669685039369
21
0.7622425590551181
0
LINE
8
BLACK
6
CONTINUOUS
10
1.1418669685039369
20
0.7622425590551181
11
1.1416200000000001
21
0.7618147637795275
0
LINE
8
BLACK
6
CONTINUOUS
10
1.1416200000000001
20
0.7618147637795275
11
1.141540275590551
21
0.7613273622047244
0
LINE
8
BLACK
6
CONTINUOUS
10
1.141540275590551
20
0.7613273622047244
11
1.1408551181102362
21
0.7604899606299212
0
LINE
8
BLACK
6
CONTINUOUS
10
1.1408551181102362
20
0.7604899606299212
11
1.1403140944881889
21
0.7595527952755905
0
LINE
8
BLACK
6
CONTINUOUS
10
1.1403140944881889
20
0.7595527952755905
11
1.1398862992125984
21
0.7593057874015748
0
LINE
8
BLACK
6
CONTINUOUS
10
1.1398862992125984
20
0.7593057874015748
11
1.1395735826771654
21
0.7589235826771653
0
LINE
8
BLACK
6
CONTINUOUS
10
1.1395735826771654
20
0.7589235826771653
11
1.1385614566929134
21
0.758540905511811
0
LINE
8
BLACK
6
CONTINUOUS
10
1.1385614566929134
20
0.758540905511811
11
1.1376243700787401
21
0.7579998818897637
0
LINE
8
BLACK
6
CONTINUOUS
10
1.1376243700787401
20
0.7579998818897637
11
1.1371304724409448
21
0.7579998818897637
0
LINE
8
BLACK
6
CONTINUOUS
10
1.1371304724409448
20
0.7579998818897637
11
1.1366684645669292
21
0.7578251968503937
0
LINE
8
BLACK
6
CONTINUOUS
10
1.1366684645669292
20
0.7578251968503937
11
1.1356004724409448
21
0.7579998818897637
0
LINE
8
BLACK
6
CONTINUOUS
10
1.1356004724409448
20
0.7579998818897637
11
1.1345185433070866
21
0.7579998818897637
0
LINE
8
BLACK
6
CONTINUOUS
10
1.1345185433070866
20
0.7579998818897637
11
1.1340908267716536
21
0.7582467716535433
0
LINE
8
BLACK
6
CONTINUOUS
10
1.1340908267716536
20
0.7582467716535433
11
1.1336033464566928
21
0.7583265354330708
0
LINE
8
BLACK
6
CONTINUOUS
10
1.1336033464566928
20
0.7583265354330708
11
1.1327657874015749
21
0.7590117716535433
0
LINE
8
BLACK
6
CONTINUOUS
10
1.1327657874015749
20
0.7590117716535433
11
1.1318288188976378
21
0.7595527559055117
0
LINE
8
BLACK
6
CONTINUOUS
10
1.1318288188976378
20
0.7595527559055117
11
1.1296600787401574
21
0.7617214566929134
0
LINE
8
BLACK
6
CONTINUOUS
10
1.1296600787401574
20
0.7617214566929134
11
1.1260836220472441
21
0.7635097244094488
0
LINE
8
BLACK
6
CONTINUOUS
10
1.1260836220472441
20
0.7635097244094488
11
1.1146306299212598
21
0.7635097244094488
0
LINE
8
BLACK
6
CONTINUOUS
10
1.1146306299212598
20
0.7635097244094488
11
1.1110542125984251
21
0.7617214566929134
0
LINE
8
BLACK
6
CONTINUOUS
10
1.1110542125984251
20
0.7617214566929134
11
1.1095739370078741
21
0.7602412598425197
0
LINE
8
BLACK
6
CONTINUOUS
10
1.1095739370078741
20
0.7602412598425197
11
1.1077857086614173
21
0.7566647244094488
0
LINE
8
BLACK
6
CONTINUOUS
10
1.1077857086614173
20
0.7566647244094488
11
1.1077857086614173
21
0.745211811023622
0
LINE
8
BLACK
6
CONTINUOUS
10
1.1077857086614173
20
0.745211811023622
11
1.1095739370078741
21
0.7416352755905512
0
LINE
8
BLACK
6
CONTINUOUS
10
1.1095739370078741
20
0.7416352755905512
11
1.1110542125984251
21
0.7401550787401575
0
LINE
8
BLACK
6
CONTINUOUS
10
1.1110542125984251
20
0.7401550787401575
11
1.1146306299212598
21
0.7383668503937008
0
LINE
8
BLACK
6
CONTINUOUS
10
1.1146306299212598
20
0.7383668503937008
11
1.1260836220472441
21
0.7383668503937008
0
LINE
8
BLACK
6
CONTINUOUS
10
1.1260836220472441
20
0.7383668503937008
11
1.1296600787401574
21
0.7401550787401575
0
LINE
8
BLACK
6
CONTINUOUS
10
1.1296600787401574
20
0.7401550787401575
11
1.1318288188976378
21
0.7423238188976378
0
LINE
8
BLACK
6
CONTINUOUS
10
1.1318288188976378
20
0.7423238188976378
11
1.1345185433070866
21
0.7438766929133858
0
LINE
8
BLACK
6
CONTINUOUS
10
1.1345185433070866
20
0.7438766929133858
11
1.1376243700787401
21
0.7438766929133858
0
LINE
8
BLACK
6
CONTINUOUS
10
1.1376243700787401
20
0.7438766929133858
11
1.1403140944881889
21
0.742323779527559
0
LINE
8
BLACK
6
CONTINUOUS
10
1.1403140944881889
20
0.742323779527559
11
1.1418669685039369
21
0.7396340157480314
0
LINE
8
BLACK
6
CONTINUOUS
10
1.1418669685039369
20
0.7396340157480314
11
1.1418669685039369
21
0.736528188976378
0
LINE
8
BLACK
6
CONTINUOUS
10
1.1418669685039369
20
0.736528188976378
11
1.1403140551181101
21
0.7338384645669291
0
LINE
8
BLACK
6
CONTINUOUS
10
1.1403140551181101
20
0.7338384645669291
11
1.1374568503937008
21
0.7309813385826771
0
LINE
8
BLACK
6
CONTINUOUS
10
1.1374568503937008
20
0.7309813385826771
11
1.1366202362204725
21
0.7304983464566929
0
LINE
8
BLACK
6
CONTINUOUS
10
1.1366202362204725
20
0.7304983464566929
11
1.1358975590551181
21
0.7298574803149606
0
LINE
8
BLACK
6
CONTINUOUS
10
1.1358975590551181
20
0.7298574803149606
11
1.1301833070866141
21
0.7270003149606299
0
LINE
8
BLACK
6
CONTINUOUS
10
1.1301833070866141
20
0.7270003149606299
11
1.1288322440944882
21
0.7267238188976378
0
LINE
8
BLACK
6
CONTINUOUS
10
1.1288322440944882
20
0.7267238188976378
11
1.1274999999999999
21
0.7263668503937007
0
LINE
8
BLACK
6
CONTINUOUS
10
1.1274999999999999
20
0.7263668503937007
11
1.113214251968504
21
0.7263668503937007
0
LINE
8
BLACK
6
CONTINUOUS
10
1.113214251968504
20
0.7263668503937007
11
1.1118819685039369
21
0.7267238188976378
0
LINE
8
BLACK
6
CONTINUOUS
10
1.1118819685039369
20
0.7267238188976378
11
1.1105309448818896
21
0.7270003149606299
0
LINE
8
BLACK
6
CONTINUOUS
10
1.1105309448818896
20
0.7270003149606299
11
1.1048166929133858
21
0.7298574803149606
0
LINE
8
BLACK
6
CONTINUOUS
10
1.1048166929133858
20
0.7298574803149606
11
1.1040939763779527
21
0.7304983464566929
0
LINE
8
BLACK
6
CONTINUOUS
10
1.1040939763779527
20
0.7304983464566929
11
1.1032574015748031
21
0.7309813385826771
0
LINE
8
BLACK
6
CONTINUOUS
10
1.1032574015748031
20
0.7309813385826771
11
1.1004002362204723
21
0.7338384645669291
0
LINE
8
BLACK
6
CONTINUOUS
10
1.1004002362204723
20
0.7338384645669291
11
1.0999172047244095
21
0.7346750393700787
0
LINE
8
BLACK
6
CONTINUOUS
10
1.0999172047244095
20
0.7346750393700787
11
1.0992762598425196
21
0.735397874015748
0
LINE
8
BLACK
6
CONTINUOUS
10
1.0992762598425196
20
0.735397874015748
11
1.0964191338582676
21
0.7411121653543307
0
LINE
8
BLACK
6
CONTINUOUS
10
1.0964191338582676
20
0.7411121653543307
11
1.0961426377952757
21
0.7424633070866141
0
LINE
8
BLACK
6
CONTINUOUS
10
1.0961426377952757
20
0.7424633070866141
11
1.0957857086614173
21
0.7437954330708662
0
LINE
8
BLACK
6
CONTINUOUS
10
1.0957857086614173
20
0.7437954330708662
11
1.0957857086614173
21
0.7580811417322835
0
LINE
8
BLACK
6
CONTINUOUS
10
1.0957857086614173
20
0.7580811417322835
11
1.0961426377952757
21
0.7594132283464566
0
LINE
8
BLACK
6
CONTINUOUS
10
1.0961426377952757
20
0.7594132283464566
11
1.0964191338582676
21
0.7607644094488188
0
LINE
8
BLACK
6
CONTINUOUS
10
1.0964191338582676
20
0.7607644094488188
11
1.0992762598425196
21
0.7664787007874015
0
LINE
8
BLACK
6
CONTINUOUS
10
1.0992762598425196
20
0.7664787007874015
11
1.0999172047244095
21
0.7672014960629921
0
LINE
8
BLACK
6
CONTINUOUS
10
1.0999172047244095
20
0.7672014960629921
11
1.1004002362204723
21
0.7680381102362205
0
LINE
8
BLACK
6
CONTINUOUS
10
1.1004002362204723
20
0.7680381102362205
11
1.1032574015748031
21
0.7708952362204724
0
LINE
8
BLACK
6
CONTINUOUS
10
1.1032574015748031
20
0.7708952362204724
11
1.1040939763779527
21
0.7713781889763779
0
LINE
8
BLACK
6
CONTINUOUS
10
1.1040939763779527
20
0.7713781889763779
11
1.1048166929133858
21
0.772019094488189
0
LINE
8
BLACK
6
CONTINUOUS
10
1.1048166929133858
20
0.772019094488189
11
1.1105309448818896
21
0.7748762598425196
0
LINE
8
BLACK
6
CONTINUOUS
10
1.1105309448818896
20
0.7748762598425196
11
1.1118819685039369
21
0.7751527165354331
0
LINE
8
BLACK
6
CONTINUOUS
10
1.1118819685039369
20
0.7751527165354331
11
1.113214251968504
21
0.7755097244094488
0
LINE
8
BLACK
6
CONTINUOUS
10
1.113214251968504
20
0.7755097244094488
11
1.1274999999999999
21
0.7755097244094488
0
LINE
8
BLACK
6
CONTINUOUS
10
1.1274999999999999
20
0.7755097244094488
11
1.1288322440944882
21
0.7751527165354331
0
LINE
8
BLACK
6
CONTINUOUS
10
1.1288322440944882
20
0.7751527165354331
11
1.1289072440944881
21
0.7751373622047244
0
LINE
8
BLACK
6
CONTINUOUS
10
1.1289072440944881
20
0.7751373622047244
11
1.1277843307086615
21
0.7863668503937008
0
LINE
8
BLACK
6
CONTINUOUS
10
1.1277843307086615
20
0.7863668503937008
11
1.1046428346456694
21
0.7863668503937008
0
LINE
8
BLACK
6
CONTINUOUS
10
1.1046428346456694
20
0.7863668503937008
11
1.1016428346456693
21
0.7871707086614173
0
LINE
8
BLACK
6
CONTINUOUS
10
1.1016428346456693
20
0.7871707086614173
11
1.0994466929133857
21
0.7893668503937008
0
LINE
8
BLACK
6
CONTINUOUS
10
1.0994466929133857
20
0.7893668503937008
11
1.0986428346456694
21
0.7923668503937008
0
LINE
8
BLACK
6
CONTINUOUS
10
1.0986428346456694
20
0.7923668503937008
11
1.0994466929133857
21
0.7953668503937008
0
LINE
8
BLACK
6
CONTINUOUS
10
1.0994466929133857
20
0.7953668503937008
11
1.1016428346456693
21
0.7975629921259842
0
LINE
8
BLACK
6
CONTINUOUS
10
1.1016428346456693
20
0.7975629921259842
11
1.1046428346456694
21
0.7983668503937008
0
LINE
8
BLACK
6
CONTINUOUS
10
1.1046428346456694
20
0.7983668503937008
11
1.133214251968504
21
0.7983668503937008
0
LINE
8
BLACK
6
CONTINUOUS
10
1.133214251968504
20
0.7983668503937008
11
1.1344350393700786
21
0.7980397244094488
0
LINE
8
BLACK
6
CONTINUOUS
10
1.1773909842519685
20
0.7980132283464567
11
1.1787307480314961
21
0.7977453149606299
0
LINE
8
BLACK
6
CONTINUOUS
10
1.1787307480314961
20
0.7977453149606299
11
1.1788797637795276
21
0.7976143307086614
0
LINE
8
BLACK
6
CONTINUOUS
10
1.1788797637795276
20
0.7976143307086614
11
1.1790714173228347
21
0.7975629921259842
0
LINE
8
BLACK
6
CONTINUOUS
10
1.1790714173228347
20
0.7975629921259842
11
1.180037559055118
21
0.796596811023622
0
LINE
8
BLACK
6
CONTINUOUS
10
1.180037559055118
20
0.796596811023622
11
1.1810637007874016
21
0.7956950393700787
0
LINE
8
BLACK
6
CONTINUOUS
10
1.1810637007874016
20
0.7956950393700787
11
1.1864483464566928
21
0.787618031496063
0
LINE
8
BLACK
6
CONTINUOUS
10
1.1864483464566928
20
0.787618031496063
11
1.1910540944881889
21
0.7830122834645669
0
LINE
8
BLACK
6
CONTINUOUS
10
1.1910540944881889
20
0.7830122834645669
11
1.1958975590551182
21
0.7805905905511811
0
LINE
8
BLACK
6
CONTINUOUS
10
1.1958975590551182
20
0.7805905905511811
11
1.198221377952756
21
0.7785299606299212
0
LINE
8
BLACK
6
CONTINUOUS
10
1.198221377952756
20
0.7785299606299212
11
1.1992035039370079
21
0.7755835039370078
0
LINE
8
BLACK
6
CONTINUOUS
10
1.1992035039370079
20
0.7755835039370078
11
1.1985808661417323
21
0.7725407480314961
0
LINE
8
BLACK
6
CONTINUOUS
10
1.1985808661417323
20
0.7725407480314961
11
1.1965202362204723
21
0.7702169685039369
0
LINE
8
BLACK
6
CONTINUOUS
10
1.1965202362204723
20
0.7702169685039369
11
1.1935738188976377
21
0.7692348031496062
0
LINE
8
BLACK
6
CONTINUOUS
10
1.1935738188976377
20
0.7692348031496062
11
1.1905310236220472
21
0.7698574409448818
0
LINE
8
BLACK
6
CONTINUOUS
10
1.1905310236220472
20
0.7698574409448818
11
1.1848167322834646
21
0.7727145669291339
0
LINE
8
BLACK
6
CONTINUOUS
10
1.1848167322834646
20
0.7727145669291339
11
1.184093937007874
21
0.7733554724409448
0
LINE
8
BLACK
6
CONTINUOUS
10
1.184093937007874
20
0.7733554724409448
11
1.1832573622047244
21
0.7738385039370078
0
LINE
8
BLACK
6
CONTINUOUS
10
1.1832573622047244
20
0.7738385039370078
11
1.1820714173228346
21
0.7750244488188976
0
LINE
8
BLACK
6
CONTINUOUS
10
1.1820714173228346
20
0.7750244488188976
11
1.1820714173228346
21
0.7383668503937008
0
LINE
8
BLACK
6
CONTINUOUS
10
1.1820714173228346
20
0.7383668503937008
11
1.1932142913385826
21
0.7383668503937008
0
LINE
8
BLACK
6
CONTINUOUS
10
1.1932142913385826
20
0.7383668503937008
11
1.1962142913385827
21
0.7375629921259842
0
LINE
8
BLACK
6
CONTINUOUS
10
1.1962142913385827
20
0.7375629921259842
11
1.198410433070866
21
0.7353668503937008
0
LINE
8
BLACK
6
CONTINUOUS
10
1.198410433070866
20
0.7353668503937008
11
1.1992142913385826
21
0.7323668503937008
0
LINE
8
BLACK
6
CONTINUOUS
10
1.1992142913385826
20
0.7323668503937008
11
1.198410433070866
21
0.7293668503937007
0
LINE
8
BLACK
6
CONTINUOUS
10
1.198410433070866
20
0.7293668503937007
11
1.1962142913385827
21
0.7271707086614173
0
LINE
8
BLACK
6
CONTINUOUS
10
1.1962142913385827
20
0.7271707086614173
11
1.1932142913385826
21
0.7263668503937007
0
LINE
8
BLACK
6
CONTINUOUS
10
1.1932142913385826
20
0.7263668503937007
11
1.1760714173228346
21
0.7263668503937007
0
LINE
8
BLACK
6
CONTINUOUS
10
1.1760714173228346
20
0.7263668503937007
11
1.1589285826771654
21
0.7263668503937007
0
LINE
8
BLACK
6
CONTINUOUS
10
1.1589285826771654
20
0.7263668503937007
11
1.1559285826771653
21
0.7271707086614173
0
LINE
8
BLACK
6
CONTINUOUS
10
1.1559285826771653
20
0.7271707086614173
11
1.1537324409448819
21
0.7293668503937007
0
LINE
8
BLACK
6
CONTINUOUS
10
1.1537324409448819
20
0.7293668503937007
11
1.1529285826771654
21
0.7323668503937008
0
LINE
8
BLACK
6
CONTINUOUS
10
1.1529285826771654
20
0.7323668503937008
11
1.1537324409448819
21
0.7353668503937008
0
LINE
8
BLACK
6
CONTINUOUS
10
1.1537324409448819
20
0.7353668503937008
11
1.1559285826771653
21
0.7375629921259842
0
LINE
8
BLACK
6
CONTINUOUS
10
1.1559285826771653
20
0.7375629921259842
11
1.1589285826771654
21
0.7383668503937008
0
LINE
8
BLACK
6
CONTINUOUS
10
1.1589285826771654
20
0.7383668503937008
11
1.1700714173228346
21
0.7383668503937008
0
LINE
8
BLACK
6
CONTINUOUS
10
1.1700714173228346
20
0.7383668503937008
11
1.1700714173228346
21
0.7923668503937008
0
LINE
8
BLACK
6
CONTINUOUS
10
1.1700714173228346
20
0.7923668503937008
11
1.170425
21
0.7936864173228346
0
LINE
8
BLACK
6
CONTINUOUS
10
1.170425
20
0.7936864173228346
11
1.1706929527559056
21
0.7950261811023622
0
LINE
8
BLACK
6
CONTINUOUS
10
1.1706929527559056
20
0.7950261811023622
11
1.1708238976377952
21
0.7951751968503937
0
LINE
8
BLACK
6
CONTINUOUS
10
1.1708238976377952
20
0.7951751968503937
11
1.1708752755905512
21
0.7953668503937008
0
LINE
8
BLACK
6
CONTINUOUS
10
1.1708752755905512
20
0.7953668503937008
11
1.1718414173228346
21
0.7963329921259842
0
LINE
8
BLACK
6
CONTINUOUS
10
1.1718414173228346
20
0.7963329921259842
11
1.1727432283464567
21
0.7973591338582677
0
LINE
8
BLACK
6
CONTINUOUS
10
1.1727432283464567
20
0.7973591338582677
11
1.1729311023622047
21
0.7974226771653543
0
LINE
8
BLACK
6
CONTINUOUS
10
1.1729311023622047
20
0.7974226771653543
11
1.1730714173228347
21
0.7975629921259842
0
LINE
8
BLACK
6
CONTINUOUS
10
1.1730714173228347
20
0.7975629921259842
11
1.1743911811023622
21
0.7979166141732283
0
LINE
8
BLACK
6
CONTINUOUS
10
1.1743911811023622
20
0.7979166141732283
11
1.1756852755905511
21
0.7983544094488189
0
LINE
8
BLACK
6
CONTINUOUS
10
1.1756852755905511
20
0.7983544094488189
11
1.1758797637795275
21
0.7983154724409449
0
LINE
8
BLACK
6
CONTINUOUS
10
1.1758797637795275
20
0.7983154724409449
11
1.1760714173228346
21
0.7983668503937008
0
LINE
8
BLACK
6
CONTINUOUS
10
1.1760714173228346
20
0.7983668503937008
11
1.1773909842519685
21
0.7980132283464567
0
LINE
8
BLACK
6
CONTINUOUS
10
1.253357125984252
20
0.7975629921259842
11
1.2555532677165353
21
0.7953668503937008
0
LINE
8
BLACK
6
CONTINUOUS
10
1.2555532677165353
20
0.7953668503937008
11
1.2563571259842519
21
0.7923668503937008
0
LINE
8
BLACK
6
CONTINUOUS
10
1.2563571259842519
20
0.7923668503937008
11
1.2563571259842519
21
0.7323668503937008
0
LINE
8
BLACK
6
CONTINUOUS
10
1.2563571259842519
20
0.7323668503937008
11
1.2555532677165353
21
0.7293668503937007
0
LINE
8
BLACK
6
CONTINUOUS
10
1.2555532677165353
20
0.7293668503937007
11
1.253357125984252
21
0.7271707086614173
0
LINE
8
BLACK
6
CONTINUOUS
10
1.253357125984252
20
0.7271707086614173
11
1.2503571259842519
21
0.7263668503937007
0
LINE
8
BLACK
6
CONTINUOUS
10
1.2503571259842519
20
0.7263668503937007
11
1.2360714173228347
21
0.7263668503937007
0
LINE
8
BLACK
6
CONTINUOUS
10
1.2360714173228347
20
0.7263668503937007
11
1.2351382677165355
21
0.7266168503937007
0
LINE
8
BLACK
6
CONTINUOUS
10
1.2351382677165355
20
0.7266168503937007
11
1.2341740551181102
21
0.7266747637795276
0
LINE
8
BLACK
6
CONTINUOUS
10
1.2341740551181102
20
0.7266747637795276
11
1.2256025984251968
21
0.7295319291338582
0
LINE
8
BLACK
6
CONTINUOUS
10
1.2256025984251968
20
0.7295319291338582
11
1.2244517716535432
21
0.7302917322834646
0
LINE
8
BLACK
6
CONTINUOUS
10
1.2244517716535432
20
0.7302917322834646
11
1.2232573622047245
21
0.7309813779527559
0
LINE
8
BLACK
6
CONTINUOUS
10
1.2232573622047245
20
0.7309813779527559
11
1.2175430708661417
21
0.7366956299212598
0
LINE
8
BLACK
6
CONTINUOUS
10
1.2175430708661417
20
0.7366956299212598
11
1.2170600787401575
21
0.7375321653543306
0
LINE
8
BLACK
6
CONTINUOUS
10
1.2170600787401575
20
0.7375321653543306
11
1.2164191338582677
21
0.738255
0
LINE
8
BLACK
6
CONTINUOUS
10
1.2164191338582677
20
0.738255
11
1.2135620078740157
21
0.7439692913385827
0
LINE
8
BLACK
6
CONTINUOUS
10
1.2135620078740157
20
0.7439692913385827
11
1.2134292125984252
21
0.7446181496062992
0
LINE
8
BLACK
6
CONTINUOUS
10
1.2134292125984252
20
0.7446181496062992
11
1.2131077165354331
21
0.7451973228346457
0
LINE
8
BLACK
6
CONTINUOUS
10
1.2131077165354331
20
0.7451973228346457
11
1.2102505511811024
21
0.756625905511811
0
LINE
8
BLACK
6
CONTINUOUS
10
1.2102505511811024
20
0.756625905511811
11
1.2102629921259842
21
0.7573661023622047
0
LINE
8
BLACK
6
CONTINUOUS
10
1.2102629921259842
20
0.7573661023622047
11
1.2100714173228346
21
0.7580811417322835
0
LINE
8
BLACK
6
CONTINUOUS
10
1.2100714173228346
20
0.7580811417322835
11
1.2100714173228346
21
0.7666525590551181
0
LINE
8
BLACK
6
CONTINUOUS
10
1.2100714173228346
20
0.7666525590551181
11
1.2102629921259842
21
0.7673675590551181
0
LINE
8
BLACK
6
CONTINUOUS
10
1.2102629921259842
20
0.7673675590551181
11
1.2102505511811024
21
0.7681077952755906
0
LINE
8
BLACK
6
CONTINUOUS
10
1.2102505511811024
20
0.7681077952755906
11
1.2131077165354331
21
0.7795363779527559
0
LINE
8
BLACK
6
CONTINUOUS
10
1.2131077165354331
20
0.7795363779527559
11
1.2134292125984252
21
0.7801155118110236
0
LINE
8
BLACK
6
CONTINUOUS
10
1.2134292125984252
20
0.7801155118110236
11
1.2135620078740157
21
0.7807644094488189
0
LINE
8
BLACK
6
CONTINUOUS
10
1.2135620078740157
20
0.7807644094488189
11
1.2164191338582677
21
0.7864787007874016
0
LINE
8
BLACK
6
CONTINUOUS
10
1.2164191338582677
20
0.7864787007874016
11
1.2170600787401575
21
0.7872014960629921
0
LINE
8
BLACK
6
CONTINUOUS
10
1.2170600787401575
20
0.7872014960629921
11
1.2175430708661417
21
0.7880380708661417
0
LINE
8
BLACK
6
CONTINUOUS
10
1.2175430708661417
20
0.7880380708661417
11
1.2232573622047245
21
0.7937523622047243
0
LINE
8
BLACK
6
CONTINUOUS
10
1.2232573622047245
20
0.7937523622047243
11
1.2244517322834645
21
0.7944419291338582
0
LINE
8
BLACK
6
CONTINUOUS
10
1.2244517322834645
20
0.7944419291338582
11
1.2256026377952756
21
0.795201811023622
0
LINE
8
BLACK
6
CONTINUOUS
10
1.2256026377952756
20
0.795201811023622
11
1.2341740551181102
21
0.7980589763779528
0
LINE
8
BLACK
6
CONTINUOUS
10
1.2341740551181102
20
0.7980589763779528
11
1.2351384251968505
21
0.7981168503937007
0
LINE
8
BLACK
6
CONTINUOUS
10
1.2351384251968505
20
0.7981168503937007
11
1.2360714173228347
21
0.7983668503937008
0
LINE
8
BLACK
6
CONTINUOUS
10
1.2360714173228347
20
0.7983668503937008
11
1.2503571259842519
21
0.7983668503937008
0
LINE
8
BLACK
6
CONTINUOUS
10
1.2503571259842519
20
0.7983668503937008
11
1.253357125984252
21
0.7975629921259842
0
LINE
8
BLACK
6
CONTINUOUS
10
1.230741062992126
20
0.7842655118110236
11
1.2267168503937007
21
0.7802412992125984
0
LINE
8
BLACK
6
CONTINUOUS
10
1.2267168503937007
20
0.7802412992125984
11
1.22458968503937
21
0.7759870078740158
0
LINE
8
BLACK
6
CONTINUOUS
10
1.22458968503937
20
0.7759870078740158
11
1.2220714173228346
21
0.7659138188976378
0
LINE
8
BLACK
6
CONTINUOUS
10
1.2220714173228346
20
0.7659138188976378
11
1.2220714173228346
21
0.758819842519685
0
LINE
8
BLACK
6
CONTINUOUS
10
1.2220714173228346
20
0.758819842519685
11
1.22458968503937
21
0.7487466535433071
0
LINE
8
BLACK
6
CONTINUOUS
10
1.22458968503937
20
0.7487466535433071
11
1.2267168503937007
21
0.7444924015748031
0
LINE
8
BLACK
6
CONTINUOUS
10
1.2267168503937007
20
0.7444924015748031
11
1.230741062992126
21
0.7404681889763779
0
LINE
8
BLACK
6
CONTINUOUS
10
1.230741062992126
20
0.7404681889763779
11
1.2370450787401575
21
0.7383668503937008
0
LINE
8
BLACK
6
CONTINUOUS
10
1.2370450787401575
20
0.7383668503937008
11
1.2443571259842519
21
0.7383668503937008
0
LINE
8
BLACK
6
CONTINUOUS
10
1.2443571259842519
20
0.7383668503937008
11
1.2443571259842519
21
0.7863668503937008
0
LINE
8
BLACK
6
CONTINUOUS
10
1.2443571259842519
20
0.7863668503937008
11
1.2370450393700787
21
0.7863668503937008
0
LINE
8
BLACK
6
CONTINUOUS
10
1.2370450393700787
20
0.7863668503937008
11
1.230741062992126
21
0.7842655118110236
0
LINE
8
BLACK
6
CONTINUOUS
10
1.4033896062992126
20
0.8046383464566929
11
1.403960748031496
21
0.8032594881889764
0
LINE
8
BLACK
6
CONTINUOUS
10
1.403960748031496
20
0.8032594881889764
11
1.4033896062992126
21
0.8018806299212599
0
LINE
8
BLACK
6
CONTINUOUS
10
1.4033896062992126
20
0.8018806299212599
11
1.4020107480314961
21
0.8013094881889764
0
LINE
8
BLACK
6
CONTINUOUS
10
1.4020107480314961
20
0.8013094881889764
11
1.3943756299212597
21
0.8013094881889764
0
LINE
8
BLACK
6
CONTINUOUS
10
1.3943756299212597
20
0.8013094881889764
11
1.3937223228346456
21
0.8006561811023621
0
LINE
8
BLACK
6
CONTINUOUS
10
1.3937223228346456
20
0.8006561811023621
11
1.403180748031496
21
0.7935623622047244
0
LINE
8
BLACK
6
CONTINUOUS
10
1.403180748031496
20
0.7935623622047244
11
1.4039411417322833
21
0.7922781496062992
0
LINE
8
BLACK
6
CONTINUOUS
10
1.4039411417322833
20
0.7922781496062992
11
1.4035707480314961
21
0.7908323622047244
0
LINE
8
BLACK
6
CONTINUOUS
10
1.4035707480314961
20
0.7908323622047244
11
1.4022864960629922
21
0.790071968503937
0
LINE
8
BLACK
6
CONTINUOUS
10
1.4022864960629922
20
0.790071968503937
11
1.4008407480314959
21
0.7904423622047244
0
LINE
8
BLACK
6
CONTINUOUS
10
1.4008407480314959
20
0.7904423622047244
11
1.3909366141732282
21
0.7978704724409449
0
LINE
8
BLACK
6
CONTINUOUS
10
1.3909366141732282
20
0.7978704724409449
11
1.3836896062992126
21
0.7906235039370079
0
LINE
8
BLACK
6
CONTINUOUS
10
1.3836896062992126
20
0.7906235039370079
11
1.382310748031496
21
0.7900523622047244
0
LINE
8
BLACK
6
CONTINUOUS
10
1.382310748031496
20
0.7900523622047244
11
1.3809318897637795
21
0.7906235039370079
0
LINE
8
BLACK
6
CONTINUOUS
10
1.3809318897637795
20
0.7906235039370079
11
1.3803607480314961
21
0.7920023622047244
0
LINE
8
BLACK
6
CONTINUOUS
10
1.3803607480314961
20
0.7920023622047244
11
1.3809318897637795
21
0.793381220472441
0
LINE
8
BLACK
6
CONTINUOUS
10
1.3809318897637795
20
0.793381220472441
11
1.3888601968503937
21
0.8013094881889764
0
LINE
8
BLACK
6
CONTINUOUS
10
1.3888601968503937
20
0.8013094881889764
11
1.382310748031496
21
0.8013094881889764
0
LINE
8
BLACK
6
CONTINUOUS
10
1.382310748031496
20
0.8013094881889764
11
1.3809318897637795
21
0.8018806299212599
0
LINE
8
BLACK
6
CONTINUOUS
10
1.3809318897637795
20
0.8018806299212599
11
1.3803607480314961
21
0.8032594881889764
0
LINE
8
BLACK
6
CONTINUOUS
10
1.3803607480314961
20
0.8032594881889764
11
1.3809318897637795
21
0.8046383464566929
0
LINE
8
BLACK
6
CONTINUOUS
10
1.3809318897637795
20
0.8046383464566929
11
1.382310748031496
21
0.8052094881889763
0
LINE
8
BLACK
6
CONTINUOUS
10
1.382310748031496
20
0.8052094881889763
11
1.4020107480314961
21
0.8052094881889763
0
LINE
8
BLACK
6
CONTINUOUS
10
1.4020107480314961
20
0.8052094881889763
11
1.4033896062992126
21
0.8046383464566929
0
LINE
8
BLACK
6
CONTINUOUS
10
0.3109346850393701
20
0.8357197637795275
11
0.311063937007874
21
0.8357425590551181
0
LINE
8
BLACK
6
CONTINUOUS
10
0.311063937007874
20
0.8357425590551181
11
0.3111775196850394
21
0.8356769291338583
0
LINE
8
BLACK
6
CONTINUOUS
10
0.3111775196850394
20
0.8356769291338583
11
0.3115611023622047
21
0.8356093307086614
0
LINE
8
BLACK
6
CONTINUOUS
10
0.3115611023622047
20
0.8356093307086614
11
0.312148779527559
21
0.8351161811023622
0
LINE
8
BLACK
6
CONTINUOUS
10
0.312148779527559
20
0.8351161811023622
11
0.3128131102362205
21
0.8347326377952756
0
LINE
8
BLACK
6
CONTINUOUS
10
0.3128131102362205
20
0.8347326377952756
11
0.3129042125984252
21
0.8344822834645669
0
LINE
8
BLACK
6
CONTINUOUS
10
0.3129042125984252
20
0.8344822834645669
11
0.3131083464566929
21
0.8343110236220472
0
LINE
8
BLACK
6
CONTINUOUS
10
0.3131083464566929
20
0.8343110236220472
11
0.3132415748031496
21
0.8335554330708661
0
LINE
8
BLACK
6
CONTINUOUS
10
0.3132415748031496
20
0.8335554330708661
11
0.313503937007874
21
0.8328346456692913
0
LINE
8
BLACK
6
CONTINUOUS
10
0.313503937007874
20
0.8328346456692913
11
0.313503937007874
21
0.8150999999999999
0
LINE
8
BLACK
6
CONTINUOUS
10
0.313503937007874
20
0.8150999999999999
11
0.3133258661417323
21
0.8140900787401575
0
LINE
8
BLACK
6
CONTINUOUS
10
0.3133258661417323
20
0.8140900787401575
11
0.3120275590551181
21
0.8125428346456692
0
LINE
8
BLACK
6
CONTINUOUS
10
0.3120275590551181
20
0.8125428346456692
11
0.3100384251968504
21
0.8121920866141732
0
LINE
8
BLACK
6
CONTINUOUS
10
0.3100384251968504
20
0.8121920866141732
11
0.3082892519685039
21
0.8132020078740158
0
LINE
8
BLACK
6
CONTINUOUS
10
0.3082892519685039
20
0.8132020078740158
11
0.3075984251968504
21
0.8150999999999999
0
LINE
8
BLACK
6
CONTINUOUS
10
0.3075984251968504
20
0.8150999999999999
11
0.3075984251968504
21
0.8298818897637795
0
LINE
8
BLACK
6
CONTINUOUS
10
0.3075984251968504
20
0.8298818897637795
11
0.2938527559055118
21
0.8298818897637795
0
LINE
8
BLACK
6
CONTINUOUS
10
0.2938527559055118
20
0.8298818897637795
11
0.2938527559055118
21
0.8150999999999999
0
LINE
8
BLACK
6
CONTINUOUS
10
0.2938527559055118
20
0.8150999999999999
11
0.2936746850393701
21
0.8140900787401575
0
LINE
8
BLACK
6
CONTINUOUS
10
0.2936746850393701
20
0.8140900787401575
11
0.2923763779527559
21
0.8125428346456692
0
LINE
8
BLACK
6
CONTINUOUS
10
0.2923763779527559
20
0.8125428346456692
11
0.2903872440944882
21
0.8121920866141732
0
LINE
8
BLACK
6
CONTINUOUS
10
0.2903872440944882
20
0.8121920866141732
11
0.2886380708661417
21
0.8132020078740158
0
LINE
8
BLACK
6
CONTINUOUS
10
0.2886380708661417
20
0.8132020078740158
11
0.2879472440944882
21
0.8150999999999999
0
LINE
8
BLACK
6
CONTINUOUS
10
0.2879472440944882
20
0.8150999999999999
11
0.2879472440944882
21
0.8298818897637795
0
LINE
8
BLACK
6
CONTINUOUS
10
0.2879472440944882
20
0.8298818897637795
11
0.1324015748031496
21
0.8298818897637795
0
LINE
8
BLACK
6
CONTINUOUS
10
0.1324015748031496
20
0.8298818897637795
11
0.1324015748031496
21
0.8150999999999999
0
LINE
8
BLACK
6
CONTINUOUS
10
0.1324015748031496
20
0.8150999999999999
11
0.1322235039370079
21
0.8140900787401575
0
LINE
8
BLACK
6
CONTINUOUS
10
0.1322235039370079
20
0.8140900787401575
11
0.1309251968503937
21
0.8125428346456692
0
LINE
8
BLACK
6
CONTINUOUS
10
0.1309251968503937
20
0.8125428346456692
11
0.128936062992126
21
0.8121920866141732
0
LINE
8
BLACK
6
CONTINUOUS
10
0.128936062992126
20
0.8121920866141732
11
0.1271868897637795
21
0.8132020078740158
0
LINE
8
BLACK
6
CONTINUOUS
10
0.1271868897637795
20
0.8132020078740158
11
0.126496062992126
21
0.8150999999999999
0
LINE
8
BLACK
6
CONTINUOUS
10
0.126496062992126
20
0.8150999999999999
11
0.126496062992126
21
0.8328346456692913
0
LINE
8
BLACK
6
CONTINUOUS
10
0.126496062992126
20
0.8328346456692913
11
0.1265636614173228
21
0.8332181496062991
0
LINE
8
BLACK
6
CONTINUOUS
10
0.1265636614173228
20
0.8332181496062991
11
0.126540905511811
21
0.8333474015748031
0
LINE
8
BLACK
6
CONTINUOUS
10
0.126540905511811
20
0.8333474015748031
11
0.1266064960629921
21
0.8334609842519685
0
LINE
8
BLACK
6
CONTINUOUS
10
0.1266064960629921
20
0.8334609842519685
11
0.1266741338582677
21
0.8338445669291339
0
LINE
8
BLACK
6
CONTINUOUS
10
0.1266741338582677
20
0.8338445669291339
11
0.1271672440944882
21
0.8344322440944881
0
LINE
8
BLACK
6
CONTINUOUS
10
0.1271672440944882
20
0.8344322440944881
11
0.1275508267716536
21
0.8350965748031496
0
LINE
8
BLACK
6
CONTINUOUS
10
0.1275508267716536
20
0.8350965748031496
11
0.1278011417322835
21
0.8351876771653544
0
LINE
8
BLACK
6
CONTINUOUS
10
0.1278011417322835
20
0.8351876771653544
11
0.1279724409448819
21
0.835391811023622
0
LINE
8
BLACK
6
CONTINUOUS
10
0.1279724409448819
20
0.835391811023622
11
0.1287279921259842
21
0.8355250393700787
0
LINE
8
BLACK
6
CONTINUOUS
10
0.1287279921259842
20
0.8355250393700787
11
0.1294488188976378
21
0.8357874015748031
0
LINE
8
BLACK
6
CONTINUOUS
10
0.1294488188976378
20
0.8357874015748031
11
0.3105511811023622
21
0.8357874015748031
0
LINE
8
BLACK
6
CONTINUOUS
10
0.3105511811023622
20
0.8357874015748031
11
0.3109346850393701
21
0.8357197637795275
0
LINE
8
BLACK
6
CONTINUOUS
10
0.6309346850393701
20
0.8357197637795275
11
0.631063937007874
21
0.8357425590551181
0
LINE
8
BLACK
6
CONTINUOUS
10
0.631063937007874
20
0.8357425590551181
11
0.6311775196850393
21
0.8356769291338583
0
LINE
8
BLACK
6
CONTINUOUS
10
0.6311775196850393
20
0.8356769291338583
11
0.6315611023622048
21
0.8356093307086614
0
LINE
8
BLACK
6
CONTINUOUS
10
0.6315611023622048
20
0.8356093307086614
11
0.632148779527559
21
0.8351161811023622
0
LINE
8
BLACK
6
CONTINUOUS
10
0.632148779527559
20
0.8351161811023622
11
0.6328131102362204
21
0.8347326377952756
0
LINE
8
BLACK
6
CONTINUOUS
10
0.6328131102362204
20
0.8347326377952756
11
0.6329042125984252
21
0.8344822834645669
0
LINE
8
BLACK
6
CONTINUOUS
10
0.6329042125984252
20
0.8344822834645669
11
0.6331083464566929
21
0.8343110236220472
0
LINE
8
BLACK
6
CONTINUOUS
10
0.6331083464566929
20
0.8343110236220472
11
0.6332415748031496
21
0.8335554330708661
0
LINE
8
BLACK
6
CONTINUOUS
10
0.6332415748031496
20
0.8335554330708661
11
0.633503937007874
21
0.8328346456692913
0
LINE
8
BLACK
6
CONTINUOUS
10
0.633503937007874
20
0.8328346456692913
11
0.633503937007874
21
0.8150999999999999
0
LINE
8
BLACK
6
CONTINUOUS
10
0.633503937007874
20
0.8150999999999999
11
0.6333258661417323
21
0.8140900787401575
0
LINE
8
BLACK
6
CONTINUOUS
10
0.6333258661417323
20
0.8140900787401575
11
0.6320275590551181
21
0.8125428346456692
0
LINE
8
BLACK
6
CONTINUOUS
10
0.6320275590551181
20
0.8125428346456692
11
0.6300384251968504
21
0.8121920866141732
0
LINE
8
BLACK
6
CONTINUOUS
10
0.6300384251968504
20
0.8121920866141732
11
0.6282892519685039
21
0.8132020078740158
0
LINE
8
BLACK
6
CONTINUOUS
10
0.6282892519685039
20
0.8132020078740158
11
0.6275984251968504
21
0.8150999999999999
0
LINE
8
BLACK
6
CONTINUOUS
10
0.6275984251968504
20
0.8150999999999999
11
0.6275984251968504
21
0.8298818897637795
0
LINE
8
BLACK
6
CONTINUOUS
10
0.6275984251968504
20
0.8298818897637795
11
0.6138527559055118
21
0.8298818897637795
0
LINE
8
BLACK
6
CONTINUOUS
10
0.6138527559055118
20
0.8298818897637795
11
0.6138527559055118
21
0.8150999999999999
0
LINE
8
BLACK
6
CONTINUOUS
10
0.6138527559055118
20
0.8150999999999999
11
0.6136746850393701
21
0.8140900787401575
0
LINE
8
BLACK
6
CONTINUOUS
10
0.6136746850393701
20
0.8140900787401575
11
0.6123763779527559
21
0.8125428346456692
0
LINE
8
BLACK
6
CONTINUOUS
10
0.6123763779527559
20
0.8125428346456692
11
0.6103872440944882
21
0.8121920866141732
0
LINE
8
BLACK
6
CONTINUOUS
10
0.6103872440944882
20
0.8121920866141732
11
0.6086380708661417
21
0.8132020078740158
0
LINE
8
BLACK
6
CONTINUOUS
10
0.6086380708661417
20
0.8132020078740158
11
0.6079472440944882
21
0.8150999999999999
0
LINE
8
BLACK
6
CONTINUOUS
10
0.6079472440944882
20
0.8150999999999999
11
0.6079472440944882
21
0.8298818897637795
0
LINE
8
BLACK
6
CONTINUOUS
10
0.6079472440944882
20
0.8298818897637795
11
0.4524015748031496
21
0.8298818897637795
0
LINE
8
BLACK
6
CONTINUOUS
10
0.4524015748031496
20
0.8298818897637795
11
0.4524015748031496
21
0.8150999999999999
0
LINE
8
BLACK
6
CONTINUOUS
10
0.4524015748031496
20
0.8150999999999999
11
0.4522235039370079
21
0.8140900787401575
0
LINE
8
BLACK
6
CONTINUOUS
10
0.4522235039370079
20
0.8140900787401575
11
0.4509251968503937
21
0.8125428346456692
0
LINE
8
BLACK
6
CONTINUOUS
10
0.4509251968503937
20
0.8125428346456692
11
0.448936062992126
21
0.8121920866141732
0
LINE
8
BLACK
6
CONTINUOUS
10
0.448936062992126
20
0.8121920866141732
11
0.4471868897637795
21
0.8132020078740158
0
LINE
8
BLACK
6
CONTINUOUS
10
0.4471868897637795
20
0.8132020078740158
11
0.446496062992126
21
0.8150999999999999
0
LINE
8
BLACK
6
CONTINUOUS
10
0.446496062992126
20
0.8150999999999999
11
0.446496062992126
21
0.8328346456692913
0
LINE
8
BLACK
6
CONTINUOUS
10
0.446496062992126
20
0.8328346456692913
11
0.4465636614173228
21
0.8332181496062991
0
LINE
8
BLACK
6
CONTINUOUS
10
0.4465636614173228
20
0.8332181496062991
11
0.446540905511811
21
0.8333474015748031
0
LINE
8
BLACK
6
CONTINUOUS
10
0.446540905511811
20
0.8333474015748031
11
0.4466064960629921
21
0.8334609842519685
0
LINE
8
BLACK
6
CONTINUOUS
10
0.4466064960629921
20
0.8334609842519685
11
0.4466741338582677
21
0.8338445669291339
0
LINE
8
BLACK
6
CONTINUOUS
10
0.4466741338582677
20
0.8338445669291339
11
0.4471672440944882
21
0.8344322440944881
0
LINE
8
BLACK
6
CONTINUOUS
10
0.4471672440944882
20
0.8344322440944881
11
0.4475508267716535
21
0.8350965748031496
0
LINE
8
BLACK
6
CONTINUOUS
10
0.4475508267716535
20
0.8350965748031496
11
0.4478011417322835
21
0.8351876771653544
0
LINE
8
BLACK
6
CONTINUOUS
10
0.4478011417322835
20
0.8351876771653544
11
0.4479724409448819
21
0.835391811023622
0
LINE
8
BLACK
6
CONTINUOUS
10
0.4479724409448819
20
0.835391811023622
11
0.4487279921259842
21
0.8355250393700787
0
LINE
8
BLACK
6
CONTINUOUS
10
0.4487279921259842
20
0.8355250393700787
11
0.4494488188976378
21
0.8357874015748031
0
LINE
8
BLACK
6
CONTINUOUS
10
0.4494488188976378
20
0.8357874015748031
11
0.6305511811023622
21
0.8357874015748031
0
LINE
8
BLACK
6
CONTINUOUS
10
0.6305511811023622
20
0.8357874015748031
11
0.6309346850393701
21
0.8357197637795275
0
LINE
8
BLACK
6
CONTINUOUS
10
0.9509346850393701
20
0.8357197637795275
11
0.9510639370078739
21
0.8357425590551181
0
LINE
8
BLACK
6
CONTINUOUS
10
0.9510639370078739
20
0.8357425590551181
11
0.9511775196850394
21
0.8356769291338583
0
LINE
8
BLACK
6
CONTINUOUS
10
0.9511775196850394
20
0.8356769291338583
11
0.9515611023622047
21
0.8356093307086614
0
LINE
8
BLACK
6
CONTINUOUS
10
0.9515611023622047
20
0.8356093307086614
11
0.9521487795275591
21
0.8351161811023622
0
LINE
8
BLACK
6
CONTINUOUS
10
0.9521487795275591
20
0.8351161811023622
11
0.9528131102362205
21
0.8347326377952756
0
LINE
8
BLACK
6
CONTINUOUS
10
0.9528131102362205
20
0.8347326377952756
11
0.9529042125984252
21
0.8344822834645669
0
LINE
8
BLACK
6
CONTINUOUS
10
0.9529042125984252
20
0.8344822834645669
11
0.9531083464566928
21
0.8343110236220472
0
LINE
8
BLACK
6
CONTINUOUS
10
0.9531083464566928
20
0.8343110236220472
11
0.9532415748031496
21
0.8335554330708661
0
LINE
8
BLACK
6
CONTINUOUS
10
0.9532415748031496
20
0.8335554330708661
11
0.9535039370078739
21
0.8328346456692913
0
LINE
8
BLACK
6
CONTINUOUS
10
0.9535039370078739
20
0.8328346456692913
11
0.9535039370078739
21
0.8150999999999999
0
LINE
8
BLACK
6
CONTINUOUS
10
0.9535039370078739
20
0.8150999999999999
11
0.9533258661417323
21
0.8140900787401575
0
LINE
8
BLACK
6
CONTINUOUS
10
0.9533258661417323
20
0.8140900787401575
11
0.952027559055118
21
0.8125428346456692
0
LINE
8
BLACK
6
CONTINUOUS
10
0.952027559055118
20
0.8125428346456692
11
0.9500384251968503
21
0.8121920866141732
0
LINE
8
BLACK
6
CONTINUOUS
10
0.9500384251968503
20
0.8121920866141732
11
0.9482892519685039
21
0.8132020078740158
0
LINE
8
BLACK
6
CONTINUOUS
10
0.9482892519685039
20
0.8132020078740158
11
0.9475984251968503
21
0.8150999999999999
0
LINE
8
BLACK
6
CONTINUOUS
10
0.9475984251968503
20
0.8150999999999999
11
0.9475984251968503
21
0.8298818897637795
0
LINE
8
BLACK
6
CONTINUOUS
10
0.9475984251968503
20
0.8298818897637795
11
0.9338527559055118
21
0.8298818897637795
0
LINE
8
BLACK
6
CONTINUOUS
10
0.9338527559055118
20
0.8298818897637795
11
0.9338527559055118
21
0.8150999999999999
0
LINE
8
BLACK
6
CONTINUOUS
10
0.9338527559055118
20
0.8150999999999999
11
0.93367468503937
21
0.8140900787401575
0
LINE
8
BLACK
6
CONTINUOUS
10
0.93367468503937
20
0.8140900787401575
11
0.9323763779527559
21
0.8125428346456692
0
LINE
8
BLACK
6
CONTINUOUS
10
0.9323763779527559
20
0.8125428346456692
11
0.9303872440944881
21
0.8121920866141732
0
LINE
8
BLACK
6
CONTINUOUS
10
0.9303872440944881
20
0.8121920866141732
11
0.9286380708661417
21
0.8132020078740158
0
LINE
8
BLACK
6
CONTINUOUS
10
0.9286380708661417
20
0.8132020078740158
11
0.9279472440944881
21
0.8150999999999999
0
LINE
8
BLACK
6
CONTINUOUS
10
0.9279472440944881
20
0.8150999999999999
11
0.9279472440944881
21
0.8298818897637795
0
LINE
8
BLACK
6
CONTINUOUS
10
0.9279472440944881
20
0.8298818897637795
11
0.7724015748031496
21
0.8298818897637795
0
LINE
8
BLACK
6
CONTINUOUS
10
0.7724015748031496
20
0.8298818897637795
11
0.7724015748031496
21
0.8150999999999999
0
LINE
8
BLACK
6
CONTINUOUS
10
0.7724015748031496
20
0.8150999999999999
11
0.7722235039370079
21
0.8140900787401575
0
LINE
8
BLACK
6
CONTINUOUS
10
0.7722235039370079
20
0.8140900787401575
11
0.7709251968503937
21
0.8125428346456692
0
LINE
8
BLACK
6
CONTINUOUS
10
0.7709251968503937
20
0.8125428346456692
11
0.7689360629921259
21
0.8121920866141732
0
LINE
8
BLACK
6
CONTINUOUS
10
0.7689360629921259
20
0.8121920866141732
11
0.7671868897637795
21
0.8132020078740158
0
LINE
8
BLACK
6
CONTINUOUS
10
0.7671868897637795
20
0.8132020078740158
11
0.7664960629921259
21
0.8150999999999999
0
LINE
8
BLACK
6
CONTINUOUS
10
0.7664960629921259
20
0.8150999999999999
11
0.7664960629921259
21
0.8328346456692913
0
LINE
8
BLACK
6
CONTINUOUS
10
0.7664960629921259
20
0.8328346456692913
11
0.7665636614173228
21
0.8332181496062991
0
LINE
8
BLACK
6
CONTINUOUS
10
0.7665636614173228
20
0.8332181496062991
11
0.766540905511811
21
0.8333474015748031
0
LINE
8
BLACK
6
CONTINUOUS
10
0.766540905511811
20
0.8333474015748031
11
0.7666064960629921
21
0.8334609842519685
0
LINE
8
BLACK
6
CONTINUOUS
10
0.7666064960629921
20
0.8334609842519685
11
0.7666741338582677
21
0.8338445669291339
0
LINE
8
BLACK
6
CONTINUOUS
10
0.7666741338582677
20
0.8338445669291339
11
0.7671672440944882
21
0.8344322440944881
0
LINE
8
BLACK
6
CONTINUOUS
10
0.7671672440944882
20
0.8344322440944881
11
0.7675508267716535
21
0.8350965748031496
0
LINE
8
BLACK
6
CONTINUOUS
10
0.7675508267716535
20
0.8350965748031496
11
0.7678011417322834
21
0.8351876771653544
0
LINE
8
BLACK
6
CONTINUOUS
10
0.7678011417322834
20
0.8351876771653544
11
0.7679724409448818
21
0.835391811023622
0
LINE
8
BLACK
6
CONTINUOUS
10
0.7679724409448818
20
0.835391811023622
11
0.7687279921259842
21
0.8355250393700787
0
LINE
8
BLACK
6
CONTINUOUS
10
0.7687279921259842
20
0.8355250393700787
11
0.7694488188976378
21
0.8357874015748031
0
LINE
8
BLACK
6
CONTINUOUS
10
0.7694488188976378
20
0.8357874015748031
11
0.9505511811023621
21
0.8357874015748031
0
LINE
8
BLACK
6
CONTINUOUS
10
0.9505511811023621
20
0.8357874015748031
11
0.9509346850393701
21
0.8357197637795275
0
LINE
8
BLACK
6
CONTINUOUS
10
1.2709346850393701
20
0.8357197637795275
11
1.271063937007874
21
0.8357425590551181
0
LINE
8
BLACK
6
CONTINUOUS
10
1.271063937007874
20
0.8357425590551181
11
1.2711775196850394
21
0.8356769291338583
0
LINE
8
BLACK
6
CONTINUOUS
10
1.2711775196850394
20
0.8356769291338583
11
1.2715611023622047
21
0.8356093307086614
0
LINE
8
BLACK
6
CONTINUOUS
10
1.2715611023622047
20
0.8356093307086614
11
1.272148779527559
21
0.8351161811023622
0
LINE
8
BLACK
6
CONTINUOUS
10
1.272148779527559
20
0.8351161811023622
11
1.2728131102362203
21
0.8347326377952756
0
LINE
8
BLACK
6
CONTINUOUS
10
1.2728131102362203
20
0.8347326377952756
11
1.2729042125984251
21
0.8344822834645669
0
LINE
8
BLACK
6
CONTINUOUS
10
1.2729042125984251
20
0.8344822834645669
11
1.2731083464566928
21
0.8343110236220472
0
LINE
8
BLACK
6
CONTINUOUS
10
1.2731083464566928
20
0.8343110236220472
11
1.2732415748031496
21
0.8335554330708661
0
LINE
8
BLACK
6
CONTINUOUS
10
1.2732415748031496
20
0.8335554330708661
11
1.273503937007874
21
0.8328346456692913
0
LINE
8
BLACK
6
CONTINUOUS
10
1.273503937007874
20
0.8328346456692913
11
1.273503937007874
21
0.8150999999999999
0
LINE
8
BLACK
6
CONTINUOUS
10
1.273503937007874
20
0.8150999999999999
11
1.2733258661417322
21
0.8140900787401575
0
LINE
8
BLACK
6
CONTINUOUS
10
1.2733258661417322
20
0.8140900787401575
11
1.272027559055118
21
0.8125428346456692
0
LINE
8
BLACK
6
CONTINUOUS
10
1.272027559055118
20
0.8125428346456692
11
1.2700384251968504
21
0.8121920866141732
0
LINE
8
BLACK
6
CONTINUOUS
10
1.2700384251968504
20
0.8121920866141732
11
1.2682892519685038
21
0.8132020078740158
0
LINE
8
BLACK
6
CONTINUOUS
10
1.2682892519685038
20
0.8132020078740158
11
1.2675984251968504
21
0.8150999999999999
0
LINE
8
BLACK
6
CONTINUOUS
10
1.2675984251968504
20
0.8150999999999999
11
1.2675984251968504
21
0.8298818897637795
0
LINE
8
BLACK
6
CONTINUOUS
10
1.2675984251968504
20
0.8298818897637795
11
1.2538527559055117
21
0.8298818897637795
0
LINE
8
BLACK
6
CONTINUOUS
10
1.2538527559055117
20
0.8298818897637795
11
1.2538527559055117
21
0.8150999999999999
0
LINE
8
BLACK
6
CONTINUOUS
10
1.2538527559055117
20
0.8150999999999999
11
1.2536746850393701
21
0.8140900787401575
0
LINE
8
BLACK
6
CONTINUOUS
10
1.2536746850393701
20
0.8140900787401575
11
1.2523763779527559
21
0.8125428346456692
0
LINE
8
BLACK
6
CONTINUOUS
10
1.2523763779527559
20
0.8125428346456692
11
1.2503872440944881
21
0.8121920866141732
0
LINE
8
BLACK
6
CONTINUOUS
10
1.2503872440944881
20
0.8121920866141732
11
1.2486380708661418
21
0.8132020078740158
0
LINE
8
BLACK
6
CONTINUOUS
10
1.2486380708661418
20
0.8132020078740158
11
1.2479472440944881
21
0.8150999999999999
0
LINE
8
BLACK
6
CONTINUOUS
10
1.2479472440944881
20
0.8150999999999999
11
1.2479472440944881
21
0.8298818897637795
0
LINE
8
BLACK
6
CONTINUOUS
10
1.2479472440944881
20
0.8298818897637795
11
1.0924015748031495
21
0.8298818897637795
0
LINE
8
BLACK
6
CONTINUOUS
10
1.0924015748031495
20
0.8298818897637795
11
1.0924015748031495
21
0.8150999999999999
0
LINE
8
BLACK
6
CONTINUOUS
10
1.0924015748031495
20
0.8150999999999999
11
1.0922235039370078
21
0.8140900787401575
0
LINE
8
BLACK
6
CONTINUOUS
10
1.0922235039370078
20
0.8140900787401575
11
1.0909251968503937
21
0.8125428346456692
0
LINE
8
BLACK
6
CONTINUOUS
10
1.0909251968503937
20
0.8125428346456692
11
1.0889360629921259
21
0.8121920866141732
0
LINE
8
BLACK
6
CONTINUOUS
10
1.0889360629921259
20
0.8121920866141732
11
1.0871868897637795
21
0.8132020078740158
0
LINE
8
BLACK
6
CONTINUOUS
10
1.0871868897637795
20
0.8132020078740158
11
1.0864960629921259
21
0.8150999999999999
0
LINE
8
BLACK
6
CONTINUOUS
10
1.0864960629921259
20
0.8150999999999999
11
1.0864960629921259
21
0.8328346456692913
0
LINE
8
BLACK
6
CONTINUOUS
10
1.0864960629921259
20
0.8328346456692913
11
1.0865636614173229
21
0.8332181496062991
0
LINE
8
BLACK
6
CONTINUOUS
10
1.0865636614173229
20
0.8332181496062991
11
1.0865409055118109
21
0.8333474015748031
0
LINE
8
BLACK
6
CONTINUOUS
10
1.0865409055118109
20
0.8333474015748031
11
1.0866064960629922
21
0.8334609842519685
0
LINE
8
BLACK
6
CONTINUOUS
10
1.0866064960629922
20
0.8334609842519685
11
1.0866741338582677
21
0.8338445669291339
0
LINE
8
BLACK
6
CONTINUOUS
10
1.0866741338582677
20
0.8338445669291339
11
1.0871672440944882
21
0.8344322440944881
0
LINE
8
BLACK
6
CONTINUOUS
10
1.0871672440944882
20
0.8344322440944881
11
1.0875508267716536
21
0.8350965748031496
0
LINE
8
BLACK
6
CONTINUOUS
10
1.0875508267716536
20
0.8350965748031496
11
1.0878011417322835
21
0.8351876771653544
0
LINE
8
BLACK
6
CONTINUOUS
10
1.0878011417322835
20
0.8351876771653544
11
1.0879724409448819
21
0.835391811023622
0
LINE
8
BLACK
6
CONTINUOUS
10
1.0879724409448819
20
0.835391811023622
11
1.0887279921259843
21
0.8355250393700787
0
LINE
8
BLACK
6
CONTINUOUS
10
1.0887279921259843
20
0.8355250393700787
11
1.0894488188976377
21
0.8357874015748031
0
LINE
8
BLACK
6
CONTINUOUS
10
1.0894488188976377
20
0.8357874015748031
11
1.2705511811023622
21
0.8357874015748031
0
LINE
8
BLACK
6
CONTINUOUS
10
1.2705511811023622
20
0.8357874015748031
11
1.2709346850393701
21
0.8357197637795275
0
LINE
8
BLACK
6
CONTINUOUS
10
0.0908266929133858
20
0.8355436614173228
11
0.0909720472440945
21
0.8355333464566929
0
LINE
8
BLACK
6
CONTINUOUS
10
0.0909720472440945
20
0.8355333464566929
11
0.0913770078740157
21
0.8350663779527558
0
LINE
8
BLACK
6
CONTINUOUS
10
0.0913770078740157
20
0.8350663779527558
11
0.091844094488189
21
0.8346612992125984
0
LINE
8
BLACK
6
CONTINUOUS
10
0.091844094488189
20
0.8346612992125984
11
0.0918544094488189
21
0.834515905511811
0
LINE
8
BLACK
6
CONTINUOUS
10
0.0918544094488189
20
0.834515905511811
11
0.0919498818897638
21
0.8344058661417323
0
LINE
8
BLACK
6
CONTINUOUS
10
0.0919498818897638
20
0.8344058661417323
11
0.0985165354330709
21
0.8147058267716535
0
LINE
8
BLACK
6
CONTINUOUS
10
0.0985165354330709
20
0.8147058267716535
11
0.0984107480314961
21
0.813217125984252
0
LINE
8
BLACK
6
CONTINUOUS
10
0.0984107480314961
20
0.813217125984252
11
0.0972832677165354
21
0.8122392519685039
0
LINE
8
BLACK
6
CONTINUOUS
10
0.0972832677165354
20
0.8122392519685039
11
0.0957945669291339
21
0.8123450787401575
0
LINE
8
BLACK
6
CONTINUOUS
10
0.0957945669291339
20
0.8123450787401575
11
0.0948166929133858
21
0.8134725590551181
0
LINE
8
BLACK
6
CONTINUOUS
10
0.0948166929133858
20
0.8134725590551181
11
0.0933849606299213
21
0.8177677952755905
0
LINE
8
BLACK
6
CONTINUOUS
10
0.0933849606299213
20
0.8177677952755905
11
0.0868149606299213
21
0.8177677952755905
0
LINE
8
BLACK
6
CONTINUOUS
10
0.0868149606299213
20
0.8177677952755905
11
0.0853832283464567
21
0.8134725590551181
0
LINE
8
BLACK
6
CONTINUOUS
10
0.0853832283464567
20
0.8134725590551181
11
0.0844053937007874
21
0.8123450787401575
0
LINE
8
BLACK
6
CONTINUOUS
10
0.0844053937007874
20
0.8123450787401575
11
0.0829166535433071
21
0.8122392913385826
0
LINE
8
BLACK
6
CONTINUOUS
10
0.0829166535433071
20
0.8122392913385826
11
0.0817891732283465
21
0.813217125984252
0
LINE
8
BLACK
6
CONTINUOUS
10
0.0817891732283465
20
0.813217125984252
11
0.0816833858267716
21
0.8147058661417322
0
LINE
8
BLACK
6
CONTINUOUS
10
0.0816833858267716
20
0.8147058661417322
11
0.0882500393700787
21
0.8344058661417323
0
LINE
8
BLACK
6
CONTINUOUS
10
0.0882500393700787
20
0.8344058661417323
11
0.0883454724409449
21
0.834515905511811
0
LINE
8
BLACK
6
CONTINUOUS
10
0.0883454724409449
20
0.834515905511811
11
0.0883558267716535
21
0.8346612992125984
0
LINE
8
BLACK
6
CONTINUOUS
10
0.0883558267716535
20
0.8346612992125984
11
0.0888229133858268
21
0.8350663779527558
0
LINE
8
BLACK
6
CONTINUOUS
10
0.0888229133858268
20
0.8350663779527558
11
0.0892279133858268
21
0.8355333464566929
0
LINE
8
BLACK
6
CONTINUOUS
10
0.0892279133858268
20
0.8355333464566929
11
0.0893732283464567
21
0.8355436614173228
0
LINE
8
BLACK
6
CONTINUOUS
10
0.0893732283464567
20
0.8355436614173228
11
0.0894833070866142
21
0.8356391338582677
0
LINE
8
BLACK
6
CONTINUOUS
10
0.0894833070866142
20
0.8356391338582677
11
0.0900998031496063
21
0.8355953149606299
0
LINE
8
BLACK
6
CONTINUOUS
10
0.0900998031496063
20
0.8355953149606299
11
0.0907166141732283
21
0.8356391732283465
0
LINE
8
BLACK
6
CONTINUOUS
10
0.0907166141732283
20
0.8356391732283465
11
0.0908266929133858
21
0.8355436614173228
0
LINE
8
BLACK
6
CONTINUOUS
10
0.0881149606299213
20
0.8216677952755905
11
0.0920849606299213
21
0.8216677952755905
0
LINE
8
BLACK
6
CONTINUOUS
10
0.0920849606299213
20
0.8216677952755905
11
0.0900999212598425
21
0.8276227952755906
0
LINE
8
BLACK
6
CONTINUOUS
10
0.0900999212598425
20
0.8276227952755906
11
0.0881149606299213
21
0.8216677952755905
0
LINE
8
BLACK
6
CONTINUOUS
10
0.4108266929133858
20
0.8355436614173228
11
0.4109720472440945
21
0.8355333464566929
0
LINE
8
BLACK
6
CONTINUOUS
10
0.4109720472440945
20
0.8355333464566929
11
0.4113770078740158
21
0.8350663779527558
0
LINE
8
BLACK
6
CONTINUOUS
10
0.4113770078740158
20
0.8350663779527558
11
0.411844094488189
21
0.8346612992125984
0
LINE
8
BLACK
6
CONTINUOUS
10
0.411844094488189
20
0.8346612992125984
11
0.4118544094488189
21
0.834515905511811
0
LINE
8
BLACK
6
CONTINUOUS
10
0.4118544094488189
20
0.834515905511811
11
0.4119498818897638
21
0.8344058661417323
0
LINE
8
BLACK
6
CONTINUOUS
10
0.4119498818897638
20
0.8344058661417323
11
0.4185165354330709
21
0.8147058267716535
0
LINE
8
BLACK
6
CONTINUOUS
10
0.4185165354330709
20
0.8147058267716535
11
0.418410748031496
21
0.813217125984252
0
LINE
8
BLACK
6
CONTINUOUS
10
0.418410748031496
20
0.813217125984252
11
0.4172832677165354
21
0.8122392519685039
0
LINE
8
BLACK
6
CONTINUOUS
10
0.4172832677165354
20
0.8122392519685039
11
0.4157945669291339
21
0.8123450787401575
0
LINE
8
BLACK
6
CONTINUOUS
10
0.4157945669291339
20
0.8123450787401575
11
0.4148166929133858
21
0.8134725590551181
0
LINE
8
BLACK
6
CONTINUOUS
10
0.4148166929133858
20
0.8134725590551181
11
0.4133849606299212
21
0.8177677952755905
0
LINE
8
BLACK
6
CONTINUOUS
10
0.4133849606299212
20
0.8177677952755905
11
0.4068149606299212
21
0.8177677952755905
0
LINE
8
BLACK
6
CONTINUOUS
10
0.4068149606299212
20
0.8177677952755905
11
0.4053832283464567
21
0.8134725590551181
0
LINE
8
BLACK
6
CONTINUOUS
10
0.4053832283464567
20
0.8134725590551181
11
0.4044053937007874
21
0.8123450787401575
0
LINE
8
BLACK
6
CONTINUOUS
10
0.4044053937007874
20
0.8123450787401575
11
0.4029166535433071
21
0.8122392913385826
0
LINE
8
BLACK
6
CONTINUOUS
10
0.4029166535433071
20
0.8122392913385826
11
0.4017891732283465
21
0.813217125984252
0
LINE
8
BLACK
6
CONTINUOUS
10
0.4017891732283465
20
0.813217125984252
11
0.4016833858267717
21
0.8147058661417322
0
LINE
8
BLACK
6
CONTINUOUS
10
0.4016833858267717
20
0.8147058661417322
11
0.4082500393700788
21
0.8344058661417323
0
LINE
8
BLACK
6
CONTINUOUS
10
0.4082500393700788
20
0.8344058661417323
11
0.4083454724409449
21
0.834515905511811
0
LINE
8
BLACK
6
CONTINUOUS
10
0.4083454724409449
20
0.834515905511811
11
0.4083558267716536
21
0.8346612992125984
0
LINE
8
BLACK
6
CONTINUOUS
10
0.4083558267716536
20
0.8346612992125984
11
0.4088229133858268
21
0.8350663779527558
0
LINE
8
BLACK
6
CONTINUOUS
10
0.4088229133858268
20
0.8350663779527558
11
0.4092279133858268
21
0.8355333464566929
0
LINE
8
BLACK
6
CONTINUOUS
10
0.4092279133858268
20
0.8355333464566929
11
0.4093732283464567
21
0.8355436614173228
0
LINE
8
BLACK
6
CONTINUOUS
10
0.4093732283464567
20
0.8355436614173228
11
0.4094833070866142
21
0.8356391338582677
0
LINE
8
BLACK
6
CONTINUOUS
10
0.4094833070866142
20
0.8356391338582677
11
0.4100998031496063
21
0.8355953149606299
0
LINE
8
BLACK
6
CONTINUOUS
10
0.4100998031496063
20
0.8355953149606299
11
0.4107166141732284
21
0.8356391732283465
0
LINE
8
BLACK
6
CONTINUOUS
10
0.4107166141732284
20
0.8356391732283465
11
0.4108266929133858
21
0.8355436614173228
0
LINE
8
BLACK
6
CONTINUOUS
10
0.4081149606299213
20
0.8216677952755905
11
0.4120849606299212
21
0.8216677952755905
0
LINE
8
BLACK
6
CONTINUOUS
10
0.4120849606299212
20
0.8216677952755905
11
0.4100999212598425
21
0.8276227952755906
0
LINE
8
BLACK
6
CONTINUOUS
10
0.4100999212598425
20
0.8276227952755906
11
0.4081149606299213
21
0.8216677952755905
0
LINE
8
BLACK
6
CONTINUOUS
10
0.7308266929133858
20
0.8355436614173228
11
0.7309720472440945
21
0.8355333464566929
0
LINE
8
BLACK
6
CONTINUOUS
10
0.7309720472440945
20
0.8355333464566929
11
0.7313770078740157
21
0.8350663779527558
0
LINE
8
BLACK
6
CONTINUOUS
10
0.7313770078740157
20
0.8350663779527558
11
0.731844094488189
21
0.8346612992125984
0
LINE
8
BLACK
6
CONTINUOUS
10
0.731844094488189
20
0.8346612992125984
11
0.7318544094488189
21
0.834515905511811
0
LINE
8
BLACK
6
CONTINUOUS
10
0.7318544094488189
20
0.834515905511811
11
0.7319498818897637
21
0.8344058661417323
0
LINE
8
BLACK
6
CONTINUOUS
10
0.7319498818897637
20
0.8344058661417323
11
0.7385165354330708
21
0.8147058267716535
0
LINE
8
BLACK
6
CONTINUOUS
10
0.7385165354330708
20
0.8147058267716535
11
0.7384107480314961
21
0.813217125984252
0
LINE
8
BLACK
6
CONTINUOUS
10
0.7384107480314961
20
0.813217125984252
11
0.7372832677165354
21
0.8122392519685039
0
LINE
8
BLACK
6
CONTINUOUS
10
0.7372832677165354
20
0.8122392519685039
11
0.7357945669291338
21
0.8123450787401575
0
LINE
8
BLACK
6
CONTINUOUS
10
0.7357945669291338
20
0.8123450787401575
11
0.7348166929133858
21
0.8134725590551181
0
LINE
8
BLACK
6
CONTINUOUS
10
0.7348166929133858
20
0.8134725590551181
11
0.7333849606299212
21
0.8177677952755905
0
LINE
8
BLACK
6
CONTINUOUS
10
0.7333849606299212
20
0.8177677952755905
11
0.7268149606299212
21
0.8177677952755905
0
LINE
8
BLACK
6
CONTINUOUS
10
0.7268149606299212
20
0.8177677952755905
11
0.7253832283464566
21
0.8134725590551181
0
LINE
8
BLACK
6
CONTINUOUS
10
0.7253832283464566
20
0.8134725590551181
11
0.7244053937007874
21
0.8123450787401575
0
LINE
8
BLACK
6
CONTINUOUS
10
0.7244053937007874
20
0.8123450787401575
11
0.722916653543307
21
0.8122392913385826
0
LINE
8
BLACK
6
CONTINUOUS
10
0.722916653543307
20
0.8122392913385826
11
0.7217891732283465
21
0.813217125984252
0
LINE
8
BLACK
6
CONTINUOUS
10
0.7217891732283465
20
0.813217125984252
11
0.7216833858267716
21
0.8147058661417322
0
LINE
8
BLACK
6
CONTINUOUS
10
0.7216833858267716
20
0.8147058661417322
11
0.7282500393700787
21
0.8344058661417323
0
LINE
8
BLACK
6
CONTINUOUS
10
0.7282500393700787
20
0.8344058661417323
11
0.7283454724409448
21
0.834515905511811
0
LINE
8
BLACK
6
CONTINUOUS
10
0.7283454724409448
20
0.834515905511811
11
0.7283558267716536
21
0.8346612992125984
0
LINE
8
BLACK
6
CONTINUOUS
10
0.7283558267716536
20
0.8346612992125984
11
0.7288229133858267
21
0.8350663779527558
0
LINE
8
BLACK
6
CONTINUOUS
10
0.7288229133858267
20
0.8350663779527558
11
0.7292279133858267
21
0.8355333464566929
0
LINE
8
BLACK
6
CONTINUOUS
10
0.7292279133858267
20
0.8355333464566929
11
0.7293732283464567
21
0.8355436614173228
0
LINE
8
BLACK
6
CONTINUOUS
10
0.7293732283464567
20
0.8355436614173228
11
0.7294833070866141
21
0.8356391338582677
0
LINE
8
BLACK
6
CONTINUOUS
10
0.7294833070866141
20
0.8356391338582677
11
0.7300998031496063
21
0.8355953149606299
0
LINE
8
BLACK
6
CONTINUOUS
10
0.7300998031496063
20
0.8355953149606299
11
0.7307166141732283
21
0.8356391732283465
0
LINE
8
BLACK
6
CONTINUOUS
10
0.7307166141732283
20
0.8356391732283465
11
0.7308266929133858
21
0.8355436614173228
0
LINE
8
BLACK
6
CONTINUOUS
10
0.7281149606299212
20
0.8216677952755905
11
0.7320849606299212
21
0.8216677952755905
0
LINE
8
BLACK
6
CONTINUOUS
10
0.7320849606299212
20
0.8216677952755905
11
0.7300999212598425
21
0.8276227952755906
0
LINE
8
BLACK
6
CONTINUOUS
10
0.7300999212598425
20
0.8276227952755906
11
0.7281149606299212
21
0.8216677952755905
0
LINE
8
BLACK
6
CONTINUOUS
10
1.0508266929133858
20
0.8355436614173228
11
1.0509720472440944
21
0.8355333464566929
0
LINE
8
BLACK
6
CONTINUOUS
10
1.0509720472440944
20
0.8355333464566929
11
1.0513770078740157
21
0.8350663779527558
0
LINE
8
BLACK
6
CONTINUOUS
10
1.0513770078740157
20
0.8350663779527558
11
1.0518440944881891
21
0.8346612992125984
0
LINE
8
BLACK
6
CONTINUOUS
10
1.0518440944881891
20
0.8346612992125984
11
1.0518544094488189
21
0.834515905511811
0
LINE
8
BLACK
6
CONTINUOUS
10
1.0518544094488189
20
0.834515905511811
11
1.0519498818897637
21
0.8344058661417323
0
LINE
8
BLACK
6
CONTINUOUS
10
1.0519498818897637
20
0.8344058661417323
11
1.0585165354330708
21
0.8147058267716535
0
LINE
8
BLACK
6
CONTINUOUS
10
1.0585165354330708
20
0.8147058267716535
11
1.0584107480314959
21
0.813217125984252
0
LINE
8
BLACK
6
CONTINUOUS
10
1.0584107480314959
20
0.813217125984252
11
1.0572832677165354
21
0.8122392519685039
0
LINE
8
BLACK
6
CONTINUOUS
10
1.0572832677165354
20
0.8122392519685039
11
1.0557945669291338
21
0.8123450787401575
0
LINE
8
BLACK
6
CONTINUOUS
10
1.0557945669291338
20
0.8123450787401575
11
1.0548166929133858
21
0.8134725590551181
0
LINE
8
BLACK
6
CONTINUOUS
10
1.0548166929133858
20
0.8134725590551181
11
1.0533849606299213
21
0.8177677952755905
0
LINE
8
BLACK
6
CONTINUOUS
10
1.0533849606299213
20
0.8177677952755905
11
1.0468149606299213
21
0.8177677952755905
0
LINE
8
BLACK
6
CONTINUOUS
10
1.0468149606299213
20
0.8177677952755905
11
1.0453832283464566
21
0.8134725590551181
0
LINE
8
BLACK
6
CONTINUOUS
10
1.0453832283464566
20
0.8134725590551181
11
1.0444053937007873
21
0.8123450787401575
0
LINE
8
BLACK
6
CONTINUOUS
10
1.0444053937007873
20
0.8123450787401575
11
1.042916653543307
21
0.8122392913385826
0
LINE
8
BLACK
6
CONTINUOUS
10
1.042916653543307
20
0.8122392913385826
11
1.0417891732283464
21
0.813217125984252
0
LINE
8
BLACK
6
CONTINUOUS
10
1.0417891732283464
20
0.813217125984252
11
1.0416833858267716
21
0.8147058661417322
0
LINE
8
BLACK
6
CONTINUOUS
10
1.0416833858267716
20
0.8147058661417322
11
1.0482500393700787
21
0.8344058661417323
0
LINE
8
BLACK
6
CONTINUOUS
10
1.0482500393700787
20
0.8344058661417323
11
1.0483454724409449
21
0.834515905511811
0
LINE
8
BLACK
6
CONTINUOUS
10
1.0483454724409449
20
0.834515905511811
11
1.0483558267716535
21
0.8346612992125984
0
LINE
8
BLACK
6
CONTINUOUS
10
1.0483558267716535
20
0.8346612992125984
11
1.0488229133858267
21
0.8350663779527558
0
LINE
8
BLACK
6
CONTINUOUS
10
1.0488229133858267
20
0.8350663779527558
11
1.0492279133858267
21
0.8355333464566929
0
LINE
8
BLACK
6
CONTINUOUS
10
1.0492279133858267
20
0.8355333464566929
11
1.0493732283464567
21
0.8355436614173228
0
LINE
8
BLACK
6
CONTINUOUS
10
1.0493732283464567
20
0.8355436614173228
11
1.0494833070866141
21
0.8356391338582677
0
LINE
8
BLACK
6
CONTINUOUS
10
1.0494833070866141
20
0.8356391338582677
11
1.0500998031496063
21
0.8355953149606299
0
LINE
8
BLACK
6
CONTINUOUS
10
1.0500998031496063
20
0.8355953149606299
11
1.0507166141732283
21
0.8356391732283465
0
LINE
8
BLACK
6
CONTINUOUS
10
1.0507166141732283
20
0.8356391732283465
11
1.0508266929133858
21
0.8355436614173228
0
LINE
8
BLACK
6
CONTINUOUS
10
1.0481149606299212
20
0.8216677952755905
11
1.0520849606299212
21
0.8216677952755905
0
LINE
8
BLACK
6
CONTINUOUS
10
1.0520849606299212
20
0.8216677952755905
11
1.0500999212598425
21
0.8276227952755906
0
LINE
8
BLACK
6
CONTINUOUS
10
1.0500999212598425
20
0.8276227952755906
11
1.0481149606299212
21
0.8216677952755905
0
LINE
8
BLACK
6
CONTINUOUS
10
0.3446383464566929
20
0.8390680708661418
11
0.3452094881889763
21
0.8376892125984252
0
LINE
8
BLACK
6
CONTINUOUS
10
0.3452094881889763
20
0.8376892125984252
11
0.3452094881889763
21
0.8179892125984252
0
LINE
8
BLACK
6
CONTINUOUS
10
0.3452094881889763
20
0.8179892125984252
11
0.3446383464566929
21
0.8166103543307086
0
LINE
8
BLACK
6
CONTINUOUS
10
0.3446383464566929
20
0.8166103543307086
11
0.3432594881889764
21
0.8160392125984252
0
LINE
8
BLACK
6
CONTINUOUS
10
0.3432594881889764
20
0.8160392125984252
11
0.3418806299212598
21
0.8166103543307086
0
LINE
8
BLACK
6
CONTINUOUS
10
0.3418806299212598
20
0.8166103543307086
11
0.3413094881889764
21
0.8179892125984252
0
LINE
8
BLACK
6
CONTINUOUS
10
0.3413094881889764
20
0.8179892125984252
11
0.3413094881889764
21
0.8256243307086614
0
LINE
8
BLACK
6
CONTINUOUS
10
0.3413094881889764
20
0.8256243307086614
11
0.3406561811023622
21
0.8262775984251969
0
LINE
8
BLACK
6
CONTINUOUS
10
0.3406561811023622
20
0.8262775984251969
11
0.3335623622047244
21
0.8168192125984252
0
LINE
8
BLACK
6
CONTINUOUS
10
0.3335623622047244
20
0.8168192125984252
11
0.3322781496062992
21
0.8160588188976378
0
LINE
8
BLACK
6
CONTINUOUS
10
0.3322781496062992
20
0.8160588188976378
11
0.3308323622047244
21
0.8164292125984252
0
LINE
8
BLACK
6
CONTINUOUS
10
0.3308323622047244
20
0.8164292125984252
11
0.330071968503937
21
0.8177134251968504
0
LINE
8
BLACK
6
CONTINUOUS
10
0.330071968503937
20
0.8177134251968504
11
0.3304423622047244
21
0.8191592125984252
0
LINE
8
BLACK
6
CONTINUOUS
10
0.3304423622047244
20
0.8191592125984252
11
0.3378704724409449
21
0.8290633070866141
0
LINE
8
BLACK
6
CONTINUOUS
10
0.3378704724409449
20
0.8290633070866141
11
0.3306235039370078
21
0.8363103543307087
0
LINE
8
BLACK
6
CONTINUOUS
10
0.3306235039370078
20
0.8363103543307087
11
0.3300523622047244
21
0.8376892125984252
0
LINE
8
BLACK
6
CONTINUOUS
10
0.3300523622047244
20
0.8376892125984252
11
0.3306235039370078
21
0.8390680708661418
0
LINE
8
BLACK
6
CONTINUOUS
10
0.3306235039370078
20
0.8390680708661418
11
0.3320023622047244
21
0.8396392125984252
0
LINE
8
BLACK
6
CONTINUOUS
10
0.3320023622047244
20
0.8396392125984252
11
0.333381220472441
21
0.8390680708661418
0
LINE
8
BLACK
6
CONTINUOUS
10
0.333381220472441
20
0.8390680708661418
11
0.3413094881889764
21
0.8311397637795276
0
LINE
8
BLACK
6
CONTINUOUS
10
0.3413094881889764
20
0.8311397637795276
11
0.3413094881889764
21
0.8376892125984252
0
LINE
8
BLACK
6
CONTINUOUS
10
0.3413094881889764
20
0.8376892125984252
11
0.3418806299212598
21
0.8390680708661418
0
LINE
8
BLACK
6
CONTINUOUS
10
0.3418806299212598
20
0.8390680708661418
11
0.3432594881889764
21
0.8396392125984252
0
LINE
8
BLACK
6
CONTINUOUS
10
0.3432594881889764
20
0.8396392125984252
11
0.3446383464566929
21
0.8390680708661418
0
LINE
8
BLACK
6
CONTINUOUS
10
0.664638346456693
20
0.8390680708661418
11
0.6652094881889764
21
0.8376892125984252
0
LINE
8
BLACK
6
CONTINUOUS
10
0.6652094881889764
20
0.8376892125984252
11
0.6652094881889764
21
0.8179892125984252
0
LINE
8
BLACK
6
CONTINUOUS
10
0.6652094881889764
20
0.8179892125984252
11
0.664638346456693
21
0.8166103543307086
0
LINE
8
BLACK
6
CONTINUOUS
10
0.664638346456693
20
0.8166103543307086
11
0.6632594881889764
21
0.8160392125984252
0
LINE
8
BLACK
6
CONTINUOUS
10
0.6632594881889764
20
0.8160392125984252
11
0.6618806299212598
21
0.8166103543307086
0
LINE
8
BLACK
6
CONTINUOUS
10
0.6618806299212598
20
0.8166103543307086
11
0.6613094881889764
21
0.8179892125984252
0
LINE
8
BLACK
6
CONTINUOUS
10
0.6613094881889764
20
0.8179892125984252
11
0.6613094881889764
21
0.8256243307086614
0
LINE
8
BLACK
6
CONTINUOUS
10
0.6613094881889764
20
0.8256243307086614
11
0.6606561811023622
21
0.8262775984251969
0
LINE
8
BLACK
6
CONTINUOUS
10
0.6606561811023622
20
0.8262775984251969
11
0.6535623622047244
21
0.8168192125984252
0
LINE
8
BLACK
6
CONTINUOUS
10
0.6535623622047244
20
0.8168192125984252
11
0.6522781496062992
21
0.8160588188976378
0
LINE
8
BLACK
6
CONTINUOUS
10
0.6522781496062992
20
0.8160588188976378
11
0.6508323622047244
21
0.8164292125984252
0
LINE
8
BLACK
6
CONTINUOUS
10
0.6508323622047244
20
0.8164292125984252
11
0.650071968503937
21
0.8177134251968504
0
LINE
8
BLACK
6
CONTINUOUS
10
0.650071968503937
20
0.8177134251968504
11
0.6504423622047244
21
0.8191592125984252
0
LINE
8
BLACK
6
CONTINUOUS
10
0.6504423622047244
20
0.8191592125984252
11
0.6578704724409449
21
0.8290633070866141
0
LINE
8
BLACK
6
CONTINUOUS
10
0.6578704724409449
20
0.8290633070866141
11
0.6506235039370079
21
0.8363103543307087
0
LINE
8
BLACK
6
CONTINUOUS
10
0.6506235039370079
20
0.8363103543307087
11
0.6500523622047244
21
0.8376892125984252
0
LINE
8
BLACK
6
CONTINUOUS
10
0.6500523622047244
20
0.8376892125984252
11
0.6506235039370079
21
0.8390680708661418
0
LINE
8
BLACK
6
CONTINUOUS
10
0.6506235039370079
20
0.8390680708661418
11
0.6520023622047244
21
0.8396392125984252
0
LINE
8
BLACK
6
CONTINUOUS
10
0.6520023622047244
20
0.8396392125984252
11
0.653381220472441
21
0.8390680708661418
0
LINE
8
BLACK
6
CONTINUOUS
10
0.653381220472441
20
0.8390680708661418
11
0.6613094881889764
21
0.8311397637795276
0
LINE
8
BLACK
6
CONTINUOUS
10
0.6613094881889764
20
0.8311397637795276
11
0.6613094881889764
21
0.8376892125984252
0
LINE
8
BLACK
6
CONTINUOUS
10
0.6613094881889764
20
0.8376892125984252
11
0.6618806299212598
21
0.8390680708661418
0
LINE
8
BLACK
6
CONTINUOUS
10
0.6618806299212598
20
0.8390680708661418
11
0.6632594881889764
21
0.8396392125984252
0
LINE
8
BLACK
6
CONTINUOUS
10
0.6632594881889764
20
0.8396392125984252
11
0.664638346456693
21
0.8390680708661418
0
LINE
8
BLACK
6
CONTINUOUS
10
0.9846383464566929
20
0.8390680708661418
11
0.9852094881889764
21
0.8376892125984252
0
LINE
8
BLACK
6
CONTINUOUS
10
0.9852094881889764
20
0.8376892125984252
11
0.9852094881889764
21
0.8179892125984252
0
LINE
8
BLACK
6
CONTINUOUS
10
0.9852094881889764
20
0.8179892125984252
11
0.9846383464566929
21
0.8166103543307086
0
LINE
8
BLACK
6
CONTINUOUS
10
0.9846383464566929
20
0.8166103543307086
11
0.9832594881889763
21
0.8160392125984252
0
LINE
8
BLACK
6
CONTINUOUS
10
0.9832594881889763
20
0.8160392125984252
11
0.9818806299212598
21
0.8166103543307086
0
LINE
8
BLACK
6
CONTINUOUS
10
0.9818806299212598
20
0.8166103543307086
11
0.9813094881889763
21
0.8179892125984252
0
LINE
8
BLACK
6
CONTINUOUS
10
0.9813094881889763
20
0.8179892125984252
11
0.9813094881889763
21
0.8256243307086614
0
LINE
8
BLACK
6
CONTINUOUS
10
0.9813094881889763
20
0.8256243307086614
11
0.9806561811023622
21
0.8262775984251969
0
LINE
8
BLACK
6
CONTINUOUS
10
0.9806561811023622
20
0.8262775984251969
11
0.9735623622047244
21
0.8168192125984252
0
LINE
8
BLACK
6
CONTINUOUS
10
0.9735623622047244
20
0.8168192125984252
11
0.9722781496062992
21
0.8160588188976378
0
LINE
8
BLACK
6
CONTINUOUS
10
0.9722781496062992
20
0.8160588188976378
11
0.9708323622047244
21
0.8164292125984252
0
LINE
8
BLACK
6
CONTINUOUS
10
0.9708323622047244
20
0.8164292125984252
11
0.970071968503937
21
0.8177134251968504
0
LINE
8
BLACK
6
CONTINUOUS
10
0.970071968503937
20
0.8177134251968504
11
0.9704423622047244
21
0.8191592125984252
0
LINE
8
BLACK
6
CONTINUOUS
10
0.9704423622047244
20
0.8191592125984252
11
0.9778704724409448
21
0.8290633070866141
0
LINE
8
BLACK
6
CONTINUOUS
10
0.9778704724409448
20
0.8290633070866141
11
0.9706235039370078
21
0.8363103543307087
0
LINE
8
BLACK
6
CONTINUOUS
10
0.9706235039370078
20
0.8363103543307087
11
0.9700523622047243
21
0.8376892125984252
0
LINE
8
BLACK
6
CONTINUOUS
10
0.9700523622047243
20
0.8376892125984252
11
0.9706235039370078
21
0.8390680708661418
0
LINE
8
BLACK
6
CONTINUOUS
10
0.9706235039370078
20
0.8390680708661418
11
0.9720023622047244
21
0.8396392125984252
0
LINE
8
BLACK
6
CONTINUOUS
10
0.9720023622047244
20
0.8396392125984252
11
0.9733812204724409
21
0.8390680708661418
0
LINE
8
BLACK
6
CONTINUOUS
10
0.9733812204724409
20
0.8390680708661418
11
0.9813094881889763
21
0.8311397637795276
0
LINE
8
BLACK
6
CONTINUOUS
10
0.9813094881889763
20
0.8311397637795276
11
0.9813094881889763
21
0.8376892125984252
0
LINE
8
BLACK
6
CONTINUOUS
10
0.9813094881889763
20
0.8376892125984252
11
0.9818806299212598
21
0.8390680708661418
0
LINE
8
BLACK
6
CONTINUOUS
10
0.9818806299212598
20
0.8390680708661418
11
0.9832594881889763
21
0.8396392125984252
0
LINE
8
BLACK
6
CONTINUOUS
10
0.9832594881889763
20
0.8396392125984252
11
0.9846383464566929
21
0.8390680708661418
0
LINE
8
BLACK
6
CONTINUOUS
10
1.3046383464566929
20
0.8390680708661418
11
1.3052094881889764
21
0.8376892125984252
0
LINE
8
BLACK
6
CONTINUOUS
10
1.3052094881889764
20
0.8376892125984252
11
1.3052094881889764
21
0.8179892125984252
0
LINE
8
BLACK
6
CONTINUOUS
10
1.3052094881889764
20
0.8179892125984252
11
1.3046383464566929
21
0.8166103543307086
0
LINE
8
BLACK
6
CONTINUOUS
10
1.3046383464566929
20
0.8166103543307086
11
1.3032594881889763
21
0.8160392125984252
0
LINE
8
BLACK
6
CONTINUOUS
10
1.3032594881889763
20
0.8160392125984252
11
1.3018806299212597
21
0.8166103543307086
0
LINE
8
BLACK
6
CONTINUOUS
10
1.3018806299212597
20
0.8166103543307086
11
1.3013094881889764
21
0.8179892125984252
0
LINE
8
BLACK
6
CONTINUOUS
10
1.3013094881889764
20
0.8179892125984252
11
1.3013094881889764
21
0.8256243307086614
0
LINE
8
BLACK
6
CONTINUOUS
10
1.3013094881889764
20
0.8256243307086614
11
1.3006561811023623
21
0.8262775984251969
0
LINE
8
BLACK
6
CONTINUOUS
10
1.3006561811023623
20
0.8262775984251969
11
1.2935623622047243
21
0.8168192125984252
0
LINE
8
BLACK
6
CONTINUOUS
10
1.2935623622047243
20
0.8168192125984252
11
1.2922781496062992
21
0.8160588188976378
0
LINE
8
BLACK
6
CONTINUOUS
10
1.2922781496062992
20
0.8160588188976378
11
1.2908323622047244
21
0.8164292125984252
0
LINE
8
BLACK
6
CONTINUOUS
10
1.2908323622047244
20
0.8164292125984252
11
1.290071968503937
21
0.8177134251968504
0
LINE
8
BLACK
6
CONTINUOUS
10
1.290071968503937
20
0.8177134251968504
11
1.2904423622047243
21
0.8191592125984252
0
LINE
8
BLACK
6
CONTINUOUS
10
1.2904423622047243
20
0.8191592125984252
11
1.2978704724409449
21
0.8290633070866141
0
LINE
8
BLACK
6
CONTINUOUS
10
1.2978704724409449
20
0.8290633070866141
11
1.2906235039370078
21
0.8363103543307087
0
LINE
8
BLACK
6
CONTINUOUS
10
1.2906235039370078
20
0.8363103543307087
11
1.2900523622047244
21
0.8376892125984252
0
LINE
8
BLACK
6
CONTINUOUS
10
1.2900523622047244
20
0.8376892125984252
11
1.2906235039370078
21
0.8390680708661418
0
LINE
8
BLACK
6
CONTINUOUS
10
1.2906235039370078
20
0.8390680708661418
11
1.2920023622047243
21
0.8396392125984252
0
LINE
8
BLACK
6
CONTINUOUS
10
1.2920023622047243
20
0.8396392125984252
11
1.2933812204724409
21
0.8390680708661418
0
LINE
8
BLACK
6
CONTINUOUS
10
1.2933812204724409
20
0.8390680708661418
11
1.3013094881889764
21
0.8311397637795276
0
LINE
8
BLACK
6
CONTINUOUS
10
1.3013094881889764
20
0.8311397637795276
11
1.3013094881889764
21
0.8376892125984252
0
LINE
8
BLACK
6
CONTINUOUS
10
1.3013094881889764
20
0.8376892125984252
11
1.3018806299212597
21
0.8390680708661418
0
LINE
8
BLACK
6
CONTINUOUS
10
1.3018806299212597
20
0.8390680708661418
11
1.3032594881889763
21
0.8396392125984252
0
LINE
8
BLACK
6
CONTINUOUS
10
1.3032594881889763
20
0.8396392125984252
11
1.3046383464566929
21
0.8390680708661418
0
LINE
8
BLACK
6
CONTINUOUS
10
0.3128131102362205
20
0.8867979921259842
11
0.313503937007874
21
0.8849
0
LINE
8
BLACK
6
CONTINUOUS
10
0.313503937007874
20
0.8849
11
0.313503937007874
21
0.8671653543307086
0
LINE
8
BLACK
6
CONTINUOUS
10
0.313503937007874
20
0.8671653543307086
11
0.3134362992125984
21
0.8667818110236221
0
LINE
8
BLACK
6
CONTINUOUS
10
0.3134362992125984
20
0.8667818110236221
11
0.313459094488189
21
0.8666525984251968
0
LINE
8
BLACK
6
CONTINUOUS
10
0.313459094488189
20
0.8666525984251968
11
0.3133934645669291
21
0.8665389763779527
0
LINE
8
BLACK
6
CONTINUOUS
10
0.3133934645669291
20
0.8665389763779527
11
0.3133258661417323
21
0.8661554330708662
0
LINE
8
BLACK
6
CONTINUOUS
10
0.3133258661417323
20
0.8661554330708662
11
0.312832716535433
21
0.8655677165354331
0
LINE
8
BLACK
6
CONTINUOUS
10
0.312832716535433
20
0.8655677165354331
11
0.3124491732283465
21
0.8649034251968504
0
LINE
8
BLACK
6
CONTINUOUS
10
0.3124491732283465
20
0.8649034251968504
11
0.3121988188976378
21
0.864812283464567
0
LINE
8
BLACK
6
CONTINUOUS
10
0.3121988188976378
20
0.864812283464567
11
0.3120275590551181
21
0.8646081889763779
0
LINE
8
BLACK
6
CONTINUOUS
10
0.3120275590551181
20
0.8646081889763779
11
0.311271968503937
21
0.8644749212598425
0
LINE
8
BLACK
6
CONTINUOUS
10
0.311271968503937
20
0.8644749212598425
11
0.3105511811023622
21
0.8642125984251968
0
LINE
8
BLACK
6
CONTINUOUS
10
0.3105511811023622
20
0.8642125984251968
11
0.1294488188976378
21
0.8642125984251968
0
LINE
8
BLACK
6
CONTINUOUS
10
0.1294488188976378
20
0.8642125984251968
11
0.1290652755905512
21
0.8642801968503937
0
LINE
8
BLACK
6
CONTINUOUS
10
0.1290652755905512
20
0.8642801968503937
11
0.128936062992126
21
0.8642574409448819
0
LINE
8
BLACK
6
CONTINUOUS
10
0.128936062992126
20
0.8642574409448819
11
0.1288224409448819
21
0.8643230314960629
0
LINE
8
BLACK
6
CONTINUOUS
10
0.1288224409448819
20
0.8643230314960629
11
0.1284388976377953
21
0.8643906692913386
0
LINE
8
BLACK
6
CONTINUOUS
10
0.1284388976377953
20
0.8643906692913386
11
0.1278511811023622
21
0.864883779527559
0
LINE
8
BLACK
6
CONTINUOUS
10
0.1278511811023622
20
0.864883779527559
11
0.1271868897637795
21
0.8652673622047244
0
LINE
8
BLACK
6
CONTINUOUS
10
0.1271868897637795
20
0.8652673622047244
11
0.1270957480314961
21
0.8655176771653543
0
LINE
8
BLACK
6
CONTINUOUS
10
0.1270957480314961
20
0.8655176771653543
11
0.1268916535433071
21
0.8656889763779527
0
LINE
8
BLACK
6
CONTINUOUS
10
0.1268916535433071
20
0.8656889763779527
11
0.1267583858267717
21
0.8664445275590551
0
LINE
8
BLACK
6
CONTINUOUS
10
0.1267583858267717
20
0.8664445275590551
11
0.126496062992126
21
0.8671653543307086
0
LINE
8
BLACK
6
CONTINUOUS
10
0.126496062992126
20
0.8671653543307086
11
0.126496062992126
21
0.8849
0
LINE
8
BLACK
6
CONTINUOUS
10
0.126496062992126
20
0.8849
11
0.1266741338582677
21
0.8859099212598425
0
LINE
8
BLACK
6
CONTINUOUS
10
0.1266741338582677
20
0.8859099212598425
11
0.1279724409448819
21
0.8874571653543307
0
LINE
8
BLACK
6
CONTINUOUS
10
0.1279724409448819
20
0.8874571653543307
11
0.1299615748031496
21
0.8878079133858268
0
LINE
8
BLACK
6
CONTINUOUS
10
0.1299615748031496
20
0.8878079133858268
11
0.1317107480314961
21
0.8867979921259842
0
LINE
8
BLACK
6
CONTINUOUS
10
0.1317107480314961
20
0.8867979921259842
11
0.1324015748031496
21
0.8849
0
LINE
8
BLACK
6
CONTINUOUS
10
0.1324015748031496
20
0.8849
11
0.1324015748031496
21
0.8701181102362204
0
LINE
8
BLACK
6
CONTINUOUS
10
0.1324015748031496
20
0.8701181102362204
11
0.2879472440944882
21
0.8701181102362204
0
LINE
8
BLACK
6
CONTINUOUS
10
0.2879472440944882
20
0.8701181102362204
11
0.2879472440944882
21
0.8849
0
LINE
8
BLACK
6
CONTINUOUS
10
0.2879472440944882
20
0.8849
11
0.2881253149606299
21
0.8859099212598425
0
LINE
8
BLACK
6
CONTINUOUS
10
0.2881253149606299
20
0.8859099212598425
11
0.2894236220472441
21
0.8874571653543307
0
LINE
8
BLACK
6
CONTINUOUS
10
0.2894236220472441
20
0.8874571653543307
11
0.2914127559055118
21
0.8878079133858268
0
LINE
8
BLACK
6
CONTINUOUS
10
0.2914127559055118
20
0.8878079133858268
11
0.2931619291338582
21
0.8867979921259842
0
LINE
8
BLACK
6
CONTINUOUS
10
0.2931619291338582
20
0.8867979921259842
11
0.2938527559055118
21
0.8849
0
LINE
8
BLACK
6
CONTINUOUS
10
0.2938527559055118
20
0.8849
11
0.2938527559055118
21
0.8701181102362204
0
LINE
8
BLACK
6
CONTINUOUS
10
0.2938527559055118
20
0.8701181102362204
11
0.3075984251968504
21
0.8701181102362204
0
LINE
8
BLACK
6
CONTINUOUS
10
0.3075984251968504
20
0.8701181102362204
11
0.3075984251968504
21
0.8849
0
LINE
8
BLACK
6
CONTINUOUS
10
0.3075984251968504
20
0.8849
11
0.3077764960629921
21
0.8859099212598425
0
LINE
8
BLACK
6
CONTINUOUS
10
0.3077764960629921
20
0.8859099212598425
11
0.3090748031496063
21
0.8874571653543307
0
LINE
8
BLACK
6
CONTINUOUS
10
0.3090748031496063
20
0.8874571653543307
11
0.311063937007874
21
0.8878079133858268
0
LINE
8
BLACK
6
CONTINUOUS
10
0.311063937007874
20
0.8878079133858268
11
0.3128131102362205
21
0.8867979921259842
0
LINE
8
BLACK
6
CONTINUOUS
10
0.6328131102362204
20
0.8867979921259842
11
0.633503937007874
21
0.8849
0
LINE
8
BLACK
6
CONTINUOUS
10
0.633503937007874
20
0.8849
11
0.633503937007874
21
0.8671653543307086
0
LINE
8
BLACK
6
CONTINUOUS
10
0.633503937007874
20
0.8671653543307086
11
0.6334362992125984
21
0.8667818110236221
0
LINE
8
BLACK
6
CONTINUOUS
10
0.6334362992125984
20
0.8667818110236221
11
0.6334590944881889
21
0.8666525984251968
0
LINE
8
BLACK
6
CONTINUOUS
10
0.6334590944881889
20
0.8666525984251968
11
0.6333934645669291
21
0.8665389763779527
0
LINE
8
BLACK
6
CONTINUOUS
10
0.6333934645669291
20
0.8665389763779527
11
0.6333258661417323
21
0.8661554330708662
0
LINE
8
BLACK
6
CONTINUOUS
10
0.6333258661417323
20
0.8661554330708662
11
0.632832716535433
21
0.8655677165354331
0
LINE
8
BLACK
6
CONTINUOUS
10
0.632832716535433
20
0.8655677165354331
11
0.6324491732283465
21
0.8649034251968504
0
LINE
8
BLACK
6
CONTINUOUS
10
0.6324491732283465
20
0.8649034251968504
11
0.6321988188976377
21
0.864812283464567
0
LINE
8
BLACK
6
CONTINUOUS
10
0.6321988188976377
20
0.864812283464567
11
0.6320275590551181
21
0.8646081889763779
0
LINE
8
BLACK
6
CONTINUOUS
10
0.6320275590551181
20
0.8646081889763779
11
0.631271968503937
21
0.8644749212598425
0
LINE
8
BLACK
6
CONTINUOUS
10
0.631271968503937
20
0.8644749212598425
11
0.6305511811023622
21
0.8642125984251968
0
LINE
8
BLACK
6
CONTINUOUS
10
0.6305511811023622
20
0.8642125984251968
11
0.4494488188976378
21
0.8642125984251968
0
LINE
8
BLACK
6
CONTINUOUS
10
0.4494488188976378
20
0.8642125984251968
11
0.4490652755905511
21
0.8642801968503937
0
LINE
8
BLACK
6
CONTINUOUS
10
0.4490652755905511
20
0.8642801968503937
11
0.448936062992126
21
0.8642574409448819
0
LINE
8
BLACK
6
CONTINUOUS
10
0.448936062992126
20
0.8642574409448819
11
0.4488224409448819
21
0.8643230314960629
0
LINE
8
BLACK
6
CONTINUOUS
10
0.4488224409448819
20
0.8643230314960629
11
0.4484388976377953
21
0.8643906692913386
0
LINE
8
BLACK
6
CONTINUOUS
10
0.4484388976377953
20
0.8643906692913386
11
0.4478511811023622
21
0.864883779527559
0
LINE
8
BLACK
6
CONTINUOUS
10
0.4478511811023622
20
0.864883779527559
11
0.4471868897637795
21
0.8652673622047244
0
LINE
8
BLACK
6
CONTINUOUS
10
0.4471868897637795
20
0.8652673622047244
11
0.447095748031496
21
0.8655176771653543
0
LINE
8
BLACK
6
CONTINUOUS
10
0.447095748031496
20
0.8655176771653543
11
0.4468916535433071
21
0.8656889763779527
0
LINE
8
BLACK
6
CONTINUOUS
10
0.4468916535433071
20
0.8656889763779527
11
0.4467583858267716
21
0.8664445275590551
0
LINE
8
BLACK
6
CONTINUOUS
10
0.4467583858267716
20
0.8664445275590551
11
0.446496062992126
21
0.8671653543307086
0
LINE
8
BLACK
6
CONTINUOUS
10
0.446496062992126
20
0.8671653543307086
11
0.446496062992126
21
0.8849
0
LINE
8
BLACK
6
CONTINUOUS
10
0.446496062992126
20
0.8849
11
0.4466741338582677
21
0.8859099212598425
0
LINE
8
BLACK
6
CONTINUOUS
10
0.4466741338582677
20
0.8859099212598425
11
0.4479724409448819
21
0.8874571653543307
0
LINE
8
BLACK
6
CONTINUOUS
10
0.4479724409448819
20
0.8874571653543307
11
0.4499615748031496
21
0.8878079133858268
0
LINE
8
BLACK
6
CONTINUOUS
10
0.4499615748031496
20
0.8878079133858268
11
0.4517107480314961
21
0.8867979921259842
0
LINE
8
BLACK
6
CONTINUOUS
10
0.4517107480314961
20
0.8867979921259842
11
0.4524015748031496
21
0.8849
0
LINE
8
BLACK
6
CONTINUOUS
10
0.4524015748031496
20
0.8849
11
0.4524015748031496
21
0.8701181102362204
0
LINE
8
BLACK
6
CONTINUOUS
10
0.4524015748031496
20
0.8701181102362204
11
0.6079472440944882
21
0.8701181102362204
0
LINE
8
BLACK
6
CONTINUOUS
10
0.6079472440944882
20
0.8701181102362204
11
0.6079472440944882
21
0.8849
0
LINE
8
BLACK
6
CONTINUOUS
10
0.6079472440944882
20
0.8849
11
0.6081253149606299
21
0.8859099212598425
0
LINE
8
BLACK
6
CONTINUOUS
10
0.6081253149606299
20
0.8859099212598425
11
0.6094236220472441
21
0.8874571653543307
0
LINE
8
BLACK
6
CONTINUOUS
10
0.6094236220472441
20
0.8874571653543307
11
0.6114127559055118
21
0.8878079133858268
0
LINE
8
BLACK
6
CONTINUOUS
10
0.6114127559055118
20
0.8878079133858268
11
0.6131619291338583
21
0.8867979921259842
0
LINE
8
BLACK
6
CONTINUOUS
10
0.6131619291338583
20
0.8867979921259842
11
0.6138527559055118
21
0.8849
0
LINE
8
BLACK
6
CONTINUOUS
10
0.6138527559055118
20
0.8849
11
0.6138527559055118
21
0.8701181102362204
0
LINE
8
BLACK
6
CONTINUOUS
10
0.6138527559055118
20
0.8701181102362204
11
0.6275984251968504
21
0.8701181102362204
0
LINE
8
BLACK
6
CONTINUOUS
10
0.6275984251968504
20
0.8701181102362204
11
0.6275984251968504
21
0.8849
0
LINE
8
BLACK
6
CONTINUOUS
10
0.6275984251968504
20
0.8849
11
0.6277764960629921
21
0.8859099212598425
0
LINE
8
BLACK
6
CONTINUOUS
10
0.6277764960629921
20
0.8859099212598425
11
0.6290748031496063
21
0.8874571653543307
0
LINE
8
BLACK
6
CONTINUOUS
10
0.6290748031496063
20
0.8874571653543307
11
0.631063937007874
21
0.8878079133858268
0
LINE
8
BLACK
6
CONTINUOUS
10
0.631063937007874
20
0.8878079133858268
11
0.6328131102362204
21
0.8867979921259842
0
LINE
8
BLACK
6
CONTINUOUS
10
0.9528131102362205
20
0.8867979921259842
11
0.9535039370078739
21
0.8849
0
LINE
8
BLACK
6
CONTINUOUS
10
0.9535039370078739
20
0.8849
11
0.9535039370078739
21
0.8671653543307086
0
LINE
8
BLACK
6
CONTINUOUS
10
0.9535039370078739
20
0.8671653543307086
11
0.9534362992125984
21
0.8667818110236221
0
LINE
8
BLACK
6
CONTINUOUS
10
0.9534362992125984
20
0.8667818110236221
11
0.953459094488189
21
0.8666525984251968
0
LINE
8
BLACK
6
CONTINUOUS
10
0.953459094488189
20
0.8666525984251968
11
0.9533934645669291
21
0.8665389763779527
0
LINE
8
BLACK
6
CONTINUOUS
10
0.9533934645669291
20
0.8665389763779527
11
0.9533258661417323
21
0.8661554330708662
0
LINE
8
BLACK
6
CONTINUOUS
10
0.9533258661417323
20
0.8661554330708662
11
0.952832716535433
21
0.8655677165354331
0
LINE
8
BLACK
6
CONTINUOUS
10
0.952832716535433
20
0.8655677165354331
11
0.9524491732283464
21
0.8649034251968504
0
LINE
8
BLACK
6
CONTINUOUS
10
0.9524491732283464
20
0.8649034251968504
11
0.9521988188976378
21
0.864812283464567
0
LINE
8
BLACK
6
CONTINUOUS
10
0.9521988188976378
20
0.864812283464567
11
0.952027559055118
21
0.8646081889763779
0
LINE
8
BLACK
6
CONTINUOUS
10
0.952027559055118
20
0.8646081889763779
11
0.951271968503937
21
0.8644749212598425
0
LINE
8
BLACK
6
CONTINUOUS
10
0.951271968503937
20
0.8644749212598425
11
0.9505511811023621
21
0.8642125984251968
0
LINE
8
BLACK
6
CONTINUOUS
10
0.9505511811023621
20
0.8642125984251968
11
0.7694488188976378
21
0.8642125984251968
0
LINE
8
BLACK
6
CONTINUOUS
10
0.7694488188976378
20
0.8642125984251968
11
0.7690652755905512
21
0.8642801968503937
0
LINE
8
BLACK
6
CONTINUOUS
10
0.7690652755905512
20
0.8642801968503937
11
0.7689360629921259
21
0.8642574409448819
0
LINE
8
BLACK
6
CONTINUOUS
10
0.7689360629921259
20
0.8642574409448819
11
0.7688224409448818
21
0.8643230314960629
0
LINE
8
BLACK
6
CONTINUOUS
10
0.7688224409448818
20
0.8643230314960629
11
0.7684388976377953
21
0.8643906692913386
0
LINE
8
BLACK
6
CONTINUOUS
10
0.7684388976377953
20
0.8643906692913386
11
0.7678511811023622
21
0.864883779527559
0
LINE
8
BLACK
6
CONTINUOUS
10
0.7678511811023622
20
0.864883779527559
11
0.7671868897637795
21
0.8652673622047244
0
LINE
8
BLACK
6
CONTINUOUS
10
0.7671868897637795
20
0.8652673622047244
11
0.767095748031496
21
0.8655176771653543
0
LINE
8
BLACK
6
CONTINUOUS
10
0.767095748031496
20
0.8655176771653543
11
0.766891653543307
21
0.8656889763779527
0
LINE
8
BLACK
6
CONTINUOUS
10
0.766891653543307
20
0.8656889763779527
11
0.7667583858267716
21
0.8664445275590551
0
LINE
8
BLACK
6
CONTINUOUS
10
0.7667583858267716
20
0.8664445275590551
11
0.7664960629921259
21
0.8671653543307086
0
LINE
8
BLACK
6
CONTINUOUS
10
0.7664960629921259
20
0.8671653543307086
11
0.7664960629921259
21
0.8849
0
LINE
8
BLACK
6
CONTINUOUS
10
0.7664960629921259
20
0.8849
11
0.7666741338582677
21
0.8859099212598425
0
LINE
8
BLACK
6
CONTINUOUS
10
0.7666741338582677
20
0.8859099212598425
11
0.7679724409448818
21
0.8874571653543307
0
LINE
8
BLACK
6
CONTINUOUS
10
0.7679724409448818
20
0.8874571653543307
11
0.7699615748031496
21
0.8878079133858268
0
LINE
8
BLACK
6
CONTINUOUS
10
0.7699615748031496
20
0.8878079133858268
11
0.7717107480314961
21
0.8867979921259842
0
LINE
8
BLACK
6
CONTINUOUS
10
0.7717107480314961
20
0.8867979921259842
11
0.7724015748031496
21
0.8849
0
LINE
8
BLACK
6
CONTINUOUS
10
0.7724015748031496
20
0.8849
11
0.7724015748031496
21
0.8701181102362204
0
LINE
8
BLACK
6
CONTINUOUS
10
0.7724015748031496
20
0.8701181102362204
11
0.9279472440944881
21
0.8701181102362204
0
LINE
8
BLACK
6
CONTINUOUS
10
0.9279472440944881
20
0.8701181102362204
11
0.9279472440944881
21
0.8849
0
LINE
8
BLACK
6
CONTINUOUS
10
0.9279472440944881
20
0.8849
11
0.9281253149606299
21
0.8859099212598425
0
LINE
8
BLACK
6
CONTINUOUS
10
0.9281253149606299
20
0.8859099212598425
11
0.929423622047244
21
0.8874571653543307
0
LINE
8
BLACK
6
CONTINUOUS
10
0.929423622047244
20
0.8874571653543307
11
0.9314127559055118
21
0.8878079133858268
0
LINE
8
BLACK
6
CONTINUOUS
10
0.9314127559055118
20
0.8878079133858268
11
0.9331619291338582
21
0.8867979921259842
0
LINE
8
BLACK
6
CONTINUOUS
10
0.9331619291338582
20
0.8867979921259842
11
0.9338527559055118
21
0.8849
0
LINE
8
BLACK
6
CONTINUOUS
10
0.9338527559055118
20
0.8849
11
0.9338527559055118
21
0.8701181102362204
0
LINE
8
BLACK
6
CONTINUOUS
10
0.9338527559055118
20
0.8701181102362204
11
0.9475984251968503
21
0.8701181102362204
0
LINE
8
BLACK
6
CONTINUOUS
10
0.9475984251968503
20
0.8701181102362204
11
0.9475984251968503
21
0.8849
0
LINE
8
BLACK
6
CONTINUOUS
10
0.9475984251968503
20
0.8849
11
0.9477764960629921
21
0.8859099212598425
0
LINE
8
BLACK
6
CONTINUOUS
10
0.9477764960629921
20
0.8859099212598425
11
0.9490748031496062
21
0.8874571653543307
0
LINE
8
BLACK
6
CONTINUOUS
10
0.9490748031496062
20
0.8874571653543307
11
0.9510639370078739
21
0.8878079133858268
0
LINE
8
BLACK
6
CONTINUOUS
10
0.9510639370078739
20
0.8878079133858268
11
0.9528131102362205
21
0.8867979921259842
0
LINE
8
BLACK
6
CONTINUOUS
10
1.2728131102362203
20
0.8867979921259842
11
1.273503937007874
21
0.8849
0
LINE
8
BLACK
6
CONTINUOUS
10
1.273503937007874
20
0.8849
11
1.273503937007874
21
0.8671653543307086
0
LINE
8
BLACK
6
CONTINUOUS
10
1.273503937007874
20
0.8671653543307086
11
1.2734362992125985
21
0.8667818110236221
0
LINE
8
BLACK
6
CONTINUOUS
10
1.2734362992125985
20
0.8667818110236221
11
1.2734590944881889
21
0.8666525984251968
0
LINE
8
BLACK
6
CONTINUOUS
10
1.2734590944881889
20
0.8666525984251968
11
1.2733934645669291
21
0.8665389763779527
0
LINE
8
BLACK
6
CONTINUOUS
10
1.2733934645669291
20
0.8665389763779527
11
1.2733258661417322
21
0.8661554330708662
0
LINE
8
BLACK
6
CONTINUOUS
10
1.2733258661417322
20
0.8661554330708662
11
1.272832716535433
21
0.8655677165354331
0
LINE
8
BLACK
6
CONTINUOUS
10
1.272832716535433
20
0.8655677165354331
11
1.2724491732283465
21
0.8649034251968504
0
LINE
8
BLACK
6
CONTINUOUS
10
1.2724491732283465
20
0.8649034251968504
11
1.2721988188976379
21
0.864812283464567
0
LINE
8
BLACK
6
CONTINUOUS
10
1.2721988188976379
20
0.864812283464567
11
1.272027559055118
21
0.8646081889763779
0
LINE
8
BLACK
6
CONTINUOUS
10
1.272027559055118
20
0.8646081889763779
11
1.2712719685039371
21
0.8644749212598425
0
LINE
8
BLACK
6
CONTINUOUS
10
1.2712719685039371
20
0.8644749212598425
11
1.2705511811023622
21
0.8642125984251968
0
LINE
8
BLACK
6
CONTINUOUS
10
1.2705511811023622
20
0.8642125984251968
11
1.0894488188976377
21
0.8642125984251968
0
LINE
8
BLACK
6
CONTINUOUS
10
1.0894488188976377
20
0.8642125984251968
11
1.0890652755905512
21
0.8642801968503937
0
LINE
8
BLACK
6
CONTINUOUS
10
1.0890652755905512
20
0.8642801968503937
11
1.0889360629921259
21
0.8642574409448819
0
LINE
8
BLACK
6
CONTINUOUS
10
1.0889360629921259
20
0.8642574409448819
11
1.0888224409448819
21
0.8643230314960629
0
LINE
8
BLACK
6
CONTINUOUS
10
1.0888224409448819
20
0.8643230314960629
11
1.0884388976377952
21
0.8643906692913386
0
LINE
8
BLACK
6
CONTINUOUS
10
1.0884388976377952
20
0.8643906692913386
11
1.0878511811023621
21
0.864883779527559
0
LINE
8
BLACK
6
CONTINUOUS
10
1.0878511811023621
20
0.864883779527559
11
1.0871868897637795
21
0.8652673622047244
0
LINE
8
BLACK
6
CONTINUOUS
10
1.0871868897637795
20
0.8652673622047244
11
1.087095748031496
21
0.8655176771653543
0
LINE
8
BLACK
6
CONTINUOUS
10
1.087095748031496
20
0.8655176771653543
11
1.0868916535433071
21
0.8656889763779527
0
LINE
8
BLACK
6
CONTINUOUS
10
1.0868916535433071
20
0.8656889763779527
11
1.0867583858267715
21
0.8664445275590551
0
LINE
8
BLACK
6
CONTINUOUS
10
1.0867583858267715
20
0.8664445275590551
11
1.0864960629921259
21
0.8671653543307086
0
LINE
8
BLACK
6
CONTINUOUS
10
1.0864960629921259
20
0.8671653543307086
11
1.0864960629921259
21
0.8849
0
LINE
8
BLACK
6
CONTINUOUS
10
1.0864960629921259
20
0.8849
11
1.0866741338582677
21
0.8859099212598425
0
LINE
8
BLACK
6
CONTINUOUS
10
1.0866741338582677
20
0.8859099212598425
11
1.0879724409448819
21
0.8874571653543307
0
LINE
8
BLACK
6
CONTINUOUS
10
1.0879724409448819
20
0.8874571653543307
11
1.0899615748031495
21
0.8878079133858268
0
LINE
8
BLACK
6
CONTINUOUS
10
1.0899615748031495
20
0.8878079133858268
11
1.091710748031496
21
0.8867979921259842
0
LINE
8
BLACK
6
CONTINUOUS
10
1.091710748031496
20
0.8867979921259842
11
1.0924015748031495
21
0.8849
0
LINE
8
BLACK
6
CONTINUOUS
10
1.0924015748031495
20
0.8849
11
1.0924015748031495
21
0.8701181102362204
0
LINE
8
BLACK
6
CONTINUOUS
10
1.0924015748031495
20
0.8701181102362204
11
1.2479472440944881
21
0.8701181102362204
0
LINE
8
BLACK
6
CONTINUOUS
10
1.2479472440944881
20
0.8701181102362204
11
1.2479472440944881
21
0.8849
0
LINE
8
BLACK
6
CONTINUOUS
10
1.2479472440944881
20
0.8849
11
1.24812531496063
21
0.8859099212598425
0
LINE
8
BLACK
6
CONTINUOUS
10
1.24812531496063
20
0.8859099212598425
11
1.2494236220472441
21
0.8874571653543307
0
LINE
8
BLACK
6
CONTINUOUS
10
1.2494236220472441
20
0.8874571653543307
11
1.2514127559055117
21
0.8878079133858268
0
LINE
8
BLACK
6
CONTINUOUS
10
1.2514127559055117
20
0.8878079133858268
11
1.2531619291338583
21
0.8867979921259842
0
LINE
8
BLACK
6
CONTINUOUS
10
1.2531619291338583
20
0.8867979921259842
11
1.2538527559055117
21
0.8849
0
LINE
8
BLACK
6
CONTINUOUS
10
1.2538527559055117
20
0.8849
11
1.2538527559055117
21
0.8701181102362204
0
LINE
8
BLACK
6
CONTINUOUS
10
1.2538527559055117
20
0.8701181102362204
11
1.2675984251968504
21
0.8701181102362204
0
LINE
8
BLACK
6
CONTINUOUS
10
1.2675984251968504
20
0.8701181102362204
11
1.2675984251968504
21
0.8849
0
LINE
8
BLACK
6
CONTINUOUS
10
1.2675984251968504
20
0.8849
11
1.267776496062992
21
0.8859099212598425
0
LINE
8
BLACK
6
CONTINUOUS
10
1.267776496062992
20
0.8859099212598425
11
1.2690748031496062
21
0.8874571653543307
0
LINE
8
BLACK
6
CONTINUOUS
10
1.2690748031496062
20
0.8874571653543307
11
1.271063937007874
21
0.8878079133858268
0
LINE
8
BLACK
6
CONTINUOUS
10
1.271063937007874
20
0.8878079133858268
11
1.2728131102362203
21
0.8867979921259842
0
LINE
8
BLACK
6
CONTINUOUS
10
1.4067828346456692
20
0.918410748031496
11
1.4077607086614172
21
0.9172832677165355
0
LINE
8
BLACK
6
CONTINUOUS
10
1.4077607086614172
20
0.9172832677165355
11
1.4076548818897638
21
0.9157945669291339
0
LINE
8
BLACK
6
CONTINUOUS
10
1.4076548818897638
20
0.9157945669291339
11
1.406527401574803
21
0.9148166929133859
0
LINE
8
BLACK
6
CONTINUOUS
10
1.406527401574803
20
0.9148166929133859
11
1.4022321653543306
21
0.9133849212598425
0
LINE
8
BLACK
6
CONTINUOUS
10
1.4022321653543306
20
0.9133849212598425
11
1.4022321653543306
21
0.9068149606299213
0
LINE
8
BLACK
6
CONTINUOUS
10
1.4022321653543306
20
0.9068149606299213
11
1.406527401574803
21
0.9053832283464567
0
LINE
8
BLACK
6
CONTINUOUS
10
1.406527401574803
20
0.9053832283464567
11
1.4076548818897638
21
0.9044053543307087
0
LINE
8
BLACK
6
CONTINUOUS
10
1.4076548818897638
20
0.9044053543307087
11
1.4077607086614172
21
0.9029166535433071
0
LINE
8
BLACK
6
CONTINUOUS
10
1.4077607086614172
20
0.9029166535433071
11
1.4067828346456692
21
0.9017891732283464
0
LINE
8
BLACK
6
CONTINUOUS
10
1.4067828346456692
20
0.9017891732283464
11
1.4052941338582676
21
0.9016833858267717
0
LINE
8
BLACK
6
CONTINUOUS
10
1.4052941338582676
20
0.9016833858267717
11
1.385594094488189
21
0.9082500393700788
0
LINE
8
BLACK
6
CONTINUOUS
10
1.385594094488189
20
0.9082500393700788
11
1.3854840157480315
21
0.9083454724409449
0
LINE
8
BLACK
6
CONTINUOUS
10
1.3854840157480315
20
0.9083454724409449
11
1.3853386614173229
21
0.9083558267716535
0
LINE
8
BLACK
6
CONTINUOUS
10
1.3853386614173229
20
0.9083558267716535
11
1.3849336220472441
21
0.9088228346456693
0
LINE
8
BLACK
6
CONTINUOUS
10
1.3849336220472441
20
0.9088228346456693
11
1.3844666141732282
21
0.909227874015748
0
LINE
8
BLACK
6
CONTINUOUS
10
1.3844666141732282
20
0.909227874015748
11
1.3844562598425196
21
0.9093732283464566
0
LINE
8
BLACK
6
CONTINUOUS
10
1.3844562598425196
20
0.9093732283464566
11
1.3843608267716536
21
0.9094833070866142
0
LINE
8
BLACK
6
CONTINUOUS
10
1.3843608267716536
20
0.9094833070866142
11
1.3844046062992126
21
0.9100999606299213
0
LINE
8
BLACK
6
CONTINUOUS
10
1.3844046062992126
20
0.9100999606299213
11
1.3843608267716536
21
0.9107166141732284
0
LINE
8
BLACK
6
CONTINUOUS
10
1.3843608267716536
20
0.9107166141732284
11
1.3844562598425196
21
0.9108266535433071
0
LINE
8
BLACK
6
CONTINUOUS
10
1.3844562598425196
20
0.9108266535433071
11
1.3844666141732282
21
0.9109720472440944
0
LINE
8
BLACK
6
CONTINUOUS
10
1.3844666141732282
20
0.9109720472440944
11
1.3849336220472441
21
0.9113770472440945
0
LINE
8
BLACK
6
CONTINUOUS
10
1.3849336220472441
20
0.9113770472440945
11
1.3853386614173229
21
0.9118440944881889
0
LINE
8
BLACK
6
CONTINUOUS
10
1.3853386614173229
20
0.9118440944881889
11
1.3854840157480315
21
0.9118544094488189
0
LINE
8
BLACK
6
CONTINUOUS
10
1.3854840157480315
20
0.9118544094488189
11
1.385594094488189
21
0.9119498818897638
0
LINE
8
BLACK
6
CONTINUOUS
10
1.385594094488189
20
0.9119498818897638
11
1.4052941338582676
21
0.9185165354330709
0
LINE
8
BLACK
6
CONTINUOUS
10
1.4052941338582676
20
0.9185165354330709
11
1.4067828346456692
21
0.918410748031496
0
LINE
8
BLACK
6
CONTINUOUS
10
1.3923771653543306
20
0.9100999606299213
11
1.3983321653543306
21
0.9081149606299213
0
LINE
8
BLACK
6
CONTINUOUS
10
1.3983321653543306
20
0.9081149606299213
11
1.3983321653543306
21
0.9120849212598425
0
LINE
8
BLACK
6
CONTINUOUS
10
1.3983321653543306
20
0.9120849212598425
11
1.3923771653543306
21
0.9100999606299213
0
LINE
8
BLACK
6
CONTINUOUS
10
0.1888320472440945
20
0.9780098818897638
11
0.1901832283464567
21
0.9777334251968504
0
LINE
8
BLACK
6
CONTINUOUS
10
0.1901832283464567
20
0.9777334251968504
11
0.1958975196850394
21
0.9748762992125984
0
LINE
8
BLACK
6
CONTINUOUS
10
0.1958975196850394
20
0.9748762992125984
11
0.1966203149606299
21
0.9742353149606299
0
LINE
8
BLACK
6
CONTINUOUS
10
0.1966203149606299
20
0.9742353149606299
11
0.1974568897637795
21
0.9737523622047244
0
LINE
8
BLACK
6
CONTINUOUS
10
0.1974568897637795
20
0.9737523622047244
11
0.2003140551181102
21
0.9708951968503937
0
LINE
8
BLACK
6
CONTINUOUS
10
0.2003140551181102
20
0.9708951968503937
11
0.2006136220472441
21
0.9703762992125984
0
LINE
8
BLACK
6
CONTINUOUS
10
0.2006136220472441
20
0.9703762992125984
11
0.2010637401574803
21
0.969980748031496
0
LINE
8
BLACK
6
CONTINUOUS
10
0.2010637401574803
20
0.969980748031496
11
0.2067779527559055
21
0.9614093307086614
0
LINE
8
BLACK
6
CONTINUOUS
10
0.2067779527559055
20
0.9614093307086614
11
0.2071074015748031
21
0.9604354330708661
0
LINE
8
BLACK
6
CONTINUOUS
10
0.2071074015748031
20
0.9604354330708661
11
0.2076065354330709
21
0.9595363779527559
0
LINE
8
BLACK
6
CONTINUOUS
10
0.2076065354330709
20
0.9595363779527559
11
0.2104637007874016
21
0.9481077952755905
0
LINE
8
BLACK
6
CONTINUOUS
10
0.2104637007874016
20
0.9481077952755905
11
0.2104512204724409
21
0.947367559055118
0
LINE
8
BLACK
6
CONTINUOUS
10
0.2104512204724409
20
0.947367559055118
11
0.2106428346456693
21
0.9466525590551181
0
LINE
8
BLACK
6
CONTINUOUS
10
0.2106428346456693
20
0.9466525590551181
11
0.2106428346456693
21
0.9237954330708661
0
LINE
8
BLACK
6
CONTINUOUS
10
0.2106428346456693
20
0.9237954330708661
11
0.210285905511811
21
0.9224634251968503
0
LINE
8
BLACK
6
CONTINUOUS
10
0.210285905511811
20
0.9224634251968503
11
0.2100094094488189
21
0.921112125984252
0
LINE
8
BLACK
6
CONTINUOUS
10
0.2100094094488189
20
0.921112125984252
11
0.2071522440944882
21
0.9153978346456693
0
LINE
8
BLACK
6
CONTINUOUS
10
0.2071522440944882
20
0.9153978346456693
11
0.2065112598425197
21
0.914675
0
LINE
8
BLACK
6
CONTINUOUS
10
0.2065112598425197
20
0.914675
11
0.2060283070866142
21
0.9138385039370078
0
LINE
8
BLACK
6
CONTINUOUS
10
0.2060283070866142
20
0.9138385039370078
11
0.2031711811023622
21
0.9109813779527559
0
LINE
8
BLACK
6
CONTINUOUS
10
0.2031711811023622
20
0.9109813779527559
11
0.2023346456692913
21
0.9104983858267717
0
LINE
8
BLACK
6
CONTINUOUS
10
0.2023346456692913
20
0.9104983858267717
11
0.2016118503937008
21
0.9098574409448819
0
LINE
8
BLACK
6
CONTINUOUS
10
0.2016118503937008
20
0.9098574409448819
11
0.1958975590551181
21
0.9070002755905512
0
LINE
8
BLACK
6
CONTINUOUS
10
0.1958975590551181
20
0.9070002755905512
11
0.1945462204724409
21
0.9067237401574803
0
LINE
8
BLACK
6
CONTINUOUS
10
0.1945462204724409
20
0.9067237401574803
11
0.1932142519685039
21
0.9063668503937008
0
LINE
8
BLACK
6
CONTINUOUS
10
0.1932142519685039
20
0.9063668503937008
11
0.1817856692913386
21
0.9063668503937008
0
LINE
8
BLACK
6
CONTINUOUS
10
0.1817856692913386
20
0.9063668503937008
11
0.1804533858267716
21
0.9067238188976378
0
LINE
8
BLACK
6
CONTINUOUS
10
0.1804533858267716
20
0.9067238188976378
11
0.1791023622047244
21
0.9070003149606299
0
LINE
8
BLACK
6
CONTINUOUS
10
0.1791023622047244
20
0.9070003149606299
11
0.1733881102362205
21
0.9098574803149606
0
LINE
8
BLACK
6
CONTINUOUS
10
0.1733881102362205
20
0.9098574803149606
11
0.1726653937007874
21
0.9104983464566929
0
LINE
8
BLACK
6
CONTINUOUS
10
0.1726653937007874
20
0.9104983464566929
11
0.1718288188976378
21
0.9109813385826772
0
LINE
8
BLACK
6
CONTINUOUS
10
0.1718288188976378
20
0.9109813385826772
11
0.1689716535433071
21
0.9138384645669291
0
LINE
8
BLACK
6
CONTINUOUS
10
0.1689716535433071
20
0.9138384645669291
11
0.1684886220472441
21
0.9146750393700788
0
LINE
8
BLACK
6
CONTINUOUS
10
0.1684886220472441
20
0.9146750393700788
11
0.1678476771653543
21
0.915397874015748
0
LINE
8
BLACK
6
CONTINUOUS
10
0.1678476771653543
20
0.915397874015748
11
0.1649905511811024
21
0.9211121653543307
0
LINE
8
BLACK
6
CONTINUOUS
10
0.1649905511811024
20
0.9211121653543307
11
0.1647140551181102
21
0.9224633070866142
0
LINE
8
BLACK
6
CONTINUOUS
10
0.1647140551181102
20
0.9224633070866142
11
0.164357125984252
21
0.9237954330708661
0
LINE
8
BLACK
6
CONTINUOUS
10
0.164357125984252
20
0.9237954330708661
11
0.164357125984252
21
0.9380811417322834
0
LINE
8
BLACK
6
CONTINUOUS
10
0.164357125984252
20
0.9380811417322834
11
0.1647140551181102
21
0.9394132283464567
0
LINE
8
BLACK
6
CONTINUOUS
10
0.1647140551181102
20
0.9394132283464567
11
0.1649905511811024
21
0.9407644094488189
0
LINE
8
BLACK
6
CONTINUOUS
10
0.1649905511811024
20
0.9407644094488189
11
0.1678476771653543
21
0.9464787007874016
0
LINE
8
BLACK
6
CONTINUOUS
10
0.1678476771653543
20
0.9464787007874016
11
0.1684886220472441
21
0.9472014960629921
0
LINE
8
BLACK
6
CONTINUOUS
10
0.1684886220472441
20
0.9472014960629921
11
0.1689716535433071
21
0.9480381102362204
0
LINE
8
BLACK
6
CONTINUOUS
10
0.1689716535433071
20
0.9480381102362204
11
0.1718288188976378
21
0.9508952362204725
0
LINE
8
BLACK
6
CONTINUOUS
10
0.1718288188976378
20
0.9508952362204725
11
0.1726653937007874
21
0.9513781889763779
0
LINE
8
BLACK
6
CONTINUOUS
10
0.1726653937007874
20
0.9513781889763779
11
0.1733881102362205
21
0.952019094488189
0
LINE
8
BLACK
6
CONTINUOUS
10
0.1733881102362205
20
0.952019094488189
11
0.1791023622047244
21
0.9548762598425197
0
LINE
8
BLACK
6
CONTINUOUS
10
0.1791023622047244
20
0.9548762598425197
11
0.1804533858267716
21
0.9551527165354331
0
LINE
8
BLACK
6
CONTINUOUS
10
0.1804533858267716
20
0.9551527165354331
11
0.1817856692913386
21
0.9555097244094488
0
LINE
8
BLACK
6
CONTINUOUS
10
0.1817856692913386
20
0.9555097244094488
11
0.1932142519685039
21
0.9555097244094488
0
LINE
8
BLACK
6
CONTINUOUS
10
0.1932142519685039
20
0.9555097244094488
11
0.1945462204724409
21
0.9551527952755905
0
LINE
8
BLACK
6
CONTINUOUS
10
0.1945462204724409
20
0.9551527952755905
11
0.1958975590551181
21
0.9548762992125984
0
LINE
8
BLACK
6
CONTINUOUS
10
0.1958975590551181
20
0.9548762992125984
11
0.1964742913385827
21
0.9545879133858267
0
LINE
8
BLACK
6
CONTINUOUS
10
0.1964742913385827
20
0.9545879133858267
11
0.1962168503937008
21
0.9556176771653543
0
LINE
8
BLACK
6
CONTINUOUS
10
0.1962168503937008
20
0.9556176771653543
11
0.1914085826771653
21
0.9628300787401575
0
LINE
8
BLACK
6
CONTINUOUS
10
0.1914085826771653
20
0.9628300787401575
11
0.1896601181102362
21
0.9645785433070866
0
LINE
8
BLACK
6
CONTINUOUS
10
0.1896601181102362
20
0.9645785433070866
11
0.1860835433070866
21
0.9663668503937007
0
LINE
8
BLACK
6
CONTINUOUS
10
0.1860835433070866
20
0.9663668503937007
11
0.1760714173228346
21
0.9663668503937007
0
LINE
8
BLACK
6
CONTINUOUS
10
0.1760714173228346
20
0.9663668503937007
11
0.1730714173228347
21
0.9671707086614173
0
LINE
8
BLACK
6
CONTINUOUS
10
0.1730714173228347
20
0.9671707086614173
11
0.1708752755905512
21
0.9693668503937007
0
LINE
8
BLACK
6
CONTINUOUS
10
0.1708752755905512
20
0.9693668503937007
11
0.1700714173228347
21
0.9723668503937007
0
LINE
8
BLACK
6
CONTINUOUS
10
0.1700714173228347
20
0.9723668503937007
11
0.1708752755905512
21
0.9753668503937007
0
LINE
8
BLACK
6
CONTINUOUS
10
0.1708752755905512
20
0.9753668503937007
11
0.1730714173228347
21
0.9775629921259842
0
LINE
8
BLACK
6
CONTINUOUS
10
0.1730714173228347
20
0.9775629921259842
11
0.1760714173228346
21
0.9783668503937007
0
LINE
8
BLACK
6
CONTINUOUS
10
0.1760714173228346
20
0.9783668503937007
11
0.1874999606299212
21
0.9783668503937007
0
LINE
8
BLACK
6
CONTINUOUS
10
0.1874999606299212
20
0.9783668503937007
11
0.1888320472440945
21
0.9780098818897638
0
LINE
8
BLACK
6
CONTINUOUS
10
0.1796256299212598
20
0.9417214566929134
11
0.1781453543307087
21
0.9402412598425197
0
LINE
8
BLACK
6
CONTINUOUS
10
0.1781453543307087
20
0.9402412598425197
11
0.176357125984252
21
0.9366647244094488
0
LINE
8
BLACK
6
CONTINUOUS
10
0.176357125984252
20
0.9366647244094488
11
0.176357125984252
21
0.925211811023622
0
LINE
8
BLACK
6
CONTINUOUS
10
0.176357125984252
20
0.925211811023622
11
0.1781453543307087
21
0.9216352755905511
0
LINE
8
BLACK
6
CONTINUOUS
10
0.1781453543307087
20
0.9216352755905511
11
0.1796256299212598
21
0.9201550787401575
0
LINE
8
BLACK
6
CONTINUOUS
10
0.1796256299212598
20
0.9201550787401575
11
0.1832020472440945
21
0.9183668503937008
0
LINE
8
BLACK
6
CONTINUOUS
10
0.1832020472440945
20
0.9183668503937008
11
0.1917977952755905
21
0.9183668503937008
0
LINE
8
BLACK
6
CONTINUOUS
10
0.1917977952755905
20
0.9183668503937008
11
0.1953744094488189
21
0.920155157480315
0
LINE
8
BLACK
6
CONTINUOUS
10
0.1953744094488189
20
0.920155157480315
11
0.1968544881889764
21
0.9216352362204724
0
LINE
8
BLACK
6
CONTINUOUS
10
0.1968544881889764
20
0.9216352362204724
11
0.1986428346456693
21
0.9252118897637795
0
LINE
8
BLACK
6
CONTINUOUS
10
0.1986428346456693
20
0.9252118897637795
11
0.1986428346456693
21
0.9366646456692913
0
LINE
8
BLACK
6
CONTINUOUS
10
0.1986428346456693
20
0.9366646456692913
11
0.1968544881889764
21
0.9402412992125984
0
LINE
8
BLACK
6
CONTINUOUS
10
0.1968544881889764
20
0.9402412992125984
11
0.1953744094488189
21
0.9417213779527559
0
LINE
8
BLACK
6
CONTINUOUS
10
0.1953744094488189
20
0.9417213779527559
11
0.1917977952755905
21
0.9435097244094488
0
LINE
8
BLACK
6
CONTINUOUS
10
0.1917977952755905
20
0.9435097244094488
11
0.1832020472440945
21
0.9435097244094488
0
LINE
8
BLACK
6
CONTINUOUS
10
0.1832020472440945
20
0.9435097244094488
11
0.1796256299212598
21
0.9417214566929134
0
LINE
8
BLACK
6
CONTINUOUS
10
0.2647856692913386
20
0.9775629921259842
11
0.2669818110236221
21
0.9753668503937007
0
LINE
8
BLACK
6
CONTINUOUS
10
0.2669818110236221
20
0.9753668503937007
11
0.2677856692913386
21
0.9723668503937007
0
LINE
8
BLACK
6
CONTINUOUS
10
0.2677856692913386
20
0.9723668503937007
11
0.2677856692913386
21
0.9123668503937008
0
LINE
8
BLACK
6
CONTINUOUS
10
0.2677856692913386
20
0.9123668503937008
11
0.2669818110236221
21
0.9093668503937008
0
LINE
8
BLACK
6
CONTINUOUS
10
0.2669818110236221
20
0.9093668503937008
11
0.2647856692913386
21
0.9071707086614174
0
LINE
8
BLACK
6
CONTINUOUS
10
0.2647856692913386
20
0.9071707086614174
11
0.2617856692913386
21
0.9063668503937008
0
LINE
8
BLACK
6
CONTINUOUS
10
0.2617856692913386
20
0.9063668503937008
11
0.2474999606299212
21
0.9063668503937008
0
LINE
8
BLACK
6
CONTINUOUS
10
0.2474999606299212
20
0.9063668503937008
11
0.246566811023622
21
0.9066168503937008
0
LINE
8
BLACK
6
CONTINUOUS
10
0.246566811023622
20
0.9066168503937008
11
0.2456025984251969
21
0.9066747637795275
0
LINE
8
BLACK
6
CONTINUOUS
10
0.2456025984251969
20
0.9066747637795275
11
0.2370311417322835
21
0.9095319291338583
0
LINE
8
BLACK
6
CONTINUOUS
10
0.2370311417322835
20
0.9095319291338583
11
0.2358803149606299
21
0.9102917322834645
0
LINE
8
BLACK
6
CONTINUOUS
10
0.2358803149606299
20
0.9102917322834645
11
0.234685905511811
21
0.9109813779527559
0
LINE
8
BLACK
6
CONTINUOUS
10
0.234685905511811
20
0.9109813779527559
11
0.2289716141732283
21
0.9166956299212599
0
LINE
8
BLACK
6
CONTINUOUS
10
0.2289716141732283
20
0.9166956299212599
11
0.2284886220472441
21
0.9175321653543307
0
LINE
8
BLACK
6
CONTINUOUS
10
0.2284886220472441
20
0.9175321653543307
11
0.2278476771653543
21
0.9182549999999999
0
LINE
8
BLACK
6
CONTINUOUS
10
0.2278476771653543
20
0.9182549999999999
11
0.2249905511811024
21
0.9239692913385826
0
LINE
8
BLACK
6
CONTINUOUS
10
0.2249905511811024
20
0.9239692913385826
11
0.2248577559055118
21
0.9246181496062992
0
LINE
8
BLACK
6
CONTINUOUS
10
0.2248577559055118
20
0.9246181496062992
11
0.2245362598425197
21
0.9251973228346456
0
LINE
8
BLACK
6
CONTINUOUS
10
0.2245362598425197
20
0.9251973228346456
11
0.221679094488189
21
0.936625905511811
0
LINE
8
BLACK
6
CONTINUOUS
10
0.221679094488189
20
0.936625905511811
11
0.2216915354330709
21
0.9373661023622047
0
LINE
8
BLACK
6
CONTINUOUS
10
0.2216915354330709
20
0.9373661023622047
11
0.2214999606299212
21
0.9380811417322834
0
LINE
8
BLACK
6
CONTINUOUS
10
0.2214999606299212
20
0.9380811417322834
11
0.2214999606299212
21
0.9466525590551181
0
LINE
8
BLACK
6
CONTINUOUS
10
0.2214999606299212
20
0.9466525590551181
11
0.2216915354330709
21
0.947367559055118
0
LINE
8
BLACK
6
CONTINUOUS
10
0.2216915354330709
20
0.947367559055118
11
0.221679094488189
21
0.9481077952755905
0
LINE
8
BLACK
6
CONTINUOUS
10
0.221679094488189
20
0.9481077952755905
11
0.2245362598425197
21
0.9595363779527559
0
LINE
8
BLACK
6
CONTINUOUS
10
0.2245362598425197
20
0.9595363779527559
11
0.2248577559055118
21
0.9601155118110236
0
LINE
8
BLACK
6
CONTINUOUS
10
0.2248577559055118
20
0.9601155118110236
11
0.2249905511811024
21
0.9607644094488189
0
LINE
8
BLACK
6
CONTINUOUS
10
0.2249905511811024
20
0.9607644094488189
11
0.2278476771653543
21
0.9664787007874015
0
LINE
8
BLACK
6
CONTINUOUS
10
0.2278476771653543
20
0.9664787007874015
11
0.2284886220472441
21
0.9672014960629921
0
LINE
8
BLACK
6
CONTINUOUS
10
0.2284886220472441
20
0.9672014960629921
11
0.2289716141732283
21
0.9680380708661417
0
LINE
8
BLACK
6
CONTINUOUS
10
0.2289716141732283
20
0.9680380708661417
11
0.234685905511811
21
0.9737523622047244
0
LINE
8
BLACK
6
CONTINUOUS
10
0.234685905511811
20
0.9737523622047244
11
0.2358802755905512
21
0.9744419291338583
0
LINE
8
BLACK
6
CONTINUOUS
10
0.2358802755905512
20
0.9744419291338583
11
0.2370311811023622
21
0.975201811023622
0
LINE
8
BLACK
6
CONTINUOUS
10
0.2370311811023622
20
0.975201811023622
11
0.2456025984251969
21
0.9780589763779527
0
LINE
8
BLACK
6
CONTINUOUS
10
0.2456025984251969
20
0.9780589763779527
11
0.246566968503937
21
0.9781168503937008
0
LINE
8
BLACK
6
CONTINUOUS
10
0.246566968503937
20
0.9781168503937008
11
0.2474999606299212
21
0.9783668503937007
0
LINE
8
BLACK
6
CONTINUOUS
10
0.2474999606299212
20
0.9783668503937007
11
0.2617856692913386
21
0.9783668503937007
0
LINE
8
BLACK
6
CONTINUOUS
10
0.2617856692913386
20
0.9783668503937007
11
0.2647856692913386
21
0.9775629921259842
0
LINE
8
BLACK
6
CONTINUOUS
10
0.2421696062992126
20
0.9642655118110236
11
0.2381453937007874
21
0.9602412992125984
0
LINE
8
BLACK
6
CONTINUOUS
10
0.2381453937007874
20
0.9602412992125984
11
0.2360182283464567
21
0.9559870078740157
0
LINE
8
BLACK
6
CONTINUOUS
10
0.2360182283464567
20
0.9559870078740157
11
0.2334999606299213
21
0.9459138188976378
0
LINE
8
BLACK
6
CONTINUOUS
10
0.2334999606299213
20
0.9459138188976378
11
0.2334999606299213
21
0.938819842519685
0
LINE
8
BLACK
6
CONTINUOUS
10
0.2334999606299213
20
0.938819842519685
11
0.2360182283464567
21
0.9287466535433071
0
LINE
8
BLACK
6
CONTINUOUS
10
0.2360182283464567
20
0.9287466535433071
11
0.2381453937007874
21
0.9244924015748032
0
LINE
8
BLACK
6
CONTINUOUS
10
0.2381453937007874
20
0.9244924015748032
11
0.2421696062992126
21
0.9204681889763779
0
LINE
8
BLACK
6
CONTINUOUS
10
0.2421696062992126
20
0.9204681889763779
11
0.2484736220472441
21
0.9183668503937008
0
LINE
8
BLACK
6
CONTINUOUS
10
0.2484736220472441
20
0.9183668503937008
11
0.2557856692913386
21
0.9183668503937008
0
LINE
8
BLACK
6
CONTINUOUS
10
0.2557856692913386
20
0.9183668503937008
11
0.2557856692913386
21
0.9663668503937007
0
LINE
8
BLACK
6
CONTINUOUS
10
0.2557856692913386
20
0.9663668503937007
11
0.2484735826771653
21
0.9663668503937007
0
LINE
8
BLACK
6
CONTINUOUS
10
0.2484735826771653
20
0.9663668503937007
11
0.2421696062992126
21
0.9642655118110236
0
LINE
8
BLACK
6
CONTINUOUS
10
0.5847856692913386
20
0.9775629921259842
11
0.586981811023622
21
0.9753668503937007
0
LINE
8
BLACK
6
CONTINUOUS
10
0.586981811023622
20
0.9753668503937007
11
0.5877856692913386
21
0.9723668503937007
0
LINE
8
BLACK
6
CONTINUOUS
10
0.5877856692913386
20
0.9723668503937007
11
0.5877856692913386
21
0.9123668503937008
0
LINE
8
BLACK
6
CONTINUOUS
10
0.5877856692913386
20
0.9123668503937008
11
0.586981811023622
21
0.9093668503937008
0
LINE
8
BLACK
6
CONTINUOUS
10
0.586981811023622
20
0.9093668503937008
11
0.5847856692913386
21
0.9071707086614174
0
LINE
8
BLACK
6
CONTINUOUS
10
0.5847856692913386
20
0.9071707086614174
11
0.5817856692913386
21
0.9063668503937008
0
LINE
8
BLACK
6
CONTINUOUS
10
0.5817856692913386
20
0.9063668503937008
11
0.5674999606299213
21
0.9063668503937008
0
LINE
8
BLACK
6
CONTINUOUS
10
0.5674999606299213
20
0.9063668503937008
11
0.5665668110236221
21
0.9066168503937008
0
LINE
8
BLACK
6
CONTINUOUS
10
0.5665668110236221
20
0.9066168503937008
11
0.5656025984251969
21
0.9066747637795275
0
LINE
8
BLACK
6
CONTINUOUS
10
0.5656025984251969
20
0.9066747637795275
11
0.5570311417322834
21
0.9095319291338583
0
LINE
8
BLACK
6
CONTINUOUS
10
0.5570311417322834
20
0.9095319291338583
11
0.55588031496063
21
0.9102917322834645
0
LINE
8
BLACK
6
CONTINUOUS
10
0.55588031496063
20
0.9102917322834645
11
0.554685905511811
21
0.9109813779527559
0
LINE
8
BLACK
6
CONTINUOUS
10
0.554685905511811
20
0.9109813779527559
11
0.5489716141732284
21
0.9166956299212599
0
LINE
8
BLACK
6
CONTINUOUS
10
0.5489716141732284
20
0.9166956299212599
11
0.5484886220472441
21
0.9175321653543307
0
LINE
8
BLACK
6
CONTINUOUS
10
0.5484886220472441
20
0.9175321653543307
11
0.5478476771653543
21
0.9182549999999999
0
LINE
8
BLACK
6
CONTINUOUS
10
0.5478476771653543
20
0.9182549999999999
11
0.5449905511811024
21
0.9239692913385826
0
LINE
8
BLACK
6
CONTINUOUS
10
0.5449905511811024
20
0.9239692913385826
11
0.5448577559055118
21
0.9246181496062992
0
LINE
8
BLACK
6
CONTINUOUS
10
0.5448577559055118
20
0.9246181496062992
11
0.5445362598425196
21
0.9251973228346456
0
LINE
8
BLACK
6
CONTINUOUS
10
0.5445362598425196
20
0.9251973228346456
11
0.541679094488189
21
0.936625905511811
0
LINE
8
BLACK
6
CONTINUOUS
10
0.541679094488189
20
0.936625905511811
11
0.5416915354330708
21
0.9373661023622047
0
LINE
8
BLACK
6
CONTINUOUS
10
0.5416915354330708
20
0.9373661023622047
11
0.5414999606299212
21
0.9380811417322834
0
LINE
8
BLACK
6
CONTINUOUS
10
0.5414999606299212
20
0.9380811417322834
11
0.5414999606299212
21
0.9466525590551181
0
LINE
8
BLACK
6
CONTINUOUS
10
0.5414999606299212
20
0.9466525590551181
11
0.5416915354330708
21
0.947367559055118
0
LINE
8
BLACK
6
CONTINUOUS
10
0.5416915354330708
20
0.947367559055118
11
0.541679094488189
21
0.9481077952755905
0
LINE
8
BLACK
6
CONTINUOUS
10
0.541679094488189
20
0.9481077952755905
11
0.5445362598425196
21
0.9595363779527559
0
LINE
8
BLACK
6
CONTINUOUS
10
0.5445362598425196
20
0.9595363779527559
11
0.5448577559055118
21
0.9601155118110236
0
LINE
8
BLACK
6
CONTINUOUS
10
0.5448577559055118
20
0.9601155118110236
11
0.5449905511811024
21
0.9607644094488189
0
LINE
8
BLACK
6
CONTINUOUS
10
0.5449905511811024
20
0.9607644094488189
11
0.5478476771653543
21
0.9664787007874015
0
LINE
8
BLACK
6
CONTINUOUS
10
0.5478476771653543
20
0.9664787007874015
11
0.5484886220472441
21
0.9672014960629921
0
LINE
8
BLACK
6
CONTINUOUS
10
0.5484886220472441
20
0.9672014960629921
11
0.5489716141732284
21
0.9680380708661417
0
LINE
8
BLACK
6
CONTINUOUS
10
0.5489716141732284
20
0.9680380708661417
11
0.554685905511811
21
0.9737523622047244
0
LINE
8
BLACK
6
CONTINUOUS
10
0.554685905511811
20
0.9737523622047244
11
0.5558802755905512
21
0.9744419291338583
0
LINE
8
BLACK
6
CONTINUOUS
10
0.5558802755905512
20
0.9744419291338583
11
0.5570311811023622
21
0.975201811023622
0
LINE
8
BLACK
6
CONTINUOUS
10
0.5570311811023622
20
0.975201811023622
11
0.5656025984251969
21
0.9780589763779527
0
LINE
8
BLACK
6
CONTINUOUS
10
0.5656025984251969
20
0.9780589763779527
11
0.566566968503937
21
0.9781168503937008
0
LINE
8
BLACK
6
CONTINUOUS
10
0.566566968503937
20
0.9781168503937008
11
0.5674999606299213
21
0.9783668503937007
0
LINE
8
BLACK
6
CONTINUOUS
10
0.5674999606299213
20
0.9783668503937007
11
0.5817856692913386
21
0.9783668503937007
0
LINE
8
BLACK
6
CONTINUOUS
10
0.5817856692913386
20
0.9783668503937007
11
0.5847856692913386
21
0.9775629921259842
0
LINE
8
BLACK
6
CONTINUOUS
10
0.5621696062992125
20
0.9642655118110236
11
0.5581453937007874
21
0.9602412992125984
0
LINE
8
BLACK
6
CONTINUOUS
10
0.5581453937007874
20
0.9602412992125984
11
0.5560182283464566
21
0.9559870078740157
0
LINE
8
BLACK
6
CONTINUOUS
10
0.5560182283464566
20
0.9559870078740157
11
0.5534999606299212
21
0.9459138188976378
0
LINE
8
BLACK
6
CONTINUOUS
10
0.5534999606299212
20
0.9459138188976378
11
0.5534999606299212
21
0.938819842519685
0
LINE
8
BLACK
6
CONTINUOUS
10
0.5534999606299212
20
0.938819842519685
11
0.5560182283464566
21
0.9287466535433071
0
LINE
8
BLACK
6
CONTINUOUS
10
0.5560182283464566
20
0.9287466535433071
11
0.5581453937007874
21
0.9244924015748032
0
LINE
8
BLACK
6
CONTINUOUS
10
0.5581453937007874
20
0.9244924015748032
11
0.5621696062992125
21
0.9204681889763779
0
LINE
8
BLACK
6
CONTINUOUS
10
0.5621696062992125
20
0.9204681889763779
11
0.5684736220472441
21
0.9183668503937008
0
LINE
8
BLACK
6
CONTINUOUS
10
0.5684736220472441
20
0.9183668503937008
11
0.5757856692913386
21
0.9183668503937008
0
LINE
8
BLACK
6
CONTINUOUS
10
0.5757856692913386
20
0.9183668503937008
11
0.5757856692913386
21
0.9663668503937007
0
LINE
8
BLACK
6
CONTINUOUS
10
0.5757856692913386
20
0.9663668503937007
11
0.5684735826771653
21
0.9663668503937007
0
LINE
8
BLACK
6
CONTINUOUS
10
0.5684735826771653
20
0.9663668503937007
11
0.5621696062992125
21
0.9642655118110236
0
LINE
8
BLACK
6
CONTINUOUS
10
0.8374034251968504
20
0.9780099212598425
11
0.83875468503937
21
0.9777334251968504
0
LINE
8
BLACK
6
CONTINUOUS
10
0.83875468503937
20
0.9777334251968504
11
0.8444689763779527
21
0.9748762992125984
0
LINE
8
BLACK
6
CONTINUOUS
10
0.8444689763779527
20
0.9748762992125984
11
0.8451917716535433
21
0.9742353149606299
0
LINE
8
BLACK
6
CONTINUOUS
10
0.8451917716535433
20
0.9742353149606299
11
0.8460283070866141
21
0.9737523622047244
0
LINE
8
BLACK
6
CONTINUOUS
10
0.8460283070866141
20
0.9737523622047244
11
0.8488854724409448
21
0.9708951968503937
0
LINE
8
BLACK
6
CONTINUOUS
10
0.8488854724409448
20
0.9708951968503937
11
0.8504383858267717
21
0.9682054724409449
0
LINE
8
BLACK
6
CONTINUOUS
10
0.8504383858267717
20
0.9682054724409449
11
0.8504383858267717
21
0.9650996456692913
0
LINE
8
BLACK
6
CONTINUOUS
10
0.8504383858267717
20
0.9650996456692913
11
0.8488854724409448
21
0.9624099212598425
0
LINE
8
BLACK
6
CONTINUOUS
10
0.8488854724409448
20
0.9624099212598425
11
0.846195748031496
21
0.9608570078740157
0
LINE
8
BLACK
6
CONTINUOUS
10
0.846195748031496
20
0.9608570078740157
11
0.8430899212598425
21
0.9608570078740157
0
LINE
8
BLACK
6
CONTINUOUS
10
0.8430899212598425
20
0.9608570078740157
11
0.8404001968503937
21
0.9624099212598425
0
LINE
8
BLACK
6
CONTINUOUS
10
0.8404001968503937
20
0.9624099212598425
11
0.8382315354330708
21
0.9645785826771653
0
LINE
8
BLACK
6
CONTINUOUS
10
0.8382315354330708
20
0.9645785826771653
11
0.834655
21
0.9663668503937007
0
LINE
8
BLACK
6
CONTINUOUS
10
0.834655
20
0.9663668503937007
11
0.8232021259842519
21
0.9663668503937007
0
LINE
8
BLACK
6
CONTINUOUS
10
0.8232021259842519
20
0.9663668503937007
11
0.8196255118110236
21
0.9645785433070866
0
LINE
8
BLACK
6
CONTINUOUS
10
0.8196255118110236
20
0.9645785433070866
11
0.8181453937007874
21
0.9630984251968504
0
LINE
8
BLACK
6
CONTINUOUS
10
0.8181453937007874
20
0.9630984251968504
11
0.8163571259842519
21
0.9595218503937007
0
LINE
8
BLACK
6
CONTINUOUS
10
0.8163571259842519
20
0.9595218503937007
11
0.8163571259842519
21
0.9561976377952756
0
LINE
8
BLACK
6
CONTINUOUS
10
0.8163571259842519
20
0.9561976377952756
11
0.8184584645669292
21
0.949893622047244
0
LINE
8
BLACK
6
CONTINUOUS
10
0.8184584645669292
20
0.949893622047244
11
0.8517425984251968
21
0.9166094881889764
0
LINE
8
BLACK
6
CONTINUOUS
10
0.8517425984251968
20
0.9166094881889764
11
0.8521375590551181
21
0.9159253543307087
0
LINE
8
BLACK
6
CONTINUOUS
10
0.8521375590551181
20
0.9159253543307087
11
0.8526961023622047
21
0.9153668503937008
0
LINE
8
BLACK
6
CONTINUOUS
10
0.8526961023622047
20
0.9153668503937008
11
0.8529005118110236
21
0.9146038582677165
0
LINE
8
BLACK
6
CONTINUOUS
10
0.8529005118110236
20
0.9146038582677165
11
0.8532955118110236
21
0.9139197637795275
0
LINE
8
BLACK
6
CONTINUOUS
10
0.8532955118110236
20
0.9139197637795275
11
0.8532955118110236
21
0.913129842519685
0
LINE
8
BLACK
6
CONTINUOUS
10
0.8532955118110236
20
0.913129842519685
11
0.8534999606299213
21
0.9123668503937008
0
LINE
8
BLACK
6
CONTINUOUS
10
0.8534999606299213
20
0.9123668503937008
11
0.8532955118110236
21
0.9116038188976378
0
LINE
8
BLACK
6
CONTINUOUS
10
0.8532955118110236
20
0.9116038188976378
11
0.8532955118110236
21
0.9108139370078739
0
LINE
8
BLACK
6
CONTINUOUS
10
0.8532955118110236
20
0.9108139370078739
11
0.8529005118110236
21
0.9101298031496062
0
LINE
8
BLACK
6
CONTINUOUS
10
0.8529005118110236
20
0.9101298031496062
11
0.8526961023622047
21
0.9093668503937008
0
LINE
8
BLACK
6
CONTINUOUS
10
0.8526961023622047
20
0.9093668503937008
11
0.8521375590551181
21
0.9088083070866142
0
LINE
8
BLACK
6
CONTINUOUS
10
0.8521375590551181
20
0.9088083070866142
11
0.8517425984251968
21
0.9081242125984251
0
LINE
8
BLACK
6
CONTINUOUS
10
0.8517425984251968
20
0.9081242125984251
11
0.8510584645669291
21
0.9077292125984252
0
LINE
8
BLACK
6
CONTINUOUS
10
0.8510584645669291
20
0.9077292125984252
11
0.8504999606299213
21
0.9071707086614174
0
LINE
8
BLACK
6
CONTINUOUS
10
0.8504999606299213
20
0.9071707086614174
11
0.849736968503937
21
0.9069662598425197
0
LINE
8
BLACK
6
CONTINUOUS
10
0.849736968503937
20
0.9069662598425197
11
0.849052874015748
21
0.9065712992125984
0
LINE
8
BLACK
6
CONTINUOUS
10
0.849052874015748
20
0.9065712992125984
11
0.8482629527559055
21
0.9065712992125984
0
LINE
8
BLACK
6
CONTINUOUS
10
0.8482629527559055
20
0.9065712992125984
11
0.8474999606299213
21
0.9063668503937008
0
LINE
8
BLACK
6
CONTINUOUS
10
0.8474999606299213
20
0.9063668503937008
11
0.8103571259842519
21
0.9063668503937008
0
LINE
8
BLACK
6
CONTINUOUS
10
0.8103571259842519
20
0.9063668503937008
11
0.8073571259842519
21
0.9071707086614174
0
LINE
8
BLACK
6
CONTINUOUS
10
0.8073571259842519
20
0.9071707086614174
11
0.8051609842519685
21
0.9093668503937008
0
LINE
8
BLACK
6
CONTINUOUS
10
0.8051609842519685
20
0.9093668503937008
11
0.8043571259842519
21
0.9123668503937008
0
LINE
8
BLACK
6
CONTINUOUS
10
0.8043571259842519
20
0.9123668503937008
11
0.8051609842519685
21
0.9153668503937008
0
LINE
8
BLACK
6
CONTINUOUS
10
0.8051609842519685
20
0.9153668503937008
11
0.8073571259842519
21
0.9175629921259842
0
LINE
8
BLACK
6
CONTINUOUS
10
0.8073571259842519
20
0.9175629921259842
11
0.8103571259842519
21
0.9183668503937008
0
LINE
8
BLACK
6
CONTINUOUS
10
0.8103571259842519
20
0.9183668503937008
11
0.83301468503937
21
0.9183668503937008
0
LINE
8
BLACK
6
CONTINUOUS
10
0.83301468503937
20
0.9183668503937008
11
0.8089716141732284
21
0.9424099212598425
0
LINE
8
BLACK
6
CONTINUOUS
10
0.8089716141732284
20
0.9424099212598425
11
0.8082820078740157
21
0.9436042913385827
0
LINE
8
BLACK
6
CONTINUOUS
10
0.8082820078740157
20
0.9436042913385827
11
0.8075221653543307
21
0.9447551968503937
0
LINE
8
BLACK
6
CONTINUOUS
10
0.8075221653543307
20
0.9447551968503937
11
0.8046650393700787
21
0.953326653543307
0
LINE
8
BLACK
6
CONTINUOUS
10
0.8046650393700787
20
0.953326653543307
11
0.804607125984252
21
0.9542908661417323
0
LINE
8
BLACK
6
CONTINUOUS
10
0.804607125984252
20
0.9542908661417323
11
0.8043571259842519
21
0.9552240157480315
0
LINE
8
BLACK
6
CONTINUOUS
10
0.8043571259842519
20
0.9552240157480315
11
0.8043571259842519
21
0.9609382677165355
0
LINE
8
BLACK
6
CONTINUOUS
10
0.8043571259842519
20
0.9609382677165355
11
0.8047140551181102
21
0.9622703543307086
0
LINE
8
BLACK
6
CONTINUOUS
10
0.8047140551181102
20
0.9622703543307086
11
0.8049905511811023
21
0.9636215354330708
0
LINE
8
BLACK
6
CONTINUOUS
10
0.8049905511811023
20
0.9636215354330708
11
0.8078476771653543
21
0.9693358267716535
0
LINE
8
BLACK
6
CONTINUOUS
10
0.8078476771653543
20
0.9693358267716535
11
0.808488622047244
21
0.970058622047244
0
LINE
8
BLACK
6
CONTINUOUS
10
0.808488622047244
20
0.970058622047244
11
0.8089716141732284
21
0.9708951968503937
0
LINE
8
BLACK
6
CONTINUOUS
10
0.8089716141732284
20
0.9708951968503937
11
0.8118287795275591
21
0.9737523622047244
0
LINE
8
BLACK
6
CONTINUOUS
10
0.8118287795275591
20
0.9737523622047244
11
0.8126653543307086
21
0.9742353543307086
0
LINE
8
BLACK
6
CONTINUOUS
10
0.8126653543307086
20
0.9742353543307086
11
0.8133881496062992
21
0.9748762992125984
0
LINE
8
BLACK
6
CONTINUOUS
10
0.8133881496062992
20
0.9748762992125984
11
0.8191024015748032
21
0.9777334251968504
0
LINE
8
BLACK
6
CONTINUOUS
10
0.8191024015748032
20
0.9777334251968504
11
0.820453622047244
21
0.9780099212598425
0
LINE
8
BLACK
6
CONTINUOUS
10
0.820453622047244
20
0.9780099212598425
11
0.8217856692913386
21
0.9783668503937007
0
LINE
8
BLACK
6
CONTINUOUS
10
0.8217856692913386
20
0.9783668503937007
11
0.8360714173228346
21
0.9783668503937007
0
LINE
8
BLACK
6
CONTINUOUS
10
0.8360714173228346
20
0.9783668503937007
11
0.8374034251968504
21
0.9780099212598425
0
LINE
8
BLACK
6
CONTINUOUS
10
0.9047856692913385
20
0.9775629921259842
11
0.9069818110236221
21
0.9753668503937007
0
LINE
8
BLACK
6
CONTINUOUS
10
0.9069818110236221
20
0.9753668503937007
11
0.9077856692913385
21
0.9723668503937007
0
LINE
8
BLACK
6
CONTINUOUS
10
0.9077856692913385
20
0.9723668503937007
11
0.9077856692913385
21
0.9123668503937008
0
LINE
8
BLACK
6
CONTINUOUS
10
0.9077856692913385
20
0.9123668503937008
11
0.9069818110236221
21
0.9093668503937008
0
LINE
8
BLACK
6
CONTINUOUS
10
0.9069818110236221
20
0.9093668503937008
11
0.9047856692913385
21
0.9071707086614174
0
LINE
8
BLACK
6
CONTINUOUS
10
0.9047856692913385
20
0.9071707086614174
11
0.9017856692913385
21
0.9063668503937008
0
LINE
8
BLACK
6
CONTINUOUS
10
0.9017856692913385
20
0.9063668503937008
11
0.8874999606299212
21
0.9063668503937008
0
LINE
8
BLACK
6
CONTINUOUS
10
0.8874999606299212
20
0.9063668503937008
11
0.886566811023622
21
0.9066168503937008
0
LINE
8
BLACK
6
CONTINUOUS
10
0.886566811023622
20
0.9066168503937008
11
0.8856025984251968
21
0.9066747637795275
0
LINE
8
BLACK
6
CONTINUOUS
10
0.8856025984251968
20
0.9066747637795275
11
0.8770311417322835
21
0.9095319291338583
0
LINE
8
BLACK
6
CONTINUOUS
10
0.8770311417322835
20
0.9095319291338583
11
0.8758803149606299
21
0.9102917322834645
0
LINE
8
BLACK
6
CONTINUOUS
10
0.8758803149606299
20
0.9102917322834645
11
0.874685905511811
21
0.9109813779527559
0
LINE
8
BLACK
6
CONTINUOUS
10
0.874685905511811
20
0.9109813779527559
11
0.8689716141732283
21
0.9166956299212599
0
LINE
8
BLACK
6
CONTINUOUS
10
0.8689716141732283
20
0.9166956299212599
11
0.8684886220472441
21
0.9175321653543307
0
LINE
8
BLACK
6
CONTINUOUS
10
0.8684886220472441
20
0.9175321653543307
11
0.8678476771653543
21
0.9182549999999999
0
LINE
8
BLACK
6
CONTINUOUS
10
0.8678476771653543
20
0.9182549999999999
11
0.8649905511811024
21
0.9239692913385826
0
LINE
8
BLACK
6
CONTINUOUS
10
0.8649905511811024
20
0.9239692913385826
11
0.8648577559055118
21
0.9246181496062992
0
LINE
8
BLACK
6
CONTINUOUS
10
0.8648577559055118
20
0.9246181496062992
11
0.8645362598425197
21
0.9251973228346456
0
LINE
8
BLACK
6
CONTINUOUS
10
0.8645362598425197
20
0.9251973228346456
11
0.8616790944881889
21
0.936625905511811
0
LINE
8
BLACK
6
CONTINUOUS
10
0.8616790944881889
20
0.936625905511811
11
0.8616915354330709
21
0.9373661023622047
0
LINE
8
BLACK
6
CONTINUOUS
10
0.8616915354330709
20
0.9373661023622047
11
0.8614999606299213
21
0.9380811417322834
0
LINE
8
BLACK
6
CONTINUOUS
10
0.8614999606299213
20
0.9380811417322834
11
0.8614999606299213
21
0.9466525590551181
0
LINE
8
BLACK
6
CONTINUOUS
10
0.8614999606299213
20
0.9466525590551181
11
0.8616915354330709
21
0.947367559055118
0
LINE
8
BLACK
6
CONTINUOUS
10
0.8616915354330709
20
0.947367559055118
11
0.8616790944881889
21
0.9481077952755905
0
LINE
8
BLACK
6
CONTINUOUS
10
0.8616790944881889
20
0.9481077952755905
11
0.8645362598425197
21
0.9595363779527559
0
LINE
8
BLACK
6
CONTINUOUS
10
0.8645362598425197
20
0.9595363779527559
11
0.8648577559055118
21
0.9601155118110236
0
LINE
8
BLACK
6
CONTINUOUS
10
0.8648577559055118
20
0.9601155118110236
11
0.8649905511811024
21
0.9607644094488189
0
LINE
8
BLACK
6
CONTINUOUS
10
0.8649905511811024
20
0.9607644094488189
11
0.8678476771653543
21
0.9664787007874015
0
LINE
8
BLACK
6
CONTINUOUS
10
0.8678476771653543
20
0.9664787007874015
11
0.8684886220472441
21
0.9672014960629921
0
LINE
8
BLACK
6
CONTINUOUS
10
0.8684886220472441
20
0.9672014960629921
11
0.8689716141732283
21
0.9680380708661417
0
LINE
8
BLACK
6
CONTINUOUS
10
0.8689716141732283
20
0.9680380708661417
11
0.874685905511811
21
0.9737523622047244
0
LINE
8
BLACK
6
CONTINUOUS
10
0.874685905511811
20
0.9737523622047244
11
0.8758802755905511
21
0.9744419291338583
0
LINE
8
BLACK
6
CONTINUOUS
10
0.8758802755905511
20
0.9744419291338583
11
0.8770311811023622
21
0.975201811023622
0
LINE
8
BLACK
6
CONTINUOUS
10
0.8770311811023622
20
0.975201811023622
11
0.8856025984251968
21
0.9780589763779527
0
LINE
8
BLACK
6
CONTINUOUS
10
0.8856025984251968
20
0.9780589763779527
11
0.886566968503937
21
0.9781168503937008
0
LINE
8
BLACK
6
CONTINUOUS
10
0.886566968503937
20
0.9781168503937008
11
0.8874999606299212
21
0.9783668503937007
0
LINE
8
BLACK
6
CONTINUOUS
10
0.8874999606299212
20
0.9783668503937007
11
0.9017856692913385
21
0.9783668503937007
0
LINE
8
BLACK
6
CONTINUOUS
10
0.9017856692913385
20
0.9783668503937007
11
0.9047856692913385
21
0.9775629921259842
0
LINE
8
BLACK
6
CONTINUOUS
10
0.8821696062992126
20
0.9642655118110236
11
0.8781453937007874
21
0.9602412992125984
0
LINE
8
BLACK
6
CONTINUOUS
10
0.8781453937007874
20
0.9602412992125984
11
0.8760182283464567
21
0.9559870078740157
0
LINE
8
BLACK
6
CONTINUOUS
10
0.8760182283464567
20
0.9559870078740157
11
0.8734999606299212
21
0.9459138188976378
0
LINE
8
BLACK
6
CONTINUOUS
10
0.8734999606299212
20
0.9459138188976378
11
0.8734999606299212
21
0.938819842519685
0
LINE
8
BLACK
6
CONTINUOUS
10
0.8734999606299212
20
0.938819842519685
11
0.8760182283464567
21
0.9287466535433071
0
LINE
8
BLACK
6
CONTINUOUS
10
0.8760182283464567
20
0.9287466535433071
11
0.8781453937007874
21
0.9244924015748032
0
LINE
8
BLACK
6
CONTINUOUS
10
0.8781453937007874
20
0.9244924015748032
11
0.8821696062992126
21
0.9204681889763779
0
LINE
8
BLACK
6
CONTINUOUS
10
0.8821696062992126
20
0.9204681889763779
11
0.8884736220472441
21
0.9183668503937008
0
LINE
8
BLACK
6
CONTINUOUS
10
0.8884736220472441
20
0.9183668503937008
11
0.8957856692913385
21
0.9183668503937008
0
LINE
8
BLACK
6
CONTINUOUS
10
0.8957856692913385
20
0.9183668503937008
11
0.8957856692913385
21
0.9663668503937007
0
LINE
8
BLACK
6
CONTINUOUS
10
0.8957856692913385
20
0.9663668503937007
11
0.8884735826771654
21
0.9663668503937007
0
LINE
8
BLACK
6
CONTINUOUS
10
0.8884735826771654
20
0.9663668503937007
11
0.8821696062992126
21
0.9642655118110236
0
LINE
8
BLACK
6
CONTINUOUS
10
1.1704999606299213
20
0.9775629921259842
11
1.1726961023622047
21
0.9753668503937007
0
LINE
8
BLACK
6
CONTINUOUS
10
1.1726961023622047
20
0.9753668503937007
11
1.1734999606299212
21
0.9723668503937007
0
LINE
8
BLACK
6
CONTINUOUS
10
1.1734999606299212
20
0.9723668503937007
11
1.1726961023622047
21
0.9693668503937007
0
LINE
8
BLACK
6
CONTINUOUS
10
1.1726961023622047
20
0.9693668503937007
11
1.1704999606299213
21
0.9671707086614173
0
LINE
8
BLACK
6
CONTINUOUS
10
1.1704999606299213
20
0.9671707086614173
11
1.1674999606299212
21
0.9663668503937007
0
LINE
8
BLACK
6
CONTINUOUS
10
1.1674999606299212
20
0.9663668503937007
11
1.1435797637795275
21
0.9663668503937007
0
LINE
8
BLACK
6
CONTINUOUS
10
1.1435797637795275
20
0.9663668503937007
11
1.1548725984251969
21
0.9534607480314961
0
LINE
8
BLACK
6
CONTINUOUS
10
1.1548725984251969
20
0.9534607480314961
11
1.1551341732283464
21
0.9529287795275591
0
LINE
8
BLACK
6
CONTINUOUS
10
1.1551341732283464
20
0.9529287795275591
11
1.1555532677165354
21
0.9525097244094488
0
LINE
8
BLACK
6
CONTINUOUS
10
1.1555532677165354
20
0.9525097244094488
11
1.1558082677165353
21
0.9515579527559055
0
LINE
8
BLACK
6
CONTINUOUS
10
1.1558082677165353
20
0.9515579527559055
11
1.1562431496062993
21
0.9506736614173228
0
LINE
8
BLACK
6
CONTINUOUS
10
1.1562431496062993
20
0.9506736614173228
11
1.1562037007874015
21
0.9500822047244094
0
LINE
8
BLACK
6
CONTINUOUS
10
1.1562037007874015
20
0.9500822047244094
11
1.156357125984252
21
0.9495097244094488
0
LINE
8
BLACK
6
CONTINUOUS
10
1.156357125984252
20
0.9495097244094488
11
1.1561020866141731
21
0.9485579133858267
0
LINE
8
BLACK
6
CONTINUOUS
10
1.1561020866141731
20
0.9485579133858267
11
1.1560365354330708
21
0.9475747244094488
0
LINE
8
BLACK
6
CONTINUOUS
10
1.1560365354330708
20
0.9475747244094488
11
1.1557066535433071
21
0.9470822440944882
0
LINE
8
BLACK
6
CONTINUOUS
10
1.1557066535433071
20
0.9470822440944882
11
1.1555532677165354
21
0.9465097244094488
0
LINE
8
BLACK
6
CONTINUOUS
10
1.1555532677165354
20
0.9465097244094488
11
1.1548565354330709
21
0.9458129921259842
0
LINE
8
BLACK
6
CONTINUOUS
10
1.1548565354330709
20
0.9458129921259842
11
1.1543081496062992
21
0.944994251968504
0
LINE
8
BLACK
6
CONTINUOUS
10
1.1543081496062992
20
0.944994251968504
11
1.1537761811023621
21
0.9447326377952756
0
LINE
8
BLACK
6
CONTINUOUS
10
1.1537761811023621
20
0.9447326377952756
11
1.1533571259842519
21
0.9443135826771654
0
LINE
8
BLACK
6
CONTINUOUS
10
1.1533571259842519
20
0.9443135826771654
11
1.1524053937007874
21
0.9440585433070866
0
LINE
8
BLACK
6
CONTINUOUS
10
1.1524053937007874
20
0.9440585433070866
11
1.1515211023622047
21
0.9436237007874015
0
LINE
8
BLACK
6
CONTINUOUS
10
1.1515211023622047
20
0.9436237007874015
11
1.1509296456692912
21
0.9436631102362204
0
LINE
8
BLACK
6
CONTINUOUS
10
1.1509296456692912
20
0.9436631102362204
11
1.150357125984252
21
0.9435097244094488
0
LINE
8
BLACK
6
CONTINUOUS
10
1.150357125984252
20
0.9435097244094488
11
1.1432020472440945
21
0.9435097244094488
0
LINE
8
BLACK
6
CONTINUOUS
10
1.1432020472440945
20
0.9435097244094488
11
1.1396256299212597
21
0.9417214566929134
0
LINE
8
BLACK
6
CONTINUOUS
10
1.1396256299212597
20
0.9417214566929134
11
1.1381453543307087
21
0.9402412598425197
0
LINE
8
BLACK
6
CONTINUOUS
10
1.1381453543307087
20
0.9402412598425197
11
1.136357125984252
21
0.9366647244094488
0
LINE
8
BLACK
6
CONTINUOUS
10
1.136357125984252
20
0.9366647244094488
11
1.136357125984252
21
0.925211811023622
0
LINE
8
BLACK
6
CONTINUOUS
10
1.136357125984252
20
0.925211811023622
11
1.1381453543307087
21
0.9216352755905511
0
LINE
8
BLACK
6
CONTINUOUS
10
1.1381453543307087
20
0.9216352755905511
11
1.1396256299212597
21
0.9201550787401575
0
LINE
8
BLACK
6
CONTINUOUS
10
1.1396256299212597
20
0.9201550787401575
11
1.1432020472440945
21
0.9183668503937008
0
LINE
8
BLACK
6
CONTINUOUS
10
1.1432020472440945
20
0.9183668503937008
11
1.1575120866141733
21
0.9183668503937008
0
LINE
8
BLACK
6
CONTINUOUS
10
1.1575120866141733
20
0.9183668503937008
11
1.1610887007874016
21
0.920155157480315
0
LINE
8
BLACK
6
CONTINUOUS
10
1.1610887007874016
20
0.920155157480315
11
1.1632573228346457
21
0.9223237795275591
0
LINE
8
BLACK
6
CONTINUOUS
10
1.1632573228346457
20
0.9223237795275591
11
1.1659470472440945
21
0.9238766929133858
0
LINE
8
BLACK
6
CONTINUOUS
10
1.1659470472440945
20
0.9238766929133858
11
1.169052874015748
21
0.9238766929133858
0
LINE
8
BLACK
6
CONTINUOUS
10
1.169052874015748
20
0.9238766929133858
11
1.1717425984251968
21
0.9223237795275591
0
LINE
8
BLACK
6
CONTINUOUS
10
1.1717425984251968
20
0.9223237795275591
11
1.1732955118110235
21
0.9196340551181102
0
LINE
8
BLACK
6
CONTINUOUS
10
1.1732955118110235
20
0.9196340551181102
11
1.1732955118110235
21
0.9165282283464566
0
LINE
8
BLACK
6
CONTINUOUS
10
1.1732955118110235
20
0.9165282283464566
11
1.1717425984251968
21
0.9138385039370078
0
LINE
8
BLACK
6
CONTINUOUS
10
1.1717425984251968
20
0.9138385039370078
11
1.1688854724409448
21
0.9109813779527559
0
LINE
8
BLACK
6
CONTINUOUS
10
1.1688854724409448
20
0.9109813779527559
11
1.1680489370078739
21
0.9104983858267717
0
LINE
8
BLACK
6
CONTINUOUS
10
1.1680489370078739
20
0.9104983858267717
11
1.1673261417322833
21
0.9098574409448819
0
LINE
8
BLACK
6
CONTINUOUS
10
1.1673261417322833
20
0.9098574409448819
11
1.1616118503937007
21
0.9070002755905512
0
LINE
8
BLACK
6
CONTINUOUS
10
1.1616118503937007
20
0.9070002755905512
11
1.1602605118110236
21
0.9067237401574803
0
LINE
8
BLACK
6
CONTINUOUS
10
1.1602605118110236
20
0.9067237401574803
11
1.1589285433070866
21
0.9063668503937008
0
LINE
8
BLACK
6
CONTINUOUS
10
1.1589285433070866
20
0.9063668503937008
11
1.1417856692913386
21
0.9063668503937008
0
LINE
8
BLACK
6
CONTINUOUS
10
1.1417856692913386
20
0.9063668503937008
11
1.1404533858267716
21
0.9067238188976378
0
LINE
8
BLACK
6
CONTINUOUS
10
1.1404533858267716
20
0.9067238188976378
11
1.1391023622047245
21
0.9070003149606299
0
LINE
8
BLACK
6
CONTINUOUS
10
1.1391023622047245
20
0.9070003149606299
11
1.1333881102362204
21
0.9098574803149606
0
LINE
8
BLACK
6
CONTINUOUS
10
1.1333881102362204
20
0.9098574803149606
11
1.1326653937007873
21
0.9104983464566929
0
LINE
8
BLACK
6
CONTINUOUS
10
1.1326653937007873
20
0.9104983464566929
11
1.1318288188976378
21
0.9109813385826772
0
LINE
8
BLACK
6
CONTINUOUS
10
1.1318288188976378
20
0.9109813385826772
11
1.128971653543307
21
0.9138384645669291
0
LINE
8
BLACK
6
CONTINUOUS
10
1.128971653543307
20
0.9138384645669291
11
1.1284886220472441
21
0.9146750393700788
0
LINE
8
BLACK
6
CONTINUOUS
10
1.1284886220472441
20
0.9146750393700788
11
1.1278476771653543
21
0.915397874015748
0
LINE
8
BLACK
6
CONTINUOUS
10
1.1278476771653543
20
0.915397874015748
11
1.1249905511811022
21
0.9211121653543307
0
LINE
8
BLACK
6
CONTINUOUS
10
1.1249905511811022
20
0.9211121653543307
11
1.1247140551181103
21
0.9224633070866142
0
LINE
8
BLACK
6
CONTINUOUS
10
1.1247140551181103
20
0.9224633070866142
11
1.124357125984252
21
0.9237954330708661
0
LINE
8
BLACK
6
CONTINUOUS
10
1.124357125984252
20
0.9237954330708661
11
1.124357125984252
21
0.9380811417322834
0
LINE
8
BLACK
6
CONTINUOUS
10
1.124357125984252
20
0.9380811417322834
11
1.1247140551181103
21
0.9394132283464567
0
LINE
8
BLACK
6
CONTINUOUS
10
1.1247140551181103
20
0.9394132283464567
11
1.1249905511811022
21
0.9407644094488189
0
LINE
8
BLACK
6
CONTINUOUS
10
1.1249905511811022
20
0.9407644094488189
11
1.1278476771653543
21
0.9464787007874016
0
LINE
8
BLACK
6
CONTINUOUS
10
1.1278476771653543
20
0.9464787007874016
11
1.1284886220472441
21
0.9472014960629921
0
LINE
8
BLACK
6
CONTINUOUS
10
1.1284886220472441
20
0.9472014960629921
11
1.128971653543307
21
0.9480381102362204
0
LINE
8
BLACK
6
CONTINUOUS
10
1.128971653543307
20
0.9480381102362204
11
1.1318288188976378
21
0.9508952362204725
0
LINE
8
BLACK
6
CONTINUOUS
10
1.1318288188976378
20
0.9508952362204725
11
1.1326653937007873
21
0.9513781889763779
0
LINE
8
BLACK
6
CONTINUOUS
10
1.1326653937007873
20
0.9513781889763779
11
1.1333881102362204
21
0.952019094488189
0
LINE
8
BLACK
6
CONTINUOUS
10
1.1333881102362204
20
0.952019094488189
11
1.1381190157480314
21
0.9543845669291339
0
LINE
8
BLACK
6
CONTINUOUS
10
1.1381190157480314
20
0.9543845669291339
11
1.1258416535433071
21
0.9684158267716535
0
LINE
8
BLACK
6
CONTINUOUS
10
1.1258416535433071
20
0.9684158267716535
11
1.1255800393700788
21
0.9689477559055117
0
LINE
8
BLACK
6
CONTINUOUS
10
1.1255800393700788
20
0.9689477559055117
11
1.1251609842519685
21
0.9693668503937007
0
LINE
8
BLACK
6
CONTINUOUS
10
1.1251609842519685
20
0.9693668503937007
11
1.1249059448818897
21
0.9703185826771653
0
LINE
8
BLACK
6
CONTINUOUS
10
1.1249059448818897
20
0.9703185826771653
11
1.1244711023622047
21
0.9712029133858268
0
LINE
8
BLACK
6
CONTINUOUS
10
1.1244711023622047
20
0.9712029133858268
11
1.1245105118110237
21
0.9717943307086614
0
LINE
8
BLACK
6
CONTINUOUS
10
1.1245105118110237
20
0.9717943307086614
11
1.124357125984252
21
0.9723668503937007
0
LINE
8
BLACK
6
CONTINUOUS
10
1.124357125984252
20
0.9723668503937007
11
1.1246121653543306
21
0.9733186614173228
0
LINE
8
BLACK
6
CONTINUOUS
10
1.1246121653543306
20
0.9733186614173228
11
1.1246777165354331
21
0.974301811023622
0
LINE
8
BLACK
6
CONTINUOUS
10
1.1246777165354331
20
0.974301811023622
11
1.1250075590551181
21
0.9747942519685039
0
LINE
8
BLACK
6
CONTINUOUS
10
1.1250075590551181
20
0.9747942519685039
11
1.1251609842519685
21
0.9753668503937007
0
LINE
8
BLACK
6
CONTINUOUS
10
1.1251609842519685
20
0.9753668503937007
11
1.1258577165354331
21
0.9760635826771653
0
LINE
8
BLACK
6
CONTINUOUS
10
1.1258577165354331
20
0.9760635826771653
11
1.1264061023622047
21
0.9768823228346456
0
LINE
8
BLACK
6
CONTINUOUS
10
1.1264061023622047
20
0.9768823228346456
11
1.1269380314960629
21
0.9771438976377953
0
LINE
8
BLACK
6
CONTINUOUS
10
1.1269380314960629
20
0.9771438976377953
11
1.1273571259842519
21
0.9775629921259842
0
LINE
8
BLACK
6
CONTINUOUS
10
1.1273571259842519
20
0.9775629921259842
11
1.1283088582677165
21
0.9778179921259842
0
LINE
8
BLACK
6
CONTINUOUS
10
1.1283088582677165
20
0.9778179921259842
11
1.129193188976378
21
0.978252874015748
0
LINE
8
BLACK
6
CONTINUOUS
10
1.129193188976378
20
0.978252874015748
11
1.1297846062992125
21
0.9782134251968504
0
LINE
8
BLACK
6
CONTINUOUS
10
1.1297846062992125
20
0.9782134251968504
11
1.130357125984252
21
0.9783668503937007
0
LINE
8
BLACK
6
CONTINUOUS
10
1.130357125984252
20
0.9783668503937007
11
1.1674999606299212
21
0.9783668503937007
0
LINE
8
BLACK
6
CONTINUOUS
10
1.1674999606299212
20
0.9783668503937007
11
1.1704999606299213
21
0.9775629921259842
0
LINE
8
BLACK
6
CONTINUOUS
10
1.2247856692913386
20
0.9775629921259842
11
1.2269818110236219
21
0.9753668503937007
0
LINE
8
BLACK
6
CONTINUOUS
10
1.2269818110236219
20
0.9753668503937007
11
1.2277856692913385
21
0.9723668503937007
0
LINE
8
BLACK
6
CONTINUOUS
10
1.2277856692913385
20
0.9723668503937007
11
1.2277856692913385
21
0.9123668503937008
0
LINE
8
BLACK
6
CONTINUOUS
10
1.2277856692913385
20
0.9123668503937008
11
1.2269818110236219
21
0.9093668503937008
0
LINE
8
BLACK
6
CONTINUOUS
10
1.2269818110236219
20
0.9093668503937008
11
1.2247856692913386
21
0.9071707086614174
0
LINE
8
BLACK
6
CONTINUOUS
10
1.2247856692913386
20
0.9071707086614174
11
1.2217856692913385
21
0.9063668503937008
0
LINE
8
BLACK
6
CONTINUOUS
10
1.2217856692913385
20
0.9063668503937008
11
1.2074999606299213
21
0.9063668503937008
0
LINE
8
BLACK
6
CONTINUOUS
10
1.2074999606299213
20
0.9063668503937008
11
1.2065668110236221
21
0.9066168503937008
0
LINE
8
BLACK
6
CONTINUOUS
10
1.2065668110236221
20
0.9066168503937008
11
1.2056025984251968
21
0.9066747637795275
0
LINE
8
BLACK
6
CONTINUOUS
10
1.2056025984251968
20
0.9066747637795275
11
1.1970311417322834
21
0.9095319291338583
0
LINE
8
BLACK
6
CONTINUOUS
10
1.1970311417322834
20
0.9095319291338583
11
1.1958803149606299
21
0.9102917322834645
0
LINE
8
BLACK
6
CONTINUOUS
10
1.1958803149606299
20
0.9102917322834645
11
1.1946859055118111
21
0.9109813779527559
0
LINE
8
BLACK
6
CONTINUOUS
10
1.1946859055118111
20
0.9109813779527559
11
1.1889716141732283
21
0.9166956299212599
0
LINE
8
BLACK
6
CONTINUOUS
10
1.1889716141732283
20
0.9166956299212599
11
1.1884886220472441
21
0.9175321653543307
0
LINE
8
BLACK
6
CONTINUOUS
10
1.1884886220472441
20
0.9175321653543307
11
1.1878476771653543
21
0.9182549999999999
0
LINE
8
BLACK
6
CONTINUOUS
10
1.1878476771653543
20
0.9182549999999999
11
1.1849905511811023
21
0.9239692913385826
0
LINE
8
BLACK
6
CONTINUOUS
10
1.1849905511811023
20
0.9239692913385826
11
1.1848577559055118
21
0.9246181496062992
0
LINE
8
BLACK
6
CONTINUOUS
10
1.1848577559055118
20
0.9246181496062992
11
1.1845362598425198
21
0.9251973228346456
0
LINE
8
BLACK
6
CONTINUOUS
10
1.1845362598425198
20
0.9251973228346456
11
1.181679094488189
21
0.936625905511811
0
LINE
8
BLACK
6
CONTINUOUS
10
1.181679094488189
20
0.936625905511811
11
1.1816915354330708
21
0.9373661023622047
0
LINE
8
BLACK
6
CONTINUOUS
10
1.1816915354330708
20
0.9373661023622047
11
1.1814999606299212
21
0.9380811417322834
0
LINE
8
BLACK
6
CONTINUOUS
10
1.1814999606299212
20
0.9380811417322834
11
1.1814999606299212
21
0.9466525590551181
0
LINE
8
BLACK
6
CONTINUOUS
10
1.1814999606299212
20
0.9466525590551181
11
1.1816915354330708
21
0.947367559055118
0
LINE
8
BLACK
6
CONTINUOUS
10
1.1816915354330708
20
0.947367559055118
11
1.181679094488189
21
0.9481077952755905
0
LINE
8
BLACK
6
CONTINUOUS
10
1.181679094488189
20
0.9481077952755905
11
1.1845362598425198
21
0.9595363779527559
0
LINE
8
BLACK
6
CONTINUOUS
10
1.1845362598425198
20
0.9595363779527559
11
1.1848577559055118
21
0.9601155118110236
0
LINE
8
BLACK
6
CONTINUOUS
10
1.1848577559055118
20
0.9601155118110236
11
1.1849905511811023
21
0.9607644094488189
0
LINE
8
BLACK
6
CONTINUOUS
10
1.1849905511811023
20
0.9607644094488189
11
1.1878476771653543
21
0.9664787007874015
0
LINE
8
BLACK
6
CONTINUOUS
10
1.1878476771653543
20
0.9664787007874015
11
1.1884886220472441
21
0.9672014960629921
0
LINE
8
BLACK
6
CONTINUOUS
10
1.1884886220472441
20
0.9672014960629921
11
1.1889716141732283
21
0.9680380708661417
0
LINE
8
BLACK
6
CONTINUOUS
10
1.1889716141732283
20
0.9680380708661417
11
1.1946859055118111
21
0.9737523622047244
0
LINE
8
BLACK
6
CONTINUOUS
10
1.1946859055118111
20
0.9737523622047244
11
1.1958802755905511
21
0.9744419291338583
0
LINE
8
BLACK
6
CONTINUOUS
10
1.1958802755905511
20
0.9744419291338583
11
1.1970311811023622
21
0.975201811023622
0
LINE
8
BLACK
6
CONTINUOUS
10
1.1970311811023622
20
0.975201811023622
11
1.2056025984251968
21
0.9780589763779527
0
LINE
8
BLACK
6
CONTINUOUS
10
1.2056025984251968
20
0.9780589763779527
11
1.2065669685039371
21
0.9781168503937008
0
LINE
8
BLACK
6
CONTINUOUS
10
1.2065669685039371
20
0.9781168503937008
11
1.2074999606299213
21
0.9783668503937007
0
LINE
8
BLACK
6
CONTINUOUS
10
1.2074999606299213
20
0.9783668503937007
11
1.2217856692913385
21
0.9783668503937007
0
LINE
8
BLACK
6
CONTINUOUS
10
1.2217856692913385
20
0.9783668503937007
11
1.2247856692913386
21
0.9775629921259842
0
LINE
8
BLACK
6
CONTINUOUS
10
1.2021696062992127
20
0.9642655118110236
11
1.1981453937007873
21
0.9602412992125984
0
LINE
8
BLACK
6
CONTINUOUS
10
1.1981453937007873
20
0.9602412992125984
11
1.1960182283464567
21
0.9559870078740157
0
LINE
8
BLACK
6
CONTINUOUS
10
1.1960182283464567
20
0.9559870078740157
11
1.1934999606299213
21
0.9459138188976378
0
LINE
8
BLACK
6
CONTINUOUS
10
1.1934999606299213
20
0.9459138188976378
11
1.1934999606299213
21
0.938819842519685
0
LINE
8
BLACK
6
CONTINUOUS
10
1.1934999606299213
20
0.938819842519685
11
1.1960182283464567
21
0.9287466535433071
0
LINE
8
BLACK
6
CONTINUOUS
10
1.1960182283464567
20
0.9287466535433071
11
1.1981453937007873
21
0.9244924015748032
0
LINE
8
BLACK
6
CONTINUOUS
10
1.1981453937007873
20
0.9244924015748032
11
1.2021696062992127
21
0.9204681889763779
0
LINE
8
BLACK
6
CONTINUOUS
10
1.2021696062992127
20
0.9204681889763779
11
1.2084736220472441
21
0.9183668503937008
0
LINE
8
BLACK
6
CONTINUOUS
10
1.2084736220472441
20
0.9183668503937008
11
1.2157856692913385
21
0.9183668503937008
0
LINE
8
BLACK
6
CONTINUOUS
10
1.2157856692913385
20
0.9183668503937008
11
1.2157856692913385
21
0.9663668503937007
0
LINE
8
BLACK
6
CONTINUOUS
10
1.2157856692913385
20
0.9663668503937007
11
1.2084735826771653
21
0.9663668503937007
0
LINE
8
BLACK
6
CONTINUOUS
10
1.2084735826771653
20
0.9663668503937007
11
1.2021696062992127
21
0.9642655118110236
0
LINE
8
BLACK
6
CONTINUOUS
10
0.5304999606299212
20
0.9775629921259842
11
0.5326961023622047
21
0.9753668503937007
0
LINE
8
BLACK
6
CONTINUOUS
10
0.5326961023622047
20
0.9753668503937007
11
0.5334999606299212
21
0.9723668503937007
0
LINE
8
BLACK
6
CONTINUOUS
10
0.5334999606299212
20
0.9723668503937007
11
0.5326961023622047
21
0.9693668503937007
0
LINE
8
BLACK
6
CONTINUOUS
10
0.5326961023622047
20
0.9693668503937007
11
0.5304999606299212
21
0.9671707086614173
0
LINE
8
BLACK
6
CONTINUOUS
10
0.5304999606299212
20
0.9671707086614173
11
0.5274999606299212
21
0.9663668503937007
0
LINE
8
BLACK
6
CONTINUOUS
10
0.5274999606299212
20
0.9663668503937007
11
0.4965992125984252
21
0.9663668503937007
0
LINE
8
BLACK
6
CONTINUOUS
10
0.4965992125984252
20
0.9663668503937007
11
0.5187291338582677
21
0.9147303543307086
0
LINE
8
BLACK
6
CONTINUOUS
10
0.5187291338582677
20
0.9147303543307086
11
0.5191720078740157
21
0.9116562598425196
0
LINE
8
BLACK
6
CONTINUOUS
10
0.5191720078740157
20
0.9116562598425196
11
0.5180185433070866
21
0.9087725984251969
0
LINE
8
BLACK
6
CONTINUOUS
10
0.5180185433070866
20
0.9087725984251969
11
0.5155777559055118
21
0.906851968503937
0
LINE
8
BLACK
6
CONTINUOUS
10
0.5155777559055118
20
0.906851968503937
11
0.5125037007874016
21
0.9064090551181102
0
LINE
8
BLACK
6
CONTINUOUS
10
0.5125037007874016
20
0.9064090551181102
11
0.50962
21
0.9075625590551181
0
LINE
8
BLACK
6
CONTINUOUS
10
0.50962
20
0.9075625590551181
11
0.5076993700787401
21
0.9100033070866141
0
LINE
8
BLACK
6
CONTINUOUS
10
0.5076993700787401
20
0.9100033070866141
11
0.4819850787401574
21
0.9700033464566928
0
LINE
8
BLACK
6
CONTINUOUS
10
0.4819850787401574
20
0.9700033464566928
11
0.4818127165354331
21
0.9711994881889764
0
LINE
8
BLACK
6
CONTINUOUS
10
0.4818127165354331
20
0.9711994881889764
11
0.4814999606299212
21
0.9723668503937007
0
LINE
8
BLACK
6
CONTINUOUS
10
0.4814999606299212
20
0.9723668503937007
11
0.4815939763779528
21
0.9727178346456693
0
LINE
8
BLACK
6
CONTINUOUS
10
0.4815939763779528
20
0.9727178346456693
11
0.4815422047244095
21
0.9730774409448819
0
LINE
8
BLACK
6
CONTINUOUS
10
0.4815422047244095
20
0.9730774409448819
11
0.4819909842519685
21
0.9741994488188976
0
LINE
8
BLACK
6
CONTINUOUS
10
0.4819909842519685
20
0.9741994488188976
11
0.4823038188976378
21
0.9753668503937007
0
LINE
8
BLACK
6
CONTINUOUS
10
0.4823038188976378
20
0.9753668503937007
11
0.4825607086614173
21
0.9756237401574803
0
LINE
8
BLACK
6
CONTINUOUS
10
0.4825607086614173
20
0.9756237401574803
11
0.4826956692913386
21
0.9759611023622047
0
LINE
8
BLACK
6
CONTINUOUS
10
0.4826956692913386
20
0.9759611023622047
11
0.4836453937007874
21
0.9767084251968504
0
LINE
8
BLACK
6
CONTINUOUS
10
0.4836453937007874
20
0.9767084251968504
11
0.4844999606299212
21
0.9775629921259842
0
LINE
8
BLACK
6
CONTINUOUS
10
0.4844999606299212
20
0.9775629921259842
11
0.4848508661417323
21
0.9776570078740158
0
LINE
8
BLACK
6
CONTINUOUS
10
0.4848508661417323
20
0.9776570078740158
11
0.4851364566929134
21
0.9778817322834645
0
LINE
8
BLACK
6
CONTINUOUS
10
0.4851364566929134
20
0.9778817322834645
11
0.4863325984251968
21
0.9780540551181102
0
LINE
8
BLACK
6
CONTINUOUS
10
0.4863325984251968
20
0.9780540551181102
11
0.4874999606299212
21
0.9783668503937007
0
LINE
8
BLACK
6
CONTINUOUS
10
0.4874999606299212
20
0.9783668503937007
11
0.5274999606299212
21
0.9783668503937007
0
LINE
8
BLACK
6
CONTINUOUS
10
0.5274999606299212
20
0.9783668503937007
11
0.5304999606299212
21
0.9775629921259842
0
LINE
8
BLACK
6
CONTINUOUS
10
1.4059099212598425
20
1.1333258661417323
11
1.4074571653543306
21
1.1320275590551181
0
LINE
8
BLACK
6
CONTINUOUS
10
1.4074571653543306
20
1.1320275590551181
11
1.4078079133858268
21
1.1300384251968503
0
LINE
8
BLACK
6
CONTINUOUS
10
1.4078079133858268
20
1.1300384251968503
11
1.4067979921259841
21
1.1282892519685039
0
LINE
8
BLACK
6
CONTINUOUS
10
1.4067979921259841
20
1.1282892519685039
11
1.4049
21
1.1275984251968503
0
LINE
8
BLACK
6
CONTINUOUS
10
1.4049
20
1.1275984251968503
11
1.3901181102362203
21
1.1275984251968503
0
LINE
8
BLACK
6
CONTINUOUS
10
1.3901181102362203
20
1.1275984251968503
11
1.3901181102362203
21
1.1138527559055118
0
LINE
8
BLACK
6
CONTINUOUS
10
1.3901181102362203
20
1.1138527559055118
11
1.4049
21
1.1138527559055118
0
LINE
8
BLACK
6
CONTINUOUS
10
1.4049
20
1.1138527559055118
11
1.4059099212598425
21
1.1136746850393699
0
LINE
8
BLACK
6
CONTINUOUS
10
1.4059099212598425
20
1.1136746850393699
11
1.4074571653543306
21
1.1123763779527558
0
LINE
8
BLACK
6
CONTINUOUS
10
1.4074571653543306
20
1.1123763779527558
11
1.4078079133858268
21
1.1103872440944882
0
LINE
8
BLACK
6
CONTINUOUS
10
1.4078079133858268
20
1.1103872440944882
11
1.4067979921259841
21
1.1086380708661416
0
LINE
8
BLACK
6
CONTINUOUS
10
1.4067979921259841
20
1.1086380708661416
11
1.4049
21
1.1079472440944882
0
LINE
8
BLACK
6
CONTINUOUS
10
1.4049
20
1.1079472440944882
11
1.3901181102362203
21
1.1079472440944882
0
LINE
8
BLACK
6
CONTINUOUS
10
1.3901181102362203
20
1.1079472440944882
11
1.3901181102362203
21
0.9524015748031496
0
LINE
8
BLACK
6
CONTINUOUS
10
1.3901181102362203
20
0.9524015748031496
11
1.4049
21
0.9524015748031496
0
LINE
8
BLACK
6
CONTINUOUS
10
1.4049
20
0.9524015748031496
11
1.4059099212598425
21
0.9522235039370078
0
LINE
8
BLACK
6
CONTINUOUS
10
1.4059099212598425
20
0.9522235039370078
11
1.4074571653543306
21
0.9509251968503937
0
LINE
8
BLACK
6
CONTINUOUS
10
1.4074571653543306
20
0.9509251968503937
11
1.4078079133858268
21
0.948936062992126
0
LINE
8
BLACK
6
CONTINUOUS
10
1.4078079133858268
20
0.948936062992126
11
1.4067979921259841
21
0.9471868897637795
0
LINE
8
BLACK
6
CONTINUOUS
10
1.4067979921259841
20
0.9471868897637795
11
1.4049
21
0.946496062992126
0
LINE
8
BLACK
6
CONTINUOUS
10
1.4049
20
0.946496062992126
11
1.3871653543307085
21
0.946496062992126
0
LINE
8
BLACK
6
CONTINUOUS
10
1.3871653543307085
20
0.946496062992126
11
1.3867818110236221
21
0.9465636614173228
0
LINE
8
BLACK
6
CONTINUOUS
10
1.3867818110236221
20
0.9465636614173228
11
1.3866525984251967
21
0.946540905511811
0
LINE
8
BLACK
6
CONTINUOUS
10
1.3866525984251967
20
0.946540905511811
11
1.3865389763779528
21
0.9466064960629921
0
LINE
8
BLACK
6
CONTINUOUS
10
1.3865389763779528
20
0.9466064960629921
11
1.3861554330708661
21
0.9466741338582677
0
LINE
8
BLACK
6
CONTINUOUS
10
1.3861554330708661
20
0.9466741338582677
11
1.385567716535433
21
0.9471672440944882
0
LINE
8
BLACK
6
CONTINUOUS
10
1.385567716535433
20
0.9471672440944882
11
1.3849034251968504
21
0.9475508267716535
0
LINE
8
BLACK
6
CONTINUOUS
10
1.3849034251968504
20
0.9475508267716535
11
1.3848122834645669
21
0.9478011417322835
0
LINE
8
BLACK
6
CONTINUOUS
10
1.3848122834645669
20
0.9478011417322835
11
1.3846081889763779
21
0.9479724409448819
0
LINE
8
BLACK
6
CONTINUOUS
10
1.3846081889763779
20
0.9479724409448819
11
1.3844749212598424
21
0.9487279921259842
0
LINE
8
BLACK
6
CONTINUOUS
10
1.3844749212598424
20
0.9487279921259842
11
1.3842125984251967
21
0.9494488188976378
0
LINE
8
BLACK
6
CONTINUOUS
10
1.3842125984251967
20
0.9494488188976378
11
1.3842125984251967
21
1.1305511811023621
0
LINE
8
BLACK
6
CONTINUOUS
10
1.3842125984251967
20
1.1305511811023621
11
1.3842801968503937
21
1.13093468503937
0
LINE
8
BLACK
6
CONTINUOUS
10
1.3842801968503937
20
1.13093468503937
11
1.3842574409448818
21
1.1310639370078739
0
LINE
8
BLACK
6
CONTINUOUS
10
1.3842574409448818
20
1.1310639370078739
11
1.3843230314960631
21
1.1311775196850393
0
LINE
8
BLACK
6
CONTINUOUS
10
1.3843230314960631
20
1.1311775196850393
11
1.3843906692913386
21
1.1315611023622048
0
LINE
8
BLACK
6
CONTINUOUS
10
1.3843906692913386
20
1.1315611023622048
11
1.384883779527559
21
1.1321487795275591
0
LINE
8
BLACK
6
CONTINUOUS
10
1.384883779527559
20
1.1321487795275591
11
1.3852673622047245
21
1.1328131102362204
0
LINE
8
BLACK
6
CONTINUOUS
10
1.3852673622047245
20
1.1328131102362204
11
1.3855176771653543
21
1.1329042125984252
0
LINE
8
BLACK
6
CONTINUOUS
10
1.3855176771653543
20
1.1329042125984252
11
1.3856889763779527
21
1.1331083464566929
0
LINE
8
BLACK
6
CONTINUOUS
10
1.3856889763779527
20
1.1331083464566929
11
1.3864445275590551
21
1.1332415748031497
0
LINE
8
BLACK
6
CONTINUOUS
10
1.3864445275590551
20
1.1332415748031497
11
1.3871653543307085
21
1.1335039370078739
0
LINE
8
BLACK
6
CONTINUOUS
10
1.3871653543307085
20
1.1335039370078739
11
1.4049
21
1.1335039370078739
0
LINE
8
BLACK
6
CONTINUOUS
10
1.4049
20
1.1335039370078739
11
1.4059099212598425
21
1.1333258661417323
0
LINE
8
BLACK
6
CONTINUOUS
10
1.5332181496062991
20
1.1334362992125984
11
1.5333474015748032
21
1.133459094488189
0
LINE
8
BLACK
6
CONTINUOUS
10
1.5333474015748032
20
1.133459094488189
11
1.5334609842519684
21
1.133393464566929
0
LINE
8
BLACK
6
CONTINUOUS
10
1.5334609842519684
20
1.133393464566929
11
1.5338445669291338
21
1.1333258661417323
0
LINE
8
BLACK
6
CONTINUOUS
10
1.5338445669291338
20
1.1333258661417323
11
1.5344322440944882
21
1.132832716535433
0
LINE
8
BLACK
6
CONTINUOUS
10
1.5344322440944882
20
1.132832716535433
11
1.5350965748031495
21
1.1324491732283464
0
LINE
8
BLACK
6
CONTINUOUS
10
1.5350965748031495
20
1.1324491732283464
11
1.5351876771653543
21
1.1321988188976377
0
LINE
8
BLACK
6
CONTINUOUS
10
1.5351876771653543
20
1.1321988188976377
11
1.535391811023622
21
1.1320275590551181
0
LINE
8
BLACK
6
CONTINUOUS
10
1.535391811023622
20
1.1320275590551181
11
1.5355250393700788
21
1.131271968503937
0
LINE
8
BLACK
6
CONTINUOUS
10
1.5355250393700788
20
1.131271968503937
11
1.5357874015748032
21
1.1305511811023621
0
LINE
8
BLACK
6
CONTINUOUS
10
1.5357874015748032
20
1.1305511811023621
11
1.5357874015748032
21
0.9494488188976378
0
LINE
8
BLACK
6
CONTINUOUS
10
1.5357874015748032
20
0.9494488188976378
11
1.5357197637795275
21
0.9490652755905512
0
LINE
8
BLACK
6
CONTINUOUS
10
1.5357197637795275
20
0.9490652755905512
11
1.5357425590551181
21
0.948936062992126
0
LINE
8
BLACK
6
CONTINUOUS
10
1.5357425590551181
20
0.948936062992126
11
1.5356769291338583
21
0.9488224409448819
0
LINE
8
BLACK
6
CONTINUOUS
10
1.5356769291338583
20
0.9488224409448819
11
1.5356093307086613
21
0.9484388976377952
0
LINE
8
BLACK
6
CONTINUOUS
10
1.5356093307086613
20
0.9484388976377952
11
1.5351161811023621
21
0.9478511811023622
0
LINE
8
BLACK
6
CONTINUOUS
10
1.5351161811023621
20
0.9478511811023622
11
1.5347326377952755
21
0.9471868897637795
0
LINE
8
BLACK
6
CONTINUOUS
10
1.5347326377952755
20
0.9471868897637795
11
1.5344822834645668
21
0.947095748031496
0
LINE
8
BLACK
6
CONTINUOUS
10
1.5344822834645668
20
0.947095748031496
11
1.5343110236220472
21
0.9468916535433071
0
LINE
8
BLACK
6
CONTINUOUS
10
1.5343110236220472
20
0.9468916535433071
11
1.5335554330708661
21
0.9467583858267716
0
LINE
8
BLACK
6
CONTINUOUS
10
1.5335554330708661
20
0.9467583858267716
11
1.5328346456692914
21
0.946496062992126
0
LINE
8
BLACK
6
CONTINUOUS
10
1.5328346456692914
20
0.946496062992126
11
1.5150999999999999
21
0.946496062992126
0
LINE
8
BLACK
6
CONTINUOUS
10
1.5150999999999999
20
0.946496062992126
11
1.5140900787401574
21
0.9466741338582677
0
LINE
8
BLACK
6
CONTINUOUS
10
1.5140900787401574
20
0.9466741338582677
11
1.5125428346456693
21
0.9479724409448819
0
LINE
8
BLACK
6
CONTINUOUS
10
1.5125428346456693
20
0.9479724409448819
11
1.5121920866141731
21
0.9499615748031496
0
LINE
8
BLACK
6
CONTINUOUS
10
1.5121920866141731
20
0.9499615748031496
11
1.5132020078740158
21
0.951710748031496
0
LINE
8
BLACK
6
CONTINUOUS
10
1.5132020078740158
20
0.951710748031496
11
1.5150999999999999
21
0.9524015748031496
0
LINE
8
BLACK
6
CONTINUOUS
10
1.5150999999999999
20
0.9524015748031496
11
1.5298818897637796
21
0.9524015748031496
0
LINE
8
BLACK
6
CONTINUOUS
10
1.5298818897637796
20
0.9524015748031496
11
1.5298818897637796
21
1.1079472440944882
0
LINE
8
BLACK
6
CONTINUOUS
10
1.5298818897637796
20
1.1079472440944882
11
1.5150999999999999
21
1.1079472440944882
0
LINE
8
BLACK
6
CONTINUOUS
10
1.5150999999999999
20
1.1079472440944882
11
1.5140900787401574
21
1.1081253149606298
0
LINE
8
BLACK
6
CONTINUOUS
10
1.5140900787401574
20
1.1081253149606298
11
1.5125428346456693
21
1.109423622047244
0
LINE
8
BLACK
6
CONTINUOUS
10
1.5125428346456693
20
1.109423622047244
11
1.5121920866141731
21
1.1114127559055118
0
LINE
8
BLACK
6
CONTINUOUS
10
1.5121920866141731
20
1.1114127559055118
11
1.5132020078740158
21
1.1131619291338581
0
LINE
8
BLACK
6
CONTINUOUS
10
1.5132020078740158
20
1.1131619291338581
11
1.5150999999999999
21
1.1138527559055118
0
LINE
8
BLACK
6
CONTINUOUS
10
1.5150999999999999
20
1.1138527559055118
11
1.5298818897637796
21
1.1138527559055118
0
LINE
8
BLACK
6
CONTINUOUS
10
1.5298818897637796
20
1.1138527559055118
11
1.5298818897637796
21
1.1275984251968503
0
LINE
8
BLACK
6
CONTINUOUS
10
1.5298818897637796
20
1.1275984251968503
11
1.5150999999999999
21
1.1275984251968503
0
LINE
8
BLACK
6
CONTINUOUS
10
1.5150999999999999
20
1.1275984251968503
11
1.5140900787401574
21
1.1277764960629921
0
LINE
8
BLACK
6
CONTINUOUS
10
1.5140900787401574
20
1.1277764960629921
11
1.5125428346456693
21
1.1290748031496063
0
LINE
8
BLACK
6
CONTINUOUS
10
1.5125428346456693
20
1.1290748031496063
11
1.5121920866141731
21
1.1310639370078739
0
LINE
8
BLACK
6
CONTINUOUS
10
1.5121920866141731
20
1.1310639370078739
11
1.5132020078740158
21
1.1328131102362204
0
LINE
8
BLACK
6
CONTINUOUS
10
1.5132020078740158
20
1.1328131102362204
11
1.5150999999999999
21
1.1335039370078739
0
LINE
8
BLACK
6
CONTINUOUS
10
1.5150999999999999
20
1.1335039370078739
11
1.5328346456692914
21
1.1335039370078739
0
LINE
8
BLACK
6
CONTINUOUS
10
1.5328346456692914
20
1.1335039370078739
11
1.5332181496062991
21
1.1334362992125984
0
LINE
8
BLACK
6
CONTINUOUS
10
1.456675433070866
20
1.0304383858267716
11
1.4577574015748032
21
1.0304383858267716
0
LINE
8
BLACK
6
CONTINUOUS
10
1.4577574015748032
20
1.0304383858267716
11
1.4581851574803149
21
1.0301914173228346
0
LINE
8
BLACK
6
CONTINUOUS
10
1.4581851574803149
20
1.0301914173228346
11
1.4586725984251969
21
1.0301116929133858
0
LINE
8
BLACK
6
CONTINUOUS
10
1.4586725984251969
20
1.0301116929133858
11
1.4595099606299213
21
1.0294265354330709
0
LINE
8
BLACK
6
CONTINUOUS
10
1.4595099606299213
20
1.0294265354330709
11
1.4604471653543307
21
1.0288855118110236
0
LINE
8
BLACK
6
CONTINUOUS
10
1.4604471653543307
20
1.0288855118110236
11
1.4606941338582677
21
1.0284577165354329
0
LINE
8
BLACK
6
CONTINUOUS
10
1.4606941338582677
20
1.0284577165354329
11
1.4610763779527558
21
1.0281450000000001
0
LINE
8
BLACK
6
CONTINUOUS
10
1.4610763779527558
20
1.0281450000000001
11
1.4614590157480314
21
1.0271328740157479
0
LINE
8
BLACK
6
CONTINUOUS
10
1.4614590157480314
20
1.0271328740157479
11
1.4620000787401575
21
1.0261957874015748
0
LINE
8
BLACK
6
CONTINUOUS
10
1.4620000787401575
20
1.0261957874015748
11
1.4620000787401575
21
1.0257018897637795
0
LINE
8
BLACK
6
CONTINUOUS
10
1.4620000787401575
20
1.0257018897637795
11
1.4621747637795275
21
1.0252398818897637
0
LINE
8
BLACK
6
CONTINUOUS
10
1.4621747637795275
20
1.0252398818897637
11
1.4620000787401575
21
1.0241718503937007
0
LINE
8
BLACK
6
CONTINUOUS
10
1.4620000787401575
20
1.0241718503937007
11
1.4620000787401575
21
1.0230899606299213
0
LINE
8
BLACK
6
CONTINUOUS
10
1.4620000787401575
20
1.0230899606299213
11
1.4617531496062992
21
1.0226622440944881
0
LINE
8
BLACK
6
CONTINUOUS
10
1.4617531496062992
20
1.0226622440944881
11
1.4616734251968504
21
1.0221747637795275
0
LINE
8
BLACK
6
CONTINUOUS
10
1.4616734251968504
20
1.0221747637795275
11
1.4609881496062991
21
1.0213372047244094
0
LINE
8
BLACK
6
CONTINUOUS
10
1.4609881496062991
20
1.0213372047244094
11
1.4604472047244095
21
1.0204002362204725
0
LINE
8
BLACK
6
CONTINUOUS
10
1.4604472047244095
20
1.0204002362204725
11
1.4582784645669291
21
1.0182314960629921
0
LINE
8
BLACK
6
CONTINUOUS
10
1.4582784645669291
20
1.0182314960629921
11
1.4564902362204724
21
1.0146550000000001
0
LINE
8
BLACK
6
CONTINUOUS
10
1.4564902362204724
20
1.0146550000000001
11
1.4564902362204724
21
1.0032020472440946
0
LINE
8
BLACK
6
CONTINUOUS
10
1.4564902362204724
20
1.0032020472440946
11
1.4582784645669291
21
0.9996255511811023
0
LINE
8
BLACK
6
CONTINUOUS
10
1.4582784645669291
20
0.9996255511811023
11
1.4597586614173228
21
0.9981453543307086
0
LINE
8
BLACK
6
CONTINUOUS
10
1.4597586614173228
20
0.9981453543307086
11
1.4633352362204723
21
0.996357125984252
0
LINE
8
BLACK
6
CONTINUOUS
10
1.4633352362204723
20
0.996357125984252
11
1.4747881102362204
21
0.996357125984252
0
LINE
8
BLACK
6
CONTINUOUS
10
1.4747881102362204
20
0.996357125984252
11
1.4783646850393701
21
0.9981453937007874
0
LINE
8
BLACK
6
CONTINUOUS
10
1.4783646850393701
20
0.9981453937007874
11
1.4798448031496063
21
0.9996255118110235
0
LINE
8
BLACK
6
CONTINUOUS
10
1.4798448031496063
20
0.9996255118110235
11
1.4816331102362204
21
1.0032020866141733
0
LINE
8
BLACK
6
CONTINUOUS
10
1.4816331102362204
20
1.0032020866141733
11
1.4816331102362204
21
1.0146549606299213
0
LINE
8
BLACK
6
CONTINUOUS
10
1.4816331102362204
20
1.0146549606299213
11
1.4798448031496063
21
1.0182315354330709
0
LINE
8
BLACK
6
CONTINUOUS
10
1.4798448031496063
20
1.0182315354330709
11
1.4776761811023622
21
1.0204001968503937
0
LINE
8
BLACK
6
CONTINUOUS
10
1.4776761811023622
20
1.0204001968503937
11
1.4761232677165355
21
1.0230899212598425
0
LINE
8
BLACK
6
CONTINUOUS
10
1.4761232677165355
20
1.0230899212598425
11
1.4761232677165355
21
1.026195748031496
0
LINE
8
BLACK
6
CONTINUOUS
10
1.4761232677165355
20
1.026195748031496
11
1.4776761811023622
21
1.0288854724409449
0
LINE
8
BLACK
6
CONTINUOUS
10
1.4776761811023622
20
1.0288854724409449
11
1.480365905511811
21
1.0304383858267716
0
LINE
8
BLACK
6
CONTINUOUS
10
1.480365905511811
20
1.0304383858267716
11
1.4834717322834645
21
1.0304383858267716
0
LINE
8
BLACK
6
CONTINUOUS
10
1.4834717322834645
20
1.0304383858267716
11
1.4861614566929133
21
1.0288854724409449
0
LINE
8
BLACK
6
CONTINUOUS
10
1.4861614566929133
20
1.0288854724409449
11
1.4890186220472441
21
1.0260283070866141
0
LINE
8
BLACK
6
CONTINUOUS
10
1.4890186220472441
20
1.0260283070866141
11
1.4895016141732282
21
1.0251916929133857
0
LINE
8
BLACK
6
CONTINUOUS
10
1.4895016141732282
20
1.0251916929133857
11
1.4901425590551181
21
1.0244689370078739
0
LINE
8
BLACK
6
CONTINUOUS
10
1.4901425590551181
20
1.0244689370078739
11
1.4929996850393701
21
1.0187546850393701
0
LINE
8
BLACK
6
CONTINUOUS
10
1.4929996850393701
20
1.0187546850393701
11
1.4932761811023623
21
1.0174034251968505
0
LINE
8
BLACK
6
CONTINUOUS
10
1.4932761811023623
20
1.0174034251968505
11
1.4936331102362204
21
1.0160714173228347
0
LINE
8
BLACK
6
CONTINUOUS
10
1.4936331102362204
20
1.0160714173228347
11
1.4936331102362204
21
1.0017856692913385
0
LINE
8
BLACK
6
CONTINUOUS
10
1.4936331102362204
20
1.0017856692913385
11
1.4932761811023623
21
1.000453622047244
0
LINE
8
BLACK
6
CONTINUOUS
10
1.4932761811023623
20
1.000453622047244
11
1.4929996850393701
21
0.9991024015748031
0
LINE
8
BLACK
6
CONTINUOUS
10
1.4929996850393701
20
0.9991024015748031
11
1.4901425590551181
21
0.9933881496062992
0
LINE
8
BLACK
6
CONTINUOUS
10
1.4901425590551181
20
0.9933881496062992
11
1.4895016141732282
21
0.9926653543307087
0
LINE
8
BLACK
6
CONTINUOUS
10
1.4895016141732282
20
0.9926653543307087
11
1.4890186220472441
21
0.991828779527559
0
LINE
8
BLACK
6
CONTINUOUS
10
1.4890186220472441
20
0.991828779527559
11
1.4861614566929133
21
0.9889716141732283
0
LINE
8
BLACK
6
CONTINUOUS
10
1.4861614566929133
20
0.9889716141732283
11
1.4853248818897637
21
0.9884886220472441
0
LINE
8
BLACK
6
CONTINUOUS
10
1.4853248818897637
20
0.9884886220472441
11
1.4846020866141731
21
0.9878476771653543
0
LINE
8
BLACK
6
CONTINUOUS
10
1.4846020866141731
20
0.9878476771653543
11
1.4788877952755906
21
0.9849905511811023
0
LINE
8
BLACK
6
CONTINUOUS
10
1.4788877952755906
20
0.9849905511811023
11
1.4775366141732282
21
0.9847140551181102
0
LINE
8
BLACK
6
CONTINUOUS
10
1.4775366141732282
20
0.9847140551181102
11
1.4762045275590552
21
0.984357125984252
0
LINE
8
BLACK
6
CONTINUOUS
10
1.4762045275590552
20
0.984357125984252
11
1.4619188188976378
21
0.984357125984252
0
LINE
8
BLACK
6
CONTINUOUS
10
1.4619188188976378
20
0.984357125984252
11
1.4605866929133857
21
0.9847140551181102
0
LINE
8
BLACK
6
CONTINUOUS
10
1.4605866929133857
20
0.9847140551181102
11
1.4592355511811024
21
0.9849905511811023
0
LINE
8
BLACK
6
CONTINUOUS
10
1.4592355511811024
20
0.9849905511811023
11
1.4535212598425196
21
0.9878476771653543
0
LINE
8
BLACK
6
CONTINUOUS
10
1.4535212598425196
20
0.9878476771653543
11
1.4527985433070867
21
0.9884885433070866
0
LINE
8
BLACK
6
CONTINUOUS
10
1.4527985433070867
20
0.9884885433070866
11
1.4519618503937008
21
0.9889716141732283
0
LINE
8
BLACK
6
CONTINUOUS
10
1.4519618503937008
20
0.9889716141732283
11
1.4491047244094488
21
0.9918288188976377
0
LINE
8
BLACK
6
CONTINUOUS
10
1.4491047244094488
20
0.9918288188976377
11
1.4486217322834645
21
0.9926653937007873
0
LINE
8
BLACK
6
CONTINUOUS
10
1.4486217322834645
20
0.9926653937007873
11
1.4479808661417322
21
0.9933881102362204
0
LINE
8
BLACK
6
CONTINUOUS
10
1.4479808661417322
20
0.9933881102362204
11
1.4451237007874016
21
0.9991023622047244
0
LINE
8
BLACK
6
CONTINUOUS
10
1.4451237007874016
20
0.9991023622047244
11
1.4448472047244094
21
1.0004533858267717
0
LINE
8
BLACK
6
CONTINUOUS
10
1.4448472047244094
20
1.0004533858267717
11
1.4444902362204723
21
1.0017856692913385
0
LINE
8
BLACK
6
CONTINUOUS
10
1.4444902362204723
20
1.0017856692913385
11
1.4444902362204723
21
1.0160714173228347
0
LINE
8
BLACK
6
CONTINUOUS
10
1.4444902362204723
20
1.0160714173228347
11
1.4448472047244094
21
1.0174036614173227
0
LINE
8
BLACK
6
CONTINUOUS
10
1.4448472047244094
20
1.0174036614173227
11
1.4448625590551181
21
1.0174786614173228
0
LINE
8
BLACK
6
CONTINUOUS
10
1.4448625590551181
20
1.0174786614173228
11
1.4336331102362205
21
1.0163557086614172
0
LINE
8
BLACK
6
CONTINUOUS
10
1.4336331102362205
20
1.0163557086614172
11
1.4336331102362205
21
0.9932142519685039
0
LINE
8
BLACK
6
CONTINUOUS
10
1.4336331102362205
20
0.9932142519685039
11
1.432829251968504
21
0.9902142519685039
0
LINE
8
BLACK
6
CONTINUOUS
10
1.432829251968504
20
0.9902142519685039
11
1.4306331102362204
21
0.9880181102362204
0
LINE
8
BLACK
6
CONTINUOUS
10
1.4306331102362204
20
0.9880181102362204
11
1.4276331102362205
21
0.9872142519685039
0
LINE
8
BLACK
6
CONTINUOUS
10
1.4276331102362205
20
0.9872142519685039
11
1.4246331102362204
21
0.9880181102362204
0
LINE
8
BLACK
6
CONTINUOUS
10
1.4246331102362204
20
0.9880181102362204
11
1.4224369685039371
21
0.9902142519685039
0
LINE
8
BLACK
6
CONTINUOUS
10
1.4224369685039371
20
0.9902142519685039
11
1.4216331102362205
21
0.9932142519685039
0
LINE
8
BLACK
6
CONTINUOUS
10
1.4216331102362205
20
0.9932142519685039
11
1.4216331102362205
21
1.0217856692913385
0
LINE
8
BLACK
6
CONTINUOUS
10
1.4216331102362205
20
1.0217856692913385
11
1.4219601968503937
21
1.0230064566929133
0
LINE
8
BLACK
6
CONTINUOUS
10
1.4219601968503937
20
1.0230064566929133
11
1.4221642519685038
21
1.0242537401574803
0
LINE
8
BLACK
6
CONTINUOUS
10
1.4221642519685038
20
1.0242537401574803
11
1.4223578346456693
21
1.0244903149606299
0
LINE
8
BLACK
6
CONTINUOUS
10
1.4223578346456693
20
1.0244903149606299
11
1.4224369685039371
21
1.0247856692913386
0
LINE
8
BLACK
6
CONTINUOUS
10
1.4224369685039371
20
1.0247856692913386
11
1.4233305905511811
21
1.0256792913385826
0
LINE
8
BLACK
6
CONTINUOUS
10
1.4233305905511811
20
1.0256792913385826
11
1.4241309448818897
21
1.0266575196850394
0
LINE
8
BLACK
6
CONTINUOUS
10
1.4241309448818897
20
1.0266575196850394
11
1.4244169291338582
21
1.0267656299212597
0
LINE
8
BLACK
6
CONTINUOUS
10
1.4244169291338582
20
1.0267656299212597
11
1.4246331102362204
21
1.026981811023622
0
LINE
8
BLACK
6
CONTINUOUS
10
1.4246331102362204
20
1.026981811023622
11
1.425853779527559
21
1.0273088582677166
0
LINE
8
BLACK
6
CONTINUOUS
10
1.425853779527559
20
1.0273088582677166
11
1.4270361023622047
21
1.0277559055118111
0
LINE
8
BLACK
6
CONTINUOUS
10
1.4270361023622047
20
1.0277559055118111
11
1.4556075196850393
21
1.0306130708661416
0
LINE
8
BLACK
6
CONTINUOUS
10
1.4556075196850393
20
1.0306130708661416
11
1.456675433070866
21
1.0304383858267716
0
LINE
8
BLACK
6
CONTINUOUS
10
0.3109346850393701
20
1.0157197637795274
11
0.311063937007874
21
1.0157425590551181
0
LINE
8
BLACK
6
CONTINUOUS
10
0.311063937007874
20
1.0157425590551181
11
0.3111775196850394
21
1.0156769291338583
0
LINE
8
BLACK
6
CONTINUOUS
10
0.3111775196850394
20
1.0156769291338583
11
0.3115611023622047
21
1.0156093307086613
0
LINE
8
BLACK
6
CONTINUOUS
10
0.3115611023622047
20
1.0156093307086613
11
0.312148779527559
21
1.0151161811023621
0
LINE
8
BLACK
6
CONTINUOUS
10
0.312148779527559
20
1.0151161811023621
11
0.3128131102362205
21
1.0147326377952757
0
LINE
8
BLACK
6
CONTINUOUS
10
0.3128131102362205
20
1.0147326377952757
11
0.3129042125984252
21
1.0144822834645668
0
LINE
8
BLACK
6
CONTINUOUS
10
0.3129042125984252
20
1.0144822834645668
11
0.3131083464566929
21
1.0143110236220472
0
LINE
8
BLACK
6
CONTINUOUS
10
0.3131083464566929
20
1.0143110236220472
11
0.3132415748031496
21
1.013555433070866
0
LINE
8
BLACK
6
CONTINUOUS
10
0.3132415748031496
20
1.013555433070866
11
0.313503937007874
21
1.0128346456692914
0
LINE
8
BLACK
6
CONTINUOUS
10
0.313503937007874
20
1.0128346456692914
11
0.313503937007874
21
0.9951
0
LINE
8
BLACK
6
CONTINUOUS
10
0.313503937007874
20
0.9951
11
0.3133258661417323
21
0.9940900787401574
0
LINE
8
BLACK
6
CONTINUOUS
10
0.3133258661417323
20
0.9940900787401574
11
0.3120275590551181
21
0.9925428346456693
0
LINE
8
BLACK
6
CONTINUOUS
10
0.3120275590551181
20
0.9925428346456693
11
0.3100384251968504
21
0.9921920866141732
0
LINE
8
BLACK
6
CONTINUOUS
10
0.3100384251968504
20
0.9921920866141732
11
0.3082892519685039
21
0.9932020078740157
0
LINE
8
BLACK
6
CONTINUOUS
10
0.3082892519685039
20
0.9932020078740157
11
0.3075984251968504
21
0.9951
0
LINE
8
BLACK
6
CONTINUOUS
10
0.3075984251968504
20
0.9951
11
0.3075984251968504
21
1.0098818897637796
0
LINE
8
BLACK
6
CONTINUOUS
10
0.3075984251968504
20
1.0098818897637796
11
0.2938527559055118
21
1.0098818897637796
0
LINE
8
BLACK
6
CONTINUOUS
10
0.2938527559055118
20
1.0098818897637796
11
0.2938527559055118
21
0.9951
0
LINE
8
BLACK
6
CONTINUOUS
10
0.2938527559055118
20
0.9951
11
0.2936746850393701
21
0.9940900787401574
0
LINE
8
BLACK
6
CONTINUOUS
10
0.2936746850393701
20
0.9940900787401574
11
0.2923763779527559
21
0.9925428346456693
0
LINE
8
BLACK
6
CONTINUOUS
10
0.2923763779527559
20
0.9925428346456693
11
0.2903872440944882
21
0.9921920866141732
0
LINE
8
BLACK
6
CONTINUOUS
10
0.2903872440944882
20
0.9921920866141732
11
0.2886380708661417
21
0.9932020078740157
0
LINE
8
BLACK
6
CONTINUOUS
10
0.2886380708661417
20
0.9932020078740157
11
0.2879472440944882
21
0.9951
0
LINE
8
BLACK
6
CONTINUOUS
10
0.2879472440944882
20
0.9951
11
0.2879472440944882
21
1.0098818897637796
0
LINE
8
BLACK
6
CONTINUOUS
10
0.2879472440944882
20
1.0098818897637796
11
0.1324015748031496
21
1.0098818897637796
0
LINE
8
BLACK
6
CONTINUOUS
10
0.1324015748031496
20
1.0098818897637796
11
0.1324015748031496
21
0.9951
0
LINE
8
BLACK
6
CONTINUOUS
10
0.1324015748031496
20
0.9951
11
0.1322235039370079
21
0.9940900787401574
0
LINE
8
BLACK
6
CONTINUOUS
10
0.1322235039370079
20
0.9940900787401574
11
0.1309251968503937
21
0.9925428346456693
0
LINE
8
BLACK
6
CONTINUOUS
10
0.1309251968503937
20
0.9925428346456693
11
0.128936062992126
21
0.9921920866141732
0
LINE
8
BLACK
6
CONTINUOUS
10
0.128936062992126
20
0.9921920866141732
11
0.1271868897637795
21
0.9932020078740157
0
LINE
8
BLACK
6
CONTINUOUS
10
0.1271868897637795
20
0.9932020078740157
11
0.126496062992126
21
0.9951
0
LINE
8
BLACK
6
CONTINUOUS
10
0.126496062992126
20
0.9951
11
0.126496062992126
21
1.0128346456692914
0
LINE
8
BLACK
6
CONTINUOUS
10
0.126496062992126
20
1.0128346456692914
11
0.1265636614173228
21
1.0132181496062991
0
LINE
8
BLACK
6
CONTINUOUS
10
0.1265636614173228
20
1.0132181496062991
11
0.126540905511811
21
1.0133474015748032
0
LINE
8
BLACK
6
CONTINUOUS
10
0.126540905511811
20
1.0133474015748032
11
0.1266064960629921
21
1.0134609842519684
0
LINE
8
BLACK
6
CONTINUOUS
10
0.1266064960629921
20
1.0134609842519684
11
0.1266741338582677
21
1.0138445669291338
0
LINE
8
BLACK
6
CONTINUOUS
10
0.1266741338582677
20
1.0138445669291338
11
0.1271672440944882
21
1.0144322440944882
0
LINE
8
BLACK
6
CONTINUOUS
10
0.1271672440944882
20
1.0144322440944882
11
0.1275508267716536
21
1.0150965748031495
0
LINE
8
BLACK
6
CONTINUOUS
10
0.1275508267716536
20
1.0150965748031495
11
0.1278011417322835
21
1.0151876771653543
0
LINE
8
BLACK
6
CONTINUOUS
10
0.1278011417322835
20
1.0151876771653543
11
0.1279724409448819
21
1.015391811023622
0
LINE
8
BLACK
6
CONTINUOUS
10
0.1279724409448819
20
1.015391811023622
11
0.1287279921259842
21
1.0155250393700788
0
LINE
8
BLACK
6
CONTINUOUS
10
0.1287279921259842
20
1.0155250393700788
11
0.1294488188976378
21
1.0157874015748032
0
LINE
8
BLACK
6
CONTINUOUS
10
0.1294488188976378
20
1.0157874015748032
11
0.3105511811023622
21
1.0157874015748032
0
LINE
8
BLACK
6
CONTINUOUS
10
0.3105511811023622
20
1.0157874015748032
11
0.3109346850393701
21
1.0157197637795274
0
LINE
8
BLACK
6
CONTINUOUS
10
0.6309346850393701
20
1.0157197637795274
11
0.631063937007874
21
1.0157425590551181
0
LINE
8
BLACK
6
CONTINUOUS
10
0.631063937007874
20
1.0157425590551181
11
0.6311775196850393
21
1.0156769291338583
0
LINE
8
BLACK
6
CONTINUOUS
10
0.6311775196850393
20
1.0156769291338583
11
0.6315611023622048
21
1.0156093307086613
0
LINE
8
BLACK
6
CONTINUOUS
10
0.6315611023622048
20
1.0156093307086613
11
0.632148779527559
21
1.0151161811023621
0
LINE
8
BLACK
6
CONTINUOUS
10
0.632148779527559
20
1.0151161811023621
11
0.6328131102362204
21
1.0147326377952757
0
LINE
8
BLACK
6
CONTINUOUS
10
0.6328131102362204
20
1.0147326377952757
11
0.6329042125984252
21
1.0144822834645668
0
LINE
8
BLACK
6
CONTINUOUS
10
0.6329042125984252
20
1.0144822834645668
11
0.6331083464566929
21
1.0143110236220472
0
LINE
8
BLACK
6
CONTINUOUS
10
0.6331083464566929
20
1.0143110236220472
11
0.6332415748031496
21
1.013555433070866
0
LINE
8
BLACK
6
CONTINUOUS
10
0.6332415748031496
20
1.013555433070866
11
0.633503937007874
21
1.0128346456692914
0
LINE
8
BLACK
6
CONTINUOUS
10
0.633503937007874
20
1.0128346456692914
11
0.633503937007874
21
0.9951
0
LINE
8
BLACK
6
CONTINUOUS
10
0.633503937007874
20
0.9951
11
0.6333258661417323
21
0.9940900787401574
0
LINE
8
BLACK
6
CONTINUOUS
10
0.6333258661417323
20
0.9940900787401574
11
0.6320275590551181
21
0.9925428346456693
0
LINE
8
BLACK
6
CONTINUOUS
10
0.6320275590551181
20
0.9925428346456693
11
0.6300384251968504
21
0.9921920866141732
0
LINE
8
BLACK
6
CONTINUOUS
10
0.6300384251968504
20
0.9921920866141732
11
0.6282892519685039
21
0.9932020078740157
0
LINE
8
BLACK
6
CONTINUOUS
10
0.6282892519685039
20
0.9932020078740157
11
0.6275984251968504
21
0.9951
0
LINE
8
BLACK
6
CONTINUOUS
10
0.6275984251968504
20
0.9951
11
0.6275984251968504
21
1.0098818897637796
0
LINE
8
BLACK
6
CONTINUOUS
10
0.6275984251968504
20
1.0098818897637796
11
0.6138527559055118
21
1.0098818897637796
0
LINE
8
BLACK
6
CONTINUOUS
10
0.6138527559055118
20
1.0098818897637796
11
0.6138527559055118
21
0.9951
0
LINE
8
BLACK
6
CONTINUOUS
10
0.6138527559055118
20
0.9951
11
0.6136746850393701
21
0.9940900787401574
0
LINE
8
BLACK
6
CONTINUOUS
10
0.6136746850393701
20
0.9940900787401574
11
0.6123763779527559
21
0.9925428346456693
0
LINE
8
BLACK
6
CONTINUOUS
10
0.6123763779527559
20
0.9925428346456693
11
0.6103872440944882
21
0.9921920866141732
0
LINE
8
BLACK
6
CONTINUOUS
10
0.6103872440944882
20
0.9921920866141732
11
0.6086380708661417
21
0.9932020078740157
0
LINE
8
BLACK
6
CONTINUOUS
10
0.6086380708661417
20
0.9932020078740157
11
0.6079472440944882
21
0.9951
0
LINE
8
BLACK
6
CONTINUOUS
10
0.6079472440944882
20
0.9951
11
0.6079472440944882
21
1.0098818897637796
0
LINE
8
BLACK
6
CONTINUOUS
10
0.6079472440944882
20
1.0098818897637796
11
0.4524015748031496
21
1.0098818897637796
0
LINE
8
BLACK
6
CONTINUOUS
10
0.4524015748031496
20
1.0098818897637796
11
0.4524015748031496
21
0.9951
0
LINE
8
BLACK
6
CONTINUOUS
10
0.4524015748031496
20
0.9951
11
0.4522235039370079
21
0.9940900787401574
0
LINE
8
BLACK
6
CONTINUOUS
10
0.4522235039370079
20
0.9940900787401574
11
0.4509251968503937
21
0.9925428346456693
0
LINE
8
BLACK
6
CONTINUOUS
10
0.4509251968503937
20
0.9925428346456693
11
0.448936062992126
21
0.9921920866141732
0
LINE
8
BLACK
6
CONTINUOUS
10
0.448936062992126
20
0.9921920866141732
11
0.4471868897637795
21
0.9932020078740157
0
LINE
8
BLACK
6
CONTINUOUS
10
0.4471868897637795
20
0.9932020078740157
11
0.446496062992126
21
0.9951
0
LINE
8
BLACK
6
CONTINUOUS
10
0.446496062992126
20
0.9951
11
0.446496062992126
21
1.0128346456692914
0
LINE
8
BLACK
6
CONTINUOUS
10
0.446496062992126
20
1.0128346456692914
11
0.4465636614173228
21
1.0132181496062991
0
LINE
8
BLACK
6
CONTINUOUS
10
0.4465636614173228
20
1.0132181496062991
11
0.446540905511811
21
1.0133474015748032
0
LINE
8
BLACK
6
CONTINUOUS
10
0.446540905511811
20
1.0133474015748032
11
0.4466064960629921
21
1.0134609842519684
0
LINE
8
BLACK
6
CONTINUOUS
10
0.4466064960629921
20
1.0134609842519684
11
0.4466741338582677
21
1.0138445669291338
0
LINE
8
BLACK
6
CONTINUOUS
10
0.4466741338582677
20
1.0138445669291338
11
0.4471672440944882
21
1.0144322440944882
0
LINE
8
BLACK
6
CONTINUOUS
10
0.4471672440944882
20
1.0144322440944882
11
0.4475508267716535
21
1.0150965748031495
0
LINE
8
BLACK
6
CONTINUOUS
10
0.4475508267716535
20
1.0150965748031495
11
0.4478011417322835
21
1.0151876771653543
0
LINE
8
BLACK
6
CONTINUOUS
10
0.4478011417322835
20
1.0151876771653543
11
0.4479724409448819
21
1.015391811023622
0
LINE
8
BLACK
6
CONTINUOUS
10
0.4479724409448819
20
1.015391811023622
11
0.4487279921259842
21
1.0155250393700788
0
LINE
8
BLACK
6
CONTINUOUS
10
0.4487279921259842
20
1.0155250393700788
11
0.4494488188976378
21
1.0157874015748032
0
LINE
8
BLACK
6
CONTINUOUS
10
0.4494488188976378
20
1.0157874015748032
11
0.6305511811023622
21
1.0157874015748032
0
LINE
8
BLACK
6
CONTINUOUS
10
0.6305511811023622
20
1.0157874015748032
11
0.6309346850393701
21
1.0157197637795274
0
LINE
8
BLACK
6
CONTINUOUS
10
0.9509346850393701
20
1.0157197637795274
11
0.9510639370078739
21
1.0157425590551181
0
LINE
8
BLACK
6
CONTINUOUS
10
0.9510639370078739
20
1.0157425590551181
11
0.9511775196850394
21
1.0156769291338583
0
LINE
8
BLACK
6
CONTINUOUS
10
0.9511775196850394
20
1.0156769291338583
11
0.9515611023622047
21
1.0156093307086613
0
LINE
8
BLACK
6
CONTINUOUS
10
0.9515611023622047
20
1.0156093307086613
11
0.9521487795275591
21
1.0151161811023621
0
LINE
8
BLACK
6
CONTINUOUS
10
0.9521487795275591
20
1.0151161811023621
11
0.9528131102362205
21
1.0147326377952757
0
LINE
8
BLACK
6
CONTINUOUS
10
0.9528131102362205
20
1.0147326377952757
11
0.9529042125984252
21
1.0144822834645668
0
LINE
8
BLACK
6
CONTINUOUS
10
0.9529042125984252
20
1.0144822834645668
11
0.9531083464566928
21
1.0143110236220472
0
LINE
8
BLACK
6
CONTINUOUS
10
0.9531083464566928
20
1.0143110236220472
11
0.9532415748031496
21
1.013555433070866
0
LINE
8
BLACK
6
CONTINUOUS
10
0.9532415748031496
20
1.013555433070866
11
0.9535039370078739
21
1.0128346456692914
0
LINE
8
BLACK
6
CONTINUOUS
10
0.9535039370078739
20
1.0128346456692914
11
0.9535039370078739
21
0.9951
0
LINE
8
BLACK
6
CONTINUOUS
10
0.9535039370078739
20
0.9951
11
0.9533258661417323
21
0.9940900787401574
0
LINE
8
BLACK
6
CONTINUOUS
10
0.9533258661417323
20
0.9940900787401574
11
0.952027559055118
21
0.9925428346456693
0
LINE
8
BLACK
6
CONTINUOUS
10
0.952027559055118
20
0.9925428346456693
11
0.9500384251968503
21
0.9921920866141732
0
LINE
8
BLACK
6
CONTINUOUS
10
0.9500384251968503
20
0.9921920866141732
11
0.9482892519685039
21
0.9932020078740157
0
LINE
8
BLACK
6
CONTINUOUS
10
0.9482892519685039
20
0.9932020078740157
11
0.9475984251968503
21
0.9951
0
LINE
8
BLACK
6
CONTINUOUS
10
0.9475984251968503
20
0.9951
11
0.9475984251968503
21
1.0098818897637796
0
LINE
8
BLACK
6
CONTINUOUS
10
0.9475984251968503
20
1.0098818897637796
11
0.9338527559055118
21
1.0098818897637796
0
LINE
8
BLACK
6
CONTINUOUS
10
0.9338527559055118
20
1.0098818897637796
11
0.9338527559055118
21
0.9951
0
LINE
8
BLACK
6
CONTINUOUS
10
0.9338527559055118
20
0.9951
11
0.93367468503937
21
0.9940900787401574
0
LINE
8
BLACK
6
CONTINUOUS
10
0.93367468503937
20
0.9940900787401574
11
0.9323763779527559
21
0.9925428346456693
0
LINE
8
BLACK
6
CONTINUOUS
10
0.9323763779527559
20
0.9925428346456693
11
0.9303872440944881
21
0.9921920866141732
0
LINE
8
BLACK
6
CONTINUOUS
10
0.9303872440944881
20
0.9921920866141732
11
0.9286380708661417
21
0.9932020078740157
0
LINE
8
BLACK
6
CONTINUOUS
10
0.9286380708661417
20
0.9932020078740157
11
0.9279472440944881
21
0.9951
0
LINE
8
BLACK
6
CONTINUOUS
10
0.9279472440944881
20
0.9951
11
0.9279472440944881
21
1.0098818897637796
0
LINE
8
BLACK
6
CONTINUOUS
10
0.9279472440944881
20
1.0098818897637796
11
0.7724015748031496
21
1.0098818897637796
0
LINE
8
BLACK
6
CONTINUOUS
10
0.7724015748031496
20
1.0098818897637796
11
0.7724015748031496
21
0.9951
0
LINE
8
BLACK
6
CONTINUOUS
10
0.7724015748031496
20
0.9951
11
0.7722235039370079
21
0.9940900787401574
0
LINE
8
BLACK
6
CONTINUOUS
10
0.7722235039370079
20
0.9940900787401574
11
0.7709251968503937
21
0.9925428346456693
0
LINE
8
BLACK
6
CONTINUOUS
10
0.7709251968503937
20
0.9925428346456693
11
0.7689360629921259
21
0.9921920866141732
0
LINE
8
BLACK
6
CONTINUOUS
10
0.7689360629921259
20
0.9921920866141732
11
0.7671868897637795
21
0.9932020078740157
0
LINE
8
BLACK
6
CONTINUOUS
10
0.7671868897637795
20
0.9932020078740157
11
0.7664960629921259
21
0.9951
0
LINE
8
BLACK
6
CONTINUOUS
10
0.7664960629921259
20
0.9951
11
0.7664960629921259
21
1.0128346456692914
0
LINE
8
BLACK
6
CONTINUOUS
10
0.7664960629921259
20
1.0128346456692914
11
0.7665636614173228
21
1.0132181496062991
0
LINE
8
BLACK
6
CONTINUOUS
10
0.7665636614173228
20
1.0132181496062991
11
0.766540905511811
21
1.0133474015748032
0
LINE
8
BLACK
6
CONTINUOUS
10
0.766540905511811
20
1.0133474015748032
11
0.7666064960629921
21
1.0134609842519684
0
LINE
8
BLACK
6
CONTINUOUS
10
0.7666064960629921
20
1.0134609842519684
11
0.7666741338582677
21
1.0138445669291338
0
LINE
8
BLACK
6
CONTINUOUS
10
0.7666741338582677
20
1.0138445669291338
11
0.7671672440944882
21
1.0144322440944882
0
LINE
8
BLACK
6
CONTINUOUS
10
0.7671672440944882
20
1.0144322440944882
11
0.7675508267716535
21
1.0150965748031495
0
LINE
8
BLACK
6
CONTINUOUS
10
0.7675508267716535
20
1.0150965748031495
11
0.7678011417322834
21
1.0151876771653543
0
LINE
8
BLACK
6
CONTINUOUS
10
0.7678011417322834
20
1.0151876771653543
11
0.7679724409448818
21
1.015391811023622
0
LINE
8
BLACK
6
CONTINUOUS
10
0.7679724409448818
20
1.015391811023622
11
0.7687279921259842
21
1.0155250393700788
0
LINE
8
BLACK
6
CONTINUOUS
10
0.7687279921259842
20
1.0155250393700788
11
0.7694488188976378
21
1.0157874015748032
0
LINE
8
BLACK
6
CONTINUOUS
10
0.7694488188976378
20
1.0157874015748032
11
0.9505511811023621
21
1.0157874015748032
0
LINE
8
BLACK
6
CONTINUOUS
10
0.9505511811023621
20
1.0157874015748032
11
0.9509346850393701
21
1.0157197637795274
0
LINE
8
BLACK
6
CONTINUOUS
10
1.2709346850393701
20
1.0157197637795274
11
1.271063937007874
21
1.0157425590551181
0
LINE
8
BLACK
6
CONTINUOUS
10
1.271063937007874
20
1.0157425590551181
11
1.2711775196850394
21
1.0156769291338583
0
LINE
8
BLACK
6
CONTINUOUS
10
1.2711775196850394
20
1.0156769291338583
11
1.2715611023622047
21
1.0156093307086613
0
LINE
8
BLACK
6
CONTINUOUS
10
1.2715611023622047
20
1.0156093307086613
11
1.272148779527559
21
1.0151161811023621
0
LINE
8
BLACK
6
CONTINUOUS
10
1.272148779527559
20
1.0151161811023621
11
1.2728131102362203
21
1.0147326377952757
0
LINE
8
BLACK
6
CONTINUOUS
10
1.2728131102362203
20
1.0147326377952757
11
1.2729042125984251
21
1.0144822834645668
0
LINE
8
BLACK
6
CONTINUOUS
10
1.2729042125984251
20
1.0144822834645668
11
1.2731083464566928
21
1.0143110236220472
0
LINE
8
BLACK
6
CONTINUOUS
10
1.2731083464566928
20
1.0143110236220472
11
1.2732415748031496
21
1.013555433070866
0
LINE
8
BLACK
6
CONTINUOUS
10
1.2732415748031496
20
1.013555433070866
11
1.273503937007874
21
1.0128346456692914
0
LINE
8
BLACK
6
CONTINUOUS
10
1.273503937007874
20
1.0128346456692914
11
1.273503937007874
21
0.9951
0
LINE
8
BLACK
6
CONTINUOUS
10
1.273503937007874
20
0.9951
11
1.2733258661417322
21
0.9940900787401574
0
LINE
8
BLACK
6
CONTINUOUS
10
1.2733258661417322
20
0.9940900787401574
11
1.272027559055118
21
0.9925428346456693
0
LINE
8
BLACK
6
CONTINUOUS
10
1.272027559055118
20
0.9925428346456693
11
1.2700384251968504
21
0.9921920866141732
0
LINE
8
BLACK
6
CONTINUOUS
10
1.2700384251968504
20
0.9921920866141732
11
1.2682892519685038
21
0.9932020078740157
0
LINE
8
BLACK
6
CONTINUOUS
10
1.2682892519685038
20
0.9932020078740157
11
1.2675984251968504
21
0.9951
0
LINE
8
BLACK
6
CONTINUOUS
10
1.2675984251968504
20
0.9951
11
1.2675984251968504
21
1.0098818897637796
0
LINE
8
BLACK
6
CONTINUOUS
10
1.2675984251968504
20
1.0098818897637796
11
1.2538527559055117
21
1.0098818897637796
0
LINE
8
BLACK
6
CONTINUOUS
10
1.2538527559055117
20
1.0098818897637796
11
1.2538527559055117
21
0.9951
0
LINE
8
BLACK
6
CONTINUOUS
10
1.2538527559055117
20
0.9951
11
1.2536746850393701
21
0.9940900787401574
0
LINE
8
BLACK
6
CONTINUOUS
10
1.2536746850393701
20
0.9940900787401574
11
1.2523763779527559
21
0.9925428346456693
0
LINE
8
BLACK
6
CONTINUOUS
10
1.2523763779527559
20
0.9925428346456693
11
1.2503872440944881
21
0.9921920866141732
0
LINE
8
BLACK
6
CONTINUOUS
10
1.2503872440944881
20
0.9921920866141732
11
1.2486380708661418
21
0.9932020078740157
0
LINE
8
BLACK
6
CONTINUOUS
10
1.2486380708661418
20
0.9932020078740157
11
1.2479472440944881
21
0.9951
0
LINE
8
BLACK
6
CONTINUOUS
10
1.2479472440944881
20
0.9951
11
1.2479472440944881
21
1.0098818897637796
0
LINE
8
BLACK
6
CONTINUOUS
10
1.2479472440944881
20
1.0098818897637796
11
1.0924015748031495
21
1.0098818897637796
0
LINE
8
BLACK
6
CONTINUOUS
10
1.0924015748031495
20
1.0098818897637796
11
1.0924015748031495
21
0.9951
0
LINE
8
BLACK
6
CONTINUOUS
10
1.0924015748031495
20
0.9951
11
1.0922235039370078
21
0.9940900787401574
0
LINE
8
BLACK
6
CONTINUOUS
10
1.0922235039370078
20
0.9940900787401574
11
1.0909251968503937
21
0.9925428346456693
0
LINE
8
BLACK
6
CONTINUOUS
10
1.0909251968503937
20
0.9925428346456693
11
1.0889360629921259
21
0.9921920866141732
0
LINE
8
BLACK
6
CONTINUOUS
10
1.0889360629921259
20
0.9921920866141732
11
1.0871868897637795
21
0.9932020078740157
0
LINE
8
BLACK
6
CONTINUOUS
10
1.0871868897637795
20
0.9932020078740157
11
1.0864960629921259
21
0.9951
0
LINE
8
BLACK
6
CONTINUOUS
10
1.0864960629921259
20
0.9951
11
1.0864960629921259
21
1.0128346456692914
0
LINE
8
BLACK
6
CONTINUOUS
10
1.0864960629921259
20
1.0128346456692914
11
1.0865636614173229
21
1.0132181496062991
0
LINE
8
BLACK
6
CONTINUOUS
10
1.0865636614173229
20
1.0132181496062991
11
1.0865409055118109
21
1.0133474015748032
0
LINE
8
BLACK
6
CONTINUOUS
10
1.0865409055118109
20
1.0133474015748032
11
1.0866064960629922
21
1.0134609842519684
0
LINE
8
BLACK
6
CONTINUOUS
10
1.0866064960629922
20
1.0134609842519684
11
1.0866741338582677
21
1.0138445669291338
0
LINE
8
BLACK
6
CONTINUOUS
10
1.0866741338582677
20
1.0138445669291338
11
1.0871672440944882
21
1.0144322440944882
0
LINE
8
BLACK
6
CONTINUOUS
10
1.0871672440944882
20
1.0144322440944882
11
1.0875508267716536
21
1.0150965748031495
0
LINE
8
BLACK
6
CONTINUOUS
10
1.0875508267716536
20
1.0150965748031495
11
1.0878011417322835
21
1.0151876771653543
0
LINE
8
BLACK
6
CONTINUOUS
10
1.0878011417322835
20
1.0151876771653543
11
1.0879724409448819
21
1.015391811023622
0
LINE
8
BLACK
6
CONTINUOUS
10
1.0879724409448819
20
1.015391811023622
11
1.0887279921259843
21
1.0155250393700788
0
LINE
8
BLACK
6
CONTINUOUS
10
1.0887279921259843
20
1.0155250393700788
11
1.0894488188976377
21
1.0157874015748032
0
LINE
8
BLACK
6
CONTINUOUS
10
1.0894488188976377
20
1.0157874015748032
11
1.2705511811023622
21
1.0157874015748032
0
LINE
8
BLACK
6
CONTINUOUS
10
1.2705511811023622
20
1.0157874015748032
11
1.2709346850393701
21
1.0157197637795274
0
LINE
8
BLACK
6
CONTINUOUS
10
0.0908266929133858
20
1.0155436614173228
11
0.0909720472440945
21
1.0155333464566929
0
LINE
8
BLACK
6
CONTINUOUS
10
0.0909720472440945
20
1.0155333464566929
11
0.0913770078740157
21
1.0150663779527558
0
LINE
8
BLACK
6
CONTINUOUS
10
0.0913770078740157
20
1.0150663779527558
11
0.091844094488189
21
1.0146612992125985
0
LINE
8
BLACK
6
CONTINUOUS
10
0.091844094488189
20
1.0146612992125985
11
0.0918544094488189
21
1.0145159055118109
0
LINE
8
BLACK
6
CONTINUOUS
10
0.0918544094488189
20
1.0145159055118109
11
0.0919498818897638
21
1.0144058661417323
0
LINE
8
BLACK
6
CONTINUOUS
10
0.0919498818897638
20
1.0144058661417323
11
0.0985165354330709
21
0.9947058267716535
0
LINE
8
BLACK
6
CONTINUOUS
10
0.0985165354330709
20
0.9947058267716535
11
0.0984107480314961
21
0.9932171259842519
0
LINE
8
BLACK
6
CONTINUOUS
10
0.0984107480314961
20
0.9932171259842519
11
0.0972832677165354
21
0.9922392519685039
0
LINE
8
BLACK
6
CONTINUOUS
10
0.0972832677165354
20
0.9922392519685039
11
0.0957945669291339
21
0.9923450787401574
0
LINE
8
BLACK
6
CONTINUOUS
10
0.0957945669291339
20
0.9923450787401574
11
0.0948166929133858
21
0.9934725590551181
0
LINE
8
BLACK
6
CONTINUOUS
10
0.0948166929133858
20
0.9934725590551181
11
0.0933849606299213
21
0.9977677952755906
0
LINE
8
BLACK
6
CONTINUOUS
10
0.0933849606299213
20
0.9977677952755906
11
0.0868149606299213
21
0.9977677952755906
0
LINE
8
BLACK
6
CONTINUOUS
10
0.0868149606299213
20
0.9977677952755906
11
0.0853832283464567
21
0.9934725590551181
0
LINE
8
BLACK
6
CONTINUOUS
10
0.0853832283464567
20
0.9934725590551181
11
0.0844053937007874
21
0.9923450787401574
0
LINE
8
BLACK
6
CONTINUOUS
10
0.0844053937007874
20
0.9923450787401574
11
0.0829166535433071
21
0.9922392913385827
0
LINE
8
BLACK
6
CONTINUOUS
10
0.0829166535433071
20
0.9922392913385827
11
0.0817891732283465
21
0.9932171259842519
0
LINE
8
BLACK
6
CONTINUOUS
10
0.0817891732283465
20
0.9932171259842519
11
0.0816833858267716
21
0.9947058661417323
0
LINE
8
BLACK
6
CONTINUOUS
10
0.0816833858267716
20
0.9947058661417323
11
0.0882500393700787
21
1.0144058661417323
0
LINE
8
BLACK
6
CONTINUOUS
10
0.0882500393700787
20
1.0144058661417323
11
0.0883454724409449
21
1.0145159055118109
0
LINE
8
BLACK
6
CONTINUOUS
10
0.0883454724409449
20
1.0145159055118109
11
0.0883558267716535
21
1.0146612992125985
0
LINE
8
BLACK
6
CONTINUOUS
10
0.0883558267716535
20
1.0146612992125985
11
0.0888229133858268
21
1.0150663779527558
0
LINE
8
BLACK
6
CONTINUOUS
10
0.0888229133858268
20
1.0150663779527558
11
0.0892279133858268
21
1.0155333464566929
0
LINE
8
BLACK
6
CONTINUOUS
10
0.0892279133858268
20
1.0155333464566929
11
0.0893732283464567
21
1.0155436614173228
0
LINE
8
BLACK
6
CONTINUOUS
10
0.0893732283464567
20
1.0155436614173228
11
0.0894833070866142
21
1.0156391338582678
0
LINE
8
BLACK
6
CONTINUOUS
10
0.0894833070866142
20
1.0156391338582678
11
0.0900998031496063
21
1.0155953149606298
0
LINE
8
BLACK
6
CONTINUOUS
10
0.0900998031496063
20
1.0155953149606298
11
0.0907166141732283
21
1.0156391732283465
0
LINE
8
BLACK
6
CONTINUOUS
10
0.0907166141732283
20
1.0156391732283465
11
0.0908266929133858
21
1.0155436614173228
0
LINE
8
BLACK
6
CONTINUOUS
10
0.0881149606299213
20
1.0016677952755906
11
0.0920849606299213
21
1.0016677952755906
0
LINE
8
BLACK
6
CONTINUOUS
10
0.0920849606299213
20
1.0016677952755906
11
0.0900999212598425
21
1.0076227952755905
0
LINE
8
BLACK
6
CONTINUOUS
10
0.0900999212598425
20
1.0076227952755905
11
0.0881149606299213
21
1.0016677952755906
0
LINE
8
BLACK
6
CONTINUOUS
10
0.4108266929133858
20
1.0155436614173228
11
0.4109720472440945
21
1.0155333464566929
0
LINE
8
BLACK
6
CONTINUOUS
10
0.4109720472440945
20
1.0155333464566929
11
0.4113770078740158
21
1.0150663779527558
0
LINE
8
BLACK
6
CONTINUOUS
10
0.4113770078740158
20
1.0150663779527558
11
0.411844094488189
21
1.0146612992125985
0
LINE
8
BLACK
6
CONTINUOUS
10
0.411844094488189
20
1.0146612992125985
11
0.4118544094488189
21
1.0145159055118109
0
LINE
8
BLACK
6
CONTINUOUS
10
0.4118544094488189
20
1.0145159055118109
11
0.4119498818897638
21
1.0144058661417323
0
LINE
8
BLACK
6
CONTINUOUS
10
0.4119498818897638
20
1.0144058661417323
11
0.4185165354330709
21
0.9947058267716535
0
LINE
8
BLACK
6
CONTINUOUS
10
0.4185165354330709
20
0.9947058267716535
11
0.418410748031496
21
0.9932171259842519
0
LINE
8
BLACK
6
CONTINUOUS
10
0.418410748031496
20
0.9932171259842519
11
0.4172832677165354
21
0.9922392519685039
0
LINE
8
BLACK
6
CONTINUOUS
10
0.4172832677165354
20
0.9922392519685039
11
0.4157945669291339
21
0.9923450787401574
0
LINE
8
BLACK
6
CONTINUOUS
10
0.4157945669291339
20
0.9923450787401574
11
0.4148166929133858
21
0.9934725590551181
0
LINE
8
BLACK
6
CONTINUOUS
10
0.4148166929133858
20
0.9934725590551181
11
0.4133849606299212
21
0.9977677952755906
0
LINE
8
BLACK
6
CONTINUOUS
10
0.4133849606299212
20
0.9977677952755906
11
0.4068149606299212
21
0.9977677952755906
0
LINE
8
BLACK
6
CONTINUOUS
10
0.4068149606299212
20
0.9977677952755906
11
0.4053832283464567
21
0.9934725590551181
0
LINE
8
BLACK
6
CONTINUOUS
10
0.4053832283464567
20
0.9934725590551181
11
0.4044053937007874
21
0.9923450787401574
0
LINE
8
BLACK
6
CONTINUOUS
10
0.4044053937007874
20
0.9923450787401574
11
0.4029166535433071
21
0.9922392913385827
0
LINE
8
BLACK
6
CONTINUOUS
10
0.4029166535433071
20
0.9922392913385827
11
0.4017891732283465
21
0.9932171259842519
0
LINE
8
BLACK
6
CONTINUOUS
10
0.4017891732283465
20
0.9932171259842519
11
0.4016833858267717
21
0.9947058661417323
0
LINE
8
BLACK
6
CONTINUOUS
10
0.4016833858267717
20
0.9947058661417323
11
0.4082500393700788
21
1.0144058661417323
0
LINE
8
BLACK
6
CONTINUOUS
10
0.4082500393700788
20
1.0144058661417323
11
0.4083454724409449
21
1.0145159055118109
0
LINE
8
BLACK
6
CONTINUOUS
10
0.4083454724409449
20
1.0145159055118109
11
0.4083558267716536
21
1.0146612992125985
0
LINE
8
BLACK
6
CONTINUOUS
10
0.4083558267716536
20
1.0146612992125985
11
0.4088229133858268
21
1.0150663779527558
0
LINE
8
BLACK
6
CONTINUOUS
10
0.4088229133858268
20
1.0150663779527558
11
0.4092279133858268
21
1.0155333464566929
0
LINE
8
BLACK
6
CONTINUOUS
10
0.4092279133858268
20
1.0155333464566929
11
0.4093732283464567
21
1.0155436614173228
0
LINE
8
BLACK
6
CONTINUOUS
10
0.4093732283464567
20
1.0155436614173228
11
0.4094833070866142
21
1.0156391338582678
0
LINE
8
BLACK
6
CONTINUOUS
10
0.4094833070866142
20
1.0156391338582678
11
0.4100998031496063
21
1.0155953149606298
0
LINE
8
BLACK
6
CONTINUOUS
10
0.4100998031496063
20
1.0155953149606298
11
0.4107166141732284
21
1.0156391732283465
0
LINE
8
BLACK
6
CONTINUOUS
10
0.4107166141732284
20
1.0156391732283465
11
0.4108266929133858
21
1.0155436614173228
0
LINE
8
BLACK
6
CONTINUOUS
10
0.4081149606299213
20
1.0016677952755906
11
0.4120849606299212
21
1.0016677952755906
0
LINE
8
BLACK
6
CONTINUOUS
10
0.4120849606299212
20
1.0016677952755906
11
0.4100999212598425
21
1.0076227952755905
0
LINE
8
BLACK
6
CONTINUOUS
10
0.4100999212598425
20
1.0076227952755905
11
0.4081149606299213
21
1.0016677952755906
0
LINE
8
BLACK
6
CONTINUOUS
10
0.7308266929133858
20
1.0155436614173228
11
0.7309720472440945
21
1.0155333464566929
0
LINE
8
BLACK
6
CONTINUOUS
10
0.7309720472440945
20
1.0155333464566929
11
0.7313770078740157
21
1.0150663779527558
0
LINE
8
BLACK
6
CONTINUOUS
10
0.7313770078740157
20
1.0150663779527558
11
0.731844094488189
21
1.0146612992125985
0
LINE
8
BLACK
6
CONTINUOUS
10
0.731844094488189
20
1.0146612992125985
11
0.7318544094488189
21
1.0145159055118109
0
LINE
8
BLACK
6
CONTINUOUS
10
0.7318544094488189
20
1.0145159055118109
11
0.7319498818897637
21
1.0144058661417323
0
LINE
8
BLACK
6
CONTINUOUS
10
0.7319498818897637
20
1.0144058661417323
11
0.7385165354330708
21
0.9947058267716535
0
LINE
8
BLACK
6
CONTINUOUS
10
0.7385165354330708
20
0.9947058267716535
11
0.7384107480314961
21
0.9932171259842519
0
LINE
8
BLACK
6
CONTINUOUS
10
0.7384107480314961
20
0.9932171259842519
11
0.7372832677165354
21
0.9922392519685039
0
LINE
8
BLACK
6
CONTINUOUS
10
0.7372832677165354
20
0.9922392519685039
11
0.7357945669291338
21
0.9923450787401574
0
LINE
8
BLACK
6
CONTINUOUS
10
0.7357945669291338
20
0.9923450787401574
11
0.7348166929133858
21
0.9934725590551181
0
LINE
8
BLACK
6
CONTINUOUS
10
0.7348166929133858
20
0.9934725590551181
11
0.7333849606299212
21
0.9977677952755906
0
LINE
8
BLACK
6
CONTINUOUS
10
0.7333849606299212
20
0.9977677952755906
11
0.7268149606299212
21
0.9977677952755906
0
LINE
8
BLACK
6
CONTINUOUS
10
0.7268149606299212
20
0.9977677952755906
11
0.7253832283464566
21
0.9934725590551181
0
LINE
8
BLACK
6
CONTINUOUS
10
0.7253832283464566
20
0.9934725590551181
11
0.7244053937007874
21
0.9923450787401574
0
LINE
8
BLACK
6
CONTINUOUS
10
0.7244053937007874
20
0.9923450787401574
11
0.722916653543307
21
0.9922392913385827
0
LINE
8
BLACK
6
CONTINUOUS
10
0.722916653543307
20
0.9922392913385827
11
0.7217891732283465
21
0.9932171259842519
0
LINE
8
BLACK
6
CONTINUOUS
10
0.7217891732283465
20
0.9932171259842519
11
0.7216833858267716
21
0.9947058661417323
0
LINE
8
BLACK
6
CONTINUOUS
10
0.7216833858267716
20
0.9947058661417323
11
0.7282500393700787
21
1.0144058661417323
0
LINE
8
BLACK
6
CONTINUOUS
10
0.7282500393700787
20
1.0144058661417323
11
0.7283454724409448
21
1.0145159055118109
0
LINE
8
BLACK
6
CONTINUOUS
10
0.7283454724409448
20
1.0145159055118109
11
0.7283558267716536
21
1.0146612992125985
0
LINE
8
BLACK
6
CONTINUOUS
10
0.7283558267716536
20
1.0146612992125985
11
0.7288229133858267
21
1.0150663779527558
0
LINE
8
BLACK
6
CONTINUOUS
10
0.7288229133858267
20
1.0150663779527558
11
0.7292279133858267
21
1.0155333464566929
0
LINE
8
BLACK
6
CONTINUOUS
10
0.7292279133858267
20
1.0155333464566929
11
0.7293732283464567
21
1.0155436614173228
0
LINE
8
BLACK
6
CONTINUOUS
10
0.7293732283464567
20
1.0155436614173228
11
0.7294833070866141
21
1.0156391338582678
0
LINE
8
BLACK
6
CONTINUOUS
10
0.7294833070866141
20
1.0156391338582678
11
0.7300998031496063
21
1.0155953149606298
0
LINE
8
BLACK
6
CONTINUOUS
10
0.7300998031496063
20
1.0155953149606298
11
0.7307166141732283
21
1.0156391732283465
0
LINE
8
BLACK
6
CONTINUOUS
10
0.7307166141732283
20
1.0156391732283465
11
0.7308266929133858
21
1.0155436614173228
0
LINE
8
BLACK
6
CONTINUOUS
10
0.7281149606299212
20
1.0016677952755906
11
0.7320849606299212
21
1.0016677952755906
0
LINE
8
BLACK
6
CONTINUOUS
10
0.7320849606299212
20
1.0016677952755906
11
0.7300999212598425
21
1.0076227952755905
0
LINE
8
BLACK
6
CONTINUOUS
10
0.7300999212598425
20
1.0076227952755905
11
0.7281149606299212
21
1.0016677952755906
0
LINE
8
BLACK
6
CONTINUOUS
10
1.0508266929133858
20
1.0155436614173228
11
1.0509720472440944
21
1.0155333464566929
0
LINE
8
BLACK
6
CONTINUOUS
10
1.0509720472440944
20
1.0155333464566929
11
1.0513770078740157
21
1.0150663779527558
0
LINE
8
BLACK
6
CONTINUOUS
10
1.0513770078740157
20
1.0150663779527558
11
1.0518440944881891
21
1.0146612992125985
0
LINE
8
BLACK
6
CONTINUOUS
10
1.0518440944881891
20
1.0146612992125985
11
1.0518544094488189
21
1.0145159055118109
0
LINE
8
BLACK
6
CONTINUOUS
10
1.0518544094488189
20
1.0145159055118109
11
1.0519498818897637
21
1.0144058661417323
0
LINE
8
BLACK
6
CONTINUOUS
10
1.0519498818897637
20
1.0144058661417323
11
1.0585165354330708
21
0.9947058267716535
0
LINE
8
BLACK
6
CONTINUOUS
10
1.0585165354330708
20
0.9947058267716535
11
1.0584107480314959
21
0.9932171259842519
0
LINE
8
BLACK
6
CONTINUOUS
10
1.0584107480314959
20
0.9932171259842519
11
1.0572832677165354
21
0.9922392519685039
0
LINE
8
BLACK
6
CONTINUOUS
10
1.0572832677165354
20
0.9922392519685039
11
1.0557945669291338
21
0.9923450787401574
0
LINE
8
BLACK
6
CONTINUOUS
10
1.0557945669291338
20
0.9923450787401574
11
1.0548166929133858
21
0.9934725590551181
0
LINE
8
BLACK
6
CONTINUOUS
10
1.0548166929133858
20
0.9934725590551181
11
1.0533849606299213
21
0.9977677952755906
0
LINE
8
BLACK
6
CONTINUOUS
10
1.0533849606299213
20
0.9977677952755906
11
1.0468149606299213
21
0.9977677952755906
0
LINE
8
BLACK
6
CONTINUOUS
10
1.0468149606299213
20
0.9977677952755906
11
1.0453832283464566
21
0.9934725590551181
0
LINE
8
BLACK
6
CONTINUOUS
10
1.0453832283464566
20
0.9934725590551181
11
1.0444053937007873
21
0.9923450787401574
0
LINE
8
BLACK
6
CONTINUOUS
10
1.0444053937007873
20
0.9923450787401574
11
1.042916653543307
21
0.9922392913385827
0
LINE
8
BLACK
6
CONTINUOUS
10
1.042916653543307
20
0.9922392913385827
11
1.0417891732283464
21
0.9932171259842519
0
LINE
8
BLACK
6
CONTINUOUS
10
1.0417891732283464
20
0.9932171259842519
11
1.0416833858267716
21
0.9947058661417323
0
LINE
8
BLACK
6
CONTINUOUS
10
1.0416833858267716
20
0.9947058661417323
11
1.0482500393700787
21
1.0144058661417323
0
LINE
8
BLACK
6
CONTINUOUS
10
1.0482500393700787
20
1.0144058661417323
11
1.0483454724409449
21
1.0145159055118109
0
LINE
8
BLACK
6
CONTINUOUS
10
1.0483454724409449
20
1.0145159055118109
11
1.0483558267716535
21
1.0146612992125985
0
LINE
8
BLACK
6
CONTINUOUS
10
1.0483558267716535
20
1.0146612992125985
11
1.0488229133858267
21
1.0150663779527558
0
LINE
8
BLACK
6
CONTINUOUS
10
1.0488229133858267
20
1.0150663779527558
11
1.0492279133858267
21
1.0155333464566929
0
LINE
8
BLACK
6
CONTINUOUS
10
1.0492279133858267
20
1.0155333464566929
11
1.0493732283464567
21
1.0155436614173228
0
LINE
8
BLACK
6
CONTINUOUS
10
1.0493732283464567
20
1.0155436614173228
11
1.0494833070866141
21
1.0156391338582678
0
LINE
8
BLACK
6
CONTINUOUS
10
1.0494833070866141
20
1.0156391338582678
11
1.0500998031496063
21
1.0155953149606298
0
LINE
8
BLACK
6
CONTINUOUS
10
1.0500998031496063
20
1.0155953149606298
11
1.0507166141732283
21
1.0156391732283465
0
LINE
8
BLACK
6
CONTINUOUS
10
1.0507166141732283
20
1.0156391732283465
11
1.0508266929133858
21
1.0155436614173228
0
LINE
8
BLACK
6
CONTINUOUS
10
1.0481149606299212
20
1.0016677952755906
11
1.0520849606299212
21
1.0016677952755906
0
LINE
8
BLACK
6
CONTINUOUS
10
1.0520849606299212
20
1.0016677952755906
11
1.0500999212598425
21
1.0076227952755905
0
LINE
8
BLACK
6
CONTINUOUS
10
1.0500999212598425
20
1.0076227952755905
11
1.0481149606299212
21
1.0016677952755906
0
LINE
8
BLACK
6
CONTINUOUS
10
0.3446383464566929
20
1.0190680708661417
11
0.3452094881889763
21
1.0176892125984252
0
LINE
8
BLACK
6
CONTINUOUS
10
0.3452094881889763
20
1.0176892125984252
11
0.3452094881889763
21
0.9979892125984252
0
LINE
8
BLACK
6
CONTINUOUS
10
0.3452094881889763
20
0.9979892125984252
11
0.3446383464566929
21
0.9966103543307087
0
LINE
8
BLACK
6
CONTINUOUS
10
0.3446383464566929
20
0.9966103543307087
11
0.3432594881889764
21
0.9960392125984252
0
LINE
8
BLACK
6
CONTINUOUS
10
0.3432594881889764
20
0.9960392125984252
11
0.3418806299212598
21
0.9966103543307087
0
LINE
8
BLACK
6
CONTINUOUS
10
0.3418806299212598
20
0.9966103543307087
11
0.3413094881889764
21
0.9979892125984252
0
LINE
8
BLACK
6
CONTINUOUS
10
0.3413094881889764
20
0.9979892125984252
11
0.3413094881889764
21
1.0056243307086614
0
LINE
8
BLACK
6
CONTINUOUS
10
0.3413094881889764
20
1.0056243307086614
11
0.3406561811023622
21
1.0062775984251968
0
LINE
8
BLACK
6
CONTINUOUS
10
0.3406561811023622
20
1.0062775984251968
11
0.3335623622047244
21
0.9968192125984252
0
LINE
8
BLACK
6
CONTINUOUS
10
0.3335623622047244
20
0.9968192125984252
11
0.3322781496062992
21
0.9960588188976378
0
LINE
8
BLACK
6
CONTINUOUS
10
0.3322781496062992
20
0.9960588188976378
11
0.3308323622047244
21
0.9964292125984252
0
LINE
8
BLACK
6
CONTINUOUS
10
0.3308323622047244
20
0.9964292125984252
11
0.330071968503937
21
0.9977134251968504
0
LINE
8
BLACK
6
CONTINUOUS
10
0.330071968503937
20
0.9977134251968504
11
0.3304423622047244
21
0.9991592125984252
0
LINE
8
BLACK
6
CONTINUOUS
10
0.3304423622047244
20
0.9991592125984252
11
0.3378704724409449
21
1.0090633070866142
0
LINE
8
BLACK
6
CONTINUOUS
10
0.3378704724409449
20
1.0090633070866142
11
0.3306235039370078
21
1.0163103543307086
0
LINE
8
BLACK
6
CONTINUOUS
10
0.3306235039370078
20
1.0163103543307086
11
0.3300523622047244
21
1.0176892125984252
0
LINE
8
BLACK
6
CONTINUOUS
10
0.3300523622047244
20
1.0176892125984252
11
0.3306235039370078
21
1.0190680708661417
0
LINE
8
BLACK
6
CONTINUOUS
10
0.3306235039370078
20
1.0190680708661417
11
0.3320023622047244
21
1.0196392125984253
0
LINE
8
BLACK
6
CONTINUOUS
10
0.3320023622047244
20
1.0196392125984253
11
0.333381220472441
21
1.0190680708661417
0
LINE
8
BLACK
6
CONTINUOUS
10
0.333381220472441
20
1.0190680708661417
11
0.3413094881889764
21
1.0111397637795276
0
LINE
8
BLACK
6
CONTINUOUS
10
0.3413094881889764
20
1.0111397637795276
11
0.3413094881889764
21
1.0176892125984252
0
LINE
8
BLACK
6
CONTINUOUS
10
0.3413094881889764
20
1.0176892125984252
11
0.3418806299212598
21
1.0190680708661417
0
LINE
8
BLACK
6
CONTINUOUS
10
0.3418806299212598
20
1.0190680708661417
11
0.3432594881889764
21
1.0196392125984253
0
LINE
8
BLACK
6
CONTINUOUS
10
0.3432594881889764
20
1.0196392125984253
11
0.3446383464566929
21
1.0190680708661417
0
LINE
8
BLACK
6
CONTINUOUS
10
0.664638346456693
20
1.0190680708661417
11
0.6652094881889764
21
1.0176892125984252
0
LINE
8
BLACK
6
CONTINUOUS
10
0.6652094881889764
20
1.0176892125984252
11
0.6652094881889764
21
0.9979892125984252
0
LINE
8
BLACK
6
CONTINUOUS
10
0.6652094881889764
20
0.9979892125984252
11
0.664638346456693
21
0.9966103543307087
0
LINE
8
BLACK
6
CONTINUOUS
10
0.664638346456693
20
0.9966103543307087
11
0.6632594881889764
21
0.9960392125984252
0
LINE
8
BLACK
6
CONTINUOUS
10
0.6632594881889764
20
0.9960392125984252
11
0.6618806299212598
21
0.9966103543307087
0
LINE
8
BLACK
6
CONTINUOUS
10
0.6618806299212598
20
0.9966103543307087
11
0.6613094881889764
21
0.9979892125984252
0
LINE
8
BLACK
6
CONTINUOUS
10
0.6613094881889764
20
0.9979892125984252
11
0.6613094881889764
21
1.0056243307086614
0
LINE
8
BLACK
6
CONTINUOUS
10
0.6613094881889764
20
1.0056243307086614
11
0.6606561811023622
21
1.0062775984251968
0
LINE
8
BLACK
6
CONTINUOUS
10
0.6606561811023622
20
1.0062775984251968
11
0.6535623622047244
21
0.9968192125984252
0
LINE
8
BLACK
6
CONTINUOUS
10
0.6535623622047244
20
0.9968192125984252
11
0.6522781496062992
21
0.9960588188976378
0
LINE
8
BLACK
6
CONTINUOUS
10
0.6522781496062992
20
0.9960588188976378
11
0.6508323622047244
21
0.9964292125984252
0
LINE
8
BLACK
6
CONTINUOUS
10
0.6508323622047244
20
0.9964292125984252
11
0.650071968503937
21
0.9977134251968504
0
LINE
8
BLACK
6
CONTINUOUS
10
0.650071968503937
20
0.9977134251968504
11
0.6504423622047244
21
0.9991592125984252
0
LINE
8
BLACK
6
CONTINUOUS
10
0.6504423622047244
20
0.9991592125984252
11
0.6578704724409449
21
1.0090633070866142
0
LINE
8
BLACK
6
CONTINUOUS
10
0.6578704724409449
20
1.0090633070866142
11
0.6506235039370079
21
1.0163103543307086
0
LINE
8
BLACK
6
CONTINUOUS
10
0.6506235039370079
20
1.0163103543307086
11
0.6500523622047244
21
1.0176892125984252
0
LINE
8
BLACK
6
CONTINUOUS
10
0.6500523622047244
20
1.0176892125984252
11
0.6506235039370079
21
1.0190680708661417
0
LINE
8
BLACK
6
CONTINUOUS
10
0.6506235039370079
20
1.0190680708661417
11
0.6520023622047244
21
1.0196392125984253
0
LINE
8
BLACK
6
CONTINUOUS
10
0.6520023622047244
20
1.0196392125984253
11
0.653381220472441
21
1.0190680708661417
0
LINE
8
BLACK
6
CONTINUOUS
10
0.653381220472441
20
1.0190680708661417
11
0.6613094881889764
21
1.0111397637795276
0
LINE
8
BLACK
6
CONTINUOUS
10
0.6613094881889764
20
1.0111397637795276
11
0.6613094881889764
21
1.0176892125984252
0
LINE
8
BLACK
6
CONTINUOUS
10
0.6613094881889764
20
1.0176892125984252
11
0.6618806299212598
21
1.0190680708661417
0
LINE
8
BLACK
6
CONTINUOUS
10
0.6618806299212598
20
1.0190680708661417
11
0.6632594881889764
21
1.0196392125984253
0
LINE
8
BLACK
6
CONTINUOUS
10
0.6632594881889764
20
1.0196392125984253
11
0.664638346456693
21
1.0190680708661417
0
LINE
8
BLACK
6
CONTINUOUS
10
0.9846383464566929
20
1.0190680708661417
11
0.9852094881889764
21
1.0176892125984252
0
LINE
8
BLACK
6
CONTINUOUS
10
0.9852094881889764
20
1.0176892125984252
11
0.9852094881889764
21
0.9979892125984252
0
LINE
8
BLACK
6
CONTINUOUS
10
0.9852094881889764
20
0.9979892125984252
11
0.9846383464566929
21
0.9966103543307087
0
LINE
8
BLACK
6
CONTINUOUS
10
0.9846383464566929
20
0.9966103543307087
11
0.9832594881889763
21
0.9960392125984252
0
LINE
8
BLACK
6
CONTINUOUS
10
0.9832594881889763
20
0.9960392125984252
11
0.9818806299212598
21
0.9966103543307087
0
LINE
8
BLACK
6
CONTINUOUS
10
0.9818806299212598
20
0.9966103543307087
11
0.9813094881889763
21
0.9979892125984252
0
LINE
8
BLACK
6
CONTINUOUS
10
0.9813094881889763
20
0.9979892125984252
11
0.9813094881889763
21
1.0056243307086614
0
LINE
8
BLACK
6
CONTINUOUS
10
0.9813094881889763
20
1.0056243307086614
11
0.9806561811023622
21
1.0062775984251968
0
LINE
8
BLACK
6
CONTINUOUS
10
0.9806561811023622
20
1.0062775984251968
11
0.9735623622047244
21
0.9968192125984252
0
LINE
8
BLACK
6
CONTINUOUS
10
0.9735623622047244
20
0.9968192125984252
11
0.9722781496062992
21
0.9960588188976378
0
LINE
8
BLACK
6
CONTINUOUS
10
0.9722781496062992
20
0.9960588188976378
11
0.9708323622047244
21
0.9964292125984252
0
LINE
8
BLACK
6
CONTINUOUS
10
0.9708323622047244
20
0.9964292125984252
11
0.970071968503937
21
0.9977134251968504
0
LINE
8
BLACK
6
CONTINUOUS
10
0.970071968503937
20
0.9977134251968504
11
0.9704423622047244
21
0.9991592125984252
0
LINE
8
BLACK
6
CONTINUOUS
10
0.9704423622047244
20
0.9991592125984252
11
0.9778704724409448
21
1.0090633070866142
0
LINE
8
BLACK
6
CONTINUOUS
10
0.9778704724409448
20
1.0090633070866142
11
0.9706235039370078
21
1.0163103543307086
0
LINE
8
BLACK
6
CONTINUOUS
10
0.9706235039370078
20
1.0163103543307086
11
0.9700523622047243
21
1.0176892125984252
0
LINE
8
BLACK
6
CONTINUOUS
10
0.9700523622047243
20
1.0176892125984252
11
0.9706235039370078
21
1.0190680708661417
0
LINE
8
BLACK
6
CONTINUOUS
10
0.9706235039370078
20
1.0190680708661417
11
0.9720023622047244
21
1.0196392125984253
0
LINE
8
BLACK
6
CONTINUOUS
10
0.9720023622047244
20
1.0196392125984253
11
0.9733812204724409
21
1.0190680708661417
0
LINE
8
BLACK
6
CONTINUOUS
10
0.9733812204724409
20
1.0190680708661417
11
0.9813094881889763
21
1.0111397637795276
0
LINE
8
BLACK
6
CONTINUOUS
10
0.9813094881889763
20
1.0111397637795276
11
0.9813094881889763
21
1.0176892125984252
0
LINE
8
BLACK
6
CONTINUOUS
10
0.9813094881889763
20
1.0176892125984252
11
0.9818806299212598
21
1.0190680708661417
0
LINE
8
BLACK
6
CONTINUOUS
10
0.9818806299212598
20
1.0190680708661417
11
0.9832594881889763
21
1.0196392125984253
0
LINE
8
BLACK
6
CONTINUOUS
10
0.9832594881889763
20
1.0196392125984253
11
0.9846383464566929
21
1.0190680708661417
0
LINE
8
BLACK
6
CONTINUOUS
10
1.3046383464566929
20
1.0190680708661417
11
1.3052094881889764
21
1.0176892125984252
0
LINE
8
BLACK
6
CONTINUOUS
10
1.3052094881889764
20
1.0176892125984252
11
1.3052094881889764
21
0.9979892125984252
0
LINE
8
BLACK
6
CONTINUOUS
10
1.3052094881889764
20
0.9979892125984252
11
1.3046383464566929
21
0.9966103543307087
0
LINE
8
BLACK
6
CONTINUOUS
10
1.3046383464566929
20
0.9966103543307087
11
1.3032594881889763
21
0.9960392125984252
0
LINE
8
BLACK
6
CONTINUOUS
10
1.3032594881889763
20
0.9960392125984252
11
1.3018806299212597
21
0.9966103543307087
0
LINE
8
BLACK
6
CONTINUOUS
10
1.3018806299212597
20
0.9966103543307087
11
1.3013094881889764
21
0.9979892125984252
0
LINE
8
BLACK
6
CONTINUOUS
10
1.3013094881889764
20
0.9979892125984252
11
1.3013094881889764
21
1.0056243307086614
0
LINE
8
BLACK
6
CONTINUOUS
10
1.3013094881889764
20
1.0056243307086614
11
1.3006561811023623
21
1.0062775984251968
0
LINE
8
BLACK
6
CONTINUOUS
10
1.3006561811023623
20
1.0062775984251968
11
1.2935623622047243
21
0.9968192125984252
0
LINE
8
BLACK
6
CONTINUOUS
10
1.2935623622047243
20
0.9968192125984252
11
1.2922781496062992
21
0.9960588188976378
0
LINE
8
BLACK
6
CONTINUOUS
10
1.2922781496062992
20
0.9960588188976378
11
1.2908323622047244
21
0.9964292125984252
0
LINE
8
BLACK
6
CONTINUOUS
10
1.2908323622047244
20
0.9964292125984252
11
1.290071968503937
21
0.9977134251968504
0
LINE
8
BLACK
6
CONTINUOUS
10
1.290071968503937
20
0.9977134251968504
11
1.2904423622047243
21
0.9991592125984252
0
LINE
8
BLACK
6
CONTINUOUS
10
1.2904423622047243
20
0.9991592125984252
11
1.2978704724409449
21
1.0090633070866142
0
LINE
8
BLACK
6
CONTINUOUS
10
1.2978704724409449
20
1.0090633070866142
11
1.2906235039370078
21
1.0163103543307086
0
LINE
8
BLACK
6
CONTINUOUS
10
1.2906235039370078
20
1.0163103543307086
11
1.2900523622047244
21
1.0176892125984252
0
LINE
8
BLACK
6
CONTINUOUS
10
1.2900523622047244
20
1.0176892125984252
11
1.2906235039370078
21
1.0190680708661417
0
LINE
8
BLACK
6
CONTINUOUS
10
1.2906235039370078
20
1.0190680708661417
11
1.2920023622047243
21
1.0196392125984253
0
LINE
8
BLACK
6
CONTINUOUS
10
1.2920023622047243
20
1.0196392125984253
11
1.2933812204724409
21
1.0190680708661417
0
LINE
8
BLACK
6
CONTINUOUS
10
1.2933812204724409
20
1.0190680708661417
11
1.3013094881889764
21
1.0111397637795276
0
LINE
8
BLACK
6
CONTINUOUS
10
1.3013094881889764
20
1.0111397637795276
11
1.3013094881889764
21
1.0176892125984252
0
LINE
8
BLACK
6
CONTINUOUS
10
1.3013094881889764
20
1.0176892125984252
11
1.3018806299212597
21
1.0190680708661417
0
LINE
8
BLACK
6
CONTINUOUS
10
1.3018806299212597
20
1.0190680708661417
11
1.3032594881889763
21
1.0196392125984253
0
LINE
8
BLACK
6
CONTINUOUS
10
1.3032594881889763
20
1.0196392125984253
11
1.3046383464566929
21
1.0190680708661417
0
LINE
8
BLACK
6
CONTINUOUS
10
1.4906331102362205
20
1.086981811023622
11
1.4928292519685038
21
1.0847856692913385
0
LINE
8
BLACK
6
CONTINUOUS
10
1.4928292519685038
20
1.0847856692913385
11
1.4936331102362204
21
1.0817856692913386
0
LINE
8
BLACK
6
CONTINUOUS
10
1.4936331102362204
20
1.0817856692913386
11
1.4936331102362204
21
1.0674999606299211
0
LINE
8
BLACK
6
CONTINUOUS
10
1.4936331102362204
20
1.0674999606299211
11
1.4933831102362205
21
1.066566968503937
0
LINE
8
BLACK
6
CONTINUOUS
10
1.4933831102362205
20
1.066566968503937
11
1.4933252362204723
21
1.0656025984251969
0
LINE
8
BLACK
6
CONTINUOUS
10
1.4933252362204723
20
1.0656025984251969
11
1.4904680708661417
21
1.0570311811023623
0
LINE
8
BLACK
6
CONTINUOUS
10
1.4904680708661417
20
1.0570311811023623
11
1.4897081889763779
21
1.0558802755905512
0
LINE
8
BLACK
6
CONTINUOUS
10
1.4897081889763779
20
1.0558802755905512
11
1.4890186220472441
21
1.054685905511811
0
LINE
8
BLACK
6
CONTINUOUS
10
1.4890186220472441
20
1.054685905511811
11
1.4833043307086613
21
1.0489716141732284
0
LINE
8
BLACK
6
CONTINUOUS
10
1.4833043307086613
20
1.0489716141732284
11
1.4824677559055117
21
1.048488622047244
0
LINE
8
BLACK
6
CONTINUOUS
10
1.4824677559055117
20
1.048488622047244
11
1.4817449606299211
21
1.0478476771653542
0
LINE
8
BLACK
6
CONTINUOUS
10
1.4817449606299211
20
1.0478476771653542
11
1.4760306692913385
21
1.0449905511811024
0
LINE
8
BLACK
6
CONTINUOUS
10
1.4760306692913385
20
1.0449905511811024
11
1.4753817716535433
21
1.0448577559055119
0
LINE
8
BLACK
6
CONTINUOUS
10
1.4753817716535433
20
1.0448577559055119
11
1.4748026377952757
21
1.0445362598425196
0
LINE
8
BLACK
6
CONTINUOUS
10
1.4748026377952757
20
1.0445362598425196
11
1.4633740551181103
21
1.0416790944881889
0
LINE
8
BLACK
6
CONTINUOUS
10
1.4633740551181103
20
1.0416790944881889
11
1.4626338188976378
21
1.0416915354330709
0
LINE
8
BLACK
6
CONTINUOUS
10
1.4626338188976378
20
1.0416915354330709
11
1.4619188188976378
21
1.0414999606299213
0
LINE
8
BLACK
6
CONTINUOUS
10
1.4619188188976378
20
1.0414999606299213
11
1.4533474015748031
21
1.0414999606299213
0
LINE
8
BLACK
6
CONTINUOUS
10
1.4533474015748031
20
1.0414999606299213
11
1.4526323622047244
21
1.0416915354330709
0
LINE
8
BLACK
6
CONTINUOUS
10
1.4526323622047244
20
1.0416915354330709
11
1.4518921653543306
21
1.0416790944881889
0
LINE
8
BLACK
6
CONTINUOUS
10
1.4518921653543306
20
1.0416790944881889
11
1.4404635826771652
21
1.0445362598425196
0
LINE
8
BLACK
6
CONTINUOUS
10
1.4404635826771652
20
1.0445362598425196
11
1.4398844094488188
21
1.0448577559055119
0
LINE
8
BLACK
6
CONTINUOUS
10
1.4398844094488188
20
1.0448577559055119
11
1.4392355511811024
21
1.0449905511811024
0
LINE
8
BLACK
6
CONTINUOUS
10
1.4392355511811024
20
1.0449905511811024
11
1.4335212598425195
21
1.0478476771653542
0
LINE
8
BLACK
6
CONTINUOUS
10
1.4335212598425195
20
1.0478476771653542
11
1.4327984645669292
21
1.0484885826771653
0
LINE
8
BLACK
6
CONTINUOUS
10
1.4327984645669292
20
1.0484885826771653
11
1.4319618897637796
21
1.0489716141732284
0
LINE
8
BLACK
6
CONTINUOUS
10
1.4319618897637796
20
1.0489716141732284
11
1.4262475984251968
21
1.054685905511811
0
LINE
8
BLACK
6
CONTINUOUS
10
1.4262475984251968
20
1.054685905511811
11
1.4255579921259842
21
1.0558802755905512
0
LINE
8
BLACK
6
CONTINUOUS
10
1.4255579921259842
20
1.0558802755905512
11
1.4247981496062991
21
1.0570311811023623
0
LINE
8
BLACK
6
CONTINUOUS
10
1.4247981496062991
20
1.0570311811023623
11
1.4219410236220471
21
1.0656025984251969
0
LINE
8
BLACK
6
CONTINUOUS
10
1.4219410236220471
20
1.0656025984251969
11
1.4218831102362204
21
1.0665668110236219
0
LINE
8
BLACK
6
CONTINUOUS
10
1.4218831102362204
20
1.0665668110236219
11
1.4216331102362205
21
1.0674999606299211
0
LINE
8
BLACK
6
CONTINUOUS
10
1.4216331102362205
20
1.0674999606299211
11
1.4216331102362205
21
1.0817856692913386
0
LINE
8
BLACK
6
CONTINUOUS
10
1.4216331102362205
20
1.0817856692913386
11
1.4224369685039371
21
1.0847856692913385
0
LINE
8
BLACK
6
CONTINUOUS
10
1.4224369685039371
20
1.0847856692913385
11
1.4246331102362204
21
1.086981811023622
0
LINE
8
BLACK
6
CONTINUOUS
10
1.4246331102362204
20
1.086981811023622
11
1.4276331102362205
21
1.0877856692913386
0
LINE
8
BLACK
6
CONTINUOUS
10
1.4276331102362205
20
1.0877856692913386
11
1.4876331102362204
21
1.0877856692913386
0
LINE
8
BLACK
6
CONTINUOUS
10
1.4876331102362204
20
1.0877856692913386
11
1.4906331102362205
21
1.086981811023622
0
LINE
8
BLACK
6
CONTINUOUS
10
1.4336331102362205
20
1.0684735826771654
11
1.4357344488188977
21
1.0621695669291338
0
LINE
8
BLACK
6
CONTINUOUS
10
1.4357344488188977
20
1.0621695669291338
11
1.439758622047244
21
1.0581453937007874
0
LINE
8
BLACK
6
CONTINUOUS
10
1.439758622047244
20
1.0581453937007874
11
1.4440129133858268
21
1.0560182283464568
0
LINE
8
BLACK
6
CONTINUOUS
10
1.4440129133858268
20
1.0560182283464568
11
1.4540861023622047
21
1.0534999606299211
0
LINE
8
BLACK
6
CONTINUOUS
10
1.4540861023622047
20
1.0534999606299211
11
1.4611801181102362
21
1.0534999606299211
0
LINE
8
BLACK
6
CONTINUOUS
10
1.4611801181102362
20
1.0534999606299211
11
1.4712532677165353
21
1.0560182283464568
0
LINE
8
BLACK
6
CONTINUOUS
10
1.4712532677165353
20
1.0560182283464568
11
1.4755075590551181
21
1.0581453937007874
0
LINE
8
BLACK
6
CONTINUOUS
10
1.4755075590551181
20
1.0581453937007874
11
1.4795317716535432
21
1.0621696062992125
0
LINE
8
BLACK
6
CONTINUOUS
10
1.4795317716535432
20
1.0621696062992125
11
1.4816331102362204
21
1.0684735433070867
0
LINE
8
BLACK
6
CONTINUOUS
10
1.4816331102362204
20
1.0684735433070867
11
1.4816331102362204
21
1.0757856692913386
0
LINE
8
BLACK
6
CONTINUOUS
10
1.4816331102362204
20
1.0757856692913386
11
1.4336331102362205
21
1.0757856692913386
0
LINE
8
BLACK
6
CONTINUOUS
10
1.4336331102362205
20
1.0757856692913386
11
1.4336331102362205
21
1.0684735826771654
0
LINE
8
BLACK
6
CONTINUOUS
10
0.3128131102362205
20
1.0667979921259843
11
0.313503937007874
21
1.0649
0
LINE
8
BLACK
6
CONTINUOUS
10
0.313503937007874
20
1.0649
11
0.313503937007874
21
1.0471653543307087
0
LINE
8
BLACK
6
CONTINUOUS
10
0.313503937007874
20
1.0471653543307087
11
0.3134362992125984
21
1.046781811023622
0
LINE
8
BLACK
6
CONTINUOUS
10
0.3134362992125984
20
1.046781811023622
11
0.313459094488189
21
1.0466525984251969
0
LINE
8
BLACK
6
CONTINUOUS
10
0.313459094488189
20
1.0466525984251969
11
0.3133934645669291
21
1.0465389763779527
0
LINE
8
BLACK
6
CONTINUOUS
10
0.3133934645669291
20
1.0465389763779527
11
0.3133258661417323
21
1.0461554330708662
0
LINE
8
BLACK
6
CONTINUOUS
10
0.3133258661417323
20
1.0461554330708662
11
0.312832716535433
21
1.0455677165354331
0
LINE
8
BLACK
6
CONTINUOUS
10
0.312832716535433
20
1.0455677165354331
11
0.3124491732283465
21
1.0449034251968503
0
LINE
8
BLACK
6
CONTINUOUS
10
0.3124491732283465
20
1.0449034251968503
11
0.3121988188976378
21
1.044812283464567
0
LINE
8
BLACK
6
CONTINUOUS
10
0.3121988188976378
20
1.044812283464567
11
0.3120275590551181
21
1.0446081889763779
0
LINE
8
BLACK
6
CONTINUOUS
10
0.3120275590551181
20
1.0446081889763779
11
0.311271968503937
21
1.0444749212598425
0
LINE
8
BLACK
6
CONTINUOUS
10
0.311271968503937
20
1.0444749212598425
11
0.3105511811023622
21
1.0442125984251969
0
LINE
8
BLACK
6
CONTINUOUS
10
0.3105511811023622
20
1.0442125984251969
11
0.1294488188976378
21
1.0442125984251969
0
LINE
8
BLACK
6
CONTINUOUS
10
0.1294488188976378
20
1.0442125984251969
11
0.1290652755905512
21
1.0442801968503936
0
LINE
8
BLACK
6
CONTINUOUS
10
0.1290652755905512
20
1.0442801968503936
11
0.128936062992126
21
1.0442574409448819
0
LINE
8
BLACK
6
CONTINUOUS
10
0.128936062992126
20
1.0442574409448819
11
0.1288224409448819
21
1.044323031496063
0
LINE
8
BLACK
6
CONTINUOUS
10
0.1288224409448819
20
1.044323031496063
11
0.1284388976377953
21
1.0443906692913385
0
LINE
8
BLACK
6
CONTINUOUS
10
0.1284388976377953
20
1.0443906692913385
11
0.1278511811023622
21
1.044883779527559
0
LINE
8
BLACK
6
CONTINUOUS
10
0.1278511811023622
20
1.044883779527559
11
0.1271868897637795
21
1.0452673622047244
0
LINE
8
BLACK
6
CONTINUOUS
10
0.1271868897637795
20
1.0452673622047244
11
0.1270957480314961
21
1.0455176771653543
0
LINE
8
BLACK
6
CONTINUOUS
10
0.1270957480314961
20
1.0455176771653543
11
0.1268916535433071
21
1.0456889763779527
0
LINE
8
BLACK
6
CONTINUOUS
10
0.1268916535433071
20
1.0456889763779527
11
0.1267583858267717
21
1.046444527559055
0
LINE
8
BLACK
6
CONTINUOUS
10
0.1267583858267717
20
1.046444527559055
11
0.126496062992126
21
1.0471653543307087
0
LINE
8
BLACK
6
CONTINUOUS
10
0.126496062992126
20
1.0471653543307087
11
0.126496062992126
21
1.0649
0
LINE
8
BLACK
6
CONTINUOUS
10
0.126496062992126
20
1.0649
11
0.1266741338582677
21
1.0659099212598424
0
LINE
8
BLACK
6
CONTINUOUS
10
0.1266741338582677
20
1.0659099212598424
11
0.1279724409448819
21
1.0674571653543308
0
LINE
8
BLACK
6
CONTINUOUS
10
0.1279724409448819
20
1.0674571653543308
11
0.1299615748031496
21
1.0678079133858267
0
LINE
8
BLACK
6
CONTINUOUS
10
0.1299615748031496
20
1.0678079133858267
11
0.1317107480314961
21
1.0667979921259843
0
LINE
8
BLACK
6
CONTINUOUS
10
0.1317107480314961
20
1.0667979921259843
11
0.1324015748031496
21
1.0649
0
LINE
8
BLACK
6
CONTINUOUS
10
0.1324015748031496
20
1.0649
11
0.1324015748031496
21
1.0501181102362205
0
LINE
8
BLACK
6
CONTINUOUS
10
0.1324015748031496
20
1.0501181102362205
11
0.2879472440944882
21
1.0501181102362205
0
LINE
8
BLACK
6
CONTINUOUS
10
0.2879472440944882
20
1.0501181102362205
11
0.2879472440944882
21
1.0649
0
LINE
8
BLACK
6
CONTINUOUS
10
0.2879472440944882
20
1.0649
11
0.2881253149606299
21
1.0659099212598424
0
LINE
8
BLACK
6
CONTINUOUS
10
0.2881253149606299
20
1.0659099212598424
11
0.2894236220472441
21
1.0674571653543308
0
LINE
8
BLACK
6
CONTINUOUS
10
0.2894236220472441
20
1.0674571653543308
11
0.2914127559055118
21
1.0678079133858267
0
LINE
8
BLACK
6
CONTINUOUS
10
0.2914127559055118
20
1.0678079133858267
11
0.2931619291338582
21
1.0667979921259843
0
LINE
8
BLACK
6
CONTINUOUS
10
0.2931619291338582
20
1.0667979921259843
11
0.2938527559055118
21
1.0649
0
LINE
8
BLACK
6
CONTINUOUS
10
0.2938527559055118
20
1.0649
11
0.2938527559055118
21
1.0501181102362205
0
LINE
8
BLACK
6
CONTINUOUS
10
0.2938527559055118
20
1.0501181102362205
11
0.3075984251968504
21
1.0501181102362205
0
LINE
8
BLACK
6
CONTINUOUS
10
0.3075984251968504
20
1.0501181102362205
11
0.3075984251968504
21
1.0649
0
LINE
8
BLACK
6
CONTINUOUS
10
0.3075984251968504
20
1.0649
11
0.3077764960629921
21
1.0659099212598424
0
LINE
8
BLACK
6
CONTINUOUS
10
0.3077764960629921
20
1.0659099212598424
11
0.3090748031496063
21
1.0674571653543308
0
LINE
8
BLACK
6
CONTINUOUS
10
0.3090748031496063
20
1.0674571653543308
11
0.311063937007874
21
1.0678079133858267
0
LINE
8
BLACK
6
CONTINUOUS
10
0.311063937007874
20
1.0678079133858267
11
0.3128131102362205
21
1.0667979921259843
0
LINE
8
BLACK
6
CONTINUOUS
10
0.6328131102362204
20
1.0667979921259843
11
0.633503937007874
21
1.0649
0
LINE
8
BLACK
6
CONTINUOUS
10
0.633503937007874
20
1.0649
11
0.633503937007874
21
1.0471653543307087
0
LINE
8
BLACK
6
CONTINUOUS
10
0.633503937007874
20
1.0471653543307087
11
0.6334362992125984
21
1.046781811023622
0
LINE
8
BLACK
6
CONTINUOUS
10
0.6334362992125984
20
1.046781811023622
11
0.6334590944881889
21
1.0466525984251969
0
LINE
8
BLACK
6
CONTINUOUS
10
0.6334590944881889
20
1.0466525984251969
11
0.6333934645669291
21
1.0465389763779527
0
LINE
8
BLACK
6
CONTINUOUS
10
0.6333934645669291
20
1.0465389763779527
11
0.6333258661417323
21
1.0461554330708662
0
LINE
8
BLACK
6
CONTINUOUS
10
0.6333258661417323
20
1.0461554330708662
11
0.632832716535433
21
1.0455677165354331
0
LINE
8
BLACK
6
CONTINUOUS
10
0.632832716535433
20
1.0455677165354331
11
0.6324491732283465
21
1.0449034251968503
0
LINE
8
BLACK
6
CONTINUOUS
10
0.6324491732283465
20
1.0449034251968503
11
0.6321988188976377
21
1.044812283464567
0
LINE
8
BLACK
6
CONTINUOUS
10
0.6321988188976377
20
1.044812283464567
11
0.6320275590551181
21
1.0446081889763779
0
LINE
8
BLACK
6
CONTINUOUS
10
0.6320275590551181
20
1.0446081889763779
11
0.631271968503937
21
1.0444749212598425
0
LINE
8
BLACK
6
CONTINUOUS
10
0.631271968503937
20
1.0444749212598425
11
0.6305511811023622
21
1.0442125984251969
0
LINE
8
BLACK
6
CONTINUOUS
10
0.6305511811023622
20
1.0442125984251969
11
0.4494488188976378
21
1.0442125984251969
0
LINE
8
BLACK
6
CONTINUOUS
10
0.4494488188976378
20
1.0442125984251969
11
0.4490652755905511
21
1.0442801968503936
0
LINE
8
BLACK
6
CONTINUOUS
10
0.4490652755905511
20
1.0442801968503936
11
0.448936062992126
21
1.0442574409448819
0
LINE
8
BLACK
6
CONTINUOUS
10
0.448936062992126
20
1.0442574409448819
11
0.4488224409448819
21
1.044323031496063
0
LINE
8
BLACK
6
CONTINUOUS
10
0.4488224409448819
20
1.044323031496063
11
0.4484388976377953
21
1.0443906692913385
0
LINE
8
BLACK
6
CONTINUOUS
10
0.4484388976377953
20
1.0443906692913385
11
0.4478511811023622
21
1.044883779527559
0
LINE
8
BLACK
6
CONTINUOUS
10
0.4478511811023622
20
1.044883779527559
11
0.4471868897637795
21
1.0452673622047244
0
LINE
8
BLACK
6
CONTINUOUS
10
0.4471868897637795
20
1.0452673622047244
11
0.447095748031496
21
1.0455176771653543
0
LINE
8
BLACK
6
CONTINUOUS
10
0.447095748031496
20
1.0455176771653543
11
0.4468916535433071
21
1.0456889763779527
0
LINE
8
BLACK
6
CONTINUOUS
10
0.4468916535433071
20
1.0456889763779527
11
0.4467583858267716
21
1.046444527559055
0
LINE
8
BLACK
6
CONTINUOUS
10
0.4467583858267716
20
1.046444527559055
11
0.446496062992126
21
1.0471653543307087
0
LINE
8
BLACK
6
CONTINUOUS
10
0.446496062992126
20
1.0471653543307087
11
0.446496062992126
21
1.0649
0
LINE
8
BLACK
6
CONTINUOUS
10
0.446496062992126
20
1.0649
11
0.4466741338582677
21
1.0659099212598424
0
LINE
8
BLACK
6
CONTINUOUS
10
0.4466741338582677
20
1.0659099212598424
11
0.4479724409448819
21
1.0674571653543308
0
LINE
8
BLACK
6
CONTINUOUS
10
0.4479724409448819
20
1.0674571653543308
11
0.4499615748031496
21
1.0678079133858267
0
LINE
8
BLACK
6
CONTINUOUS
10
0.4499615748031496
20
1.0678079133858267
11
0.4517107480314961
21
1.0667979921259843
0
LINE
8
BLACK
6
CONTINUOUS
10
0.4517107480314961
20
1.0667979921259843
11
0.4524015748031496
21
1.0649
0
LINE
8
BLACK
6
CONTINUOUS
10
0.4524015748031496
20
1.0649
11
0.4524015748031496
21
1.0501181102362205
0
LINE
8
BLACK
6
CONTINUOUS
10
0.4524015748031496
20
1.0501181102362205
11
0.6079472440944882
21
1.0501181102362205
0
LINE
8
BLACK
6
CONTINUOUS
10
0.6079472440944882
20
1.0501181102362205
11
0.6079472440944882
21
1.0649
0
LINE
8
BLACK
6
CONTINUOUS
10
0.6079472440944882
20
1.0649
11
0.6081253149606299
21
1.0659099212598424
0
LINE
8
BLACK
6
CONTINUOUS
10
0.6081253149606299
20
1.0659099212598424
11
0.6094236220472441
21
1.0674571653543308
0
LINE
8
BLACK
6
CONTINUOUS
10
0.6094236220472441
20
1.0674571653543308
11
0.6114127559055118
21
1.0678079133858267
0
LINE
8
BLACK
6
CONTINUOUS
10
0.6114127559055118
20
1.0678079133858267
11
0.6131619291338583
21
1.0667979921259843
0
LINE
8
BLACK
6
CONTINUOUS
10
0.6131619291338583
20
1.0667979921259843
11
0.6138527559055118
21
1.0649
0
LINE
8
BLACK
6
CONTINUOUS
10
0.6138527559055118
20
1.0649
11
0.6138527559055118
21
1.0501181102362205
0
LINE
8
BLACK
6
CONTINUOUS
10
0.6138527559055118
20
1.0501181102362205
11
0.6275984251968504
21
1.0501181102362205
0
LINE
8
BLACK
6
CONTINUOUS
10
0.6275984251968504
20
1.0501181102362205
11
0.6275984251968504
21
1.0649
0
LINE
8
BLACK
6
CONTINUOUS
10
0.6275984251968504
20
1.0649
11
0.6277764960629921
21
1.0659099212598424
0
LINE
8
BLACK
6
CONTINUOUS
10
0.6277764960629921
20
1.0659099212598424
11
0.6290748031496063
21
1.0674571653543308
0
LINE
8
BLACK
6
CONTINUOUS
10
0.6290748031496063
20
1.0674571653543308
11
0.631063937007874
21
1.0678079133858267
0
LINE
8
BLACK
6
CONTINUOUS
10
0.631063937007874
20
1.0678079133858267
11
0.6328131102362204
21
1.0667979921259843
0
LINE
8
BLACK
6
CONTINUOUS
10
0.9528131102362205
20
1.0667979921259843
11
0.9535039370078739
21
1.0649
0
LINE
8
BLACK
6
CONTINUOUS
10
0.9535039370078739
20
1.0649
11
0.9535039370078739
21
1.0471653543307087
0
LINE
8
BLACK
6
CONTINUOUS
10
0.9535039370078739
20
1.0471653543307087
11
0.9534362992125984
21
1.046781811023622
0
LINE
8
BLACK
6
CONTINUOUS
10
0.9534362992125984
20
1.046781811023622
11
0.953459094488189
21
1.0466525984251969
0
LINE
8
BLACK
6
CONTINUOUS
10
0.953459094488189
20
1.0466525984251969
11
0.9533934645669291
21
1.0465389763779527
0
LINE
8
BLACK
6
CONTINUOUS
10
0.9533934645669291
20
1.0465389763779527
11
0.9533258661417323
21
1.0461554330708662
0
LINE
8
BLACK
6
CONTINUOUS
10
0.9533258661417323
20
1.0461554330708662
11
0.952832716535433
21
1.0455677165354331
0
LINE
8
BLACK
6
CONTINUOUS
10
0.952832716535433
20
1.0455677165354331
11
0.9524491732283464
21
1.0449034251968503
0
LINE
8
BLACK
6
CONTINUOUS
10
0.9524491732283464
20
1.0449034251968503
11
0.9521988188976378
21
1.044812283464567
0
LINE
8
BLACK
6
CONTINUOUS
10
0.9521988188976378
20
1.044812283464567
11
0.952027559055118
21
1.0446081889763779
0
LINE
8
BLACK
6
CONTINUOUS
10
0.952027559055118
20
1.0446081889763779
11
0.951271968503937
21
1.0444749212598425
0
LINE
8
BLACK
6
CONTINUOUS
10
0.951271968503937
20
1.0444749212598425
11
0.9505511811023621
21
1.0442125984251969
0
LINE
8
BLACK
6
CONTINUOUS
10
0.9505511811023621
20
1.0442125984251969
11
0.7694488188976378
21
1.0442125984251969
0
LINE
8
BLACK
6
CONTINUOUS
10
0.7694488188976378
20
1.0442125984251969
11
0.7690652755905512
21
1.0442801968503936
0
LINE
8
BLACK
6
CONTINUOUS
10
0.7690652755905512
20
1.0442801968503936
11
0.7689360629921259
21
1.0442574409448819
0
LINE
8
BLACK
6
CONTINUOUS
10
0.7689360629921259
20
1.0442574409448819
11
0.7688224409448818
21
1.044323031496063
0
LINE
8
BLACK
6
CONTINUOUS
10
0.7688224409448818
20
1.044323031496063
11
0.7684388976377953
21
1.0443906692913385
0
LINE
8
BLACK
6
CONTINUOUS
10
0.7684388976377953
20
1.0443906692913385
11
0.7678511811023622
21
1.044883779527559
0
LINE
8
BLACK
6
CONTINUOUS
10
0.7678511811023622
20
1.044883779527559
11
0.7671868897637795
21
1.0452673622047244
0
LINE
8
BLACK
6
CONTINUOUS
10
0.7671868897637795
20
1.0452673622047244
11
0.767095748031496
21
1.0455176771653543
0
LINE
8
BLACK
6
CONTINUOUS
10
0.767095748031496
20
1.0455176771653543
11
0.766891653543307
21
1.0456889763779527
0
LINE
8
BLACK
6
CONTINUOUS
10
0.766891653543307
20
1.0456889763779527
11
0.7667583858267716
21
1.046444527559055
0
LINE
8
BLACK
6
CONTINUOUS
10
0.7667583858267716
20
1.046444527559055
11
0.7664960629921259
21
1.0471653543307087
0
LINE
8
BLACK
6
CONTINUOUS
10
0.7664960629921259
20
1.0471653543307087
11
0.7664960629921259
21
1.0649
0
LINE
8
BLACK
6
CONTINUOUS
10
0.7664960629921259
20
1.0649
11
0.7666741338582677
21
1.0659099212598424
0
LINE
8
BLACK
6
CONTINUOUS
10
0.7666741338582677
20
1.0659099212598424
11
0.7679724409448818
21
1.0674571653543308
0
LINE
8
BLACK
6
CONTINUOUS
10
0.7679724409448818
20
1.0674571653543308
11
0.7699615748031496
21
1.0678079133858267
0
LINE
8
BLACK
6
CONTINUOUS
10
0.7699615748031496
20
1.0678079133858267
11
0.7717107480314961
21
1.0667979921259843
0
LINE
8
BLACK
6
CONTINUOUS
10
0.7717107480314961
20
1.0667979921259843
11
0.7724015748031496
21
1.0649
0
LINE
8
BLACK
6
CONTINUOUS
10
0.7724015748031496
20
1.0649
11
0.7724015748031496
21
1.0501181102362205
0
LINE
8
BLACK
6
CONTINUOUS
10
0.7724015748031496
20
1.0501181102362205
11
0.9279472440944881
21
1.0501181102362205
0
LINE
8
BLACK
6
CONTINUOUS
10
0.9279472440944881
20
1.0501181102362205
11
0.9279472440944881
21
1.0649
0
LINE
8
BLACK
6
CONTINUOUS
10
0.9279472440944881
20
1.0649
11
0.9281253149606299
21
1.0659099212598424
0
LINE
8
BLACK
6
CONTINUOUS
10
0.9281253149606299
20
1.0659099212598424
11
0.929423622047244
21
1.0674571653543308
0
LINE
8
BLACK
6
CONTINUOUS
10
0.929423622047244
20
1.0674571653543308
11
0.9314127559055118
21
1.0678079133858267
0
LINE
8
BLACK
6
CONTINUOUS
10
0.9314127559055118
20
1.0678079133858267
11
0.9331619291338582
21
1.0667979921259843
0
LINE
8
BLACK
6
CONTINUOUS
10
0.9331619291338582
20
1.0667979921259843
11
0.9338527559055118
21
1.0649
0
LINE
8
BLACK
6
CONTINUOUS
10
0.9338527559055118
20
1.0649
11
0.9338527559055118
21
1.0501181102362205
0
LINE
8
BLACK
6
CONTINUOUS
10
0.9338527559055118
20
1.0501181102362205
11
0.9475984251968503
21
1.0501181102362205
0
LINE
8
BLACK
6
CONTINUOUS
10
0.9475984251968503
20
1.0501181102362205
11
0.9475984251968503
21
1.0649
0
LINE
8
BLACK
6
CONTINUOUS
10
0.9475984251968503
20
1.0649
11
0.9477764960629921
21
1.0659099212598424
0
LINE
8
BLACK
6
CONTINUOUS
10
0.9477764960629921
20
1.0659099212598424
11
0.9490748031496062
21
1.0674571653543308
0
LINE
8
BLACK
6
CONTINUOUS
10
0.9490748031496062
20
1.0674571653543308
11
0.9510639370078739
21
1.0678079133858267
0
LINE
8
BLACK
6
CONTINUOUS
10
0.9510639370078739
20
1.0678079133858267
11
0.9528131102362205
21
1.0667979921259843
0
LINE
8
BLACK
6
CONTINUOUS
10
1.2728131102362203
20
1.0667979921259843
11
1.273503937007874
21
1.0649
0
LINE
8
BLACK
6
CONTINUOUS
10
1.273503937007874
20
1.0649
11
1.273503937007874
21
1.0471653543307087
0
LINE
8
BLACK
6
CONTINUOUS
10
1.273503937007874
20
1.0471653543307087
11
1.2734362992125985
21
1.046781811023622
0
LINE
8
BLACK
6
CONTINUOUS
10
1.2734362992125985
20
1.046781811023622
11
1.2734590944881889
21
1.0466525984251969
0
LINE
8
BLACK
6
CONTINUOUS
10
1.2734590944881889
20
1.0466525984251969
11
1.2733934645669291
21
1.0465389763779527
0
LINE
8
BLACK
6
CONTINUOUS
10
1.2733934645669291
20
1.0465389763779527
11
1.2733258661417322
21
1.0461554330708662
0
LINE
8
BLACK
6
CONTINUOUS
10
1.2733258661417322
20
1.0461554330708662
11
1.272832716535433
21
1.0455677165354331
0
LINE
8
BLACK
6
CONTINUOUS
10
1.272832716535433
20
1.0455677165354331
11
1.2724491732283465
21
1.0449034251968503
0
LINE
8
BLACK
6
CONTINUOUS
10
1.2724491732283465
20
1.0449034251968503
11
1.2721988188976379
21
1.044812283464567
0
LINE
8
BLACK
6
CONTINUOUS
10
1.2721988188976379
20
1.044812283464567
11
1.272027559055118
21
1.0446081889763779
0
LINE
8
BLACK
6
CONTINUOUS
10
1.272027559055118
20
1.0446081889763779
11
1.2712719685039371
21
1.0444749212598425
0
LINE
8
BLACK
6
CONTINUOUS
10
1.2712719685039371
20
1.0444749212598425
11
1.2705511811023622
21
1.0442125984251969
0
LINE
8
BLACK
6
CONTINUOUS
10
1.2705511811023622
20
1.0442125984251969
11
1.0894488188976377
21
1.0442125984251969
0
LINE
8
BLACK
6
CONTINUOUS
10
1.0894488188976377
20
1.0442125984251969
11
1.0890652755905512
21
1.0442801968503936
0
LINE
8
BLACK
6
CONTINUOUS
10
1.0890652755905512
20
1.0442801968503936
11
1.0889360629921259
21
1.0442574409448819
0
LINE
8
BLACK
6
CONTINUOUS
10
1.0889360629921259
20
1.0442574409448819
11
1.0888224409448819
21
1.044323031496063
0
LINE
8
BLACK
6
CONTINUOUS
10
1.0888224409448819
20
1.044323031496063
11
1.0884388976377952
21
1.0443906692913385
0
LINE
8
BLACK
6
CONTINUOUS
10
1.0884388976377952
20
1.0443906692913385
11
1.0878511811023621
21
1.044883779527559
0
LINE
8
BLACK
6
CONTINUOUS
10
1.0878511811023621
20
1.044883779527559
11
1.0871868897637795
21
1.0452673622047244
0
LINE
8
BLACK
6
CONTINUOUS
10
1.0871868897637795
20
1.0452673622047244
11
1.087095748031496
21
1.0455176771653543
0
LINE
8
BLACK
6
CONTINUOUS
10
1.087095748031496
20
1.0455176771653543
11
1.0868916535433071
21
1.0456889763779527
0
LINE
8
BLACK
6
CONTINUOUS
10
1.0868916535433071
20
1.0456889763779527
11
1.0867583858267715
21
1.046444527559055
0
LINE
8
BLACK
6
CONTINUOUS
10
1.0867583858267715
20
1.046444527559055
11
1.0864960629921259
21
1.0471653543307087
0
LINE
8
BLACK
6
CONTINUOUS
10
1.0864960629921259
20
1.0471653543307087
11
1.0864960629921259
21
1.0649
0
LINE
8
BLACK
6
CONTINUOUS
10
1.0864960629921259
20
1.0649
11
1.0866741338582677
21
1.0659099212598424
0
LINE
8
BLACK
6
CONTINUOUS
10
1.0866741338582677
20
1.0659099212598424
11
1.0879724409448819
21
1.0674571653543308
0
LINE
8
BLACK
6
CONTINUOUS
10
1.0879724409448819
20
1.0674571653543308
11
1.0899615748031495
21
1.0678079133858267
0
LINE
8
BLACK
6
CONTINUOUS
10
1.0899615748031495
20
1.0678079133858267
11
1.091710748031496
21
1.0667979921259843
0
LINE
8
BLACK
6
CONTINUOUS
10
1.091710748031496
20
1.0667979921259843
11
1.0924015748031495
21
1.0649
0
LINE
8
BLACK
6
CONTINUOUS
10
1.0924015748031495
20
1.0649
11
1.0924015748031495
21
1.0501181102362205
0
LINE
8
BLACK
6
CONTINUOUS
10
1.0924015748031495
20
1.0501181102362205
11
1.2479472440944881
21
1.0501181102362205
0
LINE
8
BLACK
6
CONTINUOUS
10
1.2479472440944881
20
1.0501181102362205
11
1.2479472440944881
21
1.0649
0
LINE
8
BLACK
6
CONTINUOUS
10
1.2479472440944881
20
1.0649
11
1.24812531496063
21
1.0659099212598424
0
LINE
8
BLACK
6
CONTINUOUS
10
1.24812531496063
20
1.0659099212598424
11
1.2494236220472441
21
1.0674571653543308
0
LINE
8
BLACK
6
CONTINUOUS
10
1.2494236220472441
20
1.0674571653543308
11
1.2514127559055117
21
1.0678079133858267
0
LINE
8
BLACK
6
CONTINUOUS
10
1.2514127559055117
20
1.0678079133858267
11
1.2531619291338583
21
1.0667979921259843
0
LINE
8
BLACK
6
CONTINUOUS
10
1.2531619291338583
20
1.0667979921259843
11
1.2538527559055117
21
1.0649
0
LINE
8
BLACK
6
CONTINUOUS
10
1.2538527559055117
20
1.0649
11
1.2538527559055117
21
1.0501181102362205
0
LINE
8
BLACK
6
CONTINUOUS
10
1.2538527559055117
20
1.0501181102362205
11
1.2675984251968504
21
1.0501181102362205
0
LINE
8
BLACK
6
CONTINUOUS
10
1.2675984251968504
20
1.0501181102362205
11
1.2675984251968504
21
1.0649
0
LINE
8
BLACK
6
CONTINUOUS
10
1.2675984251968504
20
1.0649
11
1.267776496062992
21
1.0659099212598424
0
LINE
8
BLACK
6
CONTINUOUS
10
1.267776496062992
20
1.0659099212598424
11
1.2690748031496062
21
1.0674571653543308
0
LINE
8
BLACK
6
CONTINUOUS
10
1.2690748031496062
20
1.0674571653543308
11
1.271063937007874
21
1.0678079133858267
0
LINE
8
BLACK
6
CONTINUOUS
10
1.271063937007874
20
1.0678079133858267
11
1.2728131102362203
21
1.0667979921259843
0
LINE
8
BLACK
6
CONTINUOUS
10
0.1659749212598425
20
1.1580098818897637
11
0.1673261023622047
21
1.1577334251968503
0
LINE
8
BLACK
6
CONTINUOUS
10
0.1673261023622047
20
1.1577334251968503
11
0.1730403937007874
21
1.1548762992125985
0
LINE
8
BLACK
6
CONTINUOUS
10
0.1730403937007874
20
1.1548762992125985
11
0.1737631889763779
21
1.1542353149606299
0
LINE
8
BLACK
6
CONTINUOUS
10
0.1737631889763779
20
1.1542353149606299
11
0.1745998031496063
21
1.1537523228346456
0
LINE
8
BLACK
6
CONTINUOUS
10
0.1745998031496063
20
1.1537523228346456
11
0.1774569291338583
21
1.150895157480315
0
LINE
8
BLACK
6
CONTINUOUS
10
0.1774569291338583
20
1.150895157480315
11
0.177939842519685
21
1.1500586614173227
0
LINE
8
BLACK
6
CONTINUOUS
10
0.177939842519685
20
1.1500586614173227
11
0.1785808267716535
21
1.1493358661417323
0
LINE
8
BLACK
6
CONTINUOUS
10
0.1785808267716535
20
1.1493358661417323
11
0.1814379921259842
21
1.1436215748031495
0
LINE
8
BLACK
6
CONTINUOUS
10
0.1814379921259842
20
1.1436215748031495
11
0.1817144881889764
21
1.1422702362204724
0
LINE
8
BLACK
6
CONTINUOUS
10
0.1817144881889764
20
1.1422702362204724
11
0.1820714173228346
21
1.1409382677165354
0
LINE
8
BLACK
6
CONTINUOUS
10
0.1820714173228346
20
1.1409382677165354
11
0.1820714173228346
21
1.1266525590551182
0
LINE
8
BLACK
6
CONTINUOUS
10
0.1820714173228346
20
1.1266525590551182
11
0.1817144881889764
21
1.1253205511811024
0
LINE
8
BLACK
6
CONTINUOUS
10
0.1817144881889764
20
1.1253205511811024
11
0.1814379921259842
21
1.1239692519685038
0
LINE
8
BLACK
6
CONTINUOUS
10
0.1814379921259842
20
1.1239692519685038
11
0.1785808267716535
21
1.1182549606299212
0
LINE
8
BLACK
6
CONTINUOUS
10
0.1785808267716535
20
1.1182549606299212
11
0.177939842519685
21
1.1175321259842519
0
LINE
8
BLACK
6
CONTINUOUS
10
0.177939842519685
20
1.1175321259842519
11
0.1774568897637795
21
1.1166956299212598
0
LINE
8
BLACK
6
CONTINUOUS
10
0.1774568897637795
20
1.1166956299212598
11
0.1745997637795275
21
1.1138385039370078
0
LINE
8
BLACK
6
CONTINUOUS
10
0.1745997637795275
20
1.1138385039370078
11
0.1737631889763779
21
1.1133555118110237
0
LINE
8
BLACK
6
CONTINUOUS
10
0.1737631889763779
20
1.1133555118110237
11
0.1730403937007874
21
1.1127145669291338
0
LINE
8
BLACK
6
CONTINUOUS
10
0.1730403937007874
20
1.1127145669291338
11
0.1673261023622047
21
1.1098574409448818
0
LINE
8
BLACK
6
CONTINUOUS
10
0.1673261023622047
20
1.1098574409448818
11
0.1659749212598425
21
1.1095809448818896
0
LINE
8
BLACK
6
CONTINUOUS
10
0.1659749212598425
20
1.1095809448818896
11
0.1646428346456693
21
1.1092240157480315
0
LINE
8
BLACK
6
CONTINUOUS
10
0.1646428346456693
20
1.1092240157480315
11
0.1532142519685039
21
1.1092240157480315
0
LINE
8
BLACK
6
CONTINUOUS
10
0.1532142519685039
20
1.1092240157480315
11
0.1518822047244094
21
1.1095809055118111
0
LINE
8
BLACK
6
CONTINUOUS
10
0.1518822047244094
20
1.1095809055118111
11
0.1505309842519685
21
1.1098574409448818
0
LINE
8
BLACK
6
CONTINUOUS
10
0.1505309842519685
20
1.1098574409448818
11
0.1499541732283464
21
1.1101458267716535
0
LINE
8
BLACK
6
CONTINUOUS
10
0.1499541732283464
20
1.1101458267716535
11
0.1502116535433071
21
1.1091159055118109
0
LINE
8
BLACK
6
CONTINUOUS
10
0.1502116535433071
20
1.1091159055118109
11
0.1550197637795276
21
1.1019037401574803
0
LINE
8
BLACK
6
CONTINUOUS
10
0.1550197637795276
20
1.1019037401574803
11
0.1567683464566929
21
1.100155157480315
0
LINE
8
BLACK
6
CONTINUOUS
10
0.1567683464566929
20
1.100155157480315
11
0.160345
21
1.0983668503937007
0
LINE
8
BLACK
6
CONTINUOUS
10
0.160345
20
1.0983668503937007
11
0.170357125984252
21
1.0983668503937007
0
LINE
8
BLACK
6
CONTINUOUS
10
0.170357125984252
20
1.0983668503937007
11
0.173357125984252
21
1.0975629921259842
0
LINE
8
BLACK
6
CONTINUOUS
10
0.173357125984252
20
1.0975629921259842
11
0.1755532677165354
21
1.0953668503937009
0
LINE
8
BLACK
6
CONTINUOUS
10
0.1755532677165354
20
1.0953668503937009
11
0.176357125984252
21
1.0923668503937007
0
LINE
8
BLACK
6
CONTINUOUS
10
0.176357125984252
20
1.0923668503937007
11
0.1755532677165354
21
1.0893668503937008
0
LINE
8
BLACK
6
CONTINUOUS
10
0.1755532677165354
20
1.0893668503937008
11
0.173357125984252
21
1.0871707086614173
0
LINE
8
BLACK
6
CONTINUOUS
10
0.173357125984252
20
1.0871707086614173
11
0.170357125984252
21
1.0863668503937007
0
LINE
8
BLACK
6
CONTINUOUS
10
0.170357125984252
20
1.0863668503937007
11
0.1589285433070866
21
1.0863668503937007
0
LINE
8
BLACK
6
CONTINUOUS
10
0.1589285433070866
20
1.0863668503937007
11
0.1575965354330709
21
1.0867237401574803
0
LINE
8
BLACK
6
CONTINUOUS
10
0.1575965354330709
20
1.0867237401574803
11
0.1562452362204724
21
1.0870002755905512
0
LINE
8
BLACK
6
CONTINUOUS
10
0.1562452362204724
20
1.0870002755905512
11
0.1505309448818898
21
1.0898574409448818
0
LINE
8
BLACK
6
CONTINUOUS
10
0.1505309448818898
20
1.0898574409448818
11
0.1498081102362205
21
1.0904983858267716
0
LINE
8
BLACK
6
CONTINUOUS
10
0.1498081102362205
20
1.0904983858267716
11
0.1489716141732284
21
1.090981377952756
0
LINE
8
BLACK
6
CONTINUOUS
10
0.1489716141732284
20
1.090981377952756
11
0.1461144881889764
21
1.0938385039370078
0
LINE
8
BLACK
6
CONTINUOUS
10
0.1461144881889764
20
1.0938385039370078
11
0.1458148818897638
21
1.0943573622047245
0
LINE
8
BLACK
6
CONTINUOUS
10
0.1458148818897638
20
1.0943573622047245
11
0.145364842519685
21
1.0947529133858267
0
LINE
8
BLACK
6
CONTINUOUS
10
0.145364842519685
20
1.0947529133858267
11
0.1396505511811024
21
1.1033243700787401
0
LINE
8
BLACK
6
CONTINUOUS
10
0.1396505511811024
20
1.1033243700787401
11
0.139321062992126
21
1.1042982677165354
0
LINE
8
BLACK
6
CONTINUOUS
10
0.139321062992126
20
1.1042982677165354
11
0.138821968503937
21
1.1051973622047244
0
LINE
8
BLACK
6
CONTINUOUS
10
0.138821968503937
20
1.1051973622047244
11
0.135964842519685
21
1.1166259448818898
0
LINE
8
BLACK
6
CONTINUOUS
10
0.135964842519685
20
1.1166259448818898
11
0.1359772834645669
21
1.1173661023622048
0
LINE
8
BLACK
6
CONTINUOUS
10
0.1359772834645669
20
1.1173661023622048
11
0.1357857086614173
21
1.1180811417322833
0
LINE
8
BLACK
6
CONTINUOUS
10
0.1357857086614173
20
1.1180811417322833
11
0.1357857086614173
21
1.1409382677165354
0
LINE
8
BLACK
6
CONTINUOUS
10
0.1357857086614173
20
1.1409382677165354
11
0.1361426377952756
21
1.1422703543307087
0
LINE
8
BLACK
6
CONTINUOUS
10
0.1361426377952756
20
1.1422703543307087
11
0.1364191338582677
21
1.1436215354330708
0
LINE
8
BLACK
6
CONTINUOUS
10
0.1364191338582677
20
1.1436215354330708
11
0.1392762598425197
21
1.1493358267716536
0
LINE
8
BLACK
6
CONTINUOUS
10
0.1392762598425197
20
1.1493358267716536
11
0.1399172047244094
21
1.150058622047244
0
LINE
8
BLACK
6
CONTINUOUS
10
0.1399172047244094
20
1.150058622047244
11
0.1404001968503937
21
1.1508951968503938
0
LINE
8
BLACK
6
CONTINUOUS
10
0.1404001968503937
20
1.1508951968503938
11
0.1432573622047244
21
1.1537523622047243
0
LINE
8
BLACK
6
CONTINUOUS
10
0.1432573622047244
20
1.1537523622047243
11
0.144093937007874
21
1.1542353543307087
0
LINE
8
BLACK
6
CONTINUOUS
10
0.144093937007874
20
1.1542353543307087
11
0.1448167322834646
21
1.1548762992125985
0
LINE
8
BLACK
6
CONTINUOUS
10
0.1448167322834646
20
1.1548762992125985
11
0.1505309842519685
21
1.1577334251968503
0
LINE
8
BLACK
6
CONTINUOUS
10
0.1505309842519685
20
1.1577334251968503
11
0.1518822047244094
21
1.1580099212598425
0
LINE
8
BLACK
6
CONTINUOUS
10
0.1518822047244094
20
1.1580099212598425
11
0.1532142519685039
21
1.1583668503937008
0
LINE
8
BLACK
6
CONTINUOUS
10
0.1532142519685039
20
1.1583668503937008
11
0.1646428346456693
21
1.1583668503937008
0
LINE
8
BLACK
6
CONTINUOUS
10
0.1646428346456693
20
1.1583668503937008
11
0.1659749212598425
21
1.1580098818897637
0
LINE
8
BLACK
6
CONTINUOUS
10
0.151054094488189
20
1.1445785433070865
11
0.1495739763779527
21
1.1430984251968503
0
LINE
8
BLACK
6
CONTINUOUS
10
0.1495739763779527
20
1.1430984251968503
11
0.1477857086614173
21
1.1395218503937008
0
LINE
8
BLACK
6
CONTINUOUS
10
0.1477857086614173
20
1.1395218503937008
11
0.1477857086614173
21
1.128068937007874
0
LINE
8
BLACK
6
CONTINUOUS
10
0.1477857086614173
20
1.128068937007874
11
0.149573937007874
21
1.124492401574803
0
LINE
8
BLACK
6
CONTINUOUS
10
0.149573937007874
20
1.124492401574803
11
0.1510541338582677
21
1.1230122440944881
0
LINE
8
BLACK
6
CONTINUOUS
10
0.1510541338582677
20
1.1230122440944881
11
0.1546307086614173
21
1.1212240157480315
0
LINE
8
BLACK
6
CONTINUOUS
10
0.1546307086614173
20
1.1212240157480315
11
0.1632264173228346
21
1.1212240157480315
0
LINE
8
BLACK
6
CONTINUOUS
10
0.1632264173228346
20
1.1212240157480315
11
0.1668029921259843
21
1.1230122834645668
0
LINE
8
BLACK
6
CONTINUOUS
10
0.1668029921259843
20
1.1230122834645668
11
0.1682830708661417
21
1.1244923622047245
0
LINE
8
BLACK
6
CONTINUOUS
10
0.1682830708661417
20
1.1244923622047245
11
0.1700714173228347
21
1.1280690157480315
0
LINE
8
BLACK
6
CONTINUOUS
10
0.1700714173228347
20
1.1280690157480315
11
0.1700714173228347
21
1.1395217716535433
0
LINE
8
BLACK
6
CONTINUOUS
10
0.1700714173228347
20
1.1395217716535433
11
0.1682830708661417
21
1.1430983858267716
0
LINE
8
BLACK
6
CONTINUOUS
10
0.1682830708661417
20
1.1430983858267716
11
0.1668029527559055
21
1.1445785826771653
0
LINE
8
BLACK
6
CONTINUOUS
10
0.1668029527559055
20
1.1445785826771653
11
0.1632264173228346
21
1.1463668503937008
0
LINE
8
BLACK
6
CONTINUOUS
10
0.1632264173228346
20
1.1463668503937008
11
0.1546307086614173
21
1.1463668503937008
0
LINE
8
BLACK
6
CONTINUOUS
10
0.1546307086614173
20
1.1463668503937008
11
0.151054094488189
21
1.1445785433070865
0
LINE
8
BLACK
6
CONTINUOUS
10
0.2173909842519685
20
1.1580132283464566
11
0.2187307480314961
21
1.1577453149606298
0
LINE
8
BLACK
6
CONTINUOUS
10
0.2187307480314961
20
1.1577453149606298
11
0.2188797637795276
21
1.1576143307086615
0
LINE
8
BLACK
6
CONTINUOUS
10
0.2188797637795276
20
1.1576143307086615
11
0.2190714173228346
21
1.1575629921259842
0
LINE
8
BLACK
6
CONTINUOUS
10
0.2190714173228346
20
1.1575629921259842
11
0.2200375590551181
21
1.156596811023622
0
LINE
8
BLACK
6
CONTINUOUS
10
0.2200375590551181
20
1.156596811023622
11
0.2210637007874016
21
1.1556950393700787
0
LINE
8
BLACK
6
CONTINUOUS
10
0.2210637007874016
20
1.1556950393700787
11
0.2264483464566929
21
1.1476180314960629
0
LINE
8
BLACK
6
CONTINUOUS
10
0.2264483464566929
20
1.1476180314960629
11
0.231054094488189
21
1.1430122834645668
0
LINE
8
BLACK
6
CONTINUOUS
10
0.231054094488189
20
1.1430122834645668
11
0.2358975590551181
21
1.1405905905511811
0
LINE
8
BLACK
6
CONTINUOUS
10
0.2358975590551181
20
1.1405905905511811
11
0.2382213779527559
21
1.1385299606299213
0
LINE
8
BLACK
6
CONTINUOUS
10
0.2382213779527559
20
1.1385299606299213
11
0.2392035039370079
21
1.1355835039370079
0
LINE
8
BLACK
6
CONTINUOUS
10
0.2392035039370079
20
1.1355835039370079
11
0.2385808661417323
21
1.132540748031496
0
LINE
8
BLACK
6
CONTINUOUS
10
0.2385808661417323
20
1.132540748031496
11
0.2365202362204724
21
1.1302169685039369
0
LINE
8
BLACK
6
CONTINUOUS
10
0.2365202362204724
20
1.1302169685039369
11
0.2335738188976378
21
1.1292348031496062
0
LINE
8
BLACK
6
CONTINUOUS
10
0.2335738188976378
20
1.1292348031496062
11
0.2305310236220472
21
1.1298574409448818
0
LINE
8
BLACK
6
CONTINUOUS
10
0.2305310236220472
20
1.1298574409448818
11
0.2248167322834645
21
1.1327145669291339
0
LINE
8
BLACK
6
CONTINUOUS
10
0.2248167322834645
20
1.1327145669291339
11
0.224093937007874
21
1.1333554724409449
0
LINE
8
BLACK
6
CONTINUOUS
10
0.224093937007874
20
1.1333554724409449
11
0.2232573622047244
21
1.1338385039370078
0
LINE
8
BLACK
6
CONTINUOUS
10
0.2232573622047244
20
1.1338385039370078
11
0.2220714173228346
21
1.1350244488188976
0
LINE
8
BLACK
6
CONTINUOUS
10
0.2220714173228346
20
1.1350244488188976
11
0.2220714173228346
21
1.0983668503937007
0
LINE
8
BLACK
6
CONTINUOUS
10
0.2220714173228346
20
1.0983668503937007
11
0.2332142913385827
21
1.0983668503937007
0
LINE
8
BLACK
6
CONTINUOUS
10
0.2332142913385827
20
1.0983668503937007
11
0.2362142913385827
21
1.0975629921259842
0
LINE
8
BLACK
6
CONTINUOUS
10
0.2362142913385827
20
1.0975629921259842
11
0.2384104330708661
21
1.0953668503937009
0
LINE
8
BLACK
6
CONTINUOUS
10
0.2384104330708661
20
1.0953668503937009
11
0.2392142913385827
21
1.0923668503937007
0
LINE
8
BLACK
6
CONTINUOUS
10
0.2392142913385827
20
1.0923668503937007
11
0.2384104330708661
21
1.0893668503937008
0
LINE
8
BLACK
6
CONTINUOUS
10
0.2384104330708661
20
1.0893668503937008
11
0.2362142913385827
21
1.0871707086614173
0
LINE
8
BLACK
6
CONTINUOUS
10
0.2362142913385827
20
1.0871707086614173
11
0.2332142913385827
21
1.0863668503937007
0
LINE
8
BLACK
6
CONTINUOUS
10
0.2332142913385827
20
1.0863668503937007
11
0.2160714173228346
21
1.0863668503937007
0
LINE
8
BLACK
6
CONTINUOUS
10
0.2160714173228346
20
1.0863668503937007
11
0.1989285826771653
21
1.0863668503937007
0
LINE
8
BLACK
6
CONTINUOUS
10
0.1989285826771653
20
1.0863668503937007
11
0.1959285826771653
21
1.0871707086614173
0
LINE
8
BLACK
6
CONTINUOUS
10
0.1959285826771653
20
1.0871707086614173
11
0.1937324409448819
21
1.0893668503937008
0
LINE
8
BLACK
6
CONTINUOUS
10
0.1937324409448819
20
1.0893668503937008
11
0.1929285826771653
21
1.0923668503937007
0
LINE
8
BLACK
6
CONTINUOUS
10
0.1929285826771653
20
1.0923668503937007
11
0.1937324409448819
21
1.0953668503937009
0
LINE
8
BLACK
6
CONTINUOUS
10
0.1937324409448819
20
1.0953668503937009
11
0.1959285826771653
21
1.0975629921259842
0
LINE
8
BLACK
6
CONTINUOUS
10
0.1959285826771653
20
1.0975629921259842
11
0.1989285826771653
21
1.0983668503937007
0
LINE
8
BLACK
6
CONTINUOUS
10
0.1989285826771653
20
1.0983668503937007
11
0.2100714173228346
21
1.0983668503937007
0
LINE
8
BLACK
6
CONTINUOUS
10
0.2100714173228346
20
1.0983668503937007
11
0.2100714173228346
21
1.1523668503937008
0
LINE
8
BLACK
6
CONTINUOUS
10
0.2100714173228346
20
1.1523668503937008
11
0.210425
21
1.1536864173228347
0
LINE
8
BLACK
6
CONTINUOUS
10
0.210425
20
1.1536864173228347
11
0.2106929527559055
21
1.1550261811023621
0
LINE
8
BLACK
6
CONTINUOUS
10
0.2106929527559055
20
1.1550261811023621
11
0.2108238976377953
21
1.1551751968503936
0
LINE
8
BLACK
6
CONTINUOUS
10
0.2108238976377953
20
1.1551751968503936
11
0.2108752755905512
21
1.1553668503937007
0
LINE
8
BLACK
6
CONTINUOUS
10
0.2108752755905512
20
1.1553668503937007
11
0.2118414173228347
21
1.1563329921259842
0
LINE
8
BLACK
6
CONTINUOUS
10
0.2118414173228347
20
1.1563329921259842
11
0.2127432283464567
21
1.1573591338582676
0
LINE
8
BLACK
6
CONTINUOUS
10
0.2127432283464567
20
1.1573591338582676
11
0.2129311023622047
21
1.1574226771653544
0
LINE
8
BLACK
6
CONTINUOUS
10
0.2129311023622047
20
1.1574226771653544
11
0.2130714173228346
21
1.1575629921259842
0
LINE
8
BLACK
6
CONTINUOUS
10
0.2130714173228346
20
1.1575629921259842
11
0.2143911811023622
21
1.1579166141732282
0
LINE
8
BLACK
6
CONTINUOUS
10
0.2143911811023622
20
1.1579166141732282
11
0.2156852755905512
21
1.158354409448819
0
LINE
8
BLACK
6
CONTINUOUS
10
0.2156852755905512
20
1.158354409448819
11
0.2158797637795276
21
1.1583154724409448
0
LINE
8
BLACK
6
CONTINUOUS
10
0.2158797637795276
20
1.1583154724409448
11
0.2160714173228346
21
1.1583668503937008
0
LINE
8
BLACK
6
CONTINUOUS
10
0.2160714173228346
20
1.1583668503937008
11
0.2173909842519685
21
1.1580132283464566
0
LINE
8
BLACK
6
CONTINUOUS
10
0.293357125984252
20
1.1575629921259842
11
0.2955532677165355
21
1.1553668503937007
0
LINE
8
BLACK
6
CONTINUOUS
10
0.2955532677165355
20
1.1553668503937007
11
0.296357125984252
21
1.1523668503937008
0
LINE
8
BLACK
6
CONTINUOUS
10
0.296357125984252
20
1.1523668503937008
11
0.296357125984252
21
1.0923668503937007
0
LINE
8
BLACK
6
CONTINUOUS
10
0.296357125984252
20
1.0923668503937007
11
0.2955532677165355
21
1.0893668503937008
0
LINE
8
BLACK
6
CONTINUOUS
10
0.2955532677165355
20
1.0893668503937008
11
0.293357125984252
21
1.0871707086614173
0
LINE
8
BLACK
6
CONTINUOUS
10
0.293357125984252
20
1.0871707086614173
11
0.290357125984252
21
1.0863668503937007
0
LINE
8
BLACK
6
CONTINUOUS
10
0.290357125984252
20
1.0863668503937007
11
0.2760714173228346
21
1.0863668503937007
0
LINE
8
BLACK
6
CONTINUOUS
10
0.2760714173228346
20
1.0863668503937007
11
0.2751382677165354
21
1.0866168503937008
0
LINE
8
BLACK
6
CONTINUOUS
10
0.2751382677165354
20
1.0866168503937008
11
0.2741740551181102
21
1.0866747637795275
0
LINE
8
BLACK
6
CONTINUOUS
10
0.2741740551181102
20
1.0866747637795275
11
0.2656025984251968
21
1.0895319291338583
0
LINE
8
BLACK
6
CONTINUOUS
10
0.2656025984251968
20
1.0895319291338583
11
0.2644517716535433
21
1.0902917322834644
0
LINE
8
BLACK
6
CONTINUOUS
10
0.2644517716535433
20
1.0902917322834644
11
0.2632573622047244
21
1.090981377952756
0
LINE
8
BLACK
6
CONTINUOUS
10
0.2632573622047244
20
1.090981377952756
11
0.2575430708661417
21
1.0966956299212598
0
LINE
8
BLACK
6
CONTINUOUS
10
0.2575430708661417
20
1.0966956299212598
11
0.2570600787401575
21
1.0975321653543306
0
LINE
8
BLACK
6
CONTINUOUS
10
0.2570600787401575
20
1.0975321653543306
11
0.2564191338582677
21
1.098255
0
LINE
8
BLACK
6
CONTINUOUS
10
0.2564191338582677
20
1.098255
11
0.2535620078740157
21
1.1039692913385826
0
LINE
8
BLACK
6
CONTINUOUS
10
0.2535620078740157
20
1.1039692913385826
11
0.2534292125984252
21
1.1046181496062992
0
LINE
8
BLACK
6
CONTINUOUS
10
0.2534292125984252
20
1.1046181496062992
11
0.2531077165354331
21
1.1051973228346457
0
LINE
8
BLACK
6
CONTINUOUS
10
0.2531077165354331
20
1.1051973228346457
11
0.2502505511811023
21
1.1166259055118111
0
LINE
8
BLACK
6
CONTINUOUS
10
0.2502505511811023
20
1.1166259055118111
11
0.2502629921259842
21
1.1173661023622048
0
LINE
8
BLACK
6
CONTINUOUS
10
0.2502629921259842
20
1.1173661023622048
11
0.2500714173228347
21
1.1180811417322833
0
LINE
8
BLACK
6
CONTINUOUS
10
0.2500714173228347
20
1.1180811417322833
11
0.2500714173228347
21
1.1266525590551182
0
LINE
8
BLACK
6
CONTINUOUS
10
0.2500714173228347
20
1.1266525590551182
11
0.2502629921259842
21
1.127367559055118
0
LINE
8
BLACK
6
CONTINUOUS
10
0.2502629921259842
20
1.127367559055118
11
0.2502505511811023
21
1.1281077952755905
0
LINE
8
BLACK
6
CONTINUOUS
10
0.2502505511811023
20
1.1281077952755905
11
0.2531077165354331
21
1.1395363779527559
0
LINE
8
BLACK
6
CONTINUOUS
10
0.2531077165354331
20
1.1395363779527559
11
0.2534292125984252
21
1.1401155118110236
0
LINE
8
BLACK
6
CONTINUOUS
10
0.2534292125984252
20
1.1401155118110236
11
0.2535620078740157
21
1.140764409448819
0
LINE
8
BLACK
6
CONTINUOUS
10
0.2535620078740157
20
1.140764409448819
11
0.2564191338582677
21
1.1464787007874016
0
LINE
8
BLACK
6
CONTINUOUS
10
0.2564191338582677
20
1.1464787007874016
11
0.2570600787401575
21
1.1472014960629922
0
LINE
8
BLACK
6
CONTINUOUS
10
0.2570600787401575
20
1.1472014960629922
11
0.2575430708661417
21
1.1480380708661417
0
LINE
8
BLACK
6
CONTINUOUS
10
0.2575430708661417
20
1.1480380708661417
11
0.2632573622047244
21
1.1537523622047243
0
LINE
8
BLACK
6
CONTINUOUS
10
0.2632573622047244
20
1.1537523622047243
11
0.2644517322834646
21
1.1544419291338583
0
LINE
8
BLACK
6
CONTINUOUS
10
0.2644517322834646
20
1.1544419291338583
11
0.2656026377952756
21
1.155201811023622
0
LINE
8
BLACK
6
CONTINUOUS
10
0.2656026377952756
20
1.155201811023622
11
0.2741740551181102
21
1.1580589763779527
0
LINE
8
BLACK
6
CONTINUOUS
10
0.2741740551181102
20
1.1580589763779527
11
0.2751384251968504
21
1.1581168503937007
0
LINE
8
BLACK
6
CONTINUOUS
10
0.2751384251968504
20
1.1581168503937007
11
0.2760714173228346
21
1.1583668503937008
0
LINE
8
BLACK
6
CONTINUOUS
10
0.2760714173228346
20
1.1583668503937008
11
0.290357125984252
21
1.1583668503937008
0
LINE
8
BLACK
6
CONTINUOUS
10
0.290357125984252
20
1.1583668503937008
11
0.293357125984252
21
1.1575629921259842
0
LINE
8
BLACK
6
CONTINUOUS
10
0.270741062992126
20
1.1442655118110237
11
0.2667168503937008
21
1.1402412992125983
0
LINE
8
BLACK
6
CONTINUOUS
10
0.2667168503937008
20
1.1402412992125983
11
0.2645896850393701
21
1.1359870078740157
0
LINE
8
BLACK
6
CONTINUOUS
10
0.2645896850393701
20
1.1359870078740157
11
0.2620714173228346
21
1.1259138188976379
0
LINE
8
BLACK
6
CONTINUOUS
10
0.2620714173228346
20
1.1259138188976379
11
0.2620714173228346
21
1.1188198425196849
0
LINE
8
BLACK
6
CONTINUOUS
10
0.2620714173228346
20
1.1188198425196849
11
0.2645896850393701
21
1.108746653543307
0
LINE
8
BLACK
6
CONTINUOUS
10
0.2645896850393701
20
1.108746653543307
11
0.2667168503937008
21
1.1044924015748032
0
LINE
8
BLACK
6
CONTINUOUS
10
0.2667168503937008
20
1.1044924015748032
11
0.270741062992126
21
1.1004681889763779
0
LINE
8
BLACK
6
CONTINUOUS
10
0.270741062992126
20
1.1004681889763779
11
0.2770450787401575
21
1.0983668503937007
0
LINE
8
BLACK
6
CONTINUOUS
10
0.2770450787401575
20
1.0983668503937007
11
0.2843571259842519
21
1.0983668503937007
0
LINE
8
BLACK
6
CONTINUOUS
10
0.2843571259842519
20
1.0983668503937007
11
0.2843571259842519
21
1.1463668503937008
0
LINE
8
BLACK
6
CONTINUOUS
10
0.2843571259842519
20
1.1463668503937008
11
0.2770450393700787
21
1.1463668503937008
0
LINE
8
BLACK
6
CONTINUOUS
10
0.2770450393700787
20
1.1463668503937008
11
0.270741062992126
21
1.1442655118110237
0
LINE
8
BLACK
6
CONTINUOUS
10
0.4888320078740158
20
1.1580099212598425
11
0.4901832677165354
21
1.1577334251968503
0
LINE
8
BLACK
6
CONTINUOUS
10
0.4901832677165354
20
1.1577334251968503
11
0.4958975590551181
21
1.1548762992125985
0
LINE
8
BLACK
6
CONTINUOUS
10
0.4958975590551181
20
1.1548762992125985
11
0.4966203543307087
21
1.1542353149606299
0
LINE
8
BLACK
6
CONTINUOUS
10
0.4966203543307087
20
1.1542353149606299
11
0.4974568897637795
21
1.1537523622047243
0
LINE
8
BLACK
6
CONTINUOUS
10
0.4974568897637795
20
1.1537523622047243
11
0.5003140551181102
21
1.1508951968503938
0
LINE
8
BLACK
6
CONTINUOUS
10
0.5003140551181102
20
1.1508951968503938
11
0.501866968503937
21
1.148205472440945
0
LINE
8
BLACK
6
CONTINUOUS
10
0.501866968503937
20
1.148205472440945
11
0.501866968503937
21
1.1450996456692912
0
LINE
8
BLACK
6
CONTINUOUS
10
0.501866968503937
20
1.1450996456692912
11
0.5003140551181102
21
1.1424099212598424
0
LINE
8
BLACK
6
CONTINUOUS
10
0.5003140551181102
20
1.1424099212598424
11
0.4976243307086614
21
1.1408570078740157
0
LINE
8
BLACK
6
CONTINUOUS
10
0.4976243307086614
20
1.1408570078740157
11
0.4945185039370079
21
1.1408570078740157
0
LINE
8
BLACK
6
CONTINUOUS
10
0.4945185039370079
20
1.1408570078740157
11
0.491828779527559
21
1.1424099212598424
0
LINE
8
BLACK
6
CONTINUOUS
10
0.491828779527559
20
1.1424099212598424
11
0.4896601181102362
21
1.1445785826771653
0
LINE
8
BLACK
6
CONTINUOUS
10
0.4896601181102362
20
1.1445785826771653
11
0.4860835826771653
21
1.1463668503937008
0
LINE
8
BLACK
6
CONTINUOUS
10
0.4860835826771653
20
1.1463668503937008
11
0.4746307086614173
21
1.1463668503937008
0
LINE
8
BLACK
6
CONTINUOUS
10
0.4746307086614173
20
1.1463668503937008
11
0.471054094488189
21
1.1445785433070865
0
LINE
8
BLACK
6
CONTINUOUS
10
0.471054094488189
20
1.1445785433070865
11
0.4695739763779527
21
1.1430984251968503
0
LINE
8
BLACK
6
CONTINUOUS
10
0.4695739763779527
20
1.1430984251968503
11
0.4677857086614173
21
1.1395218503937008
0
LINE
8
BLACK
6
CONTINUOUS
10
0.4677857086614173
20
1.1395218503937008
11
0.4677857086614173
21
1.1361976377952756
0
LINE
8
BLACK
6
CONTINUOUS
10
0.4677857086614173
20
1.1361976377952756
11
0.4698870472440945
21
1.129893622047244
0
LINE
8
BLACK
6
CONTINUOUS
10
0.4698870472440945
20
1.129893622047244
11
0.5031711811023621
21
1.0966094881889763
0
LINE
8
BLACK
6
CONTINUOUS
10
0.5031711811023621
20
1.0966094881889763
11
0.5035661417322834
21
1.0959253543307086
0
LINE
8
BLACK
6
CONTINUOUS
10
0.5035661417322834
20
1.0959253543307086
11
0.50412468503937
21
1.0953668503937009
0
LINE
8
BLACK
6
CONTINUOUS
10
0.50412468503937
20
1.0953668503937009
11
0.504329094488189
21
1.0946038582677164
0
LINE
8
BLACK
6
CONTINUOUS
10
0.504329094488189
20
1.0946038582677164
11
0.504724094488189
21
1.0939197637795275
0
LINE
8
BLACK
6
CONTINUOUS
10
0.504724094488189
20
1.0939197637795275
11
0.504724094488189
21
1.0931298425196849
0
LINE
8
BLACK
6
CONTINUOUS
10
0.504724094488189
20
1.0931298425196849
11
0.5049285433070866
21
1.0923668503937007
0
LINE
8
BLACK
6
CONTINUOUS
10
0.5049285433070866
20
1.0923668503937007
11
0.504724094488189
21
1.0916038188976378
0
LINE
8
BLACK
6
CONTINUOUS
10
0.504724094488189
20
1.0916038188976378
11
0.504724094488189
21
1.090813937007874
0
LINE
8
BLACK
6
CONTINUOUS
10
0.504724094488189
20
1.090813937007874
11
0.504329094488189
21
1.0901298031496063
0
LINE
8
BLACK
6
CONTINUOUS
10
0.504329094488189
20
1.0901298031496063
11
0.50412468503937
21
1.0893668503937008
0
LINE
8
BLACK
6
CONTINUOUS
10
0.50412468503937
20
1.0893668503937008
11
0.5035661417322834
21
1.0888083070866141
0
LINE
8
BLACK
6
CONTINUOUS
10
0.5035661417322834
20
1.0888083070866141
11
0.5031711811023621
21
1.0881242125984252
0
LINE
8
BLACK
6
CONTINUOUS
10
0.5031711811023621
20
1.0881242125984252
11
0.5024870472440944
21
1.0877292125984253
0
LINE
8
BLACK
6
CONTINUOUS
10
0.5024870472440944
20
1.0877292125984253
11
0.5019285433070866
21
1.0871707086614173
0
LINE
8
BLACK
6
CONTINUOUS
10
0.5019285433070866
20
1.0871707086614173
11
0.5011655511811024
21
1.0869662598425196
0
LINE
8
BLACK
6
CONTINUOUS
10
0.5011655511811024
20
1.0869662598425196
11
0.5004814566929133
21
1.0865712992125984
0
LINE
8
BLACK
6
CONTINUOUS
10
0.5004814566929133
20
1.0865712992125984
11
0.4996915354330709
21
1.0865712992125984
0
LINE
8
BLACK
6
CONTINUOUS
10
0.4996915354330709
20
1.0865712992125984
11
0.4989285433070866
21
1.0863668503937007
0
LINE
8
BLACK
6
CONTINUOUS
10
0.4989285433070866
20
1.0863668503937007
11
0.4617857086614173
21
1.0863668503937007
0
LINE
8
BLACK
6
CONTINUOUS
10
0.4617857086614173
20
1.0863668503937007
11
0.4587857086614173
21
1.0871707086614173
0
LINE
8
BLACK
6
CONTINUOUS
10
0.4587857086614173
20
1.0871707086614173
11
0.4565895669291338
21
1.0893668503937008
0
LINE
8
BLACK
6
CONTINUOUS
10
0.4565895669291338
20
1.0893668503937008
11
0.4557857086614173
21
1.0923668503937007
0
LINE
8
BLACK
6
CONTINUOUS
10
0.4557857086614173
20
1.0923668503937007
11
0.4565895669291338
21
1.0953668503937009
0
LINE
8
BLACK
6
CONTINUOUS
10
0.4565895669291338
20
1.0953668503937009
11
0.4587857086614173
21
1.0975629921259842
0
LINE
8
BLACK
6
CONTINUOUS
10
0.4587857086614173
20
1.0975629921259842
11
0.4617857086614173
21
1.0983668503937007
0
LINE
8
BLACK
6
CONTINUOUS
10
0.4617857086614173
20
1.0983668503937007
11
0.4844432677165354
21
1.0983668503937007
0
LINE
8
BLACK
6
CONTINUOUS
10
0.4844432677165354
20
1.0983668503937007
11
0.4604001968503937
21
1.1224099212598424
0
LINE
8
BLACK
6
CONTINUOUS
10
0.4604001968503937
20
1.1224099212598424
11
0.4597105905511811
21
1.1236042913385826
0
LINE
8
BLACK
6
CONTINUOUS
10
0.4597105905511811
20
1.1236042913385826
11
0.458950748031496
21
1.1247551968503937
0
LINE
8
BLACK
6
CONTINUOUS
10
0.458950748031496
20
1.1247551968503937
11
0.4560936220472441
21
1.1333266535433071
0
LINE
8
BLACK
6
CONTINUOUS
10
0.4560936220472441
20
1.1333266535433071
11
0.4560357086614173
21
1.1342908661417324
0
LINE
8
BLACK
6
CONTINUOUS
10
0.4560357086614173
20
1.1342908661417324
11
0.4557857086614173
21
1.1352240157480316
0
LINE
8
BLACK
6
CONTINUOUS
10
0.4557857086614173
20
1.1352240157480316
11
0.4557857086614173
21
1.1409382677165354
0
LINE
8
BLACK
6
CONTINUOUS
10
0.4557857086614173
20
1.1409382677165354
11
0.4561426377952756
21
1.1422703543307087
0
LINE
8
BLACK
6
CONTINUOUS
10
0.4561426377952756
20
1.1422703543307087
11
0.4564191338582677
21
1.1436215354330708
0
LINE
8
BLACK
6
CONTINUOUS
10
0.4564191338582677
20
1.1436215354330708
11
0.4592762598425197
21
1.1493358267716536
0
LINE
8
BLACK
6
CONTINUOUS
10
0.4592762598425197
20
1.1493358267716536
11
0.4599172047244094
21
1.150058622047244
0
LINE
8
BLACK
6
CONTINUOUS
10
0.4599172047244094
20
1.150058622047244
11
0.4604001968503937
21
1.1508951968503938
0
LINE
8
BLACK
6
CONTINUOUS
10
0.4604001968503937
20
1.1508951968503938
11
0.4632573622047244
21
1.1537523622047243
0
LINE
8
BLACK
6
CONTINUOUS
10
0.4632573622047244
20
1.1537523622047243
11
0.464093937007874
21
1.1542353543307087
0
LINE
8
BLACK
6
CONTINUOUS
10
0.464093937007874
20
1.1542353543307087
11
0.4648167322834645
21
1.1548762992125985
0
LINE
8
BLACK
6
CONTINUOUS
10
0.4648167322834645
20
1.1548762992125985
11
0.4705309842519685
21
1.1577334251968503
0
LINE
8
BLACK
6
CONTINUOUS
10
0.4705309842519685
20
1.1577334251968503
11
0.4718822047244094
21
1.1580099212598425
0
LINE
8
BLACK
6
CONTINUOUS
10
0.4718822047244094
20
1.1580099212598425
11
0.4732142519685039
21
1.1583668503937008
0
LINE
8
BLACK
6
CONTINUOUS
10
0.4732142519685039
20
1.1583668503937008
11
0.4875
21
1.1583668503937008
0
LINE
8
BLACK
6
CONTINUOUS
10
0.4875
20
1.1583668503937008
11
0.4888320078740158
21
1.1580099212598425
0
LINE
8
BLACK
6
CONTINUOUS
10
0.5373909842519685
20
1.1580132283464566
11
0.538730748031496
21
1.1577453149606298
0
LINE
8
BLACK
6
CONTINUOUS
10
0.538730748031496
20
1.1577453149606298
11
0.5388797637795275
21
1.1576143307086615
0
LINE
8
BLACK
6
CONTINUOUS
10
0.5388797637795275
20
1.1576143307086615
11
0.5390714173228346
21
1.1575629921259842
0
LINE
8
BLACK
6
CONTINUOUS
10
0.5390714173228346
20
1.1575629921259842
11
0.5400375590551181
21
1.156596811023622
0
LINE
8
BLACK
6
CONTINUOUS
10
0.5400375590551181
20
1.156596811023622
11
0.5410637007874015
21
1.1556950393700787
0
LINE
8
BLACK
6
CONTINUOUS
10
0.5410637007874015
20
1.1556950393700787
11
0.5464483464566929
21
1.1476180314960629
0
LINE
8
BLACK
6
CONTINUOUS
10
0.5464483464566929
20
1.1476180314960629
11
0.551054094488189
21
1.1430122834645668
0
LINE
8
BLACK
6
CONTINUOUS
10
0.551054094488189
20
1.1430122834645668
11
0.5558975590551181
21
1.1405905905511811
0
LINE
8
BLACK
6
CONTINUOUS
10
0.5558975590551181
20
1.1405905905511811
11
0.5582213779527559
21
1.1385299606299213
0
LINE
8
BLACK
6
CONTINUOUS
10
0.5582213779527559
20
1.1385299606299213
11
0.5592035039370079
21
1.1355835039370079
0
LINE
8
BLACK
6
CONTINUOUS
10
0.5592035039370079
20
1.1355835039370079
11
0.5585808661417323
21
1.132540748031496
0
LINE
8
BLACK
6
CONTINUOUS
10
0.5585808661417323
20
1.132540748031496
11
0.5565202362204724
21
1.1302169685039369
0
LINE
8
BLACK
6
CONTINUOUS
10
0.5565202362204724
20
1.1302169685039369
11
0.5535738188976378
21
1.1292348031496062
0
LINE
8
BLACK
6
CONTINUOUS
10
0.5535738188976378
20
1.1292348031496062
11
0.5505310236220472
21
1.1298574409448818
0
LINE
8
BLACK
6
CONTINUOUS
10
0.5505310236220472
20
1.1298574409448818
11
0.5448167322834645
21
1.1327145669291339
0
LINE
8
BLACK
6
CONTINUOUS
10
0.5448167322834645
20
1.1327145669291339
11
0.544093937007874
21
1.1333554724409449
0
LINE
8
BLACK
6
CONTINUOUS
10
0.544093937007874
20
1.1333554724409449
11
0.5432573622047244
21
1.1338385039370078
0
LINE
8
BLACK
6
CONTINUOUS
10
0.5432573622047244
20
1.1338385039370078
11
0.5420714173228346
21
1.1350244488188976
0
LINE
8
BLACK
6
CONTINUOUS
10
0.5420714173228346
20
1.1350244488188976
11
0.5420714173228346
21
1.0983668503937007
0
LINE
8
BLACK
6
CONTINUOUS
10
0.5420714173228346
20
1.0983668503937007
11
0.5532142913385827
21
1.0983668503937007
0
LINE
8
BLACK
6
CONTINUOUS
10
0.5532142913385827
20
1.0983668503937007
11
0.5562142913385827
21
1.0975629921259842
0
LINE
8
BLACK
6
CONTINUOUS
10
0.5562142913385827
20
1.0975629921259842
11
0.5584104330708661
21
1.0953668503937009
0
LINE
8
BLACK
6
CONTINUOUS
10
0.5584104330708661
20
1.0953668503937009
11
0.5592142913385827
21
1.0923668503937007
0
LINE
8
BLACK
6
CONTINUOUS
10
0.5592142913385827
20
1.0923668503937007
11
0.5584104330708661
21
1.0893668503937008
0
LINE
8
BLACK
6
CONTINUOUS
10
0.5584104330708661
20
1.0893668503937008
11
0.5562142913385827
21
1.0871707086614173
0
LINE
8
BLACK
6
CONTINUOUS
10
0.5562142913385827
20
1.0871707086614173
11
0.5532142913385827
21
1.0863668503937007
0
LINE
8
BLACK
6
CONTINUOUS
10
0.5532142913385827
20
1.0863668503937007
11
0.5360714173228346
21
1.0863668503937007
0
LINE
8
BLACK
6
CONTINUOUS
10
0.5360714173228346
20
1.0863668503937007
11
0.5189285826771654
21
1.0863668503937007
0
LINE
8
BLACK
6
CONTINUOUS
10
0.5189285826771654
20
1.0863668503937007
11
0.5159285826771653
21
1.0871707086614173
0
LINE
8
BLACK
6
CONTINUOUS
10
0.5159285826771653
20
1.0871707086614173
11
0.5137324409448819
21
1.0893668503937008
0
LINE
8
BLACK
6
CONTINUOUS
10
0.5137324409448819
20
1.0893668503937008
11
0.5129285826771653
21
1.0923668503937007
0
LINE
8
BLACK
6
CONTINUOUS
10
0.5129285826771653
20
1.0923668503937007
11
0.5137324409448819
21
1.0953668503937009
0
LINE
8
BLACK
6
CONTINUOUS
10
0.5137324409448819
20
1.0953668503937009
11
0.5159285826771653
21
1.0975629921259842
0
LINE
8
BLACK
6
CONTINUOUS
10
0.5159285826771653
20
1.0975629921259842
11
0.5189285826771654
21
1.0983668503937007
0
LINE
8
BLACK
6
CONTINUOUS
10
0.5189285826771654
20
1.0983668503937007
11
0.5300714173228346
21
1.0983668503937007
0
LINE
8
BLACK
6
CONTINUOUS
10
0.5300714173228346
20
1.0983668503937007
11
0.5300714173228346
21
1.1523668503937008
0
LINE
8
BLACK
6
CONTINUOUS
10
0.5300714173228346
20
1.1523668503937008
11
0.530425
21
1.1536864173228347
0
LINE
8
BLACK
6
CONTINUOUS
10
0.530425
20
1.1536864173228347
11
0.5306929527559054
21
1.1550261811023621
0
LINE
8
BLACK
6
CONTINUOUS
10
0.5306929527559054
20
1.1550261811023621
11
0.5308238976377953
21
1.1551751968503936
0
LINE
8
BLACK
6
CONTINUOUS
10
0.5308238976377953
20
1.1551751968503936
11
0.5308752755905511
21
1.1553668503937007
0
LINE
8
BLACK
6
CONTINUOUS
10
0.5308752755905511
20
1.1553668503937007
11
0.5318414173228346
21
1.1563329921259842
0
LINE
8
BLACK
6
CONTINUOUS
10
0.5318414173228346
20
1.1563329921259842
11
0.5327432283464567
21
1.1573591338582676
0
LINE
8
BLACK
6
CONTINUOUS
10
0.5327432283464567
20
1.1573591338582676
11
0.5329311023622048
21
1.1574226771653544
0
LINE
8
BLACK
6
CONTINUOUS
10
0.5329311023622048
20
1.1574226771653544
11
0.5330714173228346
21
1.1575629921259842
0
LINE
8
BLACK
6
CONTINUOUS
10
0.5330714173228346
20
1.1575629921259842
11
0.5343911811023622
21
1.1579166141732282
0
LINE
8
BLACK
6
CONTINUOUS
10
0.5343911811023622
20
1.1579166141732282
11
0.5356852755905511
21
1.158354409448819
0
LINE
8
BLACK
6
CONTINUOUS
10
0.5356852755905511
20
1.158354409448819
11
0.5358797637795275
21
1.1583154724409448
0
LINE
8
BLACK
6
CONTINUOUS
10
0.5358797637795275
20
1.1583154724409448
11
0.5360714173228346
21
1.1583668503937008
0
LINE
8
BLACK
6
CONTINUOUS
10
0.5360714173228346
20
1.1583668503937008
11
0.5373909842519685
21
1.1580132283464566
0
LINE
8
BLACK
6
CONTINUOUS
10
0.613357125984252
20
1.1575629921259842
11
0.6155532677165354
21
1.1553668503937007
0
LINE
8
BLACK
6
CONTINUOUS
10
0.6155532677165354
20
1.1553668503937007
11
0.616357125984252
21
1.1523668503937008
0
LINE
8
BLACK
6
CONTINUOUS
10
0.616357125984252
20
1.1523668503937008
11
0.616357125984252
21
1.0923668503937007
0
LINE
8
BLACK
6
CONTINUOUS
10
0.616357125984252
20
1.0923668503937007
11
0.6155532677165354
21
1.0893668503937008
0
LINE
8
BLACK
6
CONTINUOUS
10
0.6155532677165354
20
1.0893668503937008
11
0.613357125984252
21
1.0871707086614173
0
LINE
8
BLACK
6
CONTINUOUS
10
0.613357125984252
20
1.0871707086614173
11
0.610357125984252
21
1.0863668503937007
0
LINE
8
BLACK
6
CONTINUOUS
10
0.610357125984252
20
1.0863668503937007
11
0.5960714173228346
21
1.0863668503937007
0
LINE
8
BLACK
6
CONTINUOUS
10
0.5960714173228346
20
1.0863668503937007
11
0.5951382677165354
21
1.0866168503937008
0
LINE
8
BLACK
6
CONTINUOUS
10
0.5951382677165354
20
1.0866168503937008
11
0.5941740551181103
21
1.0866747637795275
0
LINE
8
BLACK
6
CONTINUOUS
10
0.5941740551181103
20
1.0866747637795275
11
0.5856025984251968
21
1.0895319291338583
0
LINE
8
BLACK
6
CONTINUOUS
10
0.5856025984251968
20
1.0895319291338583
11
0.5844517716535433
21
1.0902917322834644
0
LINE
8
BLACK
6
CONTINUOUS
10
0.5844517716535433
20
1.0902917322834644
11
0.5832573622047244
21
1.090981377952756
0
LINE
8
BLACK
6
CONTINUOUS
10
0.5832573622047244
20
1.090981377952756
11
0.5775430708661418
21
1.0966956299212598
0
LINE
8
BLACK
6
CONTINUOUS
10
0.5775430708661418
20
1.0966956299212598
11
0.5770600787401575
21
1.0975321653543306
0
LINE
8
BLACK
6
CONTINUOUS
10
0.5770600787401575
20
1.0975321653543306
11
0.5764191338582677
21
1.098255
0
LINE
8
BLACK
6
CONTINUOUS
10
0.5764191338582677
20
1.098255
11
0.5735620078740158
21
1.1039692913385826
0
LINE
8
BLACK
6
CONTINUOUS
10
0.5735620078740158
20
1.1039692913385826
11
0.5734292125984252
21
1.1046181496062992
0
LINE
8
BLACK
6
CONTINUOUS
10
0.5734292125984252
20
1.1046181496062992
11
0.573107716535433
21
1.1051973228346457
0
LINE
8
BLACK
6
CONTINUOUS
10
0.573107716535433
20
1.1051973228346457
11
0.5702505511811023
21
1.1166259055118111
0
LINE
8
BLACK
6
CONTINUOUS
10
0.5702505511811023
20
1.1166259055118111
11
0.5702629921259842
21
1.1173661023622048
0
LINE
8
BLACK
6
CONTINUOUS
10
0.5702629921259842
20
1.1173661023622048
11
0.5700714173228346
21
1.1180811417322833
0
LINE
8
BLACK
6
CONTINUOUS
10
0.5700714173228346
20
1.1180811417322833
11
0.5700714173228346
21
1.1266525590551182
0
LINE
8
BLACK
6
CONTINUOUS
10
0.5700714173228346
20
1.1266525590551182
11
0.5702629921259842
21
1.127367559055118
0
LINE
8
BLACK
6
CONTINUOUS
10
0.5702629921259842
20
1.127367559055118
11
0.5702505511811023
21
1.1281077952755905
0
LINE
8
BLACK
6
CONTINUOUS
10
0.5702505511811023
20
1.1281077952755905
11
0.573107716535433
21
1.1395363779527559
0
LINE
8
BLACK
6
CONTINUOUS
10
0.573107716535433
20
1.1395363779527559
11
0.5734292125984252
21
1.1401155118110236
0
LINE
8
BLACK
6
CONTINUOUS
10
0.5734292125984252
20
1.1401155118110236
11
0.5735620078740158
21
1.140764409448819
0
LINE
8
BLACK
6
CONTINUOUS
10
0.5735620078740158
20
1.140764409448819
11
0.5764191338582677
21
1.1464787007874016
0
LINE
8
BLACK
6
CONTINUOUS
10
0.5764191338582677
20
1.1464787007874016
11
0.5770600787401575
21
1.1472014960629922
0
LINE
8
BLACK
6
CONTINUOUS
10
0.5770600787401575
20
1.1472014960629922
11
0.5775430708661418
21
1.1480380708661417
0
LINE
8
BLACK
6
CONTINUOUS
10
0.5775430708661418
20
1.1480380708661417
11
0.5832573622047244
21
1.1537523622047243
0
LINE
8
BLACK
6
CONTINUOUS
10
0.5832573622047244
20
1.1537523622047243
11
0.5844517322834646
21
1.1544419291338583
0
LINE
8
BLACK
6
CONTINUOUS
10
0.5844517322834646
20
1.1544419291338583
11
0.5856026377952755
21
1.155201811023622
0
LINE
8
BLACK
6
CONTINUOUS
10
0.5856026377952755
20
1.155201811023622
11
0.5941740551181103
21
1.1580589763779527
0
LINE
8
BLACK
6
CONTINUOUS
10
0.5941740551181103
20
1.1580589763779527
11
0.5951384251968503
21
1.1581168503937007
0
LINE
8
BLACK
6
CONTINUOUS
10
0.5951384251968503
20
1.1581168503937007
11
0.5960714173228346
21
1.1583668503937008
0
LINE
8
BLACK
6
CONTINUOUS
10
0.5960714173228346
20
1.1583668503937008
11
0.610357125984252
21
1.1583668503937008
0
LINE
8
BLACK
6
CONTINUOUS
10
0.610357125984252
20
1.1583668503937008
11
0.613357125984252
21
1.1575629921259842
0
LINE
8
BLACK
6
CONTINUOUS
10
0.5907410629921259
20
1.1442655118110237
11
0.5867168503937008
21
1.1402412992125983
0
LINE
8
BLACK
6
CONTINUOUS
10
0.5867168503937008
20
1.1402412992125983
11
0.58458968503937
21
1.1359870078740157
0
LINE
8
BLACK
6
CONTINUOUS
10
0.58458968503937
20
1.1359870078740157
11
0.5820714173228346
21
1.1259138188976379
0
LINE
8
BLACK
6
CONTINUOUS
10
0.5820714173228346
20
1.1259138188976379
11
0.5820714173228346
21
1.1188198425196849
0
LINE
8
BLACK
6
CONTINUOUS
10
0.5820714173228346
20
1.1188198425196849
11
0.58458968503937
21
1.108746653543307
0
LINE
8
BLACK
6
CONTINUOUS
10
0.58458968503937
20
1.108746653543307
11
0.5867168503937008
21
1.1044924015748032
0
LINE
8
BLACK
6
CONTINUOUS
10
0.5867168503937008
20
1.1044924015748032
11
0.5907410629921259
21
1.1004681889763779
0
LINE
8
BLACK
6
CONTINUOUS
10
0.5907410629921259
20
1.1004681889763779
11
0.5970450787401574
21
1.0983668503937007
0
LINE
8
BLACK
6
CONTINUOUS
10
0.5970450787401574
20
1.0983668503937007
11
0.604357125984252
21
1.0983668503937007
0
LINE
8
BLACK
6
CONTINUOUS
10
0.604357125984252
20
1.0983668503937007
11
0.604357125984252
21
1.1463668503937008
0
LINE
8
BLACK
6
CONTINUOUS
10
0.604357125984252
20
1.1463668503937008
11
0.5970450393700787
21
1.1463668503937008
0
LINE
8
BLACK
6
CONTINUOUS
10
0.5970450393700787
20
1.1463668503937008
11
0.5907410629921259
21
1.1442655118110237
0
LINE
8
BLACK
6
CONTINUOUS
10
0.8288195275590551
20
1.1580132283464566
11
0.8301592913385827
21
1.1577453149606298
0
LINE
8
BLACK
6
CONTINUOUS
10
0.8301592913385827
20
1.1577453149606298
11
0.8303083070866142
21
1.1576143307086615
0
LINE
8
BLACK
6
CONTINUOUS
10
0.8303083070866142
20
1.1576143307086615
11
0.8304999606299213
21
1.1575629921259842
0
LINE
8
BLACK
6
CONTINUOUS
10
0.8304999606299213
20
1.1575629921259842
11
0.8314661023622048
21
1.156596811023622
0
LINE
8
BLACK
6
CONTINUOUS
10
0.8314661023622048
20
1.156596811023622
11
0.8324922440944882
21
1.1556950393700787
0
LINE
8
BLACK
6
CONTINUOUS
10
0.8324922440944882
20
1.1556950393700787
11
0.8378768897637795
21
1.1476180314960629
0
LINE
8
BLACK
6
CONTINUOUS
10
0.8378768897637795
20
1.1476180314960629
11
0.8424826377952755
21
1.1430122834645668
0
LINE
8
BLACK
6
CONTINUOUS
10
0.8424826377952755
20
1.1430122834645668
11
0.8473261023622047
21
1.1405905905511811
0
LINE
8
BLACK
6
CONTINUOUS
10
0.8473261023622047
20
1.1405905905511811
11
0.8496499212598425
21
1.1385299606299213
0
LINE
8
BLACK
6
CONTINUOUS
10
0.8496499212598425
20
1.1385299606299213
11
0.8506320472440945
21
1.1355835039370079
0
LINE
8
BLACK
6
CONTINUOUS
10
0.8506320472440945
20
1.1355835039370079
11
0.8500094094488189
21
1.132540748031496
0
LINE
8
BLACK
6
CONTINUOUS
10
0.8500094094488189
20
1.132540748031496
11
0.847948779527559
21
1.1302169685039369
0
LINE
8
BLACK
6
CONTINUOUS
10
0.847948779527559
20
1.1302169685039369
11
0.8450023622047244
21
1.1292348031496062
0
LINE
8
BLACK
6
CONTINUOUS
10
0.8450023622047244
20
1.1292348031496062
11
0.8419595669291339
21
1.1298574409448818
0
LINE
8
BLACK
6
CONTINUOUS
10
0.8419595669291339
20
1.1298574409448818
11
0.8362452755905512
21
1.1327145669291339
0
LINE
8
BLACK
6
CONTINUOUS
10
0.8362452755905512
20
1.1327145669291339
11
0.8355224803149606
21
1.1333554724409449
0
LINE
8
BLACK
6
CONTINUOUS
10
0.8355224803149606
20
1.1333554724409449
11
0.834685905511811
21
1.1338385039370078
0
LINE
8
BLACK
6
CONTINUOUS
10
0.834685905511811
20
1.1338385039370078
11
0.8334999606299213
21
1.1350244488188976
0
LINE
8
BLACK
6
CONTINUOUS
10
0.8334999606299213
20
1.1350244488188976
11
0.8334999606299213
21
1.0983668503937007
0
LINE
8
BLACK
6
CONTINUOUS
10
0.8334999606299213
20
1.0983668503937007
11
0.8446428346456692
21
1.0983668503937007
0
LINE
8
BLACK
6
CONTINUOUS
10
0.8446428346456692
20
1.0983668503937007
11
0.8476428346456693
21
1.0975629921259842
0
LINE
8
BLACK
6
CONTINUOUS
10
0.8476428346456693
20
1.0975629921259842
11
0.8498389763779527
21
1.0953668503937009
0
LINE
8
BLACK
6
CONTINUOUS
10
0.8498389763779527
20
1.0953668503937009
11
0.8506428346456693
21
1.0923668503937007
0
LINE
8
BLACK
6
CONTINUOUS
10
0.8506428346456693
20
1.0923668503937007
11
0.8498389763779527
21
1.0893668503937008
0
LINE
8
BLACK
6
CONTINUOUS
10
0.8498389763779527
20
1.0893668503937008
11
0.8476428346456693
21
1.0871707086614173
0
LINE
8
BLACK
6
CONTINUOUS
10
0.8476428346456693
20
1.0871707086614173
11
0.8446428346456692
21
1.0863668503937007
0
LINE
8
BLACK
6
CONTINUOUS
10
0.8446428346456692
20
1.0863668503937007
11
0.8274999606299213
21
1.0863668503937007
0
LINE
8
BLACK
6
CONTINUOUS
10
0.8274999606299213
20
1.0863668503937007
11
0.8103571259842519
21
1.0863668503937007
0
LINE
8
BLACK
6
CONTINUOUS
10
0.8103571259842519
20
1.0863668503937007
11
0.8073571259842519
21
1.0871707086614173
0
LINE
8
BLACK
6
CONTINUOUS
10
0.8073571259842519
20
1.0871707086614173
11
0.8051609842519685
21
1.0893668503937008
0
LINE
8
BLACK
6
CONTINUOUS
10
0.8051609842519685
20
1.0893668503937008
11
0.8043571259842519
21
1.0923668503937007
0
LINE
8
BLACK
6
CONTINUOUS
10
0.8043571259842519
20
1.0923668503937007
11
0.8051609842519685
21
1.0953668503937009
0
LINE
8
BLACK
6
CONTINUOUS
10
0.8051609842519685
20
1.0953668503937009
11
0.8073571259842519
21
1.0975629921259842
0
LINE
8
BLACK
6
CONTINUOUS
10
0.8073571259842519
20
1.0975629921259842
11
0.8103571259842519
21
1.0983668503937007
0
LINE
8
BLACK
6
CONTINUOUS
10
0.8103571259842519
20
1.0983668503937007
11
0.8214999606299213
21
1.0983668503937007
0
LINE
8
BLACK
6
CONTINUOUS
10
0.8214999606299213
20
1.0983668503937007
11
0.8214999606299213
21
1.1523668503937008
0
LINE
8
BLACK
6
CONTINUOUS
10
0.8214999606299213
20
1.1523668503937008
11
0.8218535433070866
21
1.1536864173228347
0
LINE
8
BLACK
6
CONTINUOUS
10
0.8218535433070866
20
1.1536864173228347
11
0.8221214960629921
21
1.1550261811023621
0
LINE
8
BLACK
6
CONTINUOUS
10
0.8221214960629921
20
1.1550261811023621
11
0.8222524409448819
21
1.1551751968503936
0
LINE
8
BLACK
6
CONTINUOUS
10
0.8222524409448819
20
1.1551751968503936
11
0.8223038188976378
21
1.1553668503937007
0
LINE
8
BLACK
6
CONTINUOUS
10
0.8223038188976378
20
1.1553668503937007
11
0.8232699606299212
21
1.1563329921259842
0
LINE
8
BLACK
6
CONTINUOUS
10
0.8232699606299212
20
1.1563329921259842
11
0.8241717716535433
21
1.1573591338582676
0
LINE
8
BLACK
6
CONTINUOUS
10
0.8241717716535433
20
1.1573591338582676
11
0.8243596456692913
21
1.1574226771653544
0
LINE
8
BLACK
6
CONTINUOUS
10
0.8243596456692913
20
1.1574226771653544
11
0.8244999606299213
21
1.1575629921259842
0
LINE
8
BLACK
6
CONTINUOUS
10
0.8244999606299213
20
1.1575629921259842
11
0.8258197244094488
21
1.1579166141732282
0
LINE
8
BLACK
6
CONTINUOUS
10
0.8258197244094488
20
1.1579166141732282
11
0.8271138188976378
21
1.158354409448819
0
LINE
8
BLACK
6
CONTINUOUS
10
0.8271138188976378
20
1.158354409448819
11
0.8273083070866142
21
1.1583154724409448
0
LINE
8
BLACK
6
CONTINUOUS
10
0.8273083070866142
20
1.1583154724409448
11
0.8274999606299213
21
1.1583668503937008
0
LINE
8
BLACK
6
CONTINUOUS
10
0.8274999606299213
20
1.1583668503937008
11
0.8288195275590551
21
1.1580132283464566
0
LINE
8
BLACK
6
CONTINUOUS
10
0.9047856692913385
20
1.1575629921259842
11
0.9069818110236221
21
1.1553668503937007
0
LINE
8
BLACK
6
CONTINUOUS
10
0.9069818110236221
20
1.1553668503937007
11
0.9077856692913385
21
1.1523668503937008
0
LINE
8
BLACK
6
CONTINUOUS
10
0.9077856692913385
20
1.1523668503937008
11
0.9077856692913385
21
1.0923668503937007
0
LINE
8
BLACK
6
CONTINUOUS
10
0.9077856692913385
20
1.0923668503937007
11
0.9069818110236221
21
1.0893668503937008
0
LINE
8
BLACK
6
CONTINUOUS
10
0.9069818110236221
20
1.0893668503937008
11
0.9047856692913385
21
1.0871707086614173
0
LINE
8
BLACK
6
CONTINUOUS
10
0.9047856692913385
20
1.0871707086614173
11
0.9017856692913385
21
1.0863668503937007
0
LINE
8
BLACK
6
CONTINUOUS
10
0.9017856692913385
20
1.0863668503937007
11
0.8874999606299212
21
1.0863668503937007
0
LINE
8
BLACK
6
CONTINUOUS
10
0.8874999606299212
20
1.0863668503937007
11
0.886566811023622
21
1.0866168503937008
0
LINE
8
BLACK
6
CONTINUOUS
10
0.886566811023622
20
1.0866168503937008
11
0.8856025984251968
21
1.0866747637795275
0
LINE
8
BLACK
6
CONTINUOUS
10
0.8856025984251968
20
1.0866747637795275
11
0.8770311417322835
21
1.0895319291338583
0
LINE
8
BLACK
6
CONTINUOUS
10
0.8770311417322835
20
1.0895319291338583
11
0.8758803149606299
21
1.0902917322834644
0
LINE
8
BLACK
6
CONTINUOUS
10
0.8758803149606299
20
1.0902917322834644
11
0.874685905511811
21
1.090981377952756
0
LINE
8
BLACK
6
CONTINUOUS
10
0.874685905511811
20
1.090981377952756
11
0.8689716141732283
21
1.0966956299212598
0
LINE
8
BLACK
6
CONTINUOUS
10
0.8689716141732283
20
1.0966956299212598
11
0.8684886220472441
21
1.0975321653543306
0
LINE
8
BLACK
6
CONTINUOUS
10
0.8684886220472441
20
1.0975321653543306
11
0.8678476771653543
21
1.098255
0
LINE
8
BLACK
6
CONTINUOUS
10
0.8678476771653543
20
1.098255
11
0.8649905511811024
21
1.1039692913385826
0
LINE
8
BLACK
6
CONTINUOUS
10
0.8649905511811024
20
1.1039692913385826
11
0.8648577559055118
21
1.1046181496062992
0
LINE
8
BLACK
6
CONTINUOUS
10
0.8648577559055118
20
1.1046181496062992
11
0.8645362598425197
21
1.1051973228346457
0
LINE
8
BLACK
6
CONTINUOUS
10
0.8645362598425197
20
1.1051973228346457
11
0.8616790944881889
21
1.1166259055118111
0
LINE
8
BLACK
6
CONTINUOUS
10
0.8616790944881889
20
1.1166259055118111
11
0.8616915354330709
21
1.1173661023622048
0
LINE
8
BLACK
6
CONTINUOUS
10
0.8616915354330709
20
1.1173661023622048
11
0.8614999606299213
21
1.1180811417322833
0
LINE
8
BLACK
6
CONTINUOUS
10
0.8614999606299213
20
1.1180811417322833
11
0.8614999606299213
21
1.1266525590551182
0
LINE
8
BLACK
6
CONTINUOUS
10
0.8614999606299213
20
1.1266525590551182
11
0.8616915354330709
21
1.127367559055118
0
LINE
8
BLACK
6
CONTINUOUS
10
0.8616915354330709
20
1.127367559055118
11
0.8616790944881889
21
1.1281077952755905
0
LINE
8
BLACK
6
CONTINUOUS
10
0.8616790944881889
20
1.1281077952755905
11
0.8645362598425197
21
1.1395363779527559
0
LINE
8
BLACK
6
CONTINUOUS
10
0.8645362598425197
20
1.1395363779527559
11
0.8648577559055118
21
1.1401155118110236
0
LINE
8
BLACK
6
CONTINUOUS
10
0.8648577559055118
20
1.1401155118110236
11
0.8649905511811024
21
1.140764409448819
0
LINE
8
BLACK
6
CONTINUOUS
10
0.8649905511811024
20
1.140764409448819
11
0.8678476771653543
21
1.1464787007874016
0
LINE
8
BLACK
6
CONTINUOUS
10
0.8678476771653543
20
1.1464787007874016
11
0.8684886220472441
21
1.1472014960629922
0
LINE
8
BLACK
6
CONTINUOUS
10
0.8684886220472441
20
1.1472014960629922
11
0.8689716141732283
21
1.1480380708661417
0
LINE
8
BLACK
6
CONTINUOUS
10
0.8689716141732283
20
1.1480380708661417
11
0.874685905511811
21
1.1537523622047243
0
LINE
8
BLACK
6
CONTINUOUS
10
0.874685905511811
20
1.1537523622047243
11
0.8758802755905511
21
1.1544419291338583
0
LINE
8
BLACK
6
CONTINUOUS
10
0.8758802755905511
20
1.1544419291338583
11
0.8770311811023622
21
1.155201811023622
0
LINE
8
BLACK
6
CONTINUOUS
10
0.8770311811023622
20
1.155201811023622
11
0.8856025984251968
21
1.1580589763779527
0
LINE
8
BLACK
6
CONTINUOUS
10
0.8856025984251968
20
1.1580589763779527
11
0.886566968503937
21
1.1581168503937007
0
LINE
8
BLACK
6
CONTINUOUS
10
0.886566968503937
20
1.1581168503937007
11
0.8874999606299212
21
1.1583668503937008
0
LINE
8
BLACK
6
CONTINUOUS
10
0.8874999606299212
20
1.1583668503937008
11
0.9017856692913385
21
1.1583668503937008
0
LINE
8
BLACK
6
CONTINUOUS
10
0.9017856692913385
20
1.1583668503937008
11
0.9047856692913385
21
1.1575629921259842
0
LINE
8
BLACK
6
CONTINUOUS
10
0.8821696062992126
20
1.1442655118110237
11
0.8781453937007874
21
1.1402412992125983
0
LINE
8
BLACK
6
CONTINUOUS
10
0.8781453937007874
20
1.1402412992125983
11
0.8760182283464567
21
1.1359870078740157
0
LINE
8
BLACK
6
CONTINUOUS
10
0.8760182283464567
20
1.1359870078740157
11
0.8734999606299212
21
1.1259138188976379
0
LINE
8
BLACK
6
CONTINUOUS
10
0.8734999606299212
20
1.1259138188976379
11
0.8734999606299212
21
1.1188198425196849
0
LINE
8
BLACK
6
CONTINUOUS
10
0.8734999606299212
20
1.1188198425196849
11
0.8760182283464567
21
1.108746653543307
0
LINE
8
BLACK
6
CONTINUOUS
10
0.8760182283464567
20
1.108746653543307
11
0.8781453937007874
21
1.1044924015748032
0
LINE
8
BLACK
6
CONTINUOUS
10
0.8781453937007874
20
1.1044924015748032
11
0.8821696062992126
21
1.1004681889763779
0
LINE
8
BLACK
6
CONTINUOUS
10
0.8821696062992126
20
1.1004681889763779
11
0.8884736220472441
21
1.0983668503937007
0
LINE
8
BLACK
6
CONTINUOUS
10
0.8884736220472441
20
1.0983668503937007
11
0.8957856692913385
21
1.0983668503937007
0
LINE
8
BLACK
6
CONTINUOUS
10
0.8957856692913385
20
1.0983668503937007
11
0.8957856692913385
21
1.1463668503937008
0
LINE
8
BLACK
6
CONTINUOUS
10
0.8957856692913385
20
1.1463668503937008
11
0.8884735826771654
21
1.1463668503937008
0
LINE
8
BLACK
6
CONTINUOUS
10
0.8884735826771654
20
1.1463668503937008
11
0.8821696062992126
21
1.1442655118110237
0
LINE
8
BLACK
6
CONTINUOUS
10
1.1231177952755906
20
1.1580098818897637
11
1.1244689763779527
21
1.1577334251968503
0
LINE
8
BLACK
6
CONTINUOUS
10
1.1244689763779527
20
1.1577334251968503
11
1.1301832677165353
21
1.1548762992125985
0
LINE
8
BLACK
6
CONTINUOUS
10
1.1301832677165353
20
1.1548762992125985
11
1.1309060629921259
21
1.1542353149606299
0
LINE
8
BLACK
6
CONTINUOUS
10
1.1309060629921259
20
1.1542353149606299
11
1.1317426771653543
21
1.1537523228346456
0
LINE
8
BLACK
6
CONTINUOUS
10
1.1317426771653543
20
1.1537523228346456
11
1.1345998031496063
21
1.150895157480315
0
LINE
8
BLACK
6
CONTINUOUS
10
1.1345998031496063
20
1.150895157480315
11
1.1350827559055119
21
1.1500585826771654
0
LINE
8
BLACK
6
CONTINUOUS
10
1.1350827559055119
20
1.1500585826771654
11
1.1357237007874015
21
1.1493358267716536
0
LINE
8
BLACK
6
CONTINUOUS
10
1.1357237007874015
20
1.1493358267716536
11
1.1385808267716535
21
1.1436215354330708
0
LINE
8
BLACK
6
CONTINUOUS
10
1.1385808267716535
20
1.1436215354330708
11
1.1387135826771653
21
1.1429726377952756
0
LINE
8
BLACK
6
CONTINUOUS
10
1.1387135826771653
20
1.1429726377952756
11
1.1390351181102363
21
1.1423935039370079
0
LINE
8
BLACK
6
CONTINUOUS
10
1.1390351181102363
20
1.1423935039370079
11
1.1418922834645668
21
1.1309649606299212
0
LINE
8
BLACK
6
CONTINUOUS
10
1.1418922834645668
20
1.1309649606299212
11
1.1418798031496062
21
1.1302247244094488
0
LINE
8
BLACK
6
CONTINUOUS
10
1.1418798031496062
20
1.1302247244094488
11
1.1420714173228346
21
1.1295097244094487
0
LINE
8
BLACK
6
CONTINUOUS
10
1.1420714173228346
20
1.1295097244094487
11
1.1420714173228346
21
1.1152240157480315
0
LINE
8
BLACK
6
CONTINUOUS
10
1.1420714173228346
20
1.1152240157480315
11
1.1418798031496062
21
1.1145089763779528
0
LINE
8
BLACK
6
CONTINUOUS
10
1.1418798031496062
20
1.1145089763779528
11
1.1418922834645668
21
1.113768779527559
0
LINE
8
BLACK
6
CONTINUOUS
10
1.1418922834645668
20
1.113768779527559
11
1.1390351181102363
21
1.1023401968503936
0
LINE
8
BLACK
6
CONTINUOUS
10
1.1390351181102363
20
1.1023401968503936
11
1.1387135826771653
21
1.1017610236220472
0
LINE
8
BLACK
6
CONTINUOUS
10
1.1387135826771653
20
1.1017610236220472
11
1.1385808267716535
21
1.1011121653543308
0
LINE
8
BLACK
6
CONTINUOUS
10
1.1385808267716535
20
1.1011121653543308
11
1.1357237007874015
21
1.095397874015748
0
LINE
8
BLACK
6
CONTINUOUS
10
1.1357237007874015
20
1.095397874015748
11
1.1350827559055119
21
1.0946750787401573
0
LINE
8
BLACK
6
CONTINUOUS
10
1.1350827559055119
20
1.0946750787401573
11
1.1345997637795275
21
1.0938385039370078
0
LINE
8
BLACK
6
CONTINUOUS
10
1.1345997637795275
20
1.0938385039370078
11
1.1317426377952755
21
1.090981377952756
0
LINE
8
BLACK
6
CONTINUOUS
10
1.1317426377952755
20
1.090981377952756
11
1.1309061023622047
21
1.0904983858267716
0
LINE
8
BLACK
6
CONTINUOUS
10
1.1309061023622047
20
1.0904983858267716
11
1.1301833070866141
21
1.0898574409448818
0
LINE
8
BLACK
6
CONTINUOUS
10
1.1301833070866141
20
1.0898574409448818
11
1.1244690157480315
21
1.0870002755905512
0
LINE
8
BLACK
6
CONTINUOUS
10
1.1244690157480315
20
1.0870002755905512
11
1.1231176771653544
21
1.0867237401574803
0
LINE
8
BLACK
6
CONTINUOUS
10
1.1231176771653544
20
1.0867237401574803
11
1.1217857086614174
21
1.0863668503937007
0
LINE
8
BLACK
6
CONTINUOUS
10
1.1217857086614174
20
1.0863668503937007
11
1.1160714173228345
21
1.0863668503937007
0
LINE
8
BLACK
6
CONTINUOUS
10
1.1160714173228345
20
1.0863668503937007
11
1.1147394094488188
21
1.0867237401574803
0
LINE
8
BLACK
6
CONTINUOUS
10
1.1147394094488188
20
1.0867237401574803
11
1.1133881102362204
21
1.0870002755905512
0
LINE
8
BLACK
6
CONTINUOUS
10
1.1133881102362204
20
1.0870002755905512
11
1.1076738188976378
21
1.0898574409448818
0
LINE
8
BLACK
6
CONTINUOUS
10
1.1076738188976378
20
1.0898574409448818
11
1.1069509842519685
21
1.0904983858267716
0
LINE
8
BLACK
6
CONTINUOUS
10
1.1069509842519685
20
1.0904983858267716
11
1.1061144881889764
21
1.090981377952756
0
LINE
8
BLACK
6
CONTINUOUS
10
1.1061144881889764
20
1.090981377952756
11
1.1032573622047244
21
1.0938385039370078
0
LINE
8
BLACK
6
CONTINUOUS
10
1.1032573622047244
20
1.0938385039370078
11
1.1027743700787402
21
1.0946750000000001
0
LINE
8
BLACK
6
CONTINUOUS
10
1.1027743700787402
20
1.0946750000000001
11
1.1021334251968504
21
1.0953978346456692
0
LINE
8
BLACK
6
CONTINUOUS
10
1.1021334251968504
20
1.0953978346456692
11
1.0992762598425196
21
1.101112125984252
0
LINE
8
BLACK
6
CONTINUOUS
10
1.0992762598425196
20
1.101112125984252
11
1.0991434251968504
21
1.1017611023622047
0
LINE
8
BLACK
6
CONTINUOUS
10
1.0991434251968504
20
1.1017611023622047
11
1.0988219685039369
21
1.1023402362204724
0
LINE
8
BLACK
6
CONTINUOUS
10
1.0988219685039369
20
1.1023402362204724
11
1.0959648425196851
21
1.1137688188976378
0
LINE
8
BLACK
6
CONTINUOUS
10
1.0959648425196851
20
1.1137688188976378
11
1.0959772834645669
21
1.1145089763779528
0
LINE
8
BLACK
6
CONTINUOUS
10
1.0959772834645669
20
1.1145089763779528
11
1.0957857086614173
21
1.1152240157480315
0
LINE
8
BLACK
6
CONTINUOUS
10
1.0957857086614173
20
1.1152240157480315
11
1.0957857086614173
21
1.1295097244094487
0
LINE
8
BLACK
6
CONTINUOUS
10
1.0957857086614173
20
1.1295097244094487
11
1.0959772834645669
21
1.1302247244094488
0
LINE
8
BLACK
6
CONTINUOUS
10
1.0959772834645669
20
1.1302247244094488
11
1.0959648425196851
21
1.1309649212598425
0
LINE
8
BLACK
6
CONTINUOUS
10
1.0959648425196851
20
1.1309649212598425
11
1.0988219685039369
21
1.1423934645669291
0
LINE
8
BLACK
6
CONTINUOUS
10
1.0988219685039369
20
1.1423934645669291
11
1.0991434251968504
21
1.1429725590551181
0
LINE
8
BLACK
6
CONTINUOUS
10
1.0991434251968504
20
1.1429725590551181
11
1.0992762598425196
21
1.1436215748031495
0
LINE
8
BLACK
6
CONTINUOUS
10
1.0992762598425196
20
1.1436215748031495
11
1.1021334251968504
21
1.1493358661417323
0
LINE
8
BLACK
6
CONTINUOUS
10
1.1021334251968504
20
1.1493358661417323
11
1.1027743700787402
21
1.1500586614173227
0
LINE
8
BLACK
6
CONTINUOUS
10
1.1027743700787402
20
1.1500586614173227
11
1.1032573228346456
21
1.150895157480315
0
LINE
8
BLACK
6
CONTINUOUS
10
1.1032573228346456
20
1.150895157480315
11
1.1061144488188976
21
1.1537523622047243
0
LINE
8
BLACK
6
CONTINUOUS
10
1.1061144488188976
20
1.1537523622047243
11
1.1069511417322835
21
1.1542353937007874
0
LINE
8
BLACK
6
CONTINUOUS
10
1.1069511417322835
20
1.1542353937007874
11
1.1076738582677166
21
1.1548762992125985
0
LINE
8
BLACK
6
CONTINUOUS
10
1.1076738582677166
20
1.1548762992125985
11
1.1133881496062992
21
1.1577334251968503
0
LINE
8
BLACK
6
CONTINUOUS
10
1.1133881496062992
20
1.1577334251968503
11
1.1147392913385827
21
1.1580098818897637
0
LINE
8
BLACK
6
CONTINUOUS
10
1.1147392913385827
20
1.1580098818897637
11
1.1160714173228345
21
1.1583668503937008
0
LINE
8
BLACK
6
CONTINUOUS
10
1.1160714173228345
20
1.1583668503937008
11
1.1217857086614174
21
1.1583668503937008
0
LINE
8
BLACK
6
CONTINUOUS
10
1.1217857086614174
20
1.1583668503937008
11
1.1231177952755906
21
1.1580098818897637
0
LINE
8
BLACK
6
CONTINUOUS
10
1.1139112598425196
20
1.1445785826771653
11
1.1124311811023622
21
1.1430984645669291
0
LINE
8
BLACK
6
CONTINUOUS
10
1.1124311811023622
20
1.1430984645669291
11
1.1103038976377952
21
1.1388439763779528
0
LINE
8
BLACK
6
CONTINUOUS
10
1.1103038976377952
20
1.1388439763779528
11
1.1077857086614173
21
1.1287710629921259
0
LINE
8
BLACK
6
CONTINUOUS
10
1.1077857086614173
20
1.1287710629921259
11
1.1077857086614173
21
1.1159626377952756
0
LINE
8
BLACK
6
CONTINUOUS
10
1.1077857086614173
20
1.1159626377952756
11
1.110303937007874
21
1.10588968503937
0
LINE
8
BLACK
6
CONTINUOUS
10
1.110303937007874
20
1.10588968503937
11
1.1124311417322834
21
1.1016352362204724
0
LINE
8
BLACK
6
CONTINUOUS
10
1.1124311417322834
20
1.1016352362204724
11
1.1139112204724408
21
1.100155157480315
0
LINE
8
BLACK
6
CONTINUOUS
10
1.1139112204724408
20
1.100155157480315
11
1.1174878740157479
21
1.0983668503937007
0
LINE
8
BLACK
6
CONTINUOUS
10
1.1174878740157479
20
1.0983668503937007
11
1.120369251968504
21
1.0983668503937007
0
LINE
8
BLACK
6
CONTINUOUS
10
1.120369251968504
20
1.0983668503937007
11
1.1239458661417323
21
1.100155157480315
0
LINE
8
BLACK
6
CONTINUOUS
10
1.1239458661417323
20
1.100155157480315
11
1.1254259448818897
21
1.1016352362204724
0
LINE
8
BLACK
6
CONTINUOUS
10
1.1254259448818897
20
1.1016352362204724
11
1.1275531102362204
21
1.105889527559055
0
LINE
8
BLACK
6
CONTINUOUS
10
1.1275531102362204
20
1.105889527559055
11
1.1300714173228346
21
1.1159627165354331
0
LINE
8
BLACK
6
CONTINUOUS
10
1.1300714173228346
20
1.1159627165354331
11
1.1300714173228346
21
1.1287709842519684
0
LINE
8
BLACK
6
CONTINUOUS
10
1.1300714173228346
20
1.1287709842519684
11
1.1275531102362204
21
1.1388441338582678
0
LINE
8
BLACK
6
CONTINUOUS
10
1.1275531102362204
20
1.1388441338582678
11
1.1254259842519685
21
1.1430983858267716
0
LINE
8
BLACK
6
CONTINUOUS
10
1.1254259842519685
20
1.1430983858267716
11
1.1239458267716536
21
1.1445785826771653
0
LINE
8
BLACK
6
CONTINUOUS
10
1.1239458267716536
20
1.1445785826771653
11
1.1203692913385828
21
1.1463668503937008
0
LINE
8
BLACK
6
CONTINUOUS
10
1.1203692913385828
20
1.1463668503937008
11
1.1174878346456694
21
1.1463668503937008
0
LINE
8
BLACK
6
CONTINUOUS
10
1.1174878346456694
20
1.1463668503937008
11
1.1139112598425196
21
1.1445785826771653
0
LINE
8
BLACK
6
CONTINUOUS
10
1.1773909842519685
20
1.1580132283464566
11
1.1787307480314961
21
1.1577453149606298
0
LINE
8
BLACK
6
CONTINUOUS
10
1.1787307480314961
20
1.1577453149606298
11
1.1788797637795276
21
1.1576143307086615
0
LINE
8
BLACK
6
CONTINUOUS
10
1.1788797637795276
20
1.1576143307086615
11
1.1790714173228347
21
1.1575629921259842
0
LINE
8
BLACK
6
CONTINUOUS
10
1.1790714173228347
20
1.1575629921259842
11
1.180037559055118
21
1.156596811023622
0
LINE
8
BLACK
6
CONTINUOUS
10
1.180037559055118
20
1.156596811023622
11
1.1810637007874016
21
1.1556950393700787
0
LINE
8
BLACK
6
CONTINUOUS
10
1.1810637007874016
20
1.1556950393700787
11
1.1864483464566928
21
1.1476180314960629
0
LINE
8
BLACK
6
CONTINUOUS
10
1.1864483464566928
20
1.1476180314960629
11
1.1910540944881889
21
1.1430122834645668
0
LINE
8
BLACK
6
CONTINUOUS
10
1.1910540944881889
20
1.1430122834645668
11
1.1958975590551182
21
1.1405905905511811
0
LINE
8
BLACK
6
CONTINUOUS
10
1.1958975590551182
20
1.1405905905511811
11
1.198221377952756
21
1.1385299606299213
0
LINE
8
BLACK
6
CONTINUOUS
10
1.198221377952756
20
1.1385299606299213
11
1.1992035039370079
21
1.1355835039370079
0
LINE
8
BLACK
6
CONTINUOUS
10
1.1992035039370079
20
1.1355835039370079
11
1.1985808661417323
21
1.132540748031496
0
LINE
8
BLACK
6
CONTINUOUS
10
1.1985808661417323
20
1.132540748031496
11
1.1965202362204723
21
1.1302169685039369
0
LINE
8
BLACK
6
CONTINUOUS
10
1.1965202362204723
20
1.1302169685039369
11
1.1935738188976377
21
1.1292348031496062
0
LINE
8
BLACK
6
CONTINUOUS
10
1.1935738188976377
20
1.1292348031496062
11
1.1905310236220472
21
1.1298574409448818
0
LINE
8
BLACK
6
CONTINUOUS
10
1.1905310236220472
20
1.1298574409448818
11
1.1848167322834646
21
1.1327145669291339
0
LINE
8
BLACK
6
CONTINUOUS
10
1.1848167322834646
20
1.1327145669291339
11
1.184093937007874
21
1.1333554724409449
0
LINE
8
BLACK
6
CONTINUOUS
10
1.184093937007874
20
1.1333554724409449
11
1.1832573622047244
21
1.1338385039370078
0
LINE
8
BLACK
6
CONTINUOUS
10
1.1832573622047244
20
1.1338385039370078
11
1.1820714173228346
21
1.1350244488188976
0
LINE
8
BLACK
6
CONTINUOUS
10
1.1820714173228346
20
1.1350244488188976
11
1.1820714173228346
21
1.0983668503937007
0
LINE
8
BLACK
6
CONTINUOUS
10
1.1820714173228346
20
1.0983668503937007
11
1.1932142913385826
21
1.0983668503937007
0
LINE
8
BLACK
6
CONTINUOUS
10
1.1932142913385826
20
1.0983668503937007
11
1.1962142913385827
21
1.0975629921259842
0
LINE
8
BLACK
6
CONTINUOUS
10
1.1962142913385827
20
1.0975629921259842
11
1.198410433070866
21
1.0953668503937009
0
LINE
8
BLACK
6
CONTINUOUS
10
1.198410433070866
20
1.0953668503937009
11
1.1992142913385826
21
1.0923668503937007
0
LINE
8
BLACK
6
CONTINUOUS
10
1.1992142913385826
20
1.0923668503937007
11
1.198410433070866
21
1.0893668503937008
0
LINE
8
BLACK
6
CONTINUOUS
10
1.198410433070866
20
1.0893668503937008
11
1.1962142913385827
21
1.0871707086614173
0
LINE
8
BLACK
6
CONTINUOUS
10
1.1962142913385827
20
1.0871707086614173
11
1.1932142913385826
21
1.0863668503937007
0
LINE
8
BLACK
6
CONTINUOUS
10
1.1932142913385826
20
1.0863668503937007
11
1.1760714173228346
21
1.0863668503937007
0
LINE
8
BLACK
6
CONTINUOUS
10
1.1760714173228346
20
1.0863668503937007
11
1.1589285826771654
21
1.0863668503937007
0
LINE
8
BLACK
6
CONTINUOUS
10
1.1589285826771654
20
1.0863668503937007
11
1.1559285826771653
21
1.0871707086614173
0
LINE
8
BLACK
6
CONTINUOUS
10
1.1559285826771653
20
1.0871707086614173
11
1.1537324409448819
21
1.0893668503937008
0
LINE
8
BLACK
6
CONTINUOUS
10
1.1537324409448819
20
1.0893668503937008
11
1.1529285826771654
21
1.0923668503937007
0
LINE
8
BLACK
6
CONTINUOUS
10
1.1529285826771654
20
1.0923668503937007
11
1.1537324409448819
21
1.0953668503937009
0
LINE
8
BLACK
6
CONTINUOUS
10
1.1537324409448819
20
1.0953668503937009
11
1.1559285826771653
21
1.0975629921259842
0
LINE
8
BLACK
6
CONTINUOUS
10
1.1559285826771653
20
1.0975629921259842
11
1.1589285826771654
21
1.0983668503937007
0
LINE
8
BLACK
6
CONTINUOUS
10
1.1589285826771654
20
1.0983668503937007
11
1.1700714173228346
21
1.0983668503937007
0
LINE
8
BLACK
6
CONTINUOUS
10
1.1700714173228346
20
1.0983668503937007
11
1.1700714173228346
21
1.1523668503937008
0
LINE
8
BLACK
6
CONTINUOUS
10
1.1700714173228346
20
1.1523668503937008
11
1.170425
21
1.1536864173228347
0
LINE
8
BLACK
6
CONTINUOUS
10
1.170425
20
1.1536864173228347
11
1.1706929527559056
21
1.1550261811023621
0
LINE
8
BLACK
6
CONTINUOUS
10
1.1706929527559056
20
1.1550261811023621
11
1.1708238976377952
21
1.1551751968503936
0
LINE
8
BLACK
6
CONTINUOUS
10
1.1708238976377952
20
1.1551751968503936
11
1.1708752755905512
21
1.1553668503937007
0
LINE
8
BLACK
6
CONTINUOUS
10
1.1708752755905512
20
1.1553668503937007
11
1.1718414173228346
21
1.1563329921259842
0
LINE
8
BLACK
6
CONTINUOUS
10
1.1718414173228346
20
1.1563329921259842
11
1.1727432283464567
21
1.1573591338582676
0
LINE
8
BLACK
6
CONTINUOUS
10
1.1727432283464567
20
1.1573591338582676
11
1.1729311023622047
21
1.1574226771653544
0
LINE
8
BLACK
6
CONTINUOUS
10
1.1729311023622047
20
1.1574226771653544
11
1.1730714173228347
21
1.1575629921259842
0
LINE
8
BLACK
6
CONTINUOUS
10
1.1730714173228347
20
1.1575629921259842
11
1.1743911811023622
21
1.1579166141732282
0
LINE
8
BLACK
6
CONTINUOUS
10
1.1743911811023622
20
1.1579166141732282
11
1.1756852755905511
21
1.158354409448819
0
LINE
8
BLACK
6
CONTINUOUS
10
1.1756852755905511
20
1.158354409448819
11
1.1758797637795275
21
1.1583154724409448
0
LINE
8
BLACK
6
CONTINUOUS
10
1.1758797637795275
20
1.1583154724409448
11
1.1760714173228346
21
1.1583668503937008
0
LINE
8
BLACK
6
CONTINUOUS
10
1.1760714173228346
20
1.1583668503937008
11
1.1773909842519685
21
1.1580132283464566
0
LINE
8
BLACK
6
CONTINUOUS
10
1.253357125984252
20
1.1575629921259842
11
1.2555532677165353
21
1.1553668503937007
0
LINE
8
BLACK
6
CONTINUOUS
10
1.2555532677165353
20
1.1553668503937007
11
1.2563571259842519
21
1.1523668503937008
0
LINE
8
BLACK
6
CONTINUOUS
10
1.2563571259842519
20
1.1523668503937008
11
1.2563571259842519
21
1.0923668503937007
0
LINE
8
BLACK
6
CONTINUOUS
10
1.2563571259842519
20
1.0923668503937007
11
1.2555532677165353
21
1.0893668503937008
0
LINE
8
BLACK
6
CONTINUOUS
10
1.2555532677165353
20
1.0893668503937008
11
1.253357125984252
21
1.0871707086614173
0
LINE
8
BLACK
6
CONTINUOUS
10
1.253357125984252
20
1.0871707086614173
11
1.2503571259842519
21
1.0863668503937007
0
LINE
8
BLACK
6
CONTINUOUS
10
1.2503571259842519
20
1.0863668503937007
11
1.2360714173228347
21
1.0863668503937007
0
LINE
8
BLACK
6
CONTINUOUS
10
1.2360714173228347
20
1.0863668503937007
11
1.2351382677165355
21
1.0866168503937008
0
LINE
8
BLACK
6
CONTINUOUS
10
1.2351382677165355
20
1.0866168503937008
11
1.2341740551181102
21
1.0866747637795275
0
LINE
8
BLACK
6
CONTINUOUS
10
1.2341740551181102
20
1.0866747637795275
11
1.2256025984251968
21
1.0895319291338583
0
LINE
8
BLACK
6
CONTINUOUS
10
1.2256025984251968
20
1.0895319291338583
11
1.2244517716535432
21
1.0902917322834644
0
LINE
8
BLACK
6
CONTINUOUS
10
1.2244517716535432
20
1.0902917322834644
11
1.2232573622047245
21
1.090981377952756
0
LINE
8
BLACK
6
CONTINUOUS
10
1.2232573622047245
20
1.090981377952756
11
1.2175430708661417
21
1.0966956299212598
0
LINE
8
BLACK
6
CONTINUOUS
10
1.2175430708661417
20
1.0966956299212598
11
1.2170600787401575
21
1.0975321653543306
0
LINE
8
BLACK
6
CONTINUOUS
10
1.2170600787401575
20
1.0975321653543306
11
1.2164191338582677
21
1.098255
0
LINE
8
BLACK
6
CONTINUOUS
10
1.2164191338582677
20
1.098255
11
1.2135620078740157
21
1.1039692913385826
0
LINE
8
BLACK
6
CONTINUOUS
10
1.2135620078740157
20
1.1039692913385826
11
1.2134292125984252
21
1.1046181496062992
0
LINE
8
BLACK
6
CONTINUOUS
10
1.2134292125984252
20
1.1046181496062992
11
1.2131077165354331
21
1.1051973228346457
0
LINE
8
BLACK
6
CONTINUOUS
10
1.2131077165354331
20
1.1051973228346457
11
1.2102505511811024
21
1.1166259055118111
0
LINE
8
BLACK
6
CONTINUOUS
10
1.2102505511811024
20
1.1166259055118111
11
1.2102629921259842
21
1.1173661023622048
0
LINE
8
BLACK
6
CONTINUOUS
10
1.2102629921259842
20
1.1173661023622048
11
1.2100714173228346
21
1.1180811417322833
0
LINE
8
BLACK
6
CONTINUOUS
10
1.2100714173228346
20
1.1180811417322833
11
1.2100714173228346
21
1.1266525590551182
0
LINE
8
BLACK
6
CONTINUOUS
10
1.2100714173228346
20
1.1266525590551182
11
1.2102629921259842
21
1.127367559055118
0
LINE
8
BLACK
6
CONTINUOUS
10
1.2102629921259842
20
1.127367559055118
11
1.2102505511811024
21
1.1281077952755905
0
LINE
8
BLACK
6
CONTINUOUS
10
1.2102505511811024
20
1.1281077952755905
11
1.2131077165354331
21
1.1395363779527559
0
LINE
8
BLACK
6
CONTINUOUS
10
1.2131077165354331
20
1.1395363779527559
11
1.2134292125984252
21
1.1401155118110236
0
LINE
8
BLACK
6
CONTINUOUS
10
1.2134292125984252
20
1.1401155118110236
11
1.2135620078740157
21
1.140764409448819
0
LINE
8
BLACK
6
CONTINUOUS
10
1.2135620078740157
20
1.140764409448819
11
1.2164191338582677
21
1.1464787007874016
0
LINE
8
BLACK
6
CONTINUOUS
10
1.2164191338582677
20
1.1464787007874016
11
1.2170600787401575
21
1.1472014960629922
0
LINE
8
BLACK
6
CONTINUOUS
10
1.2170600787401575
20
1.1472014960629922
11
1.2175430708661417
21
1.1480380708661417
0
LINE
8
BLACK
6
CONTINUOUS
10
1.2175430708661417
20
1.1480380708661417
11
1.2232573622047245
21
1.1537523622047243
0
LINE
8
BLACK
6
CONTINUOUS
10
1.2232573622047245
20
1.1537523622047243
11
1.2244517322834645
21
1.1544419291338583
0
LINE
8
BLACK
6
CONTINUOUS
10
1.2244517322834645
20
1.1544419291338583
11
1.2256026377952756
21
1.155201811023622
0
LINE
8
BLACK
6
CONTINUOUS
10
1.2256026377952756
20
1.155201811023622
11
1.2341740551181102
21
1.1580589763779527
0
LINE
8
BLACK
6
CONTINUOUS
10
1.2341740551181102
20
1.1580589763779527
11
1.2351384251968505
21
1.1581168503937007
0
LINE
8
BLACK
6
CONTINUOUS
10
1.2351384251968505
20
1.1581168503937007
11
1.2360714173228347
21
1.1583668503937008
0
LINE
8
BLACK
6
CONTINUOUS
10
1.2360714173228347
20
1.1583668503937008
11
1.2503571259842519
21
1.1583668503937008
0
LINE
8
BLACK
6
CONTINUOUS
10
1.2503571259842519
20
1.1583668503937008
11
1.253357125984252
21
1.1575629921259842
0
LINE
8
BLACK
6
CONTINUOUS
10
1.230741062992126
20
1.1442655118110237
11
1.2267168503937007
21
1.1402412992125983
0
LINE
8
BLACK
6
CONTINUOUS
10
1.2267168503937007
20
1.1402412992125983
11
1.22458968503937
21
1.1359870078740157
0
LINE
8
BLACK
6
CONTINUOUS
10
1.22458968503937
20
1.1359870078740157
11
1.2220714173228346
21
1.1259138188976379
0
LINE
8
BLACK
6
CONTINUOUS
10
1.2220714173228346
20
1.1259138188976379
11
1.2220714173228346
21
1.1188198425196849
0
LINE
8
BLACK
6
CONTINUOUS
10
1.2220714173228346
20
1.1188198425196849
11
1.22458968503937
21
1.108746653543307
0
LINE
8
BLACK
6
CONTINUOUS
10
1.22458968503937
20
1.108746653543307
11
1.2267168503937007
21
1.1044924015748032
0
LINE
8
BLACK
6
CONTINUOUS
10
1.2267168503937007
20
1.1044924015748032
11
1.230741062992126
21
1.1004681889763779
0
LINE
8
BLACK
6
CONTINUOUS
10
1.230741062992126
20
1.1004681889763779
11
1.2370450787401575
21
1.0983668503937007
0
LINE
8
BLACK
6
CONTINUOUS
10
1.2370450787401575
20
1.0983668503937007
11
1.2443571259842519
21
1.0983668503937007
0
LINE
8
BLACK
6
CONTINUOUS
10
1.2443571259842519
20
1.0983668503937007
11
1.2443571259842519
21
1.1463668503937008
0
LINE
8
BLACK
6
CONTINUOUS
10
1.2443571259842519
20
1.1463668503937008
11
1.2370450393700787
21
1.1463668503937008
0
LINE
8
BLACK
6
CONTINUOUS
10
1.2370450393700787
20
1.1463668503937008
11
1.230741062992126
21
1.1442655118110237
0
LINE
8
BLACK
6
CONTINUOUS
10
1.4033896062992126
20
1.164638346456693
11
1.403960748031496
21
1.1632594881889764
0
LINE
8
BLACK
6
CONTINUOUS
10
1.403960748031496
20
1.1632594881889764
11
1.4033896062992126
21
1.1618806299212598
0
LINE
8
BLACK
6
CONTINUOUS
10
1.4033896062992126
20
1.1618806299212598
11
1.4020107480314961
21
1.1613094881889763
0
LINE
8
BLACK
6
CONTINUOUS
10
1.4020107480314961
20
1.1613094881889763
11
1.3943756299212597
21
1.1613094881889763
0
LINE
8
BLACK
6
CONTINUOUS
10
1.3943756299212597
20
1.1613094881889763
11
1.3937223228346456
21
1.1606561811023621
0
LINE
8
BLACK
6
CONTINUOUS
10
1.3937223228346456
20
1.1606561811023621
11
1.403180748031496
21
1.1535623622047244
0
LINE
8
BLACK
6
CONTINUOUS
10
1.403180748031496
20
1.1535623622047244
11
1.4039411417322833
21
1.1522781496062993
0
LINE
8
BLACK
6
CONTINUOUS
10
1.4039411417322833
20
1.1522781496062993
11
1.4035707480314961
21
1.1508323622047243
0
LINE
8
BLACK
6
CONTINUOUS
10
1.4035707480314961
20
1.1508323622047243
11
1.4022864960629922
21
1.1500719685039369
0
LINE
8
BLACK
6
CONTINUOUS
10
1.4022864960629922
20
1.1500719685039369
11
1.4008407480314959
21
1.1504423622047244
0
LINE
8
BLACK
6
CONTINUOUS
10
1.4008407480314959
20
1.1504423622047244
11
1.3909366141732282
21
1.1578704724409448
0
LINE
8
BLACK
6
CONTINUOUS
10
1.3909366141732282
20
1.1578704724409448
11
1.3836896062992126
21
1.1506235039370079
0
LINE
8
BLACK
6
CONTINUOUS
10
1.3836896062992126
20
1.1506235039370079
11
1.382310748031496
21
1.1500523622047243
0
LINE
8
BLACK
6
CONTINUOUS
10
1.382310748031496
20
1.1500523622047243
11
1.3809318897637795
21
1.1506235039370079
0
LINE
8
BLACK
6
CONTINUOUS
10
1.3809318897637795
20
1.1506235039370079
11
1.3803607480314961
21
1.1520023622047244
0
LINE
8
BLACK
6
CONTINUOUS
10
1.3803607480314961
20
1.1520023622047244
11
1.3809318897637795
21
1.153381220472441
0
LINE
8
BLACK
6
CONTINUOUS
10
1.3809318897637795
20
1.153381220472441
11
1.3888601968503937
21
1.1613094881889763
0
LINE
8
BLACK
6
CONTINUOUS
10
1.3888601968503937
20
1.1613094881889763
11
1.382310748031496
21
1.1613094881889763
0
LINE
8
BLACK
6
CONTINUOUS
10
1.382310748031496
20
1.1613094881889763
11
1.3809318897637795
21
1.1618806299212598
0
LINE
8
BLACK
6
CONTINUOUS
10
1.3809318897637795
20
1.1618806299212598
11
1.3803607480314961
21
1.1632594881889764
0
LINE
8
BLACK
6
CONTINUOUS
10
1.3803607480314961
20
1.1632594881889764
11
1.3809318897637795
21
1.164638346456693
0
LINE
8
BLACK
6
CONTINUOUS
10
1.3809318897637795
20
1.164638346456693
11
1.382310748031496
21
1.1652094881889763
0
LINE
8
BLACK
6
CONTINUOUS
10
1.382310748031496
20
1.1652094881889763
11
1.4020107480314961
21
1.1652094881889763
0
LINE
8
BLACK
6
CONTINUOUS
10
1.4020107480314961
20
1.1652094881889763
11
1.4033896062992126
21
1.164638346456693
0
LINE
8
BLACK
6
CONTINUOUS
10
0.3109346850393701
20
1.1957197637795276
11
0.311063937007874
21
1.1957425590551181
0
LINE
8
BLACK
6
CONTINUOUS
10
0.311063937007874
20
1.1957425590551181
11
0.3111775196850394
21
1.1956769291338583
0
LINE
8
BLACK
6
CONTINUOUS
10
0.3111775196850394
20
1.1956769291338583
11
0.3115611023622047
21
1.1956093307086615
0
LINE
8
BLACK
6
CONTINUOUS
10
0.3115611023622047
20
1.1956093307086615
11
0.312148779527559
21
1.1951161811023623
0
LINE
8
BLACK
6
CONTINUOUS
10
0.312148779527559
20
1.1951161811023623
11
0.3128131102362205
21
1.1947326377952756
0
LINE
8
BLACK
6
CONTINUOUS
10
0.3128131102362205
20
1.1947326377952756
11
0.3129042125984252
21
1.194482283464567
0
LINE
8
BLACK
6
CONTINUOUS
10
0.3129042125984252
20
1.194482283464567
11
0.3131083464566929
21
1.1943110236220471
0
LINE
8
BLACK
6
CONTINUOUS
10
0.3131083464566929
20
1.1943110236220471
11
0.3132415748031496
21
1.1935554330708662
0
LINE
8
BLACK
6
CONTINUOUS
10
0.3132415748031496
20
1.1935554330708662
11
0.313503937007874
21
1.1928346456692913
0
LINE
8
BLACK
6
CONTINUOUS
10
0.313503937007874
20
1.1928346456692913
11
0.313503937007874
21
1.1751
0
LINE
8
BLACK
6
CONTINUOUS
10
0.313503937007874
20
1.1751
11
0.3133258661417323
21
1.1740900787401574
0
LINE
8
BLACK
6
CONTINUOUS
10
0.3133258661417323
20
1.1740900787401574
11
0.3120275590551181
21
1.1725428346456692
0
LINE
8
BLACK
6
CONTINUOUS
10
0.3120275590551181
20
1.1725428346456692
11
0.3100384251968504
21
1.1721920866141733
0
LINE
8
BLACK
6
CONTINUOUS
10
0.3100384251968504
20
1.1721920866141733
11
0.3082892519685039
21
1.1732020078740157
0
LINE
8
BLACK
6
CONTINUOUS
10
0.3082892519685039
20
1.1732020078740157
11
0.3075984251968504
21
1.1751
0
LINE
8
BLACK
6
CONTINUOUS
10
0.3075984251968504
20
1.1751
11
0.3075984251968504
21
1.1898818897637795
0
LINE
8
BLACK
6
CONTINUOUS
10
0.3075984251968504
20
1.1898818897637795
11
0.2938527559055118
21
1.1898818897637795
0
LINE
8
BLACK
6
CONTINUOUS
10
0.2938527559055118
20
1.1898818897637795
11
0.2938527559055118
21
1.1751
0
LINE
8
BLACK
6
CONTINUOUS
10
0.2938527559055118
20
1.1751
11
0.2936746850393701
21
1.1740900787401574
0
LINE
8
BLACK
6
CONTINUOUS
10
0.2936746850393701
20
1.1740900787401574
11
0.2923763779527559
21
1.1725428346456692
0
LINE
8
BLACK
6
CONTINUOUS
10
0.2923763779527559
20
1.1725428346456692
11
0.2903872440944882
21
1.1721920866141733
0
LINE
8
BLACK
6
CONTINUOUS
10
0.2903872440944882
20
1.1721920866141733
11
0.2886380708661417
21
1.1732020078740157
0
LINE
8
BLACK
6
CONTINUOUS
10
0.2886380708661417
20
1.1732020078740157
11
0.2879472440944882
21
1.1751
0
LINE
8
BLACK
6
CONTINUOUS
10
0.2879472440944882
20
1.1751
11
0.2879472440944882
21
1.1898818897637795
0
LINE
8
BLACK
6
CONTINUOUS
10
0.2879472440944882
20
1.1898818897637795
11
0.1324015748031496
21
1.1898818897637795
0
LINE
8
BLACK
6
CONTINUOUS
10
0.1324015748031496
20
1.1898818897637795
11
0.1324015748031496
21
1.1751
0
LINE
8
BLACK
6
CONTINUOUS
10
0.1324015748031496
20
1.1751
11
0.1322235039370079
21
1.1740900787401574
0
LINE
8
BLACK
6
CONTINUOUS
10
0.1322235039370079
20
1.1740900787401574
11
0.1309251968503937
21
1.1725428346456692
0
LINE
8
BLACK
6
CONTINUOUS
10
0.1309251968503937
20
1.1725428346456692
11
0.128936062992126
21
1.1721920866141733
0
LINE
8
BLACK
6
CONTINUOUS
10
0.128936062992126
20
1.1721920866141733
11
0.1271868897637795
21
1.1732020078740157
0
LINE
8
BLACK
6
CONTINUOUS
10
0.1271868897637795
20
1.1732020078740157
11
0.126496062992126
21
1.1751
0
LINE
8
BLACK
6
CONTINUOUS
10
0.126496062992126
20
1.1751
11
0.126496062992126
21
1.1928346456692913
0
LINE
8
BLACK
6
CONTINUOUS
10
0.126496062992126
20
1.1928346456692913
11
0.1265636614173228
21
1.1932181496062992
0
LINE
8
BLACK
6
CONTINUOUS
10
0.1265636614173228
20
1.1932181496062992
11
0.126540905511811
21
1.1933474015748031
0
LINE
8
BLACK
6
CONTINUOUS
10
0.126540905511811
20
1.1933474015748031
11
0.1266064960629921
21
1.1934609842519686
0
LINE
8
BLACK
6
CONTINUOUS
10
0.1266064960629921
20
1.1934609842519686
11
0.1266741338582677
21
1.1938445669291338
0
LINE
8
BLACK
6
CONTINUOUS
10
0.1266741338582677
20
1.1938445669291338
11
0.1271672440944882
21
1.1944322440944881
0
LINE
8
BLACK
6
CONTINUOUS
10
0.1271672440944882
20
1.1944322440944881
11
0.1275508267716536
21
1.1950965748031497
0
LINE
8
BLACK
6
CONTINUOUS
10
0.1275508267716536
20
1.1950965748031497
11
0.1278011417322835
21
1.1951876771653542
0
LINE
8
BLACK
6
CONTINUOUS
10
0.1278011417322835
20
1.1951876771653542
11
0.1279724409448819
21
1.1953918110236221
0
LINE
8
BLACK
6
CONTINUOUS
10
0.1279724409448819
20
1.1953918110236221
11
0.1287279921259842
21
1.1955250393700787
0
LINE
8
BLACK
6
CONTINUOUS
10
0.1287279921259842
20
1.1955250393700787
11
0.1294488188976378
21
1.1957874015748031
0
LINE
8
BLACK
6
CONTINUOUS
10
0.1294488188976378
20
1.1957874015748031
11
0.3105511811023622
21
1.1957874015748031
0
LINE
8
BLACK
6
CONTINUOUS
10
0.3105511811023622
20
1.1957874015748031
11
0.3109346850393701
21
1.1957197637795276
0
LINE
8
BLACK
6
CONTINUOUS
10
0.6309346850393701
20
1.1957197637795276
11
0.631063937007874
21
1.1957425590551181
0
LINE
8
BLACK
6
CONTINUOUS
10
0.631063937007874
20
1.1957425590551181
11
0.6311775196850393
21
1.1956769291338583
0
LINE
8
BLACK
6
CONTINUOUS
10
0.6311775196850393
20
1.1956769291338583
11
0.6315611023622048
21
1.1956093307086615
0
LINE
8
BLACK
6
CONTINUOUS
10
0.6315611023622048
20
1.1956093307086615
11
0.632148779527559
21
1.1951161811023623
0
LINE
8
BLACK
6
CONTINUOUS
10
0.632148779527559
20
1.1951161811023623
11
0.6328131102362204
21
1.1947326377952756
0
LINE
8
BLACK
6
CONTINUOUS
10
0.6328131102362204
20
1.1947326377952756
11
0.6329042125984252
21
1.194482283464567
0
LINE
8
BLACK
6
CONTINUOUS
10
0.6329042125984252
20
1.194482283464567
11
0.6331083464566929
21
1.1943110236220471
0
LINE
8
BLACK
6
CONTINUOUS
10
0.6331083464566929
20
1.1943110236220471
11
0.6332415748031496
21
1.1935554330708662
0
LINE
8
BLACK
6
CONTINUOUS
10
0.6332415748031496
20
1.1935554330708662
11
0.633503937007874
21
1.1928346456692913
0
LINE
8
BLACK
6
CONTINUOUS
10
0.633503937007874
20
1.1928346456692913
11
0.633503937007874
21
1.1751
0
LINE
8
BLACK
6
CONTINUOUS
10
0.633503937007874
20
1.1751
11
0.6333258661417323
21
1.1740900787401574
0
LINE
8
BLACK
6
CONTINUOUS
10
0.6333258661417323
20
1.1740900787401574
11
0.6320275590551181
21
1.1725428346456692
0
LINE
8
BLACK
6
CONTINUOUS
10
0.6320275590551181
20
1.1725428346456692
11
0.6300384251968504
21
1.1721920866141733
0
LINE
8
BLACK
6
CONTINUOUS
10
0.6300384251968504
20
1.1721920866141733
11
0.6282892519685039
21
1.1732020078740157
0
LINE
8
BLACK
6
CONTINUOUS
10
0.6282892519685039
20
1.1732020078740157
11
0.6275984251968504
21
1.1751
0
LINE
8
BLACK
6
CONTINUOUS
10
0.6275984251968504
20
1.1751
11
0.6275984251968504
21
1.1898818897637795
0
LINE
8
BLACK
6
CONTINUOUS
10
0.6275984251968504
20
1.1898818897637795
11
0.6138527559055118
21
1.1898818897637795
0
LINE
8
BLACK
6
CONTINUOUS
10
0.6138527559055118
20
1.1898818897637795
11
0.6138527559055118
21
1.1751
0
LINE
8
BLACK
6
CONTINUOUS
10
0.6138527559055118
20
1.1751
11
0.6136746850393701
21
1.1740900787401574
0
LINE
8
BLACK
6
CONTINUOUS
10
0.6136746850393701
20
1.1740900787401574
11
0.6123763779527559
21
1.1725428346456692
0
LINE
8
BLACK
6
CONTINUOUS
10
0.6123763779527559
20
1.1725428346456692
11
0.6103872440944882
21
1.1721920866141733
0
LINE
8
BLACK
6
CONTINUOUS
10
0.6103872440944882
20
1.1721920866141733
11
0.6086380708661417
21
1.1732020078740157
0
LINE
8
BLACK
6
CONTINUOUS
10
0.6086380708661417
20
1.1732020078740157
11
0.6079472440944882
21
1.1751
0
LINE
8
BLACK
6
CONTINUOUS
10
0.6079472440944882
20
1.1751
11
0.6079472440944882
21
1.1898818897637795
0
LINE
8
BLACK
6
CONTINUOUS
10
0.6079472440944882
20
1.1898818897637795
11
0.4524015748031496
21
1.1898818897637795
0
LINE
8
BLACK
6
CONTINUOUS
10
0.4524015748031496
20
1.1898818897637795
11
0.4524015748031496
21
1.1751
0
LINE
8
BLACK
6
CONTINUOUS
10
0.4524015748031496
20
1.1751
11
0.4522235039370079
21
1.1740900787401574
0
LINE
8
BLACK
6
CONTINUOUS
10
0.4522235039370079
20
1.1740900787401574
11
0.4509251968503937
21
1.1725428346456692
0
LINE
8
BLACK
6
CONTINUOUS
10
0.4509251968503937
20
1.1725428346456692
11
0.448936062992126
21
1.1721920866141733
0
LINE
8
BLACK
6
CONTINUOUS
10
0.448936062992126
20
1.1721920866141733
11
0.4471868897637795
21
1.1732020078740157
0
LINE
8
BLACK
6
CONTINUOUS
10
0.4471868897637795
20
1.1732020078740157
11
0.446496062992126
21
1.1751
0
LINE
8
BLACK
6
CONTINUOUS
10
0.446496062992126
20
1.1751
11
0.446496062992126
21
1.1928346456692913
0
LINE
8
BLACK
6
CONTINUOUS
10
0.446496062992126
20
1.1928346456692913
11
0.4465636614173228
21
1.1932181496062992
0
LINE
8
BLACK
6
CONTINUOUS
10
0.4465636614173228
20
1.1932181496062992
11
0.446540905511811
21
1.1933474015748031
0
LINE
8
BLACK
6
CONTINUOUS
10
0.446540905511811
20
1.1933474015748031
11
0.4466064960629921
21
1.1934609842519686
0
LINE
8
BLACK
6
CONTINUOUS
10
0.4466064960629921
20
1.1934609842519686
11
0.4466741338582677
21
1.1938445669291338
0
LINE
8
BLACK
6
CONTINUOUS
10
0.4466741338582677
20
1.1938445669291338
11
0.4471672440944882
21
1.1944322440944881
0
LINE
8
BLACK
6
CONTINUOUS
10
0.4471672440944882
20
1.1944322440944881
11
0.4475508267716535
21
1.1950965748031497
0
LINE
8
BLACK
6
CONTINUOUS
10
0.4475508267716535
20
1.1950965748031497
11
0.4478011417322835
21
1.1951876771653542
0
LINE
8
BLACK
6
CONTINUOUS
10
0.4478011417322835
20
1.1951876771653542
11
0.4479724409448819
21
1.1953918110236221
0
LINE
8
BLACK
6
CONTINUOUS
10
0.4479724409448819
20
1.1953918110236221
11
0.4487279921259842
21
1.1955250393700787
0
LINE
8
BLACK
6
CONTINUOUS
10
0.4487279921259842
20
1.1955250393700787
11
0.4494488188976378
21
1.1957874015748031
0
LINE
8
BLACK
6
CONTINUOUS
10
0.4494488188976378
20
1.1957874015748031
11
0.6305511811023622
21
1.1957874015748031
0
LINE
8
BLACK
6
CONTINUOUS
10
0.6305511811023622
20
1.1957874015748031
11
0.6309346850393701
21
1.1957197637795276
0
LINE
8
BLACK
6
CONTINUOUS
10
0.9509346850393701
20
1.1957197637795276
11
0.9510639370078739
21
1.1957425590551181
0
LINE
8
BLACK
6
CONTINUOUS
10
0.9510639370078739
20
1.1957425590551181
11
0.9511775196850394
21
1.1956769291338583
0
LINE
8
BLACK
6
CONTINUOUS
10
0.9511775196850394
20
1.1956769291338583
11
0.9515611023622047
21
1.1956093307086615
0
LINE
8
BLACK
6
CONTINUOUS
10
0.9515611023622047
20
1.1956093307086615
11
0.9521487795275591
21
1.1951161811023623
0
LINE
8
BLACK
6
CONTINUOUS
10
0.9521487795275591
20
1.1951161811023623
11
0.9528131102362205
21
1.1947326377952756
0
LINE
8
BLACK
6
CONTINUOUS
10
0.9528131102362205
20
1.1947326377952756
11
0.9529042125984252
21
1.194482283464567
0
LINE
8
BLACK
6
CONTINUOUS
10
0.9529042125984252
20
1.194482283464567
11
0.9531083464566928
21
1.1943110236220471
0
LINE
8
BLACK
6
CONTINUOUS
10
0.9531083464566928
20
1.1943110236220471
11
0.9532415748031496
21
1.1935554330708662
0
LINE
8
BLACK
6
CONTINUOUS
10
0.9532415748031496
20
1.1935554330708662
11
0.9535039370078739
21
1.1928346456692913
0
LINE
8
BLACK
6
CONTINUOUS
10
0.9535039370078739
20
1.1928346456692913
11
0.9535039370078739
21
1.1751
0
LINE
8
BLACK
6
CONTINUOUS
10
0.9535039370078739
20
1.1751
11
0.9533258661417323
21
1.1740900787401574
0
LINE
8
BLACK
6
CONTINUOUS
10
0.9533258661417323
20
1.1740900787401574
11
0.952027559055118
21
1.1725428346456692
0
LINE
8
BLACK
6
CONTINUOUS
10
0.952027559055118
20
1.1725428346456692
11
0.9500384251968503
21
1.1721920866141733
0
LINE
8
BLACK
6
CONTINUOUS
10
0.9500384251968503
20
1.1721920866141733
11
0.9482892519685039
21
1.1732020078740157
0
LINE
8
BLACK
6
CONTINUOUS
10
0.9482892519685039
20
1.1732020078740157
11
0.9475984251968503
21
1.1751
0
LINE
8
BLACK
6
CONTINUOUS
10
0.9475984251968503
20
1.1751
11
0.9475984251968503
21
1.1898818897637795
0
LINE
8
BLACK
6
CONTINUOUS
10
0.9475984251968503
20
1.1898818897637795
11
0.9338527559055118
21
1.1898818897637795
0
LINE
8
BLACK
6
CONTINUOUS
10
0.9338527559055118
20
1.1898818897637795
11
0.9338527559055118
21
1.1751
0
LINE
8
BLACK
6
CONTINUOUS
10
0.9338527559055118
20
1.1751
11
0.93367468503937
21
1.1740900787401574
0
LINE
8
BLACK
6
CONTINUOUS
10
0.93367468503937
20
1.1740900787401574
11
0.9323763779527559
21
1.1725428346456692
0
LINE
8
BLACK
6
CONTINUOUS
10
0.9323763779527559
20
1.1725428346456692
11
0.9303872440944881
21
1.1721920866141733
0
LINE
8
BLACK
6
CONTINUOUS
10
0.9303872440944881
20
1.1721920866141733
11
0.9286380708661417
21
1.1732020078740157
0
LINE
8
BLACK
6
CONTINUOUS
10
0.9286380708661417
20
1.1732020078740157
11
0.9279472440944881
21
1.1751
0
LINE
8
BLACK
6
CONTINUOUS
10
0.9279472440944881
20
1.1751
11
0.9279472440944881
21
1.1898818897637795
0
LINE
8
BLACK
6
CONTINUOUS
10
0.9279472440944881
20
1.1898818897637795
11
0.7724015748031496
21
1.1898818897637795
0
LINE
8
BLACK
6
CONTINUOUS
10
0.7724015748031496
20
1.1898818897637795
11
0.7724015748031496
21
1.1751
0
LINE
8
BLACK
6
CONTINUOUS
10
0.7724015748031496
20
1.1751
11
0.7722235039370079
21
1.1740900787401574
0
LINE
8
BLACK
6
CONTINUOUS
10
0.7722235039370079
20
1.1740900787401574
11
0.7709251968503937
21
1.1725428346456692
0
LINE
8
BLACK
6
CONTINUOUS
10
0.7709251968503937
20
1.1725428346456692
11
0.7689360629921259
21
1.1721920866141733
0
LINE
8
BLACK
6
CONTINUOUS
10
0.7689360629921259
20
1.1721920866141733
11
0.7671868897637795
21
1.1732020078740157
0
LINE
8
BLACK
6
CONTINUOUS
10
0.7671868897637795
20
1.1732020078740157
11
0.7664960629921259
21
1.1751
0
LINE
8
BLACK
6
CONTINUOUS
10
0.7664960629921259
20
1.1751
11
0.7664960629921259
21
1.1928346456692913
0
LINE
8
BLACK
6
CONTINUOUS
10
0.7664960629921259
20
1.1928346456692913
11
0.7665636614173228
21
1.1932181496062992
0
LINE
8
BLACK
6
CONTINUOUS
10
0.7665636614173228
20
1.1932181496062992
11
0.766540905511811
21
1.1933474015748031
0
LINE
8
BLACK
6
CONTINUOUS
10
0.766540905511811
20
1.1933474015748031
11
0.7666064960629921
21
1.1934609842519686
0
LINE
8
BLACK
6
CONTINUOUS
10
0.7666064960629921
20
1.1934609842519686
11
0.7666741338582677
21
1.1938445669291338
0
LINE
8
BLACK
6
CONTINUOUS
10
0.7666741338582677
20
1.1938445669291338
11
0.7671672440944882
21
1.1944322440944881
0
LINE
8
BLACK
6
CONTINUOUS
10
0.7671672440944882
20
1.1944322440944881
11
0.7675508267716535
21
1.1950965748031497
0
LINE
8
BLACK
6
CONTINUOUS
10
0.7675508267716535
20
1.1950965748031497
11
0.7678011417322834
21
1.1951876771653542
0
LINE
8
BLACK
6
CONTINUOUS
10
0.7678011417322834
20
1.1951876771653542
11
0.7679724409448818
21
1.1953918110236221
0
LINE
8
BLACK
6
CONTINUOUS
10
0.7679724409448818
20
1.1953918110236221
11
0.7687279921259842
21
1.1955250393700787
0
LINE
8
BLACK
6
CONTINUOUS
10
0.7687279921259842
20
1.1955250393700787
11
0.7694488188976378
21
1.1957874015748031
0
LINE
8
BLACK
6
CONTINUOUS
10
0.7694488188976378
20
1.1957874015748031
11
0.9505511811023621
21
1.1957874015748031
0
LINE
8
BLACK
6
CONTINUOUS
10
0.9505511811023621
20
1.1957874015748031
11
0.9509346850393701
21
1.1957197637795276
0
LINE
8
BLACK
6
CONTINUOUS
10
1.2709346850393701
20
1.1957197637795276
11
1.271063937007874
21
1.1957425590551181
0
LINE
8
BLACK
6
CONTINUOUS
10
1.271063937007874
20
1.1957425590551181
11
1.2711775196850394
21
1.1956769291338583
0
LINE
8
BLACK
6
CONTINUOUS
10
1.2711775196850394
20
1.1956769291338583
11
1.2715611023622047
21
1.1956093307086615
0
LINE
8
BLACK
6
CONTINUOUS
10
1.2715611023622047
20
1.1956093307086615
11
1.272148779527559
21
1.1951161811023623
0
LINE
8
BLACK
6
CONTINUOUS
10
1.272148779527559
20
1.1951161811023623
11
1.2728131102362203
21
1.1947326377952756
0
LINE
8
BLACK
6
CONTINUOUS
10
1.2728131102362203
20
1.1947326377952756
11
1.2729042125984251
21
1.194482283464567
0
LINE
8
BLACK
6
CONTINUOUS
10
1.2729042125984251
20
1.194482283464567
11
1.2731083464566928
21
1.1943110236220471
0
LINE
8
BLACK
6
CONTINUOUS
10
1.2731083464566928
20
1.1943110236220471
11
1.2732415748031496
21
1.1935554330708662
0
LINE
8
BLACK
6
CONTINUOUS
10
1.2732415748031496
20
1.1935554330708662
11
1.273503937007874
21
1.1928346456692913
0
LINE
8
BLACK
6
CONTINUOUS
10
1.273503937007874
20
1.1928346456692913
11
1.273503937007874
21
1.1751
0
LINE
8
BLACK
6
CONTINUOUS
10
1.273503937007874
20
1.1751
11
1.2733258661417322
21
1.1740900787401574
0
LINE
8
BLACK
6
CONTINUOUS
10
1.2733258661417322
20
1.1740900787401574
11
1.272027559055118
21
1.1725428346456692
0
LINE
8
BLACK
6
CONTINUOUS
10
1.272027559055118
20
1.1725428346456692
11
1.2700384251968504
21
1.1721920866141733
0
LINE
8
BLACK
6
CONTINUOUS
10
1.2700384251968504
20
1.1721920866141733
11
1.2682892519685038
21
1.1732020078740157
0
LINE
8
BLACK
6
CONTINUOUS
10
1.2682892519685038
20
1.1732020078740157
11
1.2675984251968504
21
1.1751
0
LINE
8
BLACK
6
CONTINUOUS
10
1.2675984251968504
20
1.1751
11
1.2675984251968504
21
1.1898818897637795
0
LINE
8
BLACK
6
CONTINUOUS
10
1.2675984251968504
20
1.1898818897637795
11
1.2538527559055117
21
1.1898818897637795
0
LINE
8
BLACK
6
CONTINUOUS
10
1.2538527559055117
20
1.1898818897637795
11
1.2538527559055117
21
1.1751
0
LINE
8
BLACK
6
CONTINUOUS
10
1.2538527559055117
20
1.1751
11
1.2536746850393701
21
1.1740900787401574
0
LINE
8
BLACK
6
CONTINUOUS
10
1.2536746850393701
20
1.1740900787401574
11
1.2523763779527559
21
1.1725428346456692
0
LINE
8
BLACK
6
CONTINUOUS
10
1.2523763779527559
20
1.1725428346456692
11
1.2503872440944881
21
1.1721920866141733
0
LINE
8
BLACK
6
CONTINUOUS
10
1.2503872440944881
20
1.1721920866141733
11
1.2486380708661418
21
1.1732020078740157
0
LINE
8
BLACK
6
CONTINUOUS
10
1.2486380708661418
20
1.1732020078740157
11
1.2479472440944881
21
1.1751
0
LINE
8
BLACK
6
CONTINUOUS
10
1.2479472440944881
20
1.1751
11
1.2479472440944881
21
1.1898818897637795
0
LINE
8
BLACK
6
CONTINUOUS
10
1.2479472440944881
20
1.1898818897637795
11
1.0924015748031495
21
1.1898818897637795
0
LINE
8
BLACK
6
CONTINUOUS
10
1.0924015748031495
20
1.1898818897637795
11
1.0924015748031495
21
1.1751
0
LINE
8
BLACK
6
CONTINUOUS
10
1.0924015748031495
20
1.1751
11
1.0922235039370078
21
1.1740900787401574
0
LINE
8
BLACK
6
CONTINUOUS
10
1.0922235039370078
20
1.1740900787401574
11
1.0909251968503937
21
1.1725428346456692
0
LINE
8
BLACK
6
CONTINUOUS
10
1.0909251968503937
20
1.1725428346456692
11
1.0889360629921259
21
1.1721920866141733
0
LINE
8
BLACK
6
CONTINUOUS
10
1.0889360629921259
20
1.1721920866141733
11
1.0871868897637795
21
1.1732020078740157
0
LINE
8
BLACK
6
CONTINUOUS
10
1.0871868897637795
20
1.1732020078740157
11
1.0864960629921259
21
1.1751
0
LINE
8
BLACK
6
CONTINUOUS
10
1.0864960629921259
20
1.1751
11
1.0864960629921259
21
1.1928346456692913
0
LINE
8
BLACK
6
CONTINUOUS
10
1.0864960629921259
20
1.1928346456692913
11
1.0865636614173229
21
1.1932181496062992
0
LINE
8
BLACK
6
CONTINUOUS
10
1.0865636614173229
20
1.1932181496062992
11
1.0865409055118109
21
1.1933474015748031
0
LINE
8
BLACK
6
CONTINUOUS
10
1.0865409055118109
20
1.1933474015748031
11
1.0866064960629922
21
1.1934609842519686
0
LINE
8
BLACK
6
CONTINUOUS
10
1.0866064960629922
20
1.1934609842519686
11
1.0866741338582677
21
1.1938445669291338
0
LINE
8
BLACK
6
CONTINUOUS
10
1.0866741338582677
20
1.1938445669291338
11
1.0871672440944882
21
1.1944322440944881
0
LINE
8
BLACK
6
CONTINUOUS
10
1.0871672440944882
20
1.1944322440944881
11
1.0875508267716536
21
1.1950965748031497
0
LINE
8
BLACK
6
CONTINUOUS
10
1.0875508267716536
20
1.1950965748031497
11
1.0878011417322835
21
1.1951876771653542
0
LINE
8
BLACK
6
CONTINUOUS
10
1.0878011417322835
20
1.1951876771653542
11
1.0879724409448819
21
1.1953918110236221
0
LINE
8
BLACK
6
CONTINUOUS
10
1.0879724409448819
20
1.1953918110236221
11
1.0887279921259843
21
1.1955250393700787
0
LINE
8
BLACK
6
CONTINUOUS
10
1.0887279921259843
20
1.1955250393700787
11
1.0894488188976377
21
1.1957874015748031
0
LINE
8
BLACK
6
CONTINUOUS
10
1.0894488188976377
20
1.1957874015748031
11
1.2705511811023622
21
1.1957874015748031
0
LINE
8
BLACK
6
CONTINUOUS
10
1.2705511811023622
20
1.1957874015748031
11
1.2709346850393701
21
1.1957197637795276
0
LINE
8
BLACK
6
CONTINUOUS
10
0.0908266929133858
20
1.1955436614173227
11
0.0909720472440945
21
1.1955333464566928
0
LINE
8
BLACK
6
CONTINUOUS
10
0.0909720472440945
20
1.1955333464566928
11
0.0913770078740157
21
1.1950663779527559
0
LINE
8
BLACK
6
CONTINUOUS
10
0.0913770078740157
20
1.1950663779527559
11
0.091844094488189
21
1.1946612992125984
0
LINE
8
BLACK
6
CONTINUOUS
10
0.091844094488189
20
1.1946612992125984
11
0.0918544094488189
21
1.1945159055118111
0
LINE
8
BLACK
6
CONTINUOUS
10
0.0918544094488189
20
1.1945159055118111
11
0.0919498818897638
21
1.1944058661417323
0
LINE
8
BLACK
6
CONTINUOUS
10
0.0919498818897638
20
1.1944058661417323
11
0.0985165354330709
21
1.1747058267716535
0
LINE
8
BLACK
6
CONTINUOUS
10
0.0985165354330709
20
1.1747058267716535
11
0.0984107480314961
21
1.1732171259842519
0
LINE
8
BLACK
6
CONTINUOUS
10
0.0984107480314961
20
1.1732171259842519
11
0.0972832677165354
21
1.1722392519685039
0
LINE
8
BLACK
6
CONTINUOUS
10
0.0972832677165354
20
1.1722392519685039
11
0.0957945669291339
21
1.1723450787401575
0
LINE
8
BLACK
6
CONTINUOUS
10
0.0957945669291339
20
1.1723450787401575
11
0.0948166929133858
21
1.173472559055118
0
LINE
8
BLACK
6
CONTINUOUS
10
0.0948166929133858
20
1.173472559055118
11
0.0933849606299213
21
1.1777677952755905
0
LINE
8
BLACK
6
CONTINUOUS
10
0.0933849606299213
20
1.1777677952755905
11
0.0868149606299213
21
1.1777677952755905
0
LINE
8
BLACK
6
CONTINUOUS
10
0.0868149606299213
20
1.1777677952755905
11
0.0853832283464567
21
1.173472559055118
0
LINE
8
BLACK
6
CONTINUOUS
10
0.0853832283464567
20
1.173472559055118
11
0.0844053937007874
21
1.1723450787401575
0
LINE
8
BLACK
6
CONTINUOUS
10
0.0844053937007874
20
1.1723450787401575
11
0.0829166535433071
21
1.1722392913385826
0
LINE
8
BLACK
6
CONTINUOUS
10
0.0829166535433071
20
1.1722392913385826
11
0.0817891732283465
21
1.1732171259842519
0
LINE
8
BLACK
6
CONTINUOUS
10
0.0817891732283465
20
1.1732171259842519
11
0.0816833858267716
21
1.1747058661417322
0
LINE
8
BLACK
6
CONTINUOUS
10
0.0816833858267716
20
1.1747058661417322
11
0.0882500393700787
21
1.1944058661417323
0
LINE
8
BLACK
6
CONTINUOUS
10
0.0882500393700787
20
1.1944058661417323
11
0.0883454724409449
21
1.1945159055118111
0
LINE
8
BLACK
6
CONTINUOUS
10
0.0883454724409449
20
1.1945159055118111
11
0.0883558267716535
21
1.1946612992125984
0
LINE
8
BLACK
6
CONTINUOUS
10
0.0883558267716535
20
1.1946612992125984
11
0.0888229133858268
21
1.1950663779527559
0
LINE
8
BLACK
6
CONTINUOUS
10
0.0888229133858268
20
1.1950663779527559
11
0.0892279133858268
21
1.1955333464566928
0
LINE
8
BLACK
6
CONTINUOUS
10
0.0892279133858268
20
1.1955333464566928
11
0.0893732283464567
21
1.1955436614173227
0
LINE
8
BLACK
6
CONTINUOUS
10
0.0893732283464567
20
1.1955436614173227
11
0.0894833070866142
21
1.1956391338582677
0
LINE
8
BLACK
6
CONTINUOUS
10
0.0894833070866142
20
1.1956391338582677
11
0.0900998031496063
21
1.19559531496063
0
LINE
8
BLACK
6
CONTINUOUS
10
0.0900998031496063
20
1.19559531496063
11
0.0907166141732283
21
1.1956391732283465
0
LINE
8
BLACK
6
CONTINUOUS
10
0.0907166141732283
20
1.1956391732283465
11
0.0908266929133858
21
1.1955436614173227
0
LINE
8
BLACK
6
CONTINUOUS
10
0.0881149606299213
20
1.1816677952755905
11
0.0920849606299213
21
1.1816677952755905
0
LINE
8
BLACK
6
CONTINUOUS
10
0.0920849606299213
20
1.1816677952755905
11
0.0900999212598425
21
1.1876227952755904
0
LINE
8
BLACK
6
CONTINUOUS
10
0.0900999212598425
20
1.1876227952755904
11
0.0881149606299213
21
1.1816677952755905
0
LINE
8
BLACK
6
CONTINUOUS
10
0.4108266929133858
20
1.1955436614173227
11
0.4109720472440945
21
1.1955333464566928
0
LINE
8
BLACK
6
CONTINUOUS
10
0.4109720472440945
20
1.1955333464566928
11
0.4113770078740158
21
1.1950663779527559
0
LINE
8
BLACK
6
CONTINUOUS
10
0.4113770078740158
20
1.1950663779527559
11
0.411844094488189
21
1.1946612992125984
0
LINE
8
BLACK
6
CONTINUOUS
10
0.411844094488189
20
1.1946612992125984
11
0.4118544094488189
21
1.1945159055118111
0
LINE
8
BLACK
6
CONTINUOUS
10
0.4118544094488189
20
1.1945159055118111
11
0.4119498818897638
21
1.1944058661417323
0
LINE
8
BLACK
6
CONTINUOUS
10
0.4119498818897638
20
1.1944058661417323
11
0.4185165354330709
21
1.1747058267716535
0
LINE
8
BLACK
6
CONTINUOUS
10
0.4185165354330709
20
1.1747058267716535
11
0.418410748031496
21
1.1732171259842519
0
LINE
8
BLACK
6
CONTINUOUS
10
0.418410748031496
20
1.1732171259842519
11
0.4172832677165354
21
1.1722392519685039
0
LINE
8
BLACK
6
CONTINUOUS
10
0.4172832677165354
20
1.1722392519685039
11
0.4157945669291339
21
1.1723450787401575
0
LINE
8
BLACK
6
CONTINUOUS
10
0.4157945669291339
20
1.1723450787401575
11
0.4148166929133858
21
1.173472559055118
0
LINE
8
BLACK
6
CONTINUOUS
10
0.4148166929133858
20
1.173472559055118
11
0.4133849606299212
21
1.1777677952755905
0
LINE
8
BLACK
6
CONTINUOUS
10
0.4133849606299212
20
1.1777677952755905
11
0.4068149606299212
21
1.1777677952755905
0
LINE
8
BLACK
6
CONTINUOUS
10
0.4068149606299212
20
1.1777677952755905
11
0.4053832283464567
21
1.173472559055118
0
LINE
8
BLACK
6
CONTINUOUS
10
0.4053832283464567
20
1.173472559055118
11
0.4044053937007874
21
1.1723450787401575
0
LINE
8
BLACK
6
CONTINUOUS
10
0.4044053937007874
20
1.1723450787401575
11
0.4029166535433071
21
1.1722392913385826
0
LINE
8
BLACK
6
CONTINUOUS
10
0.4029166535433071
20
1.1722392913385826
11
0.4017891732283465
21
1.1732171259842519
0
LINE
8
BLACK
6
CONTINUOUS
10
0.4017891732283465
20
1.1732171259842519
11
0.4016833858267717
21
1.1747058661417322
0
LINE
8
BLACK
6
CONTINUOUS
10
0.4016833858267717
20
1.1747058661417322
11
0.4082500393700788
21
1.1944058661417323
0
LINE
8
BLACK
6
CONTINUOUS
10
0.4082500393700788
20
1.1944058661417323
11
0.4083454724409449
21
1.1945159055118111
0
LINE
8
BLACK
6
CONTINUOUS
10
0.4083454724409449
20
1.1945159055118111
11
0.4083558267716536
21
1.1946612992125984
0
LINE
8
BLACK
6
CONTINUOUS
10
0.4083558267716536
20
1.1946612992125984
11
0.4088229133858268
21
1.1950663779527559
0
LINE
8
BLACK
6
CONTINUOUS
10
0.4088229133858268
20
1.1950663779527559
11
0.4092279133858268
21
1.1955333464566928
0
LINE
8
BLACK
6
CONTINUOUS
10
0.4092279133858268
20
1.1955333464566928
11
0.4093732283464567
21
1.1955436614173227
0
LINE
8
BLACK
6
CONTINUOUS
10
0.4093732283464567
20
1.1955436614173227
11
0.4094833070866142
21
1.1956391338582677
0
LINE
8
BLACK
6
CONTINUOUS
10
0.4094833070866142
20
1.1956391338582677
11
0.4100998031496063
21
1.19559531496063
0
LINE
8
BLACK
6
CONTINUOUS
10
0.4100998031496063
20
1.19559531496063
11
0.4107166141732284
21
1.1956391732283465
0
LINE
8
BLACK
6
CONTINUOUS
10
0.4107166141732284
20
1.1956391732283465
11
0.4108266929133858
21
1.1955436614173227
0
LINE
8
BLACK
6
CONTINUOUS
10
0.4081149606299213
20
1.1816677952755905
11
0.4120849606299212
21
1.1816677952755905
0
LINE
8
BLACK
6
CONTINUOUS
10
0.4120849606299212
20
1.1816677952755905
11
0.4100999212598425
21
1.1876227952755904
0
LINE
8
BLACK
6
CONTINUOUS
10
0.4100999212598425
20
1.1876227952755904
11
0.4081149606299213
21
1.1816677952755905
0
LINE
8
BLACK
6
CONTINUOUS
10
0.7308266929133858
20
1.1955436614173227
11
0.7309720472440945
21
1.1955333464566928
0
LINE
8
BLACK
6
CONTINUOUS
10
0.7309720472440945
20
1.1955333464566928
11
0.7313770078740157
21
1.1950663779527559
0
LINE
8
BLACK
6
CONTINUOUS
10
0.7313770078740157
20
1.1950663779527559
11
0.731844094488189
21
1.1946612992125984
0
LINE
8
BLACK
6
CONTINUOUS
10
0.731844094488189
20
1.1946612992125984
11
0.7318544094488189
21
1.1945159055118111
0
LINE
8
BLACK
6
CONTINUOUS
10
0.7318544094488189
20
1.1945159055118111
11
0.7319498818897637
21
1.1944058661417323
0
LINE
8
BLACK
6
CONTINUOUS
10
0.7319498818897637
20
1.1944058661417323
11
0.7385165354330708
21
1.1747058267716535
0
LINE
8
BLACK
6
CONTINUOUS
10
0.7385165354330708
20
1.1747058267716535
11
0.7384107480314961
21
1.1732171259842519
0
LINE
8
BLACK
6
CONTINUOUS
10
0.7384107480314961
20
1.1732171259842519
11
0.7372832677165354
21
1.1722392519685039
0
LINE
8
BLACK
6
CONTINUOUS
10
0.7372832677165354
20
1.1722392519685039
11
0.7357945669291338
21
1.1723450787401575
0
LINE
8
BLACK
6
CONTINUOUS
10
0.7357945669291338
20
1.1723450787401575
11
0.7348166929133858
21
1.173472559055118
0
LINE
8
BLACK
6
CONTINUOUS
10
0.7348166929133858
20
1.173472559055118
11
0.7333849606299212
21
1.1777677952755905
0
LINE
8
BLACK
6
CONTINUOUS
10
0.7333849606299212
20
1.1777677952755905
11
0.7268149606299212
21
1.1777677952755905
0
LINE
8
BLACK
6
CONTINUOUS
10
0.7268149606299212
20
1.1777677952755905
11
0.7253832283464566
21
1.173472559055118
0
LINE
8
BLACK
6
CONTINUOUS
10
0.7253832283464566
20
1.173472559055118
11
0.7244053937007874
21
1.1723450787401575
0
LINE
8
BLACK
6
CONTINUOUS
10
0.7244053937007874
20
1.1723450787401575
11
0.722916653543307
21
1.1722392913385826
0
LINE
8
BLACK
6
CONTINUOUS
10
0.722916653543307
20
1.1722392913385826
11
0.7217891732283465
21
1.1732171259842519
0
LINE
8
BLACK
6
CONTINUOUS
10
0.7217891732283465
20
1.1732171259842519
11
0.7216833858267716
21
1.1747058661417322
0
LINE
8
BLACK
6
CONTINUOUS
10
0.7216833858267716
20
1.1747058661417322
11
0.7282500393700787
21
1.1944058661417323
0
LINE
8
BLACK
6
CONTINUOUS
10
0.7282500393700787
20
1.1944058661417323
11
0.7283454724409448
21
1.1945159055118111
0
LINE
8
BLACK
6
CONTINUOUS
10
0.7283454724409448
20
1.1945159055118111
11
0.7283558267716536
21
1.1946612992125984
0
LINE
8
BLACK
6
CONTINUOUS
10
0.7283558267716536
20
1.1946612992125984
11
0.7288229133858267
21
1.1950663779527559
0
LINE
8
BLACK
6
CONTINUOUS
10
0.7288229133858267
20
1.1950663779527559
11
0.7292279133858267
21
1.1955333464566928
0
LINE
8
BLACK
6
CONTINUOUS
10
0.7292279133858267
20
1.1955333464566928
11
0.7293732283464567
21
1.1955436614173227
0
LINE
8
BLACK
6
CONTINUOUS
10
0.7293732283464567
20
1.1955436614173227
11
0.7294833070866141
21
1.1956391338582677
0
LINE
8
BLACK
6
CONTINUOUS
10
0.7294833070866141
20
1.1956391338582677
11
0.7300998031496063
21
1.19559531496063
0
LINE
8
BLACK
6
CONTINUOUS
10
0.7300998031496063
20
1.19559531496063
11
0.7307166141732283
21
1.1956391732283465
0
LINE
8
BLACK
6
CONTINUOUS
10
0.7307166141732283
20
1.1956391732283465
11
0.7308266929133858
21
1.1955436614173227
0
LINE
8
BLACK
6
CONTINUOUS
10
0.7281149606299212
20
1.1816677952755905
11
0.7320849606299212
21
1.1816677952755905
0
LINE
8
BLACK
6
CONTINUOUS
10
0.7320849606299212
20
1.1816677952755905
11
0.7300999212598425
21
1.1876227952755904
0
LINE
8
BLACK
6
CONTINUOUS
10
0.7300999212598425
20
1.1876227952755904
11
0.7281149606299212
21
1.1816677952755905
0
LINE
8
BLACK
6
CONTINUOUS
10
1.0508266929133858
20
1.1955436614173227
11
1.0509720472440944
21
1.1955333464566928
0
LINE
8
BLACK
6
CONTINUOUS
10
1.0509720472440944
20
1.1955333464566928
11
1.0513770078740157
21
1.1950663779527559
0
LINE
8
BLACK
6
CONTINUOUS
10
1.0513770078740157
20
1.1950663779527559
11
1.0518440944881891
21
1.1946612992125984
0
LINE
8
BLACK
6
CONTINUOUS
10
1.0518440944881891
20
1.1946612992125984
11
1.0518544094488189
21
1.1945159055118111
0
LINE
8
BLACK
6
CONTINUOUS
10
1.0518544094488189
20
1.1945159055118111
11
1.0519498818897637
21
1.1944058661417323
0
LINE
8
BLACK
6
CONTINUOUS
10
1.0519498818897637
20
1.1944058661417323
11
1.0585165354330708
21
1.1747058267716535
0
LINE
8
BLACK
6
CONTINUOUS
10
1.0585165354330708
20
1.1747058267716535
11
1.0584107480314959
21
1.1732171259842519
0
LINE
8
BLACK
6
CONTINUOUS
10
1.0584107480314959
20
1.1732171259842519
11
1.0572832677165354
21
1.1722392519685039
0
LINE
8
BLACK
6
CONTINUOUS
10
1.0572832677165354
20
1.1722392519685039
11
1.0557945669291338
21
1.1723450787401575
0
LINE
8
BLACK
6
CONTINUOUS
10
1.0557945669291338
20
1.1723450787401575
11
1.0548166929133858
21
1.173472559055118
0
LINE
8
BLACK
6
CONTINUOUS
10
1.0548166929133858
20
1.173472559055118
11
1.0533849606299213
21
1.1777677952755905
0
LINE
8
BLACK
6
CONTINUOUS
10
1.0533849606299213
20
1.1777677952755905
11
1.0468149606299213
21
1.1777677952755905
0
LINE
8
BLACK
6
CONTINUOUS
10
1.0468149606299213
20
1.1777677952755905
11
1.0453832283464566
21
1.173472559055118
0
LINE
8
BLACK
6
CONTINUOUS
10
1.0453832283464566
20
1.173472559055118
11
1.0444053937007873
21
1.1723450787401575
0
LINE
8
BLACK
6
CONTINUOUS
10
1.0444053937007873
20
1.1723450787401575
11
1.042916653543307
21
1.1722392913385826
0
LINE
8
BLACK
6
CONTINUOUS
10
1.042916653543307
20
1.1722392913385826
11
1.0417891732283464
21
1.1732171259842519
0
LINE
8
BLACK
6
CONTINUOUS
10
1.0417891732283464
20
1.1732171259842519
11
1.0416833858267716
21
1.1747058661417322
0
LINE
8
BLACK
6
CONTINUOUS
10
1.0416833858267716
20
1.1747058661417322
11
1.0482500393700787
21
1.1944058661417323
0
LINE
8
BLACK
6
CONTINUOUS
10
1.0482500393700787
20
1.1944058661417323
11
1.0483454724409449
21
1.1945159055118111
0
LINE
8
BLACK
6
CONTINUOUS
10
1.0483454724409449
20
1.1945159055118111
11
1.0483558267716535
21
1.1946612992125984
0
LINE
8
BLACK
6
CONTINUOUS
10
1.0483558267716535
20
1.1946612992125984
11
1.0488229133858267
21
1.1950663779527559
0
LINE
8
BLACK
6
CONTINUOUS
10
1.0488229133858267
20
1.1950663779527559
11
1.0492279133858267
21
1.1955333464566928
0
LINE
8
BLACK
6
CONTINUOUS
10
1.0492279133858267
20
1.1955333464566928
11
1.0493732283464567
21
1.1955436614173227
0
LINE
8
BLACK
6
CONTINUOUS
10
1.0493732283464567
20
1.1955436614173227
11
1.0494833070866141
21
1.1956391338582677
0
LINE
8
BLACK
6
CONTINUOUS
10
1.0494833070866141
20
1.1956391338582677
11
1.0500998031496063
21
1.19559531496063
0
LINE
8
BLACK
6
CONTINUOUS
10
1.0500998031496063
20
1.19559531496063
11
1.0507166141732283
21
1.1956391732283465
0
LINE
8
BLACK
6
CONTINUOUS
10
1.0507166141732283
20
1.1956391732283465
11
1.0508266929133858
21
1.1955436614173227
0
LINE
8
BLACK
6
CONTINUOUS
10
1.0481149606299212
20
1.1816677952755905
11
1.0520849606299212
21
1.1816677952755905
0
LINE
8
BLACK
6
CONTINUOUS
10
1.0520849606299212
20
1.1816677952755905
11
1.0500999212598425
21
1.1876227952755904
0
LINE
8
BLACK
6
CONTINUOUS
10
1.0500999212598425
20
1.1876227952755904
11
1.0481149606299212
21
1.1816677952755905
0
LINE
8
BLACK
6
CONTINUOUS
10
0.3446383464566929
20
1.1990680708661416
11
0.3452094881889763
21
1.1976892125984251
0
LINE
8
BLACK
6
CONTINUOUS
10
0.3452094881889763
20
1.1976892125984251
11
0.3452094881889763
21
1.1779892125984253
0
LINE
8
BLACK
6
CONTINUOUS
10
0.3452094881889763
20
1.1779892125984253
11
0.3446383464566929
21
1.1766103543307087
0
LINE
8
BLACK
6
CONTINUOUS
10
0.3446383464566929
20
1.1766103543307087
11
0.3432594881889764
21
1.1760392125984251
0
LINE
8
BLACK
6
CONTINUOUS
10
0.3432594881889764
20
1.1760392125984251
11
0.3418806299212598
21
1.1766103543307087
0
LINE
8
BLACK
6
CONTINUOUS
10
0.3418806299212598
20
1.1766103543307087
11
0.3413094881889764
21
1.1779892125984253
0
LINE
8
BLACK
6
CONTINUOUS
10
0.3413094881889764
20
1.1779892125984253
11
0.3413094881889764
21
1.1856243307086614
0
LINE
8
BLACK
6
CONTINUOUS
10
0.3413094881889764
20
1.1856243307086614
11
0.3406561811023622
21
1.1862775984251968
0
LINE
8
BLACK
6
CONTINUOUS
10
0.3406561811023622
20
1.1862775984251968
11
0.3335623622047244
21
1.1768192125984251
0
LINE
8
BLACK
6
CONTINUOUS
10
0.3335623622047244
20
1.1768192125984251
11
0.3322781496062992
21
1.1760588188976377
0
LINE
8
BLACK
6
CONTINUOUS
10
0.3322781496062992
20
1.1760588188976377
11
0.3308323622047244
21
1.1764292125984253
0
LINE
8
BLACK
6
CONTINUOUS
10
0.3308323622047244
20
1.1764292125984253
11
0.330071968503937
21
1.1777134251968504
0
LINE
8
BLACK
6
CONTINUOUS
10
0.330071968503937
20
1.1777134251968504
11
0.3304423622047244
21
1.1791592125984252
0
LINE
8
BLACK
6
CONTINUOUS
10
0.3304423622047244
20
1.1791592125984252
11
0.3378704724409449
21
1.1890633070866141
0
LINE
8
BLACK
6
CONTINUOUS
10
0.3378704724409449
20
1.1890633070866141
11
0.3306235039370078
21
1.1963103543307085
0
LINE
8
BLACK
6
CONTINUOUS
10
0.3306235039370078
20
1.1963103543307085
11
0.3300523622047244
21
1.1976892125984251
0
LINE
8
BLACK
6
CONTINUOUS
10
0.3300523622047244
20
1.1976892125984251
11
0.3306235039370078
21
1.1990680708661416
0
LINE
8
BLACK
6
CONTINUOUS
10
0.3306235039370078
20
1.1990680708661416
11
0.3320023622047244
21
1.1996392125984252
0
LINE
8
BLACK
6
CONTINUOUS
10
0.3320023622047244
20
1.1996392125984252
11
0.333381220472441
21
1.1990680708661416
0
LINE
8
BLACK
6
CONTINUOUS
10
0.333381220472441
20
1.1990680708661416
11
0.3413094881889764
21
1.1911397637795276
0
LINE
8
BLACK
6
CONTINUOUS
10
0.3413094881889764
20
1.1911397637795276
11
0.3413094881889764
21
1.1976892125984251
0
LINE
8
BLACK
6
CONTINUOUS
10
0.3413094881889764
20
1.1976892125984251
11
0.3418806299212598
21
1.1990680708661416
0
LINE
8
BLACK
6
CONTINUOUS
10
0.3418806299212598
20
1.1990680708661416
11
0.3432594881889764
21
1.1996392125984252
0
LINE
8
BLACK
6
CONTINUOUS
10
0.3432594881889764
20
1.1996392125984252
11
0.3446383464566929
21
1.1990680708661416
0
LINE
8
BLACK
6
CONTINUOUS
10
0.664638346456693
20
1.1990680708661416
11
0.6652094881889764
21
1.1976892125984251
0
LINE
8
BLACK
6
CONTINUOUS
10
0.6652094881889764
20
1.1976892125984251
11
0.6652094881889764
21
1.1779892125984253
0
LINE
8
BLACK
6
CONTINUOUS
10
0.6652094881889764
20
1.1779892125984253
11
0.664638346456693
21
1.1766103543307087
0
LINE
8
BLACK
6
CONTINUOUS
10
0.664638346456693
20
1.1766103543307087
11
0.6632594881889764
21
1.1760392125984251
0
LINE
8
BLACK
6
CONTINUOUS
10
0.6632594881889764
20
1.1760392125984251
11
0.6618806299212598
21
1.1766103543307087
0
LINE
8
BLACK
6
CONTINUOUS
10
0.6618806299212598
20
1.1766103543307087
11
0.6613094881889764
21
1.1779892125984253
0
LINE
8
BLACK
6
CONTINUOUS
10
0.6613094881889764
20
1.1779892125984253
11
0.6613094881889764
21
1.1856243307086614
0
LINE
8
BLACK
6
CONTINUOUS
10
0.6613094881889764
20
1.1856243307086614
11
0.6606561811023622
21
1.1862775984251968
0
LINE
8
BLACK
6
CONTINUOUS
10
0.6606561811023622
20
1.1862775984251968
11
0.6535623622047244
21
1.1768192125984251
0
LINE
8
BLACK
6
CONTINUOUS
10
0.6535623622047244
20
1.1768192125984251
11
0.6522781496062992
21
1.1760588188976377
0
LINE
8
BLACK
6
CONTINUOUS
10
0.6522781496062992
20
1.1760588188976377
11
0.6508323622047244
21
1.1764292125984253
0
LINE
8
BLACK
6
CONTINUOUS
10
0.6508323622047244
20
1.1764292125984253
11
0.650071968503937
21
1.1777134251968504
0
LINE
8
BLACK
6
CONTINUOUS
10
0.650071968503937
20
1.1777134251968504
11
0.6504423622047244
21
1.1791592125984252
0
LINE
8
BLACK
6
CONTINUOUS
10
0.6504423622047244
20
1.1791592125984252
11
0.6578704724409449
21
1.1890633070866141
0
LINE
8
BLACK
6
CONTINUOUS
10
0.6578704724409449
20
1.1890633070866141
11
0.6506235039370079
21
1.1963103543307085
0
LINE
8
BLACK
6
CONTINUOUS
10
0.6506235039370079
20
1.1963103543307085
11
0.6500523622047244
21
1.1976892125984251
0
LINE
8
BLACK
6
CONTINUOUS
10
0.6500523622047244
20
1.1976892125984251
11
0.6506235039370079
21
1.1990680708661416
0
LINE
8
BLACK
6
CONTINUOUS
10
0.6506235039370079
20
1.1990680708661416
11
0.6520023622047244
21
1.1996392125984252
0
LINE
8
BLACK
6
CONTINUOUS
10
0.6520023622047244
20
1.1996392125984252
11
0.653381220472441
21
1.1990680708661416
0
LINE
8
BLACK
6
CONTINUOUS
10
0.653381220472441
20
1.1990680708661416
11
0.6613094881889764
21
1.1911397637795276
0
LINE
8
BLACK
6
CONTINUOUS
10
0.6613094881889764
20
1.1911397637795276
11
0.6613094881889764
21
1.1976892125984251
0
LINE
8
BLACK
6
CONTINUOUS
10
0.6613094881889764
20
1.1976892125984251
11
0.6618806299212598
21
1.1990680708661416
0
LINE
8
BLACK
6
CONTINUOUS
10
0.6618806299212598
20
1.1990680708661416
11
0.6632594881889764
21
1.1996392125984252
0
LINE
8
BLACK
6
CONTINUOUS
10
0.6632594881889764
20
1.1996392125984252
11
0.664638346456693
21
1.1990680708661416
0
LINE
8
BLACK
6
CONTINUOUS
10
0.9846383464566929
20
1.1990680708661416
11
0.9852094881889764
21
1.1976892125984251
0
LINE
8
BLACK
6
CONTINUOUS
10
0.9852094881889764
20
1.1976892125984251
11
0.9852094881889764
21
1.1779892125984253
0
LINE
8
BLACK
6
CONTINUOUS
10
0.9852094881889764
20
1.1779892125984253
11
0.9846383464566929
21
1.1766103543307087
0
LINE
8
BLACK
6
CONTINUOUS
10
0.9846383464566929
20
1.1766103543307087
11
0.9832594881889763
21
1.1760392125984251
0
LINE
8
BLACK
6
CONTINUOUS
10
0.9832594881889763
20
1.1760392125984251
11
0.9818806299212598
21
1.1766103543307087
0
LINE
8
BLACK
6
CONTINUOUS
10
0.9818806299212598
20
1.1766103543307087
11
0.9813094881889763
21
1.1779892125984253
0
LINE
8
BLACK
6
CONTINUOUS
10
0.9813094881889763
20
1.1779892125984253
11
0.9813094881889763
21
1.1856243307086614
0
LINE
8
BLACK
6
CONTINUOUS
10
0.9813094881889763
20
1.1856243307086614
11
0.9806561811023622
21
1.1862775984251968
0
LINE
8
BLACK
6
CONTINUOUS
10
0.9806561811023622
20
1.1862775984251968
11
0.9735623622047244
21
1.1768192125984251
0
LINE
8
BLACK
6
CONTINUOUS
10
0.9735623622047244
20
1.1768192125984251
11
0.9722781496062992
21
1.1760588188976377
0
LINE
8
BLACK
6
CONTINUOUS
10
0.9722781496062992
20
1.1760588188976377
11
0.9708323622047244
21
1.1764292125984253
0
LINE
8
BLACK
6
CONTINUOUS
10
0.9708323622047244
20
1.1764292125984253
11
0.970071968503937
21
1.1777134251968504
0
LINE
8
BLACK
6
CONTINUOUS
10
0.970071968503937
20
1.1777134251968504
11
0.9704423622047244
21
1.1791592125984252
0
LINE
8
BLACK
6
CONTINUOUS
10
0.9704423622047244
20
1.1791592125984252
11
0.9778704724409448
21
1.1890633070866141
0
LINE
8
BLACK
6
CONTINUOUS
10
0.9778704724409448
20
1.1890633070866141
11
0.9706235039370078
21
1.1963103543307085
0
LINE
8
BLACK
6
CONTINUOUS
10
0.9706235039370078
20
1.1963103543307085
11
0.9700523622047243
21
1.1976892125984251
0
LINE
8
BLACK
6
CONTINUOUS
10
0.9700523622047243
20
1.1976892125984251
11
0.9706235039370078
21
1.1990680708661416
0
LINE
8
BLACK
6
CONTINUOUS
10
0.9706235039370078
20
1.1990680708661416
11
0.9720023622047244
21
1.1996392125984252
0
LINE
8
BLACK
6
CONTINUOUS
10
0.9720023622047244
20
1.1996392125984252
11
0.9733812204724409
21
1.1990680708661416
0
LINE
8
BLACK
6
CONTINUOUS
10
0.9733812204724409
20
1.1990680708661416
11
0.9813094881889763
21
1.1911397637795276
0
LINE
8
BLACK
6
CONTINUOUS
10
0.9813094881889763
20
1.1911397637795276
11
0.9813094881889763
21
1.1976892125984251
0
LINE
8
BLACK
6
CONTINUOUS
10
0.9813094881889763
20
1.1976892125984251
11
0.9818806299212598
21
1.1990680708661416
0
LINE
8
BLACK
6
CONTINUOUS
10
0.9818806299212598
20
1.1990680708661416
11
0.9832594881889763
21
1.1996392125984252
0
LINE
8
BLACK
6
CONTINUOUS
10
0.9832594881889763
20
1.1996392125984252
11
0.9846383464566929
21
1.1990680708661416
0
LINE
8
BLACK
6
CONTINUOUS
10
1.3046383464566929
20
1.1990680708661416
11
1.3052094881889764
21
1.1976892125984251
0
LINE
8
BLACK
6
CONTINUOUS
10
1.3052094881889764
20
1.1976892125984251
11
1.3052094881889764
21
1.1779892125984253
0
LINE
8
BLACK
6
CONTINUOUS
10
1.3052094881889764
20
1.1779892125984253
11
1.3046383464566929
21
1.1766103543307087
0
LINE
8
BLACK
6
CONTINUOUS
10
1.3046383464566929
20
1.1766103543307087
11
1.3032594881889763
21
1.1760392125984251
0
LINE
8
BLACK
6
CONTINUOUS
10
1.3032594881889763
20
1.1760392125984251
11
1.3018806299212597
21
1.1766103543307087
0
LINE
8
BLACK
6
CONTINUOUS
10
1.3018806299212597
20
1.1766103543307087
11
1.3013094881889764
21
1.1779892125984253
0
LINE
8
BLACK
6
CONTINUOUS
10
1.3013094881889764
20
1.1779892125984253
11
1.3013094881889764
21
1.1856243307086614
0
LINE
8
BLACK
6
CONTINUOUS
10
1.3013094881889764
20
1.1856243307086614
11
1.3006561811023623
21
1.1862775984251968
0
LINE
8
BLACK
6
CONTINUOUS
10
1.3006561811023623
20
1.1862775984251968
11
1.2935623622047243
21
1.1768192125984251
0
LINE
8
BLACK
6
CONTINUOUS
10
1.2935623622047243
20
1.1768192125984251
11
1.2922781496062992
21
1.1760588188976377
0
LINE
8
BLACK
6
CONTINUOUS
10
1.2922781496062992
20
1.1760588188976377
11
1.2908323622047244
21
1.1764292125984253
0
LINE
8
BLACK
6
CONTINUOUS
10
1.2908323622047244
20
1.1764292125984253
11
1.290071968503937
21
1.1777134251968504
0
LINE
8
BLACK
6
CONTINUOUS
10
1.290071968503937
20
1.1777134251968504
11
1.2904423622047243
21
1.1791592125984252
0
LINE
8
BLACK
6
CONTINUOUS
10
1.2904423622047243
20
1.1791592125984252
11
1.2978704724409449
21
1.1890633070866141
0
LINE
8
BLACK
6
CONTINUOUS
10
1.2978704724409449
20
1.1890633070866141
11
1.2906235039370078
21
1.1963103543307085
0
LINE
8
BLACK
6
CONTINUOUS
10
1.2906235039370078
20
1.1963103543307085
11
1.2900523622047244
21
1.1976892125984251
0
LINE
8
BLACK
6
CONTINUOUS
10
1.2900523622047244
20
1.1976892125984251
11
1.2906235039370078
21
1.1990680708661416
0
LINE
8
BLACK
6
CONTINUOUS
10
1.2906235039370078
20
1.1990680708661416
11
1.2920023622047243
21
1.1996392125984252
0
LINE
8
BLACK
6
CONTINUOUS
10
1.2920023622047243
20
1.1996392125984252
11
1.2933812204724409
21
1.1990680708661416
0
LINE
8
BLACK
6
CONTINUOUS
10
1.2933812204724409
20
1.1990680708661416
11
1.3013094881889764
21
1.1911397637795276
0
LINE
8
BLACK
6
CONTINUOUS
10
1.3013094881889764
20
1.1911397637795276
11
1.3013094881889764
21
1.1976892125984251
0
LINE
8
BLACK
6
CONTINUOUS
10
1.3013094881889764
20
1.1976892125984251
11
1.3018806299212597
21
1.1990680708661416
0
LINE
8
BLACK
6
CONTINUOUS
10
1.3018806299212597
20
1.1990680708661416
11
1.3032594881889763
21
1.1996392125984252
0
LINE
8
BLACK
6
CONTINUOUS
10
1.3032594881889763
20
1.1996392125984252
11
1.3046383464566929
21
1.1990680708661416
0
LINE
8
BLACK
6
CONTINUOUS
10
0.4267828346456693
20
1.2584107480314961
11
0.4277607086614173
21
1.2572832677165353
0
LINE
8
BLACK
6
CONTINUOUS
10
0.4277607086614173
20
1.2572832677165353
11
0.4276548818897637
21
1.2557945669291339
0
LINE
8
BLACK
6
CONTINUOUS
10
0.4276548818897637
20
1.2557945669291339
11
0.4265274015748031
21
1.2548166929133857
0
LINE
8
BLACK
6
CONTINUOUS
10
0.4265274015748031
20
1.2548166929133857
11
0.4222321653543307
21
1.2533849212598425
0
LINE
8
BLACK
6
CONTINUOUS
10
0.4222321653543307
20
1.2533849212598425
11
0.4222321653543307
21
1.2468149606299213
0
LINE
8
BLACK
6
CONTINUOUS
10
0.4222321653543307
20
1.2468149606299213
11
0.4265274015748031
21
1.2453832283464568
0
LINE
8
BLACK
6
CONTINUOUS
10
0.4265274015748031
20
1.2453832283464568
11
0.4276548818897637
21
1.2444053543307085
0
LINE
8
BLACK
6
CONTINUOUS
10
0.4276548818897637
20
1.2444053543307085
11
0.4277607086614173
21
1.2429166535433072
0
LINE
8
BLACK
6
CONTINUOUS
10
0.4277607086614173
20
1.2429166535433072
11
0.4267828346456693
21
1.2417891732283464
0
LINE
8
BLACK
6
CONTINUOUS
10
0.4267828346456693
20
1.2417891732283464
11
0.4252941338582677
21
1.2416833858267717
0
LINE
8
BLACK
6
CONTINUOUS
10
0.4252941338582677
20
1.2416833858267717
11
0.4055940944881889
21
1.2482500393700786
0
LINE
8
BLACK
6
CONTINUOUS
10
0.4055940944881889
20
1.2482500393700786
11
0.4054840157480315
21
1.2483454724409448
0
LINE
8
BLACK
6
CONTINUOUS
10
0.4054840157480315
20
1.2483454724409448
11
0.4053386614173228
21
1.2483558267716535
0
LINE
8
BLACK
6
CONTINUOUS
10
0.4053386614173228
20
1.2483558267716535
11
0.4049336220472441
21
1.2488228346456693
0
LINE
8
BLACK
6
CONTINUOUS
10
0.4049336220472441
20
1.2488228346456693
11
0.4044666141732283
21
1.2492278740157481
0
LINE
8
BLACK
6
CONTINUOUS
10
0.4044666141732283
20
1.2492278740157481
11
0.4044562598425196
21
1.2493732283464567
0
LINE
8
BLACK
6
CONTINUOUS
10
0.4044562598425196
20
1.2493732283464567
11
0.4043608267716535
21
1.249483307086614
0
LINE
8
BLACK
6
CONTINUOUS
10
0.4043608267716535
20
1.249483307086614
11
0.4044046062992126
21
1.2500999606299212
0
LINE
8
BLACK
6
CONTINUOUS
10
0.4044046062992126
20
1.2500999606299212
11
0.4043608267716535
21
1.2507166141732282
0
LINE
8
BLACK
6
CONTINUOUS
10
0.4043608267716535
20
1.2507166141732282
11
0.4044562598425196
21
1.250826653543307
0
LINE
8
BLACK
6
CONTINUOUS
10
0.4044562598425196
20
1.250826653543307
11
0.4044666141732283
21
1.2509720472440944
0
LINE
8
BLACK
6
CONTINUOUS
10
0.4044666141732283
20
1.2509720472440944
11
0.4049336220472441
21
1.2513770472440944
0
LINE
8
BLACK
6
CONTINUOUS
10
0.4049336220472441
20
1.2513770472440944
11
0.4053386614173228
21
1.251844094488189
0
LINE
8
BLACK
6
CONTINUOUS
10
0.4053386614173228
20
1.251844094488189
11
0.4054840157480315
21
1.2518544094488189
0
LINE
8
BLACK
6
CONTINUOUS
10
0.4054840157480315
20
1.2518544094488189
11
0.4055940944881889
21
1.2519498818897639
0
LINE
8
BLACK
6
CONTINUOUS
10
0.4055940944881889
20
1.2519498818897639
11
0.4252941338582677
21
1.2585165354330707
0
LINE
8
BLACK
6
CONTINUOUS
10
0.4252941338582677
20
1.2585165354330707
11
0.4267828346456693
21
1.2584107480314961
0
LINE
8
BLACK
6
CONTINUOUS
10
0.4123771653543307
20
1.2500999606299212
11
0.4183321653543307
21
1.2481149606299213
0
LINE
8
BLACK
6
CONTINUOUS
10
0.4183321653543307
20
1.2481149606299213
11
0.4183321653543307
21
1.2520849212598424
0
LINE
8
BLACK
6
CONTINUOUS
10
0.4183321653543307
20
1.2520849212598424
11
0.4123771653543307
21
1.2500999606299212
0
LINE
8
BLACK
6
CONTINUOUS
10
0.6267828346456693
20
1.2584107480314961
11
0.6277607086614173
21
1.2572832677165353
0
LINE
8
BLACK
6
CONTINUOUS
10
0.6277607086614173
20
1.2572832677165353
11
0.6276548818897638
21
1.2557945669291339
0
LINE
8
BLACK
6
CONTINUOUS
10
0.6276548818897638
20
1.2557945669291339
11
0.6265274015748031
21
1.2548166929133857
0
LINE
8
BLACK
6
CONTINUOUS
10
0.6265274015748031
20
1.2548166929133857
11
0.6222321653543307
21
1.2533849212598425
0
LINE
8
BLACK
6
CONTINUOUS
10
0.6222321653543307
20
1.2533849212598425
11
0.6222321653543307
21
1.2468149606299213
0
LINE
8
BLACK
6
CONTINUOUS
10
0.6222321653543307
20
1.2468149606299213
11
0.6265274015748031
21
1.2453832283464568
0
LINE
8
BLACK
6
CONTINUOUS
10
0.6265274015748031
20
1.2453832283464568
11
0.6276548818897638
21
1.2444053543307085
0
LINE
8
BLACK
6
CONTINUOUS
10
0.6276548818897638
20
1.2444053543307085
11
0.6277607086614173
21
1.2429166535433072
0
LINE
8
BLACK
6
CONTINUOUS
10
0.6277607086614173
20
1.2429166535433072
11
0.6267828346456693
21
1.2417891732283464
0
LINE
8
BLACK
6
CONTINUOUS
10
0.6267828346456693
20
1.2417891732283464
11
0.6252941338582677
21
1.2416833858267717
0
LINE
8
BLACK
6
CONTINUOUS
10
0.6252941338582677
20
1.2416833858267717
11
0.605594094488189
21
1.2482500393700786
0
LINE
8
BLACK
6
CONTINUOUS
10
0.605594094488189
20
1.2482500393700786
11
0.6054840157480315
21
1.2483454724409448
0
LINE
8
BLACK
6
CONTINUOUS
10
0.6054840157480315
20
1.2483454724409448
11
0.6053386614173228
21
1.2483558267716535
0
LINE
8
BLACK
6
CONTINUOUS
10
0.6053386614173228
20
1.2483558267716535
11
0.6049336220472441
21
1.2488228346456693
0
LINE
8
BLACK
6
CONTINUOUS
10
0.6049336220472441
20
1.2488228346456693
11
0.6044666141732283
21
1.2492278740157481
0
LINE
8
BLACK
6
CONTINUOUS
10
0.6044666141732283
20
1.2492278740157481
11
0.6044562598425197
21
1.2493732283464567
0
LINE
8
BLACK
6
CONTINUOUS
10
0.6044562598425197
20
1.2493732283464567
11
0.6043608267716535
21
1.249483307086614
0
LINE
8
BLACK
6
CONTINUOUS
10
0.6043608267716535
20
1.249483307086614
11
0.6044046062992126
21
1.2500999606299212
0
LINE
8
BLACK
6
CONTINUOUS
10
0.6044046062992126
20
1.2500999606299212
11
0.6043608267716535
21
1.2507166141732282
0
LINE
8
BLACK
6
CONTINUOUS
10
0.6043608267716535
20
1.2507166141732282
11
0.6044562598425197
21
1.250826653543307
0
LINE
8
BLACK
6
CONTINUOUS
10
0.6044562598425197
20
1.250826653543307
11
0.6044666141732283
21
1.2509720472440944
0
LINE
8
BLACK
6
CONTINUOUS
10
0.6044666141732283
20
1.2509720472440944
11
0.6049336220472441
21
1.2513770472440944
0
LINE
8
BLACK
6
CONTINUOUS
10
0.6049336220472441
20
1.2513770472440944
11
0.6053386614173228
21
1.251844094488189
0
LINE
8
BLACK
6
CONTINUOUS
10
0.6053386614173228
20
1.251844094488189
11
0.6054840157480315
21
1.2518544094488189
0
LINE
8
BLACK
6
CONTINUOUS
10
0.6054840157480315
20
1.2518544094488189
11
0.605594094488189
21
1.2519498818897639
0
LINE
8
BLACK
6
CONTINUOUS
10
0.605594094488189
20
1.2519498818897639
11
0.6252941338582677
21
1.2585165354330707
0
LINE
8
BLACK
6
CONTINUOUS
10
0.6252941338582677
20
1.2585165354330707
11
0.6267828346456693
21
1.2584107480314961
0
LINE
8
BLACK
6
CONTINUOUS
10
0.6123771653543307
20
1.2500999606299212
11
0.6183321653543307
21
1.2481149606299213
0
LINE
8
BLACK
6
CONTINUOUS
10
0.6183321653543307
20
1.2481149606299213
11
0.6183321653543307
21
1.2520849212598424
0
LINE
8
BLACK
6
CONTINUOUS
10
0.6183321653543307
20
1.2520849212598424
11
0.6123771653543307
21
1.2500999606299212
0
LINE
8
BLACK
6
CONTINUOUS
10
0.8267828346456693
20
1.2584107480314961
11
0.8277607086614173
21
1.2572832677165353
0
LINE
8
BLACK
6
CONTINUOUS
10
0.8277607086614173
20
1.2572832677165353
11
0.8276548818897638
21
1.2557945669291339
0
LINE
8
BLACK
6
CONTINUOUS
10
0.8276548818897638
20
1.2557945669291339
11
0.8265274015748031
21
1.2548166929133857
0
LINE
8
BLACK
6
CONTINUOUS
10
0.8265274015748031
20
1.2548166929133857
11
0.8222321653543306
21
1.2533849212598425
0
LINE
8
BLACK
6
CONTINUOUS
10
0.8222321653543306
20
1.2533849212598425
11
0.8222321653543306
21
1.2468149606299213
0
LINE
8
BLACK
6
CONTINUOUS
10
0.8222321653543306
20
1.2468149606299213
11
0.8265274015748031
21
1.2453832283464568
0
LINE
8
BLACK
6
CONTINUOUS
10
0.8265274015748031
20
1.2453832283464568
11
0.8276548818897638
21
1.2444053543307085
0
LINE
8
BLACK
6
CONTINUOUS
10
0.8276548818897638
20
1.2444053543307085
11
0.8277607086614173
21
1.2429166535433072
0
LINE
8
BLACK
6
CONTINUOUS
10
0.8277607086614173
20
1.2429166535433072
11
0.8267828346456693
21
1.2417891732283464
0
LINE
8
BLACK
6
CONTINUOUS
10
0.8267828346456693
20
1.2417891732283464
11
0.8252941338582677
21
1.2416833858267717
0
LINE
8
BLACK
6
CONTINUOUS
10
0.8252941338582677
20
1.2416833858267717
11
0.805594094488189
21
1.2482500393700786
0
LINE
8
BLACK
6
CONTINUOUS
10
0.805594094488189
20
1.2482500393700786
11
0.8054840157480315
21
1.2483454724409448
0
LINE
8
BLACK
6
CONTINUOUS
10
0.8054840157480315
20
1.2483454724409448
11
0.8053386614173228
21
1.2483558267716535
0
LINE
8
BLACK
6
CONTINUOUS
10
0.8053386614173228
20
1.2483558267716535
11
0.8049336220472441
21
1.2488228346456693
0
LINE
8
BLACK
6
CONTINUOUS
10
0.8049336220472441
20
1.2488228346456693
11
0.8044666141732283
21
1.2492278740157481
0
LINE
8
BLACK
6
CONTINUOUS
10
0.8044666141732283
20
1.2492278740157481
11
0.8044562598425197
21
1.2493732283464567
0
LINE
8
BLACK
6
CONTINUOUS
10
0.8044562598425197
20
1.2493732283464567
11
0.8043608267716535
21
1.249483307086614
0
LINE
8
BLACK
6
CONTINUOUS
10
0.8043608267716535
20
1.249483307086614
11
0.8044046062992126
21
1.2500999606299212
0
LINE
8
BLACK
6
CONTINUOUS
10
0.8044046062992126
20
1.2500999606299212
11
0.8043608267716535
21
1.2507166141732282
0
LINE
8
BLACK
6
CONTINUOUS
10
0.8043608267716535
20
1.2507166141732282
11
0.8044562598425197
21
1.250826653543307
0
LINE
8
BLACK
6
CONTINUOUS
10
0.8044562598425197
20
1.250826653543307
11
0.8044666141732283
21
1.2509720472440944
0
LINE
8
BLACK
6
CONTINUOUS
10
0.8044666141732283
20
1.2509720472440944
11
0.8049336220472441
21
1.2513770472440944
0
LINE
8
BLACK
6
CONTINUOUS
10
0.8049336220472441
20
1.2513770472440944
11
0.8053386614173228
21
1.251844094488189
0
LINE
8
BLACK
6
CONTINUOUS
10
0.8053386614173228
20
1.251844094488189
11
0.8054840157480315
21
1.2518544094488189
0
LINE
8
BLACK
6
CONTINUOUS
10
0.8054840157480315
20
1.2518544094488189
11
0.805594094488189
21
1.2519498818897639
0
LINE
8
BLACK
6
CONTINUOUS
10
0.805594094488189
20
1.2519498818897639
11
0.8252941338582677
21
1.2585165354330707
0
LINE
8
BLACK
6
CONTINUOUS
10
0.8252941338582677
20
1.2585165354330707
11
0.8267828346456693
21
1.2584107480314961
0
LINE
8
BLACK
6
CONTINUOUS
10
0.8123771653543307
20
1.2500999606299212
11
0.8183321653543307
21
1.2481149606299213
0
LINE
8
BLACK
6
CONTINUOUS
10
0.8183321653543307
20
1.2481149606299213
11
0.8183321653543307
21
1.2520849212598424
0
LINE
8
BLACK
6
CONTINUOUS
10
0.8183321653543307
20
1.2520849212598424
11
0.8123771653543307
21
1.2500999606299212
0
LINE
8
BLACK
6
CONTINUOUS
10
1.0267828346456693
20
1.2584107480314961
11
1.0277607086614173
21
1.2572832677165353
0
LINE
8
BLACK
6
CONTINUOUS
10
1.0277607086614173
20
1.2572832677165353
11
1.0276548818897637
21
1.2557945669291339
0
LINE
8
BLACK
6
CONTINUOUS
10
1.0276548818897637
20
1.2557945669291339
11
1.0265274015748032
21
1.2548166929133857
0
LINE
8
BLACK
6
CONTINUOUS
10
1.0265274015748032
20
1.2548166929133857
11
1.0222321653543307
21
1.2533849212598425
0
LINE
8
BLACK
6
CONTINUOUS
10
1.0222321653543307
20
1.2533849212598425
11
1.0222321653543307
21
1.2468149606299213
0
LINE
8
BLACK
6
CONTINUOUS
10
1.0222321653543307
20
1.2468149606299213
11
1.0265274015748032
21
1.2453832283464568
0
LINE
8
BLACK
6
CONTINUOUS
10
1.0265274015748032
20
1.2453832283464568
11
1.0276548818897637
21
1.2444053543307085
0
LINE
8
BLACK
6
CONTINUOUS
10
1.0276548818897637
20
1.2444053543307085
11
1.0277607086614173
21
1.2429166535433072
0
LINE
8
BLACK
6
CONTINUOUS
10
1.0277607086614173
20
1.2429166535433072
11
1.0267828346456693
21
1.2417891732283464
0
LINE
8
BLACK
6
CONTINUOUS
10
1.0267828346456693
20
1.2417891732283464
11
1.0252941338582677
21
1.2416833858267717
0
LINE
8
BLACK
6
CONTINUOUS
10
1.0252941338582677
20
1.2416833858267717
11
1.0055940944881889
21
1.2482500393700786
0
LINE
8
BLACK
6
CONTINUOUS
10
1.0055940944881889
20
1.2482500393700786
11
1.0054840157480314
21
1.2483454724409448
0
LINE
8
BLACK
6
CONTINUOUS
10
1.0054840157480314
20
1.2483454724409448
11
1.0053386614173228
21
1.2483558267716535
0
LINE
8
BLACK
6
CONTINUOUS
10
1.0053386614173228
20
1.2483558267716535
11
1.004933622047244
21
1.2488228346456693
0
LINE
8
BLACK
6
CONTINUOUS
10
1.004933622047244
20
1.2488228346456693
11
1.0044666141732284
21
1.2492278740157481
0
LINE
8
BLACK
6
CONTINUOUS
10
1.0044666141732284
20
1.2492278740157481
11
1.0044562598425197
21
1.2493732283464567
0
LINE
8
BLACK
6
CONTINUOUS
10
1.0044562598425197
20
1.2493732283464567
11
1.0043608267716535
21
1.249483307086614
0
LINE
8
BLACK
6
CONTINUOUS
10
1.0043608267716535
20
1.249483307086614
11
1.0044046062992125
21
1.2500999606299212
0
LINE
8
BLACK
6
CONTINUOUS
10
1.0044046062992125
20
1.2500999606299212
11
1.0043608267716535
21
1.2507166141732282
0
LINE
8
BLACK
6
CONTINUOUS
10
1.0043608267716535
20
1.2507166141732282
11
1.0044562598425197
21
1.250826653543307
0
LINE
8
BLACK
6
CONTINUOUS
10
1.0044562598425197
20
1.250826653543307
11
1.0044666141732284
21
1.2509720472440944
0
LINE
8
BLACK
6
CONTINUOUS
10
1.0044666141732284
20
1.2509720472440944
11
1.004933622047244
21
1.2513770472440944
0
LINE
8
BLACK
6
CONTINUOUS
10
1.004933622047244
20
1.2513770472440944
11
1.0053386614173228
21
1.251844094488189
0
LINE
8
BLACK
6
CONTINUOUS
10
1.0053386614173228
20
1.251844094488189
11
1.0054840157480314
21
1.2518544094488189
0
LINE
8
BLACK
6
CONTINUOUS
10
1.0054840157480314
20
1.2518544094488189
11
1.0055940944881889
21
1.2519498818897639
0
LINE
8
BLACK
6
CONTINUOUS
10
1.0055940944881889
20
1.2519498818897639
11
1.0252941338582677
21
1.2585165354330707
0
LINE
8
BLACK
6
CONTINUOUS
10
1.0252941338582677
20
1.2585165354330707
11
1.0267828346456693
21
1.2584107480314961
0
LINE
8
BLACK
6
CONTINUOUS
10
1.0123771653543308
20
1.2500999606299212
11
1.0183321653543307
21
1.2481149606299213
0
LINE
8
BLACK
6
CONTINUOUS
10
1.0183321653543307
20
1.2481149606299213
11
1.0183321653543307
21
1.2520849212598424
0
LINE
8
BLACK
6
CONTINUOUS
10
1.0183321653543307
20
1.2520849212598424
11
1.0123771653543308
21
1.2500999606299212
0
LINE
8
BLACK
6
CONTINUOUS
10
0.4259099212598425
20
1.4733258661417323
11
0.4274571653543307
21
1.4720275590551182
0
LINE
8
BLACK
6
CONTINUOUS
10
0.4274571653543307
20
1.4720275590551182
11
0.4278079133858267
21
1.4700384251968504
0
LINE
8
BLACK
6
CONTINUOUS
10
0.4278079133858267
20
1.4700384251968504
11
0.4267979921259842
21
1.4682892519685038
0
LINE
8
BLACK
6
CONTINUOUS
10
0.4267979921259842
20
1.4682892519685038
11
0.4249
21
1.4675984251968504
0
LINE
8
BLACK
6
CONTINUOUS
10
0.4249
20
1.4675984251968504
11
0.4101181102362205
21
1.4675984251968504
0
LINE
8
BLACK
6
CONTINUOUS
10
0.4101181102362205
20
1.4675984251968504
11
0.4101181102362205
21
1.4538527559055119
0
LINE
8
BLACK
6
CONTINUOUS
10
0.4101181102362205
20
1.4538527559055119
11
0.4249
21
1.4538527559055119
0
LINE
8
BLACK
6
CONTINUOUS
10
0.4249
20
1.4538527559055119
11
0.4259099212598425
21
1.45367468503937
0
LINE
8
BLACK
6
CONTINUOUS
10
0.4259099212598425
20
1.45367468503937
11
0.4274571653543307
21
1.4523763779527559
0
LINE
8
BLACK
6
CONTINUOUS
10
0.4274571653543307
20
1.4523763779527559
11
0.4278079133858267
21
1.450387244094488
0
LINE
8
BLACK
6
CONTINUOUS
10
0.4278079133858267
20
1.450387244094488
11
0.4267979921259842
21
1.4486380708661417
0
LINE
8
BLACK
6
CONTINUOUS
10
0.4267979921259842
20
1.4486380708661417
11
0.4249
21
1.4479472440944881
0
LINE
8
BLACK
6
CONTINUOUS
10
0.4249
20
1.4479472440944881
11
0.4101181102362205
21
1.4479472440944881
0
LINE
8
BLACK
6
CONTINUOUS
10
0.4101181102362205
20
1.4479472440944881
11
0.4101181102362205
21
1.2924015748031497
0
LINE
8
BLACK
6
CONTINUOUS
10
0.4101181102362205
20
1.2924015748031497
11
0.4249
21
1.2924015748031497
0
LINE
8
BLACK
6
CONTINUOUS
10
0.4249
20
1.2924015748031497
11
0.4259099212598425
21
1.2922235039370078
0
LINE
8
BLACK
6
CONTINUOUS
10
0.4259099212598425
20
1.2922235039370078
11
0.4274571653543307
21
1.2909251968503936
0
LINE
8
BLACK
6
CONTINUOUS
10
0.4274571653543307
20
1.2909251968503936
11
0.4278079133858267
21
1.288936062992126
0
LINE
8
BLACK
6
CONTINUOUS
10
0.4278079133858267
20
1.288936062992126
11
0.4267979921259842
21
1.2871868897637795
0
LINE
8
BLACK
6
CONTINUOUS
10
0.4267979921259842
20
1.2871868897637795
11
0.4249
21
1.286496062992126
0
LINE
8
BLACK
6
CONTINUOUS
10
0.4249
20
1.286496062992126
11
0.4071653543307087
21
1.286496062992126
0
LINE
8
BLACK
6
CONTINUOUS
10
0.4071653543307087
20
1.286496062992126
11
0.406781811023622
21
1.2865636614173228
0
LINE
8
BLACK
6
CONTINUOUS
10
0.406781811023622
20
1.2865636614173228
11
0.4066525984251969
21
1.2865409055118109
0
LINE
8
BLACK
6
CONTINUOUS
10
0.4066525984251969
20
1.2865409055118109
11
0.4065389763779527
21
1.2866064960629922
0
LINE
8
BLACK
6
CONTINUOUS
10
0.4065389763779527
20
1.2866064960629922
11
0.4061554330708662
21
1.2866741338582677
0
LINE
8
BLACK
6
CONTINUOUS
10
0.4061554330708662
20
1.2866741338582677
11
0.4055677165354331
21
1.2871672440944881
0
LINE
8
BLACK
6
CONTINUOUS
10
0.4055677165354331
20
1.2871672440944881
11
0.4049034251968504
21
1.2875508267716536
0
LINE
8
BLACK
6
CONTINUOUS
10
0.4049034251968504
20
1.2875508267716536
11
0.4048122834645669
21
1.2878011417322834
0
LINE
8
BLACK
6
CONTINUOUS
10
0.4048122834645669
20
1.2878011417322834
11
0.404608188976378
21
1.2879724409448818
0
LINE
8
BLACK
6
CONTINUOUS
10
0.404608188976378
20
1.2879724409448818
11
0.4044749212598425
21
1.2887279921259842
0
LINE
8
BLACK
6
CONTINUOUS
10
0.4044749212598425
20
1.2887279921259842
11
0.4042125984251969
21
1.2894488188976378
0
LINE
8
BLACK
6
CONTINUOUS
10
0.4042125984251969
20
1.2894488188976378
11
0.4042125984251969
21
1.4705511811023622
0
LINE
8
BLACK
6
CONTINUOUS
10
0.4042125984251969
20
1.4705511811023622
11
0.4042801968503937
21
1.4709346850393701
0
LINE
8
BLACK
6
CONTINUOUS
10
0.4042801968503937
20
1.4709346850393701
11
0.4042574409448819
21
1.471063937007874
0
LINE
8
BLACK
6
CONTINUOUS
10
0.4042574409448819
20
1.471063937007874
11
0.404323031496063
21
1.4711775196850394
0
LINE
8
BLACK
6
CONTINUOUS
10
0.404323031496063
20
1.4711775196850394
11
0.4043906692913386
21
1.4715611023622046
0
LINE
8
BLACK
6
CONTINUOUS
10
0.4043906692913386
20
1.4715611023622046
11
0.4048837795275591
21
1.472148779527559
0
LINE
8
BLACK
6
CONTINUOUS
10
0.4048837795275591
20
1.472148779527559
11
0.4052673622047244
21
1.4728131102362205
0
LINE
8
BLACK
6
CONTINUOUS
10
0.4052673622047244
20
1.4728131102362205
11
0.4055176771653543
21
1.4729042125984251
0
LINE
8
BLACK
6
CONTINUOUS
10
0.4055176771653543
20
1.4729042125984251
11
0.4056889763779528
21
1.473108346456693
0
LINE
8
BLACK
6
CONTINUOUS
10
0.4056889763779528
20
1.473108346456693
11
0.4064445275590551
21
1.4732415748031495
0
LINE
8
BLACK
6
CONTINUOUS
10
0.4064445275590551
20
1.4732415748031495
11
0.4071653543307087
21
1.473503937007874
0
LINE
8
BLACK
6
CONTINUOUS
10
0.4071653543307087
20
1.473503937007874
11
0.4249
21
1.473503937007874
0
LINE
8
BLACK
6
CONTINUOUS
10
0.4249
20
1.473503937007874
11
0.4259099212598425
21
1.4733258661417323
0
LINE
8
BLACK
6
CONTINUOUS
10
0.5532181496062992
20
1.4734362992125984
11
0.5533474015748031
21
1.4734590944881889
0
LINE
8
BLACK
6
CONTINUOUS
10
0.5533474015748031
20
1.4734590944881889
11
0.5534609842519685
21
1.4733934645669291
0
LINE
8
BLACK
6
CONTINUOUS
10
0.5534609842519685
20
1.4733934645669291
11
0.5538445669291339
21
1.4733258661417323
0
LINE
8
BLACK
6
CONTINUOUS
10
0.5538445669291339
20
1.4733258661417323
11
0.5544322440944882
21
1.4728327165354331
0
LINE
8
BLACK
6
CONTINUOUS
10
0.5544322440944882
20
1.4728327165354331
11
0.5550965748031496
21
1.4724491732283465
0
LINE
8
BLACK
6
CONTINUOUS
10
0.5550965748031496
20
1.4724491732283465
11
0.5551876771653543
21
1.4721988188976378
0
LINE
8
BLACK
6
CONTINUOUS
10
0.5551876771653543
20
1.4721988188976378
11
0.555391811023622
21
1.4720275590551182
0
LINE
8
BLACK
6
CONTINUOUS
10
0.555391811023622
20
1.4720275590551182
11
0.5555250393700787
21
1.471271968503937
0
LINE
8
BLACK
6
CONTINUOUS
10
0.5555250393700787
20
1.471271968503937
11
0.5557874015748031
21
1.4705511811023622
0
LINE
8
BLACK
6
CONTINUOUS
10
0.5557874015748031
20
1.4705511811023622
11
0.5557874015748031
21
1.2894488188976378
0
LINE
8
BLACK
6
CONTINUOUS
10
0.5557874015748031
20
1.2894488188976378
11
0.5557197637795276
21
1.2890652755905512
0
LINE
8
BLACK
6
CONTINUOUS
10
0.5557197637795276
20
1.2890652755905512
11
0.555742559055118
21
1.288936062992126
0
LINE
8
BLACK
6
CONTINUOUS
10
0.555742559055118
20
1.288936062992126
11
0.5556769291338582
21
1.2888224409448819
0
LINE
8
BLACK
6
CONTINUOUS
10
0.5556769291338582
20
1.2888224409448819
11
0.5556093307086614
21
1.2884388976377952
0
LINE
8
BLACK
6
CONTINUOUS
10
0.5556093307086614
20
1.2884388976377952
11
0.5551161811023622
21
1.2878511811023621
0
LINE
8
BLACK
6
CONTINUOUS
10
0.5551161811023622
20
1.2878511811023621
11
0.5547326377952756
21
1.2871868897637795
0
LINE
8
BLACK
6
CONTINUOUS
10
0.5547326377952756
20
1.2871868897637795
11
0.554482283464567
21
1.287095748031496
0
LINE
8
BLACK
6
CONTINUOUS
10
0.554482283464567
20
1.287095748031496
11
0.5543110236220472
21
1.286891653543307
0
LINE
8
BLACK
6
CONTINUOUS
10
0.5543110236220472
20
1.286891653543307
11
0.5535554330708661
21
1.2867583858267717
0
LINE
8
BLACK
6
CONTINUOUS
10
0.5535554330708661
20
1.2867583858267717
11
0.5528346456692913
21
1.286496062992126
0
LINE
8
BLACK
6
CONTINUOUS
10
0.5528346456692913
20
1.286496062992126
11
0.5351
21
1.286496062992126
0
LINE
8
BLACK
6
CONTINUOUS
10
0.5351
20
1.286496062992126
11
0.5340900787401575
21
1.2866741338582677
0
LINE
8
BLACK
6
CONTINUOUS
10
0.5340900787401575
20
1.2866741338582677
11
0.5325428346456693
21
1.2879724409448818
0
LINE
8
BLACK
6
CONTINUOUS
10
0.5325428346456693
20
1.2879724409448818
11
0.5321920866141732
21
1.2899615748031497
0
LINE
8
BLACK
6
CONTINUOUS
10
0.5321920866141732
20
1.2899615748031497
11
0.5332020078740157
21
1.291710748031496
0
LINE
8
BLACK
6
CONTINUOUS
10
0.5332020078740157
20
1.291710748031496
11
0.5351
21
1.2924015748031497
0
LINE
8
BLACK
6
CONTINUOUS
10
0.5351
20
1.2924015748031497
11
0.5498818897637795
21
1.2924015748031497
0
LINE
8
BLACK
6
CONTINUOUS
10
0.5498818897637795
20
1.2924015748031497
11
0.5498818897637795
21
1.4479472440944881
0
LINE
8
BLACK
6
CONTINUOUS
10
0.5498818897637795
20
1.4479472440944881
11
0.5351
21
1.4479472440944881
0
LINE
8
BLACK
6
CONTINUOUS
10
0.5351
20
1.4479472440944881
11
0.5340900787401575
21
1.4481253149606299
0
LINE
8
BLACK
6
CONTINUOUS
10
0.5340900787401575
20
1.4481253149606299
11
0.5325428346456693
21
1.4494236220472441
0
LINE
8
BLACK
6
CONTINUOUS
10
0.5325428346456693
20
1.4494236220472441
11
0.5321920866141732
21
1.4514127559055119
0
LINE
8
BLACK
6
CONTINUOUS
10
0.5321920866141732
20
1.4514127559055119
11
0.5332020078740157
21
1.4531619291338582
0
LINE
8
BLACK
6
CONTINUOUS
10
0.5332020078740157
20
1.4531619291338582
11
0.5351
21
1.4538527559055119
0
LINE
8
BLACK
6
CONTINUOUS
10
0.5351
20
1.4538527559055119
11
0.5498818897637795
21
1.4538527559055119
0
LINE
8
BLACK
6
CONTINUOUS
10
0.5498818897637795
20
1.4538527559055119
11
0.5498818897637795
21
1.4675984251968504
0
LINE
8
BLACK
6
CONTINUOUS
10
0.5498818897637795
20
1.4675984251968504
11
0.5351
21
1.4675984251968504
0
LINE
8
BLACK
6
CONTINUOUS
10
0.5351
20
1.4675984251968504
11
0.5340900787401575
21
1.467776496062992
0
LINE
8
BLACK
6
CONTINUOUS
10
0.5340900787401575
20
1.467776496062992
11
0.5325428346456693
21
1.4690748031496064
0
LINE
8
BLACK
6
CONTINUOUS
10
0.5325428346456693
20
1.4690748031496064
11
0.5321920866141732
21
1.471063937007874
0
LINE
8
BLACK
6
CONTINUOUS
10
0.5321920866141732
20
1.471063937007874
11
0.5332020078740157
21
1.4728131102362205
0
LINE
8
BLACK
6
CONTINUOUS
10
0.5332020078740157
20
1.4728131102362205
11
0.5351
21
1.473503937007874
0
LINE
8
BLACK
6
CONTINUOUS
10
0.5351
20
1.473503937007874
11
0.5528346456692913
21
1.473503937007874
0
LINE
8
BLACK
6
CONTINUOUS
10
0.5528346456692913
20
1.473503937007874
11
0.5532181496062992
21
1.4734362992125984
0
LINE
8
BLACK
6
CONTINUOUS
10
0.6259099212598425
20
1.4733258661417323
11
0.6274571653543307
21
1.4720275590551182
0
LINE
8
BLACK
6
CONTINUOUS
10
0.6274571653543307
20
1.4720275590551182
11
0.6278079133858268
21
1.4700384251968504
0
LINE
8
BLACK
6
CONTINUOUS
10
0.6278079133858268
20
1.4700384251968504
11
0.6267979921259842
21
1.4682892519685038
0
LINE
8
BLACK
6
CONTINUOUS
10
0.6267979921259842
20
1.4682892519685038
11
0.6249
21
1.4675984251968504
0
LINE
8
BLACK
6
CONTINUOUS
10
0.6249
20
1.4675984251968504
11
0.6101181102362204
21
1.4675984251968504
0
LINE
8
BLACK
6
CONTINUOUS
10
0.6101181102362204
20
1.4675984251968504
11
0.6101181102362204
21
1.4538527559055119
0
LINE
8
BLACK
6
CONTINUOUS
10
0.6101181102362204
20
1.4538527559055119
11
0.6249
21
1.4538527559055119
0
LINE
8
BLACK
6
CONTINUOUS
10
0.6249
20
1.4538527559055119
11
0.6259099212598425
21
1.45367468503937
0
LINE
8
BLACK
6
CONTINUOUS
10
0.6259099212598425
20
1.45367468503937
11
0.6274571653543307
21
1.4523763779527559
0
LINE
8
BLACK
6
CONTINUOUS
10
0.6274571653543307
20
1.4523763779527559
11
0.6278079133858268
21
1.450387244094488
0
LINE
8
BLACK
6
CONTINUOUS
10
0.6278079133858268
20
1.450387244094488
11
0.6267979921259842
21
1.4486380708661417
0
LINE
8
BLACK
6
CONTINUOUS
10
0.6267979921259842
20
1.4486380708661417
11
0.6249
21
1.4479472440944881
0
LINE
8
BLACK
6
CONTINUOUS
10
0.6249
20
1.4479472440944881
11
0.6101181102362204
21
1.4479472440944881
0
LINE
8
BLACK
6
CONTINUOUS
10
0.6101181102362204
20
1.4479472440944881
11
0.6101181102362204
21
1.2924015748031497
0
LINE
8
BLACK
6
CONTINUOUS
10
0.6101181102362204
20
1.2924015748031497
11
0.6249
21
1.2924015748031497
0
LINE
8
BLACK
6
CONTINUOUS
10
0.6249
20
1.2924015748031497
11
0.6259099212598425
21
1.2922235039370078
0
LINE
8
BLACK
6
CONTINUOUS
10
0.6259099212598425
20
1.2922235039370078
11
0.6274571653543307
21
1.2909251968503936
0
LINE
8
BLACK
6
CONTINUOUS
10
0.6274571653543307
20
1.2909251968503936
11
0.6278079133858268
21
1.288936062992126
0
LINE
8
BLACK
6
CONTINUOUS
10
0.6278079133858268
20
1.288936062992126
11
0.6267979921259842
21
1.2871868897637795
0
LINE
8
BLACK
6
CONTINUOUS
10
0.6267979921259842
20
1.2871868897637795
11
0.6249
21
1.286496062992126
0
LINE
8
BLACK
6
CONTINUOUS
10
0.6249
20
1.286496062992126
11
0.6071653543307086
21
1.286496062992126
0
LINE
8
BLACK
6
CONTINUOUS
10
0.6071653543307086
20
1.286496062992126
11
0.6067818110236221
21
1.2865636614173228
0
LINE
8
BLACK
6
CONTINUOUS
10
0.6067818110236221
20
1.2865636614173228
11
0.6066525984251968
21
1.2865409055118109
0
LINE
8
BLACK
6
CONTINUOUS
10
0.6066525984251968
20
1.2865409055118109
11
0.6065389763779527
21
1.2866064960629922
0
LINE
8
BLACK
6
CONTINUOUS
10
0.6065389763779527
20
1.2866064960629922
11
0.6061554330708662
21
1.2866741338582677
0
LINE
8
BLACK
6
CONTINUOUS
10
0.6061554330708662
20
1.2866741338582677
11
0.6055677165354331
21
1.2871672440944881
0
LINE
8
BLACK
6
CONTINUOUS
10
0.6055677165354331
20
1.2871672440944881
11
0.6049034251968504
21
1.2875508267716536
0
LINE
8
BLACK
6
CONTINUOUS
10
0.6049034251968504
20
1.2875508267716536
11
0.6048122834645669
21
1.2878011417322834
0
LINE
8
BLACK
6
CONTINUOUS
10
0.6048122834645669
20
1.2878011417322834
11
0.6046081889763779
21
1.2879724409448818
0
LINE
8
BLACK
6
CONTINUOUS
10
0.6046081889763779
20
1.2879724409448818
11
0.6044749212598425
21
1.2887279921259842
0
LINE
8
BLACK
6
CONTINUOUS
10
0.6044749212598425
20
1.2887279921259842
11
0.6042125984251968
21
1.2894488188976378
0
LINE
8
BLACK
6
CONTINUOUS
10
0.6042125984251968
20
1.2894488188976378
11
0.6042125984251968
21
1.4705511811023622
0
LINE
8
BLACK
6
CONTINUOUS
10
0.6042125984251968
20
1.4705511811023622
11
0.6042801968503937
21
1.4709346850393701
0
LINE
8
BLACK
6
CONTINUOUS
10
0.6042801968503937
20
1.4709346850393701
11
0.6042574409448819
21
1.471063937007874
0
LINE
8
BLACK
6
CONTINUOUS
10
0.6042574409448819
20
1.471063937007874
11
0.6043230314960629
21
1.4711775196850394
0
LINE
8
BLACK
6
CONTINUOUS
10
0.6043230314960629
20
1.4711775196850394
11
0.6043906692913386
21
1.4715611023622046
0
LINE
8
BLACK
6
CONTINUOUS
10
0.6043906692913386
20
1.4715611023622046
11
0.604883779527559
21
1.472148779527559
0
LINE
8
BLACK
6
CONTINUOUS
10
0.604883779527559
20
1.472148779527559
11
0.6052673622047244
21
1.4728131102362205
0
LINE
8
BLACK
6
CONTINUOUS
10
0.6052673622047244
20
1.4728131102362205
11
0.6055176771653543
21
1.4729042125984251
0
LINE
8
BLACK
6
CONTINUOUS
10
0.6055176771653543
20
1.4729042125984251
11
0.6056889763779527
21
1.473108346456693
0
LINE
8
BLACK
6
CONTINUOUS
10
0.6056889763779527
20
1.473108346456693
11
0.6064445275590551
21
1.4732415748031495
0
LINE
8
BLACK
6
CONTINUOUS
10
0.6064445275590551
20
1.4732415748031495
11
0.6071653543307086
21
1.473503937007874
0
LINE
8
BLACK
6
CONTINUOUS
10
0.6071653543307086
20
1.473503937007874
11
0.6249
21
1.473503937007874
0
LINE
8
BLACK
6
CONTINUOUS
10
0.6249
20
1.473503937007874
11
0.6259099212598425
21
1.4733258661417323
0
LINE
8
BLACK
6
CONTINUOUS
10
0.7532181496062992
20
1.4734362992125984
11
0.7533474015748032
21
1.4734590944881889
0
LINE
8
BLACK
6
CONTINUOUS
10
0.7533474015748032
20
1.4734590944881889
11
0.7534609842519685
21
1.4733934645669291
0
LINE
8
BLACK
6
CONTINUOUS
10
0.7534609842519685
20
1.4733934645669291
11
0.7538445669291338
21
1.4733258661417323
0
LINE
8
BLACK
6
CONTINUOUS
10
0.7538445669291338
20
1.4733258661417323
11
0.7544322440944882
21
1.4728327165354331
0
LINE
8
BLACK
6
CONTINUOUS
10
0.7544322440944882
20
1.4728327165354331
11
0.7550965748031496
21
1.4724491732283465
0
LINE
8
BLACK
6
CONTINUOUS
10
0.7550965748031496
20
1.4724491732283465
11
0.7551876771653543
21
1.4721988188976378
0
LINE
8
BLACK
6
CONTINUOUS
10
0.7551876771653543
20
1.4721988188976378
11
0.7553918110236221
21
1.4720275590551182
0
LINE
8
BLACK
6
CONTINUOUS
10
0.7553918110236221
20
1.4720275590551182
11
0.7555250393700788
21
1.471271968503937
0
LINE
8
BLACK
6
CONTINUOUS
10
0.7555250393700788
20
1.471271968503937
11
0.7557874015748032
21
1.4705511811023622
0
LINE
8
BLACK
6
CONTINUOUS
10
0.7557874015748032
20
1.4705511811023622
11
0.7557874015748032
21
1.2894488188976378
0
LINE
8
BLACK
6
CONTINUOUS
10
0.7557874015748032
20
1.2894488188976378
11
0.7557197637795275
21
1.2890652755905512
0
LINE
8
BLACK
6
CONTINUOUS
10
0.7557197637795275
20
1.2890652755905512
11
0.7557425590551181
21
1.288936062992126
0
LINE
8
BLACK
6
CONTINUOUS
10
0.7557425590551181
20
1.288936062992126
11
0.7556769291338582
21
1.2888224409448819
0
LINE
8
BLACK
6
CONTINUOUS
10
0.7556769291338582
20
1.2888224409448819
11
0.7556093307086614
21
1.2884388976377952
0
LINE
8
BLACK
6
CONTINUOUS
10
0.7556093307086614
20
1.2884388976377952
11
0.7551161811023622
21
1.2878511811023621
0
LINE
8
BLACK
6
CONTINUOUS
10
0.7551161811023622
20
1.2878511811023621
11
0.7547326377952756
21
1.2871868897637795
0
LINE
8
BLACK
6
CONTINUOUS
10
0.7547326377952756
20
1.2871868897637795
11
0.7544822834645669
21
1.287095748031496
0
LINE
8
BLACK
6
CONTINUOUS
10
0.7544822834645669
20
1.287095748031496
11
0.7543110236220473
21
1.286891653543307
0
LINE
8
BLACK
6
CONTINUOUS
10
0.7543110236220473
20
1.286891653543307
11
0.7535554330708661
21
1.2867583858267717
0
LINE
8
BLACK
6
CONTINUOUS
10
0.7535554330708661
20
1.2867583858267717
11
0.7528346456692914
21
1.286496062992126
0
LINE
8
BLACK
6
CONTINUOUS
10
0.7528346456692914
20
1.286496062992126
11
0.7351
21
1.286496062992126
0
LINE
8
BLACK
6
CONTINUOUS
10
0.7351
20
1.286496062992126
11
0.7340900787401574
21
1.2866741338582677
0
LINE
8
BLACK
6
CONTINUOUS
10
0.7340900787401574
20
1.2866741338582677
11
0.7325428346456693
21
1.2879724409448818
0
LINE
8
BLACK
6
CONTINUOUS
10
0.7325428346456693
20
1.2879724409448818
11
0.7321920866141732
21
1.2899615748031497
0
LINE
8
BLACK
6
CONTINUOUS
10
0.7321920866141732
20
1.2899615748031497
11
0.7332020078740157
21
1.291710748031496
0
LINE
8
BLACK
6
CONTINUOUS
10
0.7332020078740157
20
1.291710748031496
11
0.7351
21
1.2924015748031497
0
LINE
8
BLACK
6
CONTINUOUS
10
0.7351
20
1.2924015748031497
11
0.7498818897637796
21
1.2924015748031497
0
LINE
8
BLACK
6
CONTINUOUS
10
0.7498818897637796
20
1.2924015748031497
11
0.7498818897637796
21
1.4479472440944881
0
LINE
8
BLACK
6
CONTINUOUS
10
0.7498818897637796
20
1.4479472440944881
11
0.7351
21
1.4479472440944881
0
LINE
8
BLACK
6
CONTINUOUS
10
0.7351
20
1.4479472440944881
11
0.7340900787401574
21
1.4481253149606299
0
LINE
8
BLACK
6
CONTINUOUS
10
0.7340900787401574
20
1.4481253149606299
11
0.7325428346456693
21
1.4494236220472441
0
LINE
8
BLACK
6
CONTINUOUS
10
0.7325428346456693
20
1.4494236220472441
11
0.7321920866141732
21
1.4514127559055119
0
LINE
8
BLACK
6
CONTINUOUS
10
0.7321920866141732
20
1.4514127559055119
11
0.7332020078740157
21
1.4531619291338582
0
LINE
8
BLACK
6
CONTINUOUS
10
0.7332020078740157
20
1.4531619291338582
11
0.7351
21
1.4538527559055119
0
LINE
8
BLACK
6
CONTINUOUS
10
0.7351
20
1.4538527559055119
11
0.7498818897637796
21
1.4538527559055119
0
LINE
8
BLACK
6
CONTINUOUS
10
0.7498818897637796
20
1.4538527559055119
11
0.7498818897637796
21
1.4675984251968504
0
LINE
8
BLACK
6
CONTINUOUS
10
0.7498818897637796
20
1.4675984251968504
11
0.7351
21
1.4675984251968504
0
LINE
8
BLACK
6
CONTINUOUS
10
0.7351
20
1.4675984251968504
11
0.7340900787401574
21
1.467776496062992
0
LINE
8
BLACK
6
CONTINUOUS
10
0.7340900787401574
20
1.467776496062992
11
0.7325428346456693
21
1.4690748031496064
0
LINE
8
BLACK
6
CONTINUOUS
10
0.7325428346456693
20
1.4690748031496064
11
0.7321920866141732
21
1.471063937007874
0
LINE
8
BLACK
6
CONTINUOUS
10
0.7321920866141732
20
1.471063937007874
11
0.7332020078740157
21
1.4728131102362205
0
LINE
8
BLACK
6
CONTINUOUS
10
0.7332020078740157
20
1.4728131102362205
11
0.7351
21
1.473503937007874
0
LINE
8
BLACK
6
CONTINUOUS
10
0.7351
20
1.473503937007874
11
0.7528346456692914
21
1.473503937007874
0
LINE
8
BLACK
6
CONTINUOUS
10
0.7528346456692914
20
1.473503937007874
11
0.7532181496062992
21
1.4734362992125984
0
LINE
8
BLACK
6
CONTINUOUS
10
0.8259099212598425
20
1.4733258661417323
11
0.8274571653543307
21
1.4720275590551182
0
LINE
8
BLACK
6
CONTINUOUS
10
0.8274571653543307
20
1.4720275590551182
11
0.8278079133858267
21
1.4700384251968504
0
LINE
8
BLACK
6
CONTINUOUS
10
0.8278079133858267
20
1.4700384251968504
11
0.8267979921259843
21
1.4682892519685038
0
LINE
8
BLACK
6
CONTINUOUS
10
0.8267979921259843
20
1.4682892519685038
11
0.8249
21
1.4675984251968504
0
LINE
8
BLACK
6
CONTINUOUS
10
0.8249
20
1.4675984251968504
11
0.8101181102362205
21
1.4675984251968504
0
LINE
8
BLACK
6
CONTINUOUS
10
0.8101181102362205
20
1.4675984251968504
11
0.8101181102362205
21
1.4538527559055119
0
LINE
8
BLACK
6
CONTINUOUS
10
0.8101181102362205
20
1.4538527559055119
11
0.8249
21
1.4538527559055119
0
LINE
8
BLACK
6
CONTINUOUS
10
0.8249
20
1.4538527559055119
11
0.8259099212598425
21
1.45367468503937
0
LINE
8
BLACK
6
CONTINUOUS
10
0.8259099212598425
20
1.45367468503937
11
0.8274571653543307
21
1.4523763779527559
0
LINE
8
BLACK
6
CONTINUOUS
10
0.8274571653543307
20
1.4523763779527559
11
0.8278079133858267
21
1.450387244094488
0
LINE
8
BLACK
6
CONTINUOUS
10
0.8278079133858267
20
1.450387244094488
11
0.8267979921259843
21
1.4486380708661417
0
LINE
8
BLACK
6
CONTINUOUS
10
0.8267979921259843
20
1.4486380708661417
11
0.8249
21
1.4479472440944881
0
LINE
8
BLACK
6
CONTINUOUS
10
0.8249
20
1.4479472440944881
11
0.8101181102362205
21
1.4479472440944881
0
LINE
8
BLACK
6
CONTINUOUS
10
0.8101181102362205
20
1.4479472440944881
11
0.8101181102362205
21
1.2924015748031497
0
LINE
8
BLACK
6
CONTINUOUS
10
0.8101181102362205
20
1.2924015748031497
11
0.8249
21
1.2924015748031497
0
LINE
8
BLACK
6
CONTINUOUS
10
0.8249
20
1.2924015748031497
11
0.8259099212598425
21
1.2922235039370078
0
LINE
8
BLACK
6
CONTINUOUS
10
0.8259099212598425
20
1.2922235039370078
11
0.8274571653543307
21
1.2909251968503936
0
LINE
8
BLACK
6
CONTINUOUS
10
0.8274571653543307
20
1.2909251968503936
11
0.8278079133858267
21
1.288936062992126
0
LINE
8
BLACK
6
CONTINUOUS
10
0.8278079133858267
20
1.288936062992126
11
0.8267979921259843
21
1.2871868897637795
0
LINE
8
BLACK
6
CONTINUOUS
10
0.8267979921259843
20
1.2871868897637795
11
0.8249
21
1.286496062992126
0
LINE
8
BLACK
6
CONTINUOUS
10
0.8249
20
1.286496062992126
11
0.8071653543307087
21
1.286496062992126
0
LINE
8
BLACK
6
CONTINUOUS
10
0.8071653543307087
20
1.286496062992126
11
0.806781811023622
21
1.2865636614173228
0
LINE
8
BLACK
6
CONTINUOUS
10
0.806781811023622
20
1.2865636614173228
11
0.8066525984251969
21
1.2865409055118109
0
LINE
8
BLACK
6
CONTINUOUS
10
0.8066525984251969
20
1.2865409055118109
11
0.8065389763779527
21
1.2866064960629922
0
LINE
8
BLACK
6
CONTINUOUS
10
0.8065389763779527
20
1.2866064960629922
11
0.8061554330708661
21
1.2866741338582677
0
LINE
8
BLACK
6
CONTINUOUS
10
0.8061554330708661
20
1.2866741338582677
11
0.805567716535433
21
1.2871672440944881
0
LINE
8
BLACK
6
CONTINUOUS
10
0.805567716535433
20
1.2871672440944881
11
0.8049034251968504
21
1.2875508267716536
0
LINE
8
BLACK
6
CONTINUOUS
10
0.8049034251968504
20
1.2875508267716536
11
0.8048122834645669
21
1.2878011417322834
0
LINE
8
BLACK
6
CONTINUOUS
10
0.8048122834645669
20
1.2878011417322834
11
0.804608188976378
21
1.2879724409448818
0
LINE
8
BLACK
6
CONTINUOUS
10
0.804608188976378
20
1.2879724409448818
11
0.8044749212598425
21
1.2887279921259842
0
LINE
8
BLACK
6
CONTINUOUS
10
0.8044749212598425
20
1.2887279921259842
11
0.8042125984251969
21
1.2894488188976378
0
LINE
8
BLACK
6
CONTINUOUS
10
0.8042125984251969
20
1.2894488188976378
11
0.8042125984251969
21
1.4705511811023622
0
LINE
8
BLACK
6
CONTINUOUS
10
0.8042125984251969
20
1.4705511811023622
11
0.8042801968503936
21
1.4709346850393701
0
LINE
8
BLACK
6
CONTINUOUS
10
0.8042801968503936
20
1.4709346850393701
11
0.8042574409448818
21
1.471063937007874
0
LINE
8
BLACK
6
CONTINUOUS
10
0.8042574409448818
20
1.471063937007874
11
0.804323031496063
21
1.4711775196850394
0
LINE
8
BLACK
6
CONTINUOUS
10
0.804323031496063
20
1.4711775196850394
11
0.8043906692913385
21
1.4715611023622046
0
LINE
8
BLACK
6
CONTINUOUS
10
0.8043906692913385
20
1.4715611023622046
11
0.8048837795275591
21
1.472148779527559
0
LINE
8
BLACK
6
CONTINUOUS
10
0.8048837795275591
20
1.472148779527559
11
0.8052673622047244
21
1.4728131102362205
0
LINE
8
BLACK
6
CONTINUOUS
10
0.8052673622047244
20
1.4728131102362205
11
0.8055176771653543
21
1.4729042125984251
0
LINE
8
BLACK
6
CONTINUOUS
10
0.8055176771653543
20
1.4729042125984251
11
0.8056889763779528
21
1.473108346456693
0
LINE
8
BLACK
6
CONTINUOUS
10
0.8056889763779528
20
1.473108346456693
11
0.806444527559055
21
1.4732415748031495
0
LINE
8
BLACK
6
CONTINUOUS
10
0.806444527559055
20
1.4732415748031495
11
0.8071653543307087
21
1.473503937007874
0
LINE
8
BLACK
6
CONTINUOUS
10
0.8071653543307087
20
1.473503937007874
11
0.8249
21
1.473503937007874
0
LINE
8
BLACK
6
CONTINUOUS
10
0.8249
20
1.473503937007874
11
0.8259099212598425
21
1.4733258661417323
0
LINE
8
BLACK
6
CONTINUOUS
10
0.9532181496062991
20
1.4734362992125984
11
0.9533474015748031
21
1.4734590944881889
0
LINE
8
BLACK
6
CONTINUOUS
10
0.9533474015748031
20
1.4734590944881889
11
0.9534609842519685
21
1.4733934645669291
0
LINE
8
BLACK
6
CONTINUOUS
10
0.9534609842519685
20
1.4733934645669291
11
0.9538445669291339
21
1.4733258661417323
0
LINE
8
BLACK
6
CONTINUOUS
10
0.9538445669291339
20
1.4733258661417323
11
0.9544322440944881
21
1.4728327165354331
0
LINE
8
BLACK
6
CONTINUOUS
10
0.9544322440944881
20
1.4728327165354331
11
0.9550965748031496
21
1.4724491732283465
0
LINE
8
BLACK
6
CONTINUOUS
10
0.9550965748031496
20
1.4724491732283465
11
0.9551876771653544
21
1.4721988188976378
0
LINE
8
BLACK
6
CONTINUOUS
10
0.9551876771653544
20
1.4721988188976378
11
0.955391811023622
21
1.4720275590551182
0
LINE
8
BLACK
6
CONTINUOUS
10
0.955391811023622
20
1.4720275590551182
11
0.9555250393700787
21
1.471271968503937
0
LINE
8
BLACK
6
CONTINUOUS
10
0.9555250393700787
20
1.471271968503937
11
0.9557874015748031
21
1.4705511811023622
0
LINE
8
BLACK
6
CONTINUOUS
10
0.9557874015748031
20
1.4705511811023622
11
0.9557874015748031
21
1.2894488188976378
0
LINE
8
BLACK
6
CONTINUOUS
10
0.9557874015748031
20
1.2894488188976378
11
0.9557197637795275
21
1.2890652755905512
0
LINE
8
BLACK
6
CONTINUOUS
10
0.9557197637795275
20
1.2890652755905512
11
0.9557425590551181
21
1.288936062992126
0
LINE
8
BLACK
6
CONTINUOUS
10
0.9557425590551181
20
1.288936062992126
11
0.9556769291338583
21
1.2888224409448819
0
LINE
8
BLACK
6
CONTINUOUS
10
0.9556769291338583
20
1.2888224409448819
11
0.9556093307086614
21
1.2884388976377952
0
LINE
8
BLACK
6
CONTINUOUS
10
0.9556093307086614
20
1.2884388976377952
11
0.9551161811023622
21
1.2878511811023621
0
LINE
8
BLACK
6
CONTINUOUS
10
0.9551161811023622
20
1.2878511811023621
11
0.9547326377952756
21
1.2871868897637795
0
LINE
8
BLACK
6
CONTINUOUS
10
0.9547326377952756
20
1.2871868897637795
11
0.9544822834645669
21
1.287095748031496
0
LINE
8
BLACK
6
CONTINUOUS
10
0.9544822834645669
20
1.287095748031496
11
0.9543110236220472
21
1.286891653543307
0
LINE
8
BLACK
6
CONTINUOUS
10
0.9543110236220472
20
1.286891653543307
11
0.9535554330708661
21
1.2867583858267717
0
LINE
8
BLACK
6
CONTINUOUS
10
0.9535554330708661
20
1.2867583858267717
11
0.9528346456692913
21
1.286496062992126
0
LINE
8
BLACK
6
CONTINUOUS
10
0.9528346456692913
20
1.286496062992126
11
0.9350999999999999
21
1.286496062992126
0
LINE
8
BLACK
6
CONTINUOUS
10
0.9350999999999999
20
1.286496062992126
11
0.9340900787401575
21
1.2866741338582677
0
LINE
8
BLACK
6
CONTINUOUS
10
0.9340900787401575
20
1.2866741338582677
11
0.9325428346456692
21
1.2879724409448818
0
LINE
8
BLACK
6
CONTINUOUS
10
0.9325428346456692
20
1.2879724409448818
11
0.9321920866141732
21
1.2899615748031497
0
LINE
8
BLACK
6
CONTINUOUS
10
0.9321920866141732
20
1.2899615748031497
11
0.9332020078740157
21
1.291710748031496
0
LINE
8
BLACK
6
CONTINUOUS
10
0.9332020078740157
20
1.291710748031496
11
0.9350999999999999
21
1.2924015748031497
0
LINE
8
BLACK
6
CONTINUOUS
10
0.9350999999999999
20
1.2924015748031497
11
0.9498818897637795
21
1.2924015748031497
0
LINE
8
BLACK
6
CONTINUOUS
10
0.9498818897637795
20
1.2924015748031497
11
0.9498818897637795
21
1.4479472440944881
0
LINE
8
BLACK
6
CONTINUOUS
10
0.9498818897637795
20
1.4479472440944881
11
0.9350999999999999
21
1.4479472440944881
0
LINE
8
BLACK
6
CONTINUOUS
10
0.9350999999999999
20
1.4479472440944881
11
0.9340900787401575
21
1.4481253149606299
0
LINE
8
BLACK
6
CONTINUOUS
10
0.9340900787401575
20
1.4481253149606299
11
0.9325428346456692
21
1.4494236220472441
0
LINE
8
BLACK
6
CONTINUOUS
10
0.9325428346456692
20
1.4494236220472441
11
0.9321920866141732
21
1.4514127559055119
0
LINE
8
BLACK
6
CONTINUOUS
10
0.9321920866141732
20
1.4514127559055119
11
0.9332020078740157
21
1.4531619291338582
0
LINE
8
BLACK
6
CONTINUOUS
10
0.9332020078740157
20
1.4531619291338582
11
0.9350999999999999
21
1.4538527559055119
0
LINE
8
BLACK
6
CONTINUOUS
10
0.9350999999999999
20
1.4538527559055119
11
0.9498818897637795
21
1.4538527559055119
0
LINE
8
BLACK
6
CONTINUOUS
10
0.9498818897637795
20
1.4538527559055119
11
0.9498818897637795
21
1.4675984251968504
0
LINE
8
BLACK
6
CONTINUOUS
10
0.9498818897637795
20
1.4675984251968504
11
0.9350999999999999
21
1.4675984251968504
0
LINE
8
BLACK
6
CONTINUOUS
10
0.9350999999999999
20
1.4675984251968504
11
0.9340900787401575
21
1.467776496062992
0
LINE
8
BLACK
6
CONTINUOUS
10
0.9340900787401575
20
1.467776496062992
11
0.9325428346456692
21
1.4690748031496064
0
LINE
8
BLACK
6
CONTINUOUS
10
0.9325428346456692
20
1.4690748031496064
11
0.9321920866141732
21
1.471063937007874
0
LINE
8
BLACK
6
CONTINUOUS
10
0.9321920866141732
20
1.471063937007874
11
0.9332020078740157
21
1.4728131102362205
0
LINE
8
BLACK
6
CONTINUOUS
10
0.9332020078740157
20
1.4728131102362205
11
0.9350999999999999
21
1.473503937007874
0
LINE
8
BLACK
6
CONTINUOUS
10
0.9350999999999999
20
1.473503937007874
11
0.9528346456692913
21
1.473503937007874
0
LINE
8
BLACK
6
CONTINUOUS
10
0.9528346456692913
20
1.473503937007874
11
0.9532181496062991
21
1.4734362992125984
0
LINE
8
BLACK
6
CONTINUOUS
10
1.0259099212598426
20
1.4733258661417323
11
1.0274571653543307
21
1.4720275590551182
0
LINE
8
BLACK
6
CONTINUOUS
10
1.0274571653543307
20
1.4720275590551182
11
1.0278079133858267
21
1.4700384251968504
0
LINE
8
BLACK
6
CONTINUOUS
10
1.0278079133858267
20
1.4700384251968504
11
1.0267979921259842
21
1.4682892519685038
0
LINE
8
BLACK
6
CONTINUOUS
10
1.0267979921259842
20
1.4682892519685038
11
1.0248999999999999
21
1.4675984251968504
0
LINE
8
BLACK
6
CONTINUOUS
10
1.0248999999999999
20
1.4675984251968504
11
1.0101181102362204
21
1.4675984251968504
0
LINE
8
BLACK
6
CONTINUOUS
10
1.0101181102362204
20
1.4675984251968504
11
1.0101181102362204
21
1.4538527559055119
0
LINE
8
BLACK
6
CONTINUOUS
10
1.0101181102362204
20
1.4538527559055119
11
1.0248999999999999
21
1.4538527559055119
0
LINE
8
BLACK
6
CONTINUOUS
10
1.0248999999999999
20
1.4538527559055119
11
1.0259099212598426
21
1.45367468503937
0
LINE
8
BLACK
6
CONTINUOUS
10
1.0259099212598426
20
1.45367468503937
11
1.0274571653543307
21
1.4523763779527559
0
LINE
8
BLACK
6
CONTINUOUS
10
1.0274571653543307
20
1.4523763779527559
11
1.0278079133858267
21
1.450387244094488
0
LINE
8
BLACK
6
CONTINUOUS
10
1.0278079133858267
20
1.450387244094488
11
1.0267979921259842
21
1.4486380708661417
0
LINE
8
BLACK
6
CONTINUOUS
10
1.0267979921259842
20
1.4486380708661417
11
1.0248999999999999
21
1.4479472440944881
0
LINE
8
BLACK
6
CONTINUOUS
10
1.0248999999999999
20
1.4479472440944881
11
1.0101181102362204
21
1.4479472440944881
0
LINE
8
BLACK
6
CONTINUOUS
10
1.0101181102362204
20
1.4479472440944881
11
1.0101181102362204
21
1.2924015748031497
0
LINE
8
BLACK
6
CONTINUOUS
10
1.0101181102362204
20
1.2924015748031497
11
1.0248999999999999
21
1.2924015748031497
0
LINE
8
BLACK
6
CONTINUOUS
10
1.0248999999999999
20
1.2924015748031497
11
1.0259099212598426
21
1.2922235039370078
0
LINE
8
BLACK
6
CONTINUOUS
10
1.0259099212598426
20
1.2922235039370078
11
1.0274571653543307
21
1.2909251968503936
0
LINE
8
BLACK
6
CONTINUOUS
10
1.0274571653543307
20
1.2909251968503936
11
1.0278079133858267
21
1.288936062992126
0
LINE
8
BLACK
6
CONTINUOUS
10
1.0278079133858267
20
1.288936062992126
11
1.0267979921259842
21
1.2871868897637795
0
LINE
8
BLACK
6
CONTINUOUS
10
1.0267979921259842
20
1.2871868897637795
11
1.0248999999999999
21
1.286496062992126
0
LINE
8
BLACK
6
CONTINUOUS
10
1.0248999999999999
20
1.286496062992126
11
1.0071653543307086
21
1.286496062992126
0
LINE
8
BLACK
6
CONTINUOUS
10
1.0071653543307086
20
1.286496062992126
11
1.006781811023622
21
1.2865636614173228
0
LINE
8
BLACK
6
CONTINUOUS
10
1.006781811023622
20
1.2865636614173228
11
1.0066525984251968
21
1.2865409055118109
0
LINE
8
BLACK
6
CONTINUOUS
10
1.0066525984251968
20
1.2865409055118109
11
1.0065389763779526
21
1.2866064960629922
0
LINE
8
BLACK
6
CONTINUOUS
10
1.0065389763779526
20
1.2866064960629922
11
1.0061554330708662
21
1.2866741338582677
0
LINE
8
BLACK
6
CONTINUOUS
10
1.0061554330708662
20
1.2866741338582677
11
1.0055677165354331
21
1.2871672440944881
0
LINE
8
BLACK
6
CONTINUOUS
10
1.0055677165354331
20
1.2871672440944881
11
1.0049034251968503
21
1.2875508267716536
0
LINE
8
BLACK
6
CONTINUOUS
10
1.0049034251968503
20
1.2875508267716536
11
1.004812283464567
21
1.2878011417322834
0
LINE
8
BLACK
6
CONTINUOUS
10
1.004812283464567
20
1.2878011417322834
11
1.0046081889763778
21
1.2879724409448818
0
LINE
8
BLACK
6
CONTINUOUS
10
1.0046081889763778
20
1.2879724409448818
11
1.0044749212598425
21
1.2887279921259842
0
LINE
8
BLACK
6
CONTINUOUS
10
1.0044749212598425
20
1.2887279921259842
11
1.0042125984251968
21
1.2894488188976378
0
LINE
8
BLACK
6
CONTINUOUS
10
1.0042125984251968
20
1.2894488188976378
11
1.0042125984251968
21
1.4705511811023622
0
LINE
8
BLACK
6
CONTINUOUS
10
1.0042125984251968
20
1.4705511811023622
11
1.0042801968503936
21
1.4709346850393701
0
LINE
8
BLACK
6
CONTINUOUS
10
1.0042801968503936
20
1.4709346850393701
11
1.0042574409448819
21
1.471063937007874
0
LINE
8
BLACK
6
CONTINUOUS
10
1.0042574409448819
20
1.471063937007874
11
1.0043230314960629
21
1.4711775196850394
0
LINE
8
BLACK
6
CONTINUOUS
10
1.0043230314960629
20
1.4711775196850394
11
1.0043906692913385
21
1.4715611023622046
0
LINE
8
BLACK
6
CONTINUOUS
10
1.0043906692913385
20
1.4715611023622046
11
1.0048837795275591
21
1.472148779527559
0
LINE
8
BLACK
6
CONTINUOUS
10
1.0048837795275591
20
1.472148779527559
11
1.0052673622047243
21
1.4728131102362205
0
LINE
8
BLACK
6
CONTINUOUS
10
1.0052673622047243
20
1.4728131102362205
11
1.0055176771653542
21
1.4729042125984251
0
LINE
8
BLACK
6
CONTINUOUS
10
1.0055176771653542
20
1.4729042125984251
11
1.0056889763779526
21
1.473108346456693
0
LINE
8
BLACK
6
CONTINUOUS
10
1.0056889763779526
20
1.473108346456693
11
1.006444527559055
21
1.4732415748031495
0
LINE
8
BLACK
6
CONTINUOUS
10
1.006444527559055
20
1.4732415748031495
11
1.0071653543307086
21
1.473503937007874
0
LINE
8
BLACK
6
CONTINUOUS
10
1.0071653543307086
20
1.473503937007874
11
1.0248999999999999
21
1.473503937007874
0
LINE
8
BLACK
6
CONTINUOUS
10
1.0248999999999999
20
1.473503937007874
11
1.0259099212598426
21
1.4733258661417323
0
LINE
8
BLACK
6
CONTINUOUS
10
1.1532181496062992
20
1.4734362992125984
11
1.1533474015748031
21
1.4734590944881889
0
LINE
8
BLACK
6
CONTINUOUS
10
1.1533474015748031
20
1.4734590944881889
11
1.1534609842519685
21
1.4733934645669291
0
LINE
8
BLACK
6
CONTINUOUS
10
1.1534609842519685
20
1.4733934645669291
11
1.1538445669291337
21
1.4733258661417323
0
LINE
8
BLACK
6
CONTINUOUS
10
1.1538445669291337
20
1.4733258661417323
11
1.1544322440944881
21
1.4728327165354331
0
LINE
8
BLACK
6
CONTINUOUS
10
1.1544322440944881
20
1.4728327165354331
11
1.1550965748031496
21
1.4724491732283465
0
LINE
8
BLACK
6
CONTINUOUS
10
1.1550965748031496
20
1.4724491732283465
11
1.1551876771653542
21
1.4721988188976378
0
LINE
8
BLACK
6
CONTINUOUS
10
1.1551876771653542
20
1.4721988188976378
11
1.1553918110236221
21
1.4720275590551182
0
LINE
8
BLACK
6
CONTINUOUS
10
1.1553918110236221
20
1.4720275590551182
11
1.1555250393700787
21
1.471271968503937
0
LINE
8
BLACK
6
CONTINUOUS
10
1.1555250393700787
20
1.471271968503937
11
1.1557874015748031
21
1.4705511811023622
0
LINE
8
BLACK
6
CONTINUOUS
10
1.1557874015748031
20
1.4705511811023622
11
1.1557874015748031
21
1.2894488188976378
0
LINE
8
BLACK
6
CONTINUOUS
10
1.1557874015748031
20
1.2894488188976378
11
1.1557197637795276
21
1.2890652755905512
0
LINE
8
BLACK
6
CONTINUOUS
10
1.1557197637795276
20
1.2890652755905512
11
1.155742559055118
21
1.288936062992126
0
LINE
8
BLACK
6
CONTINUOUS
10
1.155742559055118
20
1.288936062992126
11
1.1556769291338582
21
1.2888224409448819
0
LINE
8
BLACK
6
CONTINUOUS
10
1.1556769291338582
20
1.2888224409448819
11
1.1556093307086615
21
1.2884388976377952
0
LINE
8
BLACK
6
CONTINUOUS
10
1.1556093307086615
20
1.2884388976377952
11
1.1551161811023622
21
1.2878511811023621
0
LINE
8
BLACK
6
CONTINUOUS
10
1.1551161811023622
20
1.2878511811023621
11
1.1547326377952756
21
1.2871868897637795
0
LINE
8
BLACK
6
CONTINUOUS
10
1.1547326377952756
20
1.2871868897637795
11
1.1544822834645669
21
1.287095748031496
0
LINE
8
BLACK
6
CONTINUOUS
10
1.1544822834645669
20
1.287095748031496
11
1.1543110236220473
21
1.286891653543307
0
LINE
8
BLACK
6
CONTINUOUS
10
1.1543110236220473
20
1.286891653543307
11
1.1535554330708662
21
1.2867583858267717
0
LINE
8
BLACK
6
CONTINUOUS
10
1.1535554330708662
20
1.2867583858267717
11
1.1528346456692913
21
1.286496062992126
0
LINE
8
BLACK
6
CONTINUOUS
10
1.1528346456692913
20
1.286496062992126
11
1.1351
21
1.286496062992126
0
LINE
8
BLACK
6
CONTINUOUS
10
1.1351
20
1.286496062992126
11
1.1340900787401575
21
1.2866741338582677
0
LINE
8
BLACK
6
CONTINUOUS
10
1.1340900787401575
20
1.2866741338582677
11
1.1325428346456692
21
1.2879724409448818
0
LINE
8
BLACK
6
CONTINUOUS
10
1.1325428346456692
20
1.2879724409448818
11
1.1321920866141733
21
1.2899615748031497
0
LINE
8
BLACK
6
CONTINUOUS
10
1.1321920866141733
20
1.2899615748031497
11
1.1332020078740157
21
1.291710748031496
0
LINE
8
BLACK
6
CONTINUOUS
10
1.1332020078740157
20
1.291710748031496
11
1.1351
21
1.2924015748031497
0
LINE
8
BLACK
6
CONTINUOUS
10
1.1351
20
1.2924015748031497
11
1.1498818897637795
21
1.2924015748031497
0
LINE
8
BLACK
6
CONTINUOUS
10
1.1498818897637795
20
1.2924015748031497
11
1.1498818897637795
21
1.4479472440944881
0
LINE
8
BLACK
6
CONTINUOUS
10
1.1498818897637795
20
1.4479472440944881
11
1.1351
21
1.4479472440944881
0
LINE
8
BLACK
6
CONTINUOUS
10
1.1351
20
1.4479472440944881
11
1.1340900787401575
21
1.4481253149606299
0
LINE
8
BLACK
6
CONTINUOUS
10
1.1340900787401575
20
1.4481253149606299
11
1.1325428346456692
21
1.4494236220472441
0
LINE
8
BLACK
6
CONTINUOUS
10
1.1325428346456692
20
1.4494236220472441
11
1.1321920866141733
21
1.4514127559055119
0
LINE
8
BLACK
6
CONTINUOUS
10
1.1321920866141733
20
1.4514127559055119
11
1.1332020078740157
21
1.4531619291338582
0
LINE
8
BLACK
6
CONTINUOUS
10
1.1332020078740157
20
1.4531619291338582
11
1.1351
21
1.4538527559055119
0
LINE
8
BLACK
6
CONTINUOUS
10
1.1351
20
1.4538527559055119
11
1.1498818897637795
21
1.4538527559055119
0
LINE
8
BLACK
6
CONTINUOUS
10
1.1498818897637795
20
1.4538527559055119
11
1.1498818897637795
21
1.4675984251968504
0
LINE
8
BLACK
6
CONTINUOUS
10
1.1498818897637795
20
1.4675984251968504
11
1.1351
21
1.4675984251968504
0
LINE
8
BLACK
6
CONTINUOUS
10
1.1351
20
1.4675984251968504
11
1.1340900787401575
21
1.467776496062992
0
LINE
8
BLACK
6
CONTINUOUS
10
1.1340900787401575
20
1.467776496062992
11
1.1325428346456692
21
1.4690748031496064
0
LINE
8
BLACK
6
CONTINUOUS
10
1.1325428346456692
20
1.4690748031496064
11
1.1321920866141733
21
1.471063937007874
0
LINE
8
BLACK
6
CONTINUOUS
10
1.1321920866141733
20
1.471063937007874
11
1.1332020078740157
21
1.4728131102362205
0
LINE
8
BLACK
6
CONTINUOUS
10
1.1332020078740157
20
1.4728131102362205
11
1.1351
21
1.473503937007874
0
LINE
8
BLACK
6
CONTINUOUS
10
1.1351
20
1.473503937007874
11
1.1528346456692913
21
1.473503937007874
0
LINE
8
BLACK
6
CONTINUOUS
10
1.1528346456692913
20
1.473503937007874
11
1.1532181496062992
21
1.4734362992125984
0
LINE
8
BLACK
6
CONTINUOUS
10
0.6506331102362205
20
1.34412468503937
11
0.6528292519685039
21
1.3419285433070867
0
LINE
8
BLACK
6
CONTINUOUS
10
0.6528292519685039
20
1.3419285433070867
11
0.6536331102362205
21
1.3389285433070865
0
LINE
8
BLACK
6
CONTINUOUS
10
0.6536331102362205
20
1.3389285433070865
11
0.6536331102362205
21
1.3080277559055118
0
LINE
8
BLACK
6
CONTINUOUS
10
0.6536331102362205
20
1.3080277559055118
11
0.7052696062992125
21
1.330157716535433
0
LINE
8
BLACK
6
CONTINUOUS
10
0.7052696062992125
20
1.330157716535433
11
0.7083437007874016
21
1.3306005905511811
0
LINE
8
BLACK
6
CONTINUOUS
10
0.7083437007874016
20
1.3306005905511811
11
0.7112273622047244
21
1.329447125984252
0
LINE
8
BLACK
6
CONTINUOUS
10
0.7112273622047244
20
1.329447125984252
11
0.7131479921259842
21
1.3270063385826771
0
LINE
8
BLACK
6
CONTINUOUS
10
0.7131479921259842
20
1.3270063385826771
11
0.713590905511811
21
1.3239322834645668
0
LINE
8
BLACK
6
CONTINUOUS
10
0.713590905511811
20
1.3239322834645668
11
0.7124374015748032
21
1.3210485826771654
0
LINE
8
BLACK
6
CONTINUOUS
10
0.7124374015748032
20
1.3210485826771654
11
0.7099966535433071
21
1.3191279527559054
0
LINE
8
BLACK
6
CONTINUOUS
10
0.7099966535433071
20
1.3191279527559054
11
0.6499966141732283
21
1.2934136614173228
0
LINE
8
BLACK
6
CONTINUOUS
10
0.6499966141732283
20
1.2934136614173228
11
0.6488004330708661
21
1.2932412992125983
0
LINE
8
BLACK
6
CONTINUOUS
10
0.6488004330708661
20
1.2932412992125983
11
0.6476331102362205
21
1.2929285433070865
0
LINE
8
BLACK
6
CONTINUOUS
10
0.6476331102362205
20
1.2929285433070865
11
0.6472820866141732
21
1.2930225590551181
0
LINE
8
BLACK
6
CONTINUOUS
10
0.6472820866141732
20
1.2930225590551181
11
0.6469225196850393
21
1.2929707874015748
0
LINE
8
BLACK
6
CONTINUOUS
10
0.6469225196850393
20
1.2929707874015748
11
0.6458004724409449
21
1.2934195669291337
0
LINE
8
BLACK
6
CONTINUOUS
10
0.6458004724409449
20
1.2934195669291337
11
0.6446331102362205
21
1.2937324015748031
0
LINE
8
BLACK
6
CONTINUOUS
10
0.6446331102362205
20
1.2937324015748031
11
0.6443761811023622
21
1.2939892913385826
0
LINE
8
BLACK
6
CONTINUOUS
10
0.6443761811023622
20
1.2939892913385826
11
0.6440388582677166
21
1.2941242519685039
0
LINE
8
BLACK
6
CONTINUOUS
10
0.6440388582677166
20
1.2941242519685039
11
0.6432914960629921
21
1.2950739763779526
0
LINE
8
BLACK
6
CONTINUOUS
10
0.6432914960629921
20
1.2950739763779526
11
0.6424369685039369
21
1.2959285433070866
0
LINE
8
BLACK
6
CONTINUOUS
10
0.6424369685039369
20
1.2959285433070866
11
0.6423429133858267
21
1.2962794488188976
0
LINE
8
BLACK
6
CONTINUOUS
10
0.6423429133858267
20
1.2962794488188976
11
0.6421182283464567
21
1.2965650393700787
0
LINE
8
BLACK
6
CONTINUOUS
10
0.6421182283464567
20
1.2965650393700787
11
0.6419458661417323
21
1.2977611811023622
0
LINE
8
BLACK
6
CONTINUOUS
10
0.6419458661417323
20
1.2977611811023622
11
0.6416331102362205
21
1.2989285433070865
0
LINE
8
BLACK
6
CONTINUOUS
10
0.6416331102362205
20
1.2989285433070865
11
0.6416331102362205
21
1.3389285433070865
0
LINE
8
BLACK
6
CONTINUOUS
10
0.6416331102362205
20
1.3389285433070865
11
0.6424369685039369
21
1.3419285433070867
0
LINE
8
BLACK
6
CONTINUOUS
10
0.6424369685039369
20
1.3419285433070867
11
0.6446331102362205
21
1.34412468503937
0
LINE
8
BLACK
6
CONTINUOUS
10
0.6446331102362205
20
1.34412468503937
11
0.6476331102362205
21
1.3449285433070866
0
LINE
8
BLACK
6
CONTINUOUS
10
0.6476331102362205
20
1.3449285433070866
11
0.6506331102362205
21
1.34412468503937
0
LINE
8
BLACK
6
CONTINUOUS
10
0.4506331102362204
20
1.34412468503937
11
0.4528292519685039
21
1.3419285433070867
0
LINE
8
BLACK
6
CONTINUOUS
10
0.4528292519685039
20
1.3419285433070867
11
0.4536331102362204
21
1.3389285433070865
0
LINE
8
BLACK
6
CONTINUOUS
10
0.4536331102362204
20
1.3389285433070865
11
0.4536331102362204
21
1.3150083070866141
0
LINE
8
BLACK
6
CONTINUOUS
10
0.4536331102362204
20
1.3150083070866141
11
0.4665392125984252
21
1.3263011811023622
0
LINE
8
BLACK
6
CONTINUOUS
10
0.4665392125984252
20
1.3263011811023622
11
0.4670711417322835
21
1.3265627559055118
0
LINE
8
BLACK
6
CONTINUOUS
10
0.4670711417322835
20
1.3265627559055118
11
0.4674902362204724
21
1.3269818503937008
0
LINE
8
BLACK
6
CONTINUOUS
10
0.4674902362204724
20
1.3269818503937008
11
0.468441968503937
21
1.3272368503937007
0
LINE
8
BLACK
6
CONTINUOUS
10
0.468441968503937
20
1.3272368503937007
11
0.4693262992125984
21
1.3276717322834646
0
LINE
8
BLACK
6
CONTINUOUS
10
0.4693262992125984
20
1.3276717322834646
11
0.4699177165354331
21
1.3276322834645669
0
LINE
8
BLACK
6
CONTINUOUS
10
0.4699177165354331
20
1.3276322834645669
11
0.4704902362204724
21
1.3277857086614173
0
LINE
8
BLACK
6
CONTINUOUS
10
0.4704902362204724
20
1.3277857086614173
11
0.4714420078740157
21
1.3275306692913384
0
LINE
8
BLACK
6
CONTINUOUS
10
0.4714420078740157
20
1.3275306692913384
11
0.4724252362204724
21
1.3274651181102362
0
LINE
8
BLACK
6
CONTINUOUS
10
0.4724252362204724
20
1.3274651181102362
11
0.4729176771653543
21
1.3271352362204725
0
LINE
8
BLACK
6
CONTINUOUS
10
0.4729176771653543
20
1.3271352362204725
11
0.4734902362204724
21
1.3269818503937008
0
LINE
8
BLACK
6
CONTINUOUS
10
0.4734902362204724
20
1.3269818503937008
11
0.4741869291338582
21
1.3262851181102362
0
LINE
8
BLACK
6
CONTINUOUS
10
0.4741869291338582
20
1.3262851181102362
11
0.4750057086614173
21
1.3257367322834646
0
LINE
8
BLACK
6
CONTINUOUS
10
0.4750057086614173
20
1.3257367322834646
11
0.4752672834645669
21
1.3252047637795275
0
LINE
8
BLACK
6
CONTINUOUS
10
0.4752672834645669
20
1.3252047637795275
11
0.4756863779527559
21
1.3247857086614172
0
LINE
8
BLACK
6
CONTINUOUS
10
0.4756863779527559
20
1.3247857086614172
11
0.4759413779527559
21
1.3238339763779527
0
LINE
8
BLACK
6
CONTINUOUS
10
0.4759413779527559
20
1.3238339763779527
11
0.4763762598425197
21
1.32294968503937
0
LINE
8
BLACK
6
CONTINUOUS
10
0.4763762598425197
20
1.32294968503937
11
0.476336811023622
21
1.3223582283464566
0
LINE
8
BLACK
6
CONTINUOUS
10
0.476336811023622
20
1.3223582283464566
11
0.4764902362204724
21
1.3217857086614173
0
LINE
8
BLACK
6
CONTINUOUS
10
0.4764902362204724
20
1.3217857086614173
11
0.4764902362204724
21
1.3146306299212598
0
LINE
8
BLACK
6
CONTINUOUS
10
0.4764902362204724
20
1.3146306299212598
11
0.4782784645669291
21
1.3110541338582677
0
LINE
8
BLACK
6
CONTINUOUS
10
0.4782784645669291
20
1.3110541338582677
11
0.4797586614173228
21
1.3095739370078741
0
LINE
8
BLACK
6
CONTINUOUS
10
0.4797586614173228
20
1.3095739370078741
11
0.4833352362204724
21
1.3077857086614173
0
LINE
8
BLACK
6
CONTINUOUS
10
0.4833352362204724
20
1.3077857086614173
11
0.4947881102362204
21
1.3077857086614173
0
LINE
8
BLACK
6
CONTINUOUS
10
0.4947881102362204
20
1.3077857086614173
11
0.4983646850393701
21
1.3095739763779528
0
LINE
8
BLACK
6
CONTINUOUS
10
0.4983646850393701
20
1.3095739763779528
11
0.4998448031496063
21
1.311054094488189
0
LINE
8
BLACK
6
CONTINUOUS
10
0.4998448031496063
20
1.311054094488189
11
0.5016331102362205
21
1.3146306692913385
0
LINE
8
BLACK
6
CONTINUOUS
10
0.5016331102362205
20
1.3146306692913385
11
0.5016331102362205
21
1.3289407086614173
0
LINE
8
BLACK
6
CONTINUOUS
10
0.5016331102362205
20
1.3289407086614173
11
0.499844842519685
21
1.3325172440944881
0
LINE
8
BLACK
6
CONTINUOUS
10
0.499844842519685
20
1.3325172440944881
11
0.4976762204724409
21
1.3346858661417322
0
LINE
8
BLACK
6
CONTINUOUS
10
0.4976762204724409
20
1.3346858661417322
11
0.4961232677165354
21
1.337375590551181
0
LINE
8
BLACK
6
CONTINUOUS
10
0.4961232677165354
20
1.337375590551181
11
0.4961232677165354
21
1.3404814173228345
0
LINE
8
BLACK
6
CONTINUOUS
10
0.4961232677165354
20
1.3404814173228345
11
0.4976761417322835
21
1.3431711417322834
0
LINE
8
BLACK
6
CONTINUOUS
10
0.4976761417322835
20
1.3431711417322834
11
0.5003658661417323
21
1.3447240944881889
0
LINE
8
BLACK
6
CONTINUOUS
10
0.5003658661417323
20
1.3447240944881889
11
0.5034716929133858
21
1.3447240944881889
0
LINE
8
BLACK
6
CONTINUOUS
10
0.5034716929133858
20
1.3447240944881889
11
0.5061614173228346
21
1.3431712204724409
0
LINE
8
BLACK
6
CONTINUOUS
10
0.5061614173228346
20
1.3431712204724409
11
0.5090186220472441
21
1.3403140944881891
0
LINE
8
BLACK
6
CONTINUOUS
10
0.5090186220472441
20
1.3403140944881891
11
0.5095016535433071
21
1.3394773622047245
0
LINE
8
BLACK
6
CONTINUOUS
10
0.5095016535433071
20
1.3394773622047245
11
0.5101425590551181
21
1.3387546850393701
0
LINE
8
BLACK
6
CONTINUOUS
10
0.5101425590551181
20
1.3387546850393701
11
0.5129996850393701
21
1.3330403937007873
0
LINE
8
BLACK
6
CONTINUOUS
10
0.5129996850393701
20
1.3330403937007873
11
0.5132761417322834
21
1.3316892125984252
0
LINE
8
BLACK
6
CONTINUOUS
10
0.5132761417322834
20
1.3316892125984252
11
0.5136331102362205
21
1.3303571259842519
0
LINE
8
BLACK
6
CONTINUOUS
10
0.5136331102362205
20
1.3303571259842519
11
0.5136331102362205
21
1.3132142519685039
0
LINE
8
BLACK
6
CONTINUOUS
10
0.5136331102362205
20
1.3132142519685039
11
0.5132761811023622
21
1.3118822047244094
0
LINE
8
BLACK
6
CONTINUOUS
10
0.5132761811023622
20
1.3118822047244094
11
0.5129996850393701
21
1.3105309842519686
0
LINE
8
BLACK
6
CONTINUOUS
10
0.5129996850393701
20
1.3105309842519686
11
0.5101425590551181
21
1.3048167322834645
0
LINE
8
BLACK
6
CONTINUOUS
10
0.5101425590551181
20
1.3048167322834645
11
0.5095016141732284
21
1.3040939370078739
0
LINE
8
BLACK
6
CONTINUOUS
10
0.5095016141732284
20
1.3040939370078739
11
0.5090186220472441
21
1.3032573622047243
0
LINE
8
BLACK
6
CONTINUOUS
10
0.5090186220472441
20
1.3032573622047243
11
0.5061614566929133
21
1.3004001968503938
0
LINE
8
BLACK
6
CONTINUOUS
10
0.5061614566929133
20
1.3004001968503938
11
0.5053248818897638
21
1.2999172047244094
0
LINE
8
BLACK
6
CONTINUOUS
10
0.5053248818897638
20
1.2999172047244094
11
0.5046020866141732
21
1.2992762598425196
0
LINE
8
BLACK
6
CONTINUOUS
10
0.5046020866141732
20
1.2992762598425196
11
0.4988877952755905
21
1.2964191338582678
0
LINE
8
BLACK
6
CONTINUOUS
10
0.4988877952755905
20
1.2964191338582678
11
0.4975366141732283
21
1.2961426377952756
0
LINE
8
BLACK
6
CONTINUOUS
10
0.4975366141732283
20
1.2961426377952756
11
0.4962045275590551
21
1.2957857086614173
0
LINE
8
BLACK
6
CONTINUOUS
10
0.4962045275590551
20
1.2957857086614173
11
0.4819188188976378
21
1.2957857086614173
0
LINE
8
BLACK
6
CONTINUOUS
10
0.4819188188976378
20
1.2957857086614173
11
0.4805866929133858
21
1.2961426377952756
0
LINE
8
BLACK
6
CONTINUOUS
10
0.4805866929133858
20
1.2961426377952756
11
0.4792355511811023
21
1.2964191338582678
0
LINE
8
BLACK
6
CONTINUOUS
10
0.4792355511811023
20
1.2964191338582678
11
0.4735212598425197
21
1.2992762598425196
0
LINE
8
BLACK
6
CONTINUOUS
10
0.4735212598425197
20
1.2992762598425196
11
0.4727985433070866
21
1.2999171259842519
0
LINE
8
BLACK
6
CONTINUOUS
10
0.4727985433070866
20
1.2999171259842519
11
0.4719618503937008
21
1.3004001968503938
0
LINE
8
BLACK
6
CONTINUOUS
10
0.4719618503937008
20
1.3004001968503938
11
0.4691047244094488
21
1.3032574015748031
0
LINE
8
BLACK
6
CONTINUOUS
10
0.4691047244094488
20
1.3032574015748031
11
0.4686217322834645
21
1.3040939763779527
0
LINE
8
BLACK
6
CONTINUOUS
10
0.4686217322834645
20
1.3040939763779527
11
0.4679808661417323
21
1.3048166929133858
0
LINE
8
BLACK
6
CONTINUOUS
10
0.4679808661417323
20
1.3048166929133858
11
0.4656153543307087
21
1.3095475984251967
0
LINE
8
BLACK
6
CONTINUOUS
10
0.4656153543307087
20
1.3095475984251967
11
0.4515841338582677
21
1.2972702362204724
0
LINE
8
BLACK
6
CONTINUOUS
10
0.4515841338582677
20
1.2972702362204724
11
0.4510521653543307
21
1.2970086220472441
0
LINE
8
BLACK
6
CONTINUOUS
10
0.4510521653543307
20
1.2970086220472441
11
0.4506331102362204
21
1.2965895669291339
0
LINE
8
BLACK
6
CONTINUOUS
10
0.4506331102362204
20
1.2965895669291339
11
0.4496813385826772
21
1.296334527559055
0
LINE
8
BLACK
6
CONTINUOUS
10
0.4496813385826772
20
1.296334527559055
11
0.4487970472440945
21
1.29589968503937
0
LINE
8
BLACK
6
CONTINUOUS
10
0.4487970472440945
20
1.29589968503937
11
0.4482055905511811
21
1.295939094488189
0
LINE
8
BLACK
6
CONTINUOUS
10
0.4482055905511811
20
1.295939094488189
11
0.4476331102362205
21
1.2957857086614173
0
LINE
8
BLACK
6
CONTINUOUS
10
0.4476331102362205
20
1.2957857086614173
11
0.4466812598425197
21
1.2960407480314959
0
LINE
8
BLACK
6
CONTINUOUS
10
0.4466812598425197
20
1.2960407480314959
11
0.4456981496062992
21
1.2961062992125985
0
LINE
8
BLACK
6
CONTINUOUS
10
0.4456981496062992
20
1.2961062992125985
11
0.4452056692913386
21
1.2964361417322834
0
LINE
8
BLACK
6
CONTINUOUS
10
0.4452056692913386
20
1.2964361417322834
11
0.4446331102362205
21
1.2965895669291339
0
LINE
8
BLACK
6
CONTINUOUS
10
0.4446331102362205
20
1.2965895669291339
11
0.4439363385826772
21
1.2972862992125984
0
LINE
8
BLACK
6
CONTINUOUS
10
0.4439363385826772
20
1.2972862992125984
11
0.4431176377952756
21
1.2978346850393701
0
LINE
8
BLACK
6
CONTINUOUS
10
0.4431176377952756
20
1.2978346850393701
11
0.4428560236220472
21
1.2983666141732284
0
LINE
8
BLACK
6
CONTINUOUS
10
0.4428560236220472
20
1.2983666141732284
11
0.442436968503937
21
1.2987857086614174
0
LINE
8
BLACK
6
CONTINUOUS
10
0.442436968503937
20
1.2987857086614174
11
0.4421819291338582
21
1.2997374409448819
0
LINE
8
BLACK
6
CONTINUOUS
10
0.4421819291338582
20
1.2997374409448819
11
0.4417470866141732
21
1.3006217716535433
0
LINE
8
BLACK
6
CONTINUOUS
10
0.4417470866141732
20
1.3006217716535433
11
0.4417864960629921
21
1.3012131889763778
0
LINE
8
BLACK
6
CONTINUOUS
10
0.4417864960629921
20
1.3012131889763778
11
0.4416331102362205
21
1.3017857086614173
0
LINE
8
BLACK
6
CONTINUOUS
10
0.4416331102362205
20
1.3017857086614173
11
0.4416331102362205
21
1.3389285433070865
0
LINE
8
BLACK
6
CONTINUOUS
10
0.4416331102362205
20
1.3389285433070865
11
0.442436968503937
21
1.3419285433070867
0
LINE
8
BLACK
6
CONTINUOUS
10
0.442436968503937
20
1.3419285433070867
11
0.4446331102362205
21
1.34412468503937
0
LINE
8
BLACK
6
CONTINUOUS
10
0.4446331102362205
20
1.34412468503937
11
0.4476331102362205
21
1.3449285433070866
0
LINE
8
BLACK
6
CONTINUOUS
10
0.4476331102362205
20
1.3449285433070866
11
0.4506331102362204
21
1.34412468503937
0
LINE
8
BLACK
6
CONTINUOUS
10
0.8632507874015748
20
1.3417144881889764
11
0.8646021259842519
21
1.3414379921259842
0
LINE
8
BLACK
6
CONTINUOUS
10
0.8646021259842519
20
1.3414379921259842
11
0.8703164173228346
21
1.3385808267716535
0
LINE
8
BLACK
6
CONTINUOUS
10
0.8703164173228346
20
1.3385808267716535
11
0.8710392125984252
21
1.3379398425196851
0
LINE
8
BLACK
6
CONTINUOUS
10
0.8710392125984252
20
1.3379398425196851
11
0.871875748031496
21
1.3374568897637795
0
LINE
8
BLACK
6
CONTINUOUS
10
0.871875748031496
20
1.3374568897637795
11
0.8733473622047244
21
1.3359852362204725
0
LINE
8
BLACK
6
CONTINUOUS
10
0.8733473622047244
20
1.3359852362204725
11
0.874819094488189
21
1.3374569291338583
0
LINE
8
BLACK
6
CONTINUOUS
10
0.874819094488189
20
1.3374569291338583
11
0.8756555511811024
21
1.3379398425196851
0
LINE
8
BLACK
6
CONTINUOUS
10
0.8756555511811024
20
1.3379398425196851
11
0.8763783858267716
21
1.3385808267716535
0
LINE
8
BLACK
6
CONTINUOUS
10
0.8763783858267716
20
1.3385808267716535
11
0.8820926771653543
21
1.3414379921259842
0
LINE
8
BLACK
6
CONTINUOUS
10
0.8820926771653543
20
1.3414379921259842
11
0.8834439763779527
21
1.3417144881889764
0
LINE
8
BLACK
6
CONTINUOUS
10
0.8834439763779527
20
1.3417144881889764
11
0.8847759842519685
21
1.3420714173228345
0
LINE
8
BLACK
6
CONTINUOUS
10
0.8847759842519685
20
1.3420714173228345
11
0.8962045275590551
21
1.3420714173228345
0
LINE
8
BLACK
6
CONTINUOUS
10
0.8962045275590551
20
1.3420714173228345
11
0.8975364960629921
21
1.3417144881889764
0
LINE
8
BLACK
6
CONTINUOUS
10
0.8975364960629921
20
1.3417144881889764
11
0.8988878346456692
21
1.3414379921259842
0
LINE
8
BLACK
6
CONTINUOUS
10
0.8988878346456692
20
1.3414379921259842
11
0.9046021259842519
21
1.3385808267716535
0
LINE
8
BLACK
6
CONTINUOUS
10
0.9046021259842519
20
1.3385808267716535
11
0.9053249212598425
21
1.3379398425196851
0
LINE
8
BLACK
6
CONTINUOUS
10
0.9053249212598425
20
1.3379398425196851
11
0.9061614173228346
21
1.3374569291338583
0
LINE
8
BLACK
6
CONTINUOUS
10
0.9061614173228346
20
1.3374569291338583
11
0.909018622047244
21
1.3345998031496062
0
LINE
8
BLACK
6
CONTINUOUS
10
0.909018622047244
20
1.3345998031496062
11
0.909501653543307
21
1.3337630708661417
0
LINE
8
BLACK
6
CONTINUOUS
10
0.909501653543307
20
1.3337630708661417
11
0.9101425590551181
21
1.3330403937007873
0
LINE
8
BLACK
6
CONTINUOUS
10
0.9101425590551181
20
1.3330403937007873
11
0.91299968503937
21
1.3273261023622047
0
LINE
8
BLACK
6
CONTINUOUS
10
0.91299968503937
20
1.3273261023622047
11
0.9132761417322834
21
1.3259749212598424
0
LINE
8
BLACK
6
CONTINUOUS
10
0.9132761417322834
20
1.3259749212598424
11
0.9136331102362204
21
1.3246428346456693
0
LINE
8
BLACK
6
CONTINUOUS
10
0.9136331102362204
20
1.3246428346456693
11
0.9136331102362204
21
1.3132142519685039
0
LINE
8
BLACK
6
CONTINUOUS
10
0.9136331102362204
20
1.3132142519685039
11
0.9132761811023622
21
1.3118822047244094
0
LINE
8
BLACK
6
CONTINUOUS
10
0.9132761811023622
20
1.3118822047244094
11
0.91299968503937
21
1.3105309842519686
0
LINE
8
BLACK
6
CONTINUOUS
10
0.91299968503937
20
1.3105309842519686
11
0.9101425590551181
21
1.3048167322834645
0
LINE
8
BLACK
6
CONTINUOUS
10
0.9101425590551181
20
1.3048167322834645
11
0.9095016141732283
21
1.3040939370078739
0
LINE
8
BLACK
6
CONTINUOUS
10
0.9095016141732283
20
1.3040939370078739
11
0.909018622047244
21
1.3032573622047243
0
LINE
8
BLACK
6
CONTINUOUS
10
0.909018622047244
20
1.3032573622047243
11
0.9061614566929134
21
1.3004001968503938
0
LINE
8
BLACK
6
CONTINUOUS
10
0.9061614566929134
20
1.3004001968503938
11
0.9053248818897638
21
1.2999172047244094
0
LINE
8
BLACK
6
CONTINUOUS
10
0.9053248818897638
20
1.2999172047244094
11
0.9046020866141732
21
1.2992762598425196
0
LINE
8
BLACK
6
CONTINUOUS
10
0.9046020866141732
20
1.2992762598425196
11
0.8988877952755905
21
1.2964191338582678
0
LINE
8
BLACK
6
CONTINUOUS
10
0.8988877952755905
20
1.2964191338582678
11
0.8975366141732283
21
1.2961426377952756
0
LINE
8
BLACK
6
CONTINUOUS
10
0.8975366141732283
20
1.2961426377952756
11
0.8962045275590551
21
1.2957857086614173
0
LINE
8
BLACK
6
CONTINUOUS
10
0.8962045275590551
20
1.2957857086614173
11
0.8847759842519685
21
1.2957857086614173
0
LINE
8
BLACK
6
CONTINUOUS
10
0.8847759842519685
20
1.2957857086614173
11
0.8834438582677165
21
1.2961426377952756
0
LINE
8
BLACK
6
CONTINUOUS
10
0.8834438582677165
20
1.2961426377952756
11
0.8820927165354331
21
1.2964191338582678
0
LINE
8
BLACK
6
CONTINUOUS
10
0.8820927165354331
20
1.2964191338582678
11
0.8763784251968504
21
1.2992762598425196
0
LINE
8
BLACK
6
CONTINUOUS
10
0.8763784251968504
20
1.2992762598425196
11
0.8756556299212598
21
1.2999171653543307
0
LINE
8
BLACK
6
CONTINUOUS
10
0.8756556299212598
20
1.2999171653543307
11
0.8748190551181102
21
1.3004001968503938
0
LINE
8
BLACK
6
CONTINUOUS
10
0.8748190551181102
20
1.3004001968503938
11
0.8733473622047244
21
1.3018718503937008
0
LINE
8
BLACK
6
CONTINUOUS
10
0.8733473622047244
20
1.3018718503937008
11
0.8718757874015748
21
1.3004002362204725
0
LINE
8
BLACK
6
CONTINUOUS
10
0.8718757874015748
20
1.3004002362204725
11
0.8710391732283465
21
1.2999172047244094
0
LINE
8
BLACK
6
CONTINUOUS
10
0.8710391732283465
20
1.2999172047244094
11
0.8703163779527558
21
1.2992762598425196
0
LINE
8
BLACK
6
CONTINUOUS
10
0.8703163779527558
20
1.2992762598425196
11
0.8646020866141733
21
1.2964191338582678
0
LINE
8
BLACK
6
CONTINUOUS
10
0.8646020866141733
20
1.2964191338582678
11
0.8632509055118111
21
1.2961426377952756
0
LINE
8
BLACK
6
CONTINUOUS
10
0.8632509055118111
20
1.2961426377952756
11
0.8619188188976378
21
1.2957857086614173
0
LINE
8
BLACK
6
CONTINUOUS
10
0.8619188188976378
20
1.2957857086614173
11
0.8590616929133859
21
1.2957857086614173
0
LINE
8
BLACK
6
CONTINUOUS
10
0.8590616929133859
20
1.2957857086614173
11
0.8577295669291338
21
1.2961426377952756
0
LINE
8
BLACK
6
CONTINUOUS
10
0.8577295669291338
20
1.2961426377952756
11
0.8563784251968504
21
1.2964191338582678
0
LINE
8
BLACK
6
CONTINUOUS
10
0.8563784251968504
20
1.2964191338582678
11
0.8506641338582677
21
1.2992762598425196
0
LINE
8
BLACK
6
CONTINUOUS
10
0.8506641338582677
20
1.2992762598425196
11
0.8499413385826772
21
1.2999171653543307
0
LINE
8
BLACK
6
CONTINUOUS
10
0.8499413385826772
20
1.2999171653543307
11
0.8491047637795276
21
1.3004001968503938
0
LINE
8
BLACK
6
CONTINUOUS
10
0.8491047637795276
20
1.3004001968503938
11
0.8462475984251968
21
1.3032573622047243
0
LINE
8
BLACK
6
CONTINUOUS
10
0.8462475984251968
20
1.3032573622047243
11
0.8457646062992126
21
1.3040938582677164
0
LINE
8
BLACK
6
CONTINUOUS
10
0.8457646062992126
20
1.3040938582677164
11
0.8451236614173229
21
1.3048166929133858
0
LINE
8
BLACK
6
CONTINUOUS
10
0.8451236614173229
20
1.3048166929133858
11
0.8422665354330708
21
1.3105309842519686
0
LINE
8
BLACK
6
CONTINUOUS
10
0.8422665354330708
20
1.3105309842519686
11
0.84199
21
1.3118822047244094
0
LINE
8
BLACK
6
CONTINUOUS
10
0.84199
20
1.3118822047244094
11
0.8416331102362204
21
1.3132142519685039
0
LINE
8
BLACK
6
CONTINUOUS
10
0.8416331102362204
20
1.3132142519685039
11
0.8416331102362204
21
1.3246428346456693
0
LINE
8
BLACK
6
CONTINUOUS
10
0.8416331102362204
20
1.3246428346456693
11
0.8419900393700788
21
1.3259749212598424
0
LINE
8
BLACK
6
CONTINUOUS
10
0.8419900393700788
20
1.3259749212598424
11
0.8422665354330708
21
1.3273261023622047
0
LINE
8
BLACK
6
CONTINUOUS
10
0.8422665354330708
20
1.3273261023622047
11
0.8451236614173229
21
1.3330403937007873
0
LINE
8
BLACK
6
CONTINUOUS
10
0.8451236614173229
20
1.3330403937007873
11
0.8457646062992126
21
1.3337631889763779
0
LINE
8
BLACK
6
CONTINUOUS
10
0.8457646062992126
20
1.3337631889763779
11
0.8462476377952756
21
1.3345998031496062
0
LINE
8
BLACK
6
CONTINUOUS
10
0.8462476377952756
20
1.3345998031496062
11
0.8491048031496062
21
1.3374569291338583
0
LINE
8
BLACK
6
CONTINUOUS
10
0.8491048031496062
20
1.3374569291338583
11
0.8499412598425197
21
1.3379398425196851
0
LINE
8
BLACK
6
CONTINUOUS
10
0.8499412598425197
20
1.3379398425196851
11
0.8506640944881889
21
1.3385808267716535
0
LINE
8
BLACK
6
CONTINUOUS
10
0.8506640944881889
20
1.3385808267716535
11
0.8563783858267716
21
1.3414379921259842
0
LINE
8
BLACK
6
CONTINUOUS
10
0.8563783858267716
20
1.3414379921259842
11
0.8577296850393701
21
1.3417144881889764
0
LINE
8
BLACK
6
CONTINUOUS
10
0.8577296850393701
20
1.3417144881889764
11
0.8590616929133859
21
1.3420714173228345
0
LINE
8
BLACK
6
CONTINUOUS
10
0.8590616929133859
20
1.3420714173228345
11
0.8619188188976378
21
1.3420714173228345
0
LINE
8
BLACK
6
CONTINUOUS
10
0.8619188188976378
20
1.3420714173228345
11
0.8632507874015748
21
1.3417144881889764
0
LINE
8
BLACK
6
CONTINUOUS
10
0.8569015354330708
20
1.3282830708661417
11
0.8554213385826771
21
1.3268029527559055
0
LINE
8
BLACK
6
CONTINUOUS
10
0.8554213385826771
20
1.3268029527559055
11
0.8536331102362205
21
1.3232264173228345
0
LINE
8
BLACK
6
CONTINUOUS
10
0.8536331102362205
20
1.3232264173228345
11
0.8536331102362205
21
1.3146306692913385
0
LINE
8
BLACK
6
CONTINUOUS
10
0.8536331102362205
20
1.3146306692913385
11
0.8554213779527559
21
1.3110541338582677
0
LINE
8
BLACK
6
CONTINUOUS
10
0.8554213779527559
20
1.3110541338582677
11
0.8569014960629922
21
1.3095739763779528
0
LINE
8
BLACK
6
CONTINUOUS
10
0.8569014960629922
20
1.3095739763779528
11
0.8604781102362205
21
1.3077857086614173
0
LINE
8
BLACK
6
CONTINUOUS
10
0.8604781102362205
20
1.3077857086614173
11
0.8605024015748032
21
1.3077857086614173
0
LINE
8
BLACK
6
CONTINUOUS
10
0.8605024015748032
20
1.3077857086614173
11
0.864078937007874
21
1.3095739370078741
0
LINE
8
BLACK
6
CONTINUOUS
10
0.864078937007874
20
1.3095739370078741
11
0.8655591338582677
21
1.3110542125984253
0
LINE
8
BLACK
6
CONTINUOUS
10
0.8655591338582677
20
1.3110542125984253
11
0.8673474015748032
21
1.3146306299212598
0
LINE
8
BLACK
6
CONTINUOUS
10
0.8673474015748032
20
1.3146306299212598
11
0.8673474015748032
21
1.3232263385826772
0
LINE
8
BLACK
6
CONTINUOUS
10
0.8673474015748032
20
1.3232263385826772
11
0.8655590551181103
21
1.3268029921259843
0
LINE
8
BLACK
6
CONTINUOUS
10
0.8655590551181103
20
1.3268029921259843
11
0.8640789763779527
21
1.3282830708661417
0
LINE
8
BLACK
6
CONTINUOUS
10
0.8640789763779527
20
1.3282830708661417
11
0.8605023622047244
21
1.3300714173228345
0
LINE
8
BLACK
6
CONTINUOUS
10
0.8605023622047244
20
1.3300714173228345
11
0.8604781496062992
21
1.3300714173228345
0
LINE
8
BLACK
6
CONTINUOUS
10
0.8604781496062992
20
1.3300714173228345
11
0.8569015354330708
21
1.3282830708661417
0
LINE
8
BLACK
6
CONTINUOUS
10
0.8826158267716535
20
1.3282830708661417
11
0.8811356299212598
21
1.3268029527559055
0
LINE
8
BLACK
6
CONTINUOUS
10
0.8811356299212598
20
1.3268029527559055
11
0.8793474015748032
21
1.3232264173228345
0
LINE
8
BLACK
6
CONTINUOUS
10
0.8793474015748032
20
1.3232264173228345
11
0.8793474015748032
21
1.3146306692913385
0
LINE
8
BLACK
6
CONTINUOUS
10
0.8793474015748032
20
1.3146306692913385
11
0.8811356692913386
21
1.3110541338582677
0
LINE
8
BLACK
6
CONTINUOUS
10
0.8811356692913386
20
1.3110541338582677
11
0.8826157874015748
21
1.3095739763779528
0
LINE
8
BLACK
6
CONTINUOUS
10
0.8826157874015748
20
1.3095739763779528
11
0.8861924015748032
21
1.3077857086614173
0
LINE
8
BLACK
6
CONTINUOUS
10
0.8861924015748032
20
1.3077857086614173
11
0.8947881102362204
21
1.3077857086614173
0
LINE
8
BLACK
6
CONTINUOUS
10
0.8947881102362204
20
1.3077857086614173
11
0.8983646850393701
21
1.3095739763779528
0
LINE
8
BLACK
6
CONTINUOUS
10
0.8983646850393701
20
1.3095739763779528
11
0.8998448031496062
21
1.311054094488189
0
LINE
8
BLACK
6
CONTINUOUS
10
0.8998448031496062
20
1.311054094488189
11
0.9016331102362205
21
1.3146306692913385
0
LINE
8
BLACK
6
CONTINUOUS
10
0.9016331102362205
20
1.3146306692913385
11
0.9016331102362205
21
1.3232264173228345
0
LINE
8
BLACK
6
CONTINUOUS
10
0.9016331102362205
20
1.3232264173228345
11
0.899844842519685
21
1.3268029527559055
0
LINE
8
BLACK
6
CONTINUOUS
10
0.899844842519685
20
1.3268029527559055
11
0.8983647244094488
21
1.328283031496063
0
LINE
8
BLACK
6
CONTINUOUS
10
0.8983647244094488
20
1.328283031496063
11
0.8947880708661418
21
1.3300714173228345
0
LINE
8
BLACK
6
CONTINUOUS
10
0.8947880708661418
20
1.3300714173228345
11
0.8861924409448819
21
1.3300714173228345
0
LINE
8
BLACK
6
CONTINUOUS
10
0.8861924409448819
20
1.3300714173228345
11
0.8826158267716535
21
1.3282830708661417
0
LINE
8
BLACK
6
CONTINUOUS
10
1.1106331102362204
20
1.3412675590551182
11
1.1128292519685039
21
1.3390714173228346
0
LINE
8
BLACK
6
CONTINUOUS
10
1.1128292519685039
20
1.3390714173228346
11
1.1136331102362205
21
1.3360714173228345
0
LINE
8
BLACK
6
CONTINUOUS
10
1.1136331102362205
20
1.3360714173228345
11
1.1136331102362205
21
1.3017857086614173
0
LINE
8
BLACK
6
CONTINUOUS
10
1.1136331102362205
20
1.3017857086614173
11
1.1128292519685039
21
1.2987857086614174
0
LINE
8
BLACK
6
CONTINUOUS
10
1.1128292519685039
20
1.2987857086614174
11
1.1106331102362204
21
1.2965895669291339
0
LINE
8
BLACK
6
CONTINUOUS
10
1.1106331102362204
20
1.2965895669291339
11
1.1076331102362205
21
1.2957857086614173
0
LINE
8
BLACK
6
CONTINUOUS
10
1.1076331102362205
20
1.2957857086614173
11
1.1046331102362204
21
1.2965895669291339
0
LINE
8
BLACK
6
CONTINUOUS
10
1.1046331102362204
20
1.2965895669291339
11
1.102436968503937
21
1.2987857086614174
0
LINE
8
BLACK
6
CONTINUOUS
10
1.102436968503937
20
1.2987857086614174
11
1.1016331102362205
21
1.3017857086614173
0
LINE
8
BLACK
6
CONTINUOUS
10
1.1016331102362205
20
1.3017857086614173
11
1.1016331102362205
21
1.3129285433070865
0
LINE
8
BLACK
6
CONTINUOUS
10
1.1016331102362205
20
1.3129285433070865
11
1.0476331102362204
21
1.3129285433070865
0
LINE
8
BLACK
6
CONTINUOUS
10
1.0476331102362204
20
1.3129285433070865
11
1.0463135039370079
21
1.313282125984252
0
LINE
8
BLACK
6
CONTINUOUS
10
1.0463135039370079
20
1.313282125984252
11
1.0449737795275591
21
1.3135500787401575
0
LINE
8
BLACK
6
CONTINUOUS
10
1.0449737795275591
20
1.3135500787401575
11
1.0448247244094488
21
1.3136810236220473
0
LINE
8
BLACK
6
CONTINUOUS
10
1.0448247244094488
20
1.3136810236220473
11
1.0446331102362205
21
1.3137324015748031
0
LINE
8
BLACK
6
CONTINUOUS
10
1.0446331102362205
20
1.3137324015748031
11
1.0436669291338583
21
1.3146985433070866
0
LINE
8
BLACK
6
CONTINUOUS
10
1.0436669291338583
20
1.3146985433070866
11
1.0426408267716536
21
1.3156003543307087
0
LINE
8
BLACK
6
CONTINUOUS
10
1.0426408267716536
20
1.3156003543307087
11
1.0425772440944883
21
1.3157882283464566
0
LINE
8
BLACK
6
CONTINUOUS
10
1.0425772440944883
20
1.3157882283464566
11
1.042436968503937
21
1.3159285433070866
0
LINE
8
BLACK
6
CONTINUOUS
10
1.042436968503937
20
1.3159285433070866
11
1.0420833070866142
21
1.3172483070866141
0
LINE
8
BLACK
6
CONTINUOUS
10
1.0420833070866142
20
1.3172483070866141
11
1.0416455511811022
21
1.3185424015748031
0
LINE
8
BLACK
6
CONTINUOUS
10
1.0416455511811022
20
1.3185424015748031
11
1.0416844488188977
21
1.3187368897637795
0
LINE
8
BLACK
6
CONTINUOUS
10
1.0416844488188977
20
1.3187368897637795
11
1.0416331102362204
21
1.3189285433070865
0
LINE
8
BLACK
6
CONTINUOUS
10
1.0416331102362204
20
1.3189285433070865
11
1.0419866929133859
21
1.3202481102362205
0
LINE
8
BLACK
6
CONTINUOUS
10
1.0419866929133859
20
1.3202481102362205
11
1.0422546456692914
21
1.3215878740157481
0
LINE
8
BLACK
6
CONTINUOUS
10
1.0422546456692914
20
1.3215878740157481
11
1.0423855905511812
21
1.3217368897637796
0
LINE
8
BLACK
6
CONTINUOUS
10
1.0423855905511812
20
1.3217368897637796
11
1.042436968503937
21
1.3219285433070866
0
LINE
8
BLACK
6
CONTINUOUS
10
1.042436968503937
20
1.3219285433070866
11
1.0434031102362205
21
1.3228946850393701
0
LINE
8
BLACK
6
CONTINUOUS
10
1.0434031102362205
20
1.3228946850393701
11
1.0443049212598425
21
1.3239208267716536
0
LINE
8
BLACK
6
CONTINUOUS
10
1.0443049212598425
20
1.3239208267716536
11
1.0523818897637796
21
1.3293054724409448
0
LINE
8
BLACK
6
CONTINUOUS
10
1.0523818897637796
20
1.3293054724409448
11
1.0569876377952756
21
1.3339112204724408
0
LINE
8
BLACK
6
CONTINUOUS
10
1.0569876377952756
20
1.3339112204724408
11
1.0594094094488189
21
1.3387547244094489
0
LINE
8
BLACK
6
CONTINUOUS
10
1.0594094094488189
20
1.3387547244094489
11
1.0614700787401574
21
1.3410785039370079
0
LINE
8
BLACK
6
CONTINUOUS
10
1.0614700787401574
20
1.3410785039370079
11
1.064416496062992
21
1.3420606299212599
0
LINE
8
BLACK
6
CONTINUOUS
10
1.064416496062992
20
1.3420606299212599
11
1.0674592913385827
21
1.3414379527559055
0
LINE
8
BLACK
6
CONTINUOUS
10
1.0674592913385827
20
1.3414379527559055
11
1.0697830708661418
21
1.3393773228346457
0
LINE
8
BLACK
6
CONTINUOUS
10
1.0697830708661418
20
1.3393773228346457
11
1.0707651968503937
21
1.3364309055118111
0
LINE
8
BLACK
6
CONTINUOUS
10
1.0707651968503937
20
1.3364309055118111
11
1.0701425590551181
21
1.3333881102362204
0
LINE
8
BLACK
6
CONTINUOUS
10
1.0701425590551181
20
1.3333881102362204
11
1.0672853937007873
21
1.3276738188976378
0
LINE
8
BLACK
6
CONTINUOUS
10
1.0672853937007873
20
1.3276738188976378
11
1.0666444094488188
21
1.3269509842519684
0
LINE
8
BLACK
6
CONTINUOUS
10
1.0666444094488188
20
1.3269509842519684
11
1.0661614566929134
21
1.3261144881889764
0
LINE
8
BLACK
6
CONTINUOUS
10
1.0661614566929134
20
1.3261144881889764
11
1.0649755118110236
21
1.3249285433070865
0
LINE
8
BLACK
6
CONTINUOUS
10
1.0649755118110236
20
1.3249285433070865
11
1.1016331102362205
21
1.3249285433070865
0
LINE
8
BLACK
6
CONTINUOUS
10
1.1016331102362205
20
1.3249285433070865
11
1.1016331102362205
21
1.3360714173228345
0
LINE
8
BLACK
6
CONTINUOUS
10
1.1016331102362205
20
1.3360714173228345
11
1.102436968503937
21
1.3390714173228346
0
LINE
8
BLACK
6
CONTINUOUS
10
1.102436968503937
20
1.3390714173228346
11
1.1046331102362204
21
1.3412675590551182
0
LINE
8
BLACK
6
CONTINUOUS
10
1.1046331102362204
20
1.3412675590551182
11
1.1076331102362205
21
1.3420714173228345
0
LINE
8
BLACK
6
CONTINUOUS
10
1.1076331102362205
20
1.3420714173228345
11
1.1106331102362204
21
1.3412675590551182
0
LINE
8
BLACK
6
CONTINUOUS
10
0.5106331102362205
20
1.3984104330708662
11
0.5128292519685039
21
1.3962142913385827
0
LINE
8
BLACK
6
CONTINUOUS
10
0.5128292519685039
20
1.3962142913385827
11
0.5136331102362205
21
1.3932142913385825
0
LINE
8
BLACK
6
CONTINUOUS
10
0.5136331102362205
20
1.3932142913385825
11
0.5136331102362205
21
1.3589285826771653
0
LINE
8
BLACK
6
CONTINUOUS
10
0.5136331102362205
20
1.3589285826771653
11
0.5128292519685039
21
1.3559285826771654
0
LINE
8
BLACK
6
CONTINUOUS
10
0.5128292519685039
20
1.3559285826771654
11
0.5106331102362205
21
1.3537324409448819
0
LINE
8
BLACK
6
CONTINUOUS
10
0.5106331102362205
20
1.3537324409448819
11
0.5076331102362205
21
1.3529285826771653
0
LINE
8
BLACK
6
CONTINUOUS
10
0.5076331102362205
20
1.3529285826771653
11
0.5046331102362205
21
1.3537324409448819
0
LINE
8
BLACK
6
CONTINUOUS
10
0.5046331102362205
20
1.3537324409448819
11
0.502436968503937
21
1.3559285826771654
0
LINE
8
BLACK
6
CONTINUOUS
10
0.502436968503937
20
1.3559285826771654
11
0.5016331102362205
21
1.3589285826771653
0
LINE
8
BLACK
6
CONTINUOUS
10
0.5016331102362205
20
1.3589285826771653
11
0.5016331102362205
21
1.3700714173228346
0
LINE
8
BLACK
6
CONTINUOUS
10
0.5016331102362205
20
1.3700714173228346
11
0.4476331102362205
21
1.3700714173228346
0
LINE
8
BLACK
6
CONTINUOUS
10
0.4476331102362205
20
1.3700714173228346
11
0.4463135039370079
21
1.370425
0
LINE
8
BLACK
6
CONTINUOUS
10
0.4463135039370079
20
1.370425
11
0.4449737795275591
21
1.3706929527559055
0
LINE
8
BLACK
6
CONTINUOUS
10
0.4449737795275591
20
1.3706929527559055
11
0.4448247244094488
21
1.3708238976377953
0
LINE
8
BLACK
6
CONTINUOUS
10
0.4448247244094488
20
1.3708238976377953
11
0.4446331102362205
21
1.3708752755905511
0
LINE
8
BLACK
6
CONTINUOUS
10
0.4446331102362205
20
1.3708752755905511
11
0.4436669291338582
21
1.3718414173228346
0
LINE
8
BLACK
6
CONTINUOUS
10
0.4436669291338582
20
1.3718414173228346
11
0.4426408267716535
21
1.3727432283464567
0
LINE
8
BLACK
6
CONTINUOUS
10
0.4426408267716535
20
1.3727432283464567
11
0.4425772440944882
21
1.3729311023622046
0
LINE
8
BLACK
6
CONTINUOUS
10
0.4425772440944882
20
1.3729311023622046
11
0.442436968503937
21
1.3730714173228347
0
LINE
8
BLACK
6
CONTINUOUS
10
0.442436968503937
20
1.3730714173228347
11
0.4420833070866141
21
1.3743911811023621
0
LINE
8
BLACK
6
CONTINUOUS
10
0.4420833070866141
20
1.3743911811023621
11
0.4416455511811023
21
1.3756852755905511
0
LINE
8
BLACK
6
CONTINUOUS
10
0.4416455511811023
20
1.3756852755905511
11
0.4416844488188976
21
1.3758797637795275
0
LINE
8
BLACK
6
CONTINUOUS
10
0.4416844488188976
20
1.3758797637795275
11
0.4416331102362205
21
1.3760714173228346
0
LINE
8
BLACK
6
CONTINUOUS
10
0.4416331102362205
20
1.3760714173228346
11
0.4419866929133858
21
1.3773909842519685
0
LINE
8
BLACK
6
CONTINUOUS
10
0.4419866929133858
20
1.3773909842519685
11
0.4422546456692913
21
1.3787307480314961
0
LINE
8
BLACK
6
CONTINUOUS
10
0.4422546456692913
20
1.3787307480314961
11
0.4423855905511811
21
1.3788797637795276
0
LINE
8
BLACK
6
CONTINUOUS
10
0.4423855905511811
20
1.3788797637795276
11
0.442436968503937
21
1.3790714173228347
0
LINE
8
BLACK
6
CONTINUOUS
10
0.442436968503937
20
1.3790714173228347
11
0.4434031102362205
21
1.3800375590551182
0
LINE
8
BLACK
6
CONTINUOUS
10
0.4434031102362205
20
1.3800375590551182
11
0.4443049212598425
21
1.3810637007874016
0
LINE
8
BLACK
6
CONTINUOUS
10
0.4443049212598425
20
1.3810637007874016
11
0.4523818897637795
21
1.3864483464566928
0
LINE
8
BLACK
6
CONTINUOUS
10
0.4523818897637795
20
1.3864483464566928
11
0.4569876377952756
21
1.3910540944881888
0
LINE
8
BLACK
6
CONTINUOUS
10
0.4569876377952756
20
1.3910540944881888
11
0.4594094094488189
21
1.3958975984251969
0
LINE
8
BLACK
6
CONTINUOUS
10
0.4594094094488189
20
1.3958975984251969
11
0.4614700787401575
21
1.3982213779527559
0
LINE
8
BLACK
6
CONTINUOUS
10
0.4614700787401575
20
1.3982213779527559
11
0.4644164960629921
21
1.3992035039370079
0
LINE
8
BLACK
6
CONTINUOUS
10
0.4644164960629921
20
1.3992035039370079
11
0.4674592913385827
21
1.3985808267716535
0
LINE
8
BLACK
6
CONTINUOUS
10
0.4674592913385827
20
1.3985808267716535
11
0.4697830708661417
21
1.3965201968503937
0
LINE
8
BLACK
6
CONTINUOUS
10
0.4697830708661417
20
1.3965201968503937
11
0.4707651968503937
21
1.3935737795275591
0
LINE
8
BLACK
6
CONTINUOUS
10
0.4707651968503937
20
1.3935737795275591
11
0.4701425590551181
21
1.3905309842519684
0
LINE
8
BLACK
6
CONTINUOUS
10
0.4701425590551181
20
1.3905309842519684
11
0.4672853937007874
21
1.3848166929133858
0
LINE
8
BLACK
6
CONTINUOUS
10
0.4672853937007874
20
1.3848166929133858
11
0.4666444094488189
21
1.3840938582677165
0
LINE
8
BLACK
6
CONTINUOUS
10
0.4666444094488189
20
1.3840938582677165
11
0.4661614566929134
21
1.3832573622047244
0
LINE
8
BLACK
6
CONTINUOUS
10
0.4661614566929134
20
1.3832573622047244
11
0.4649755118110236
21
1.3820714173228346
0
LINE
8
BLACK
6
CONTINUOUS
10
0.4649755118110236
20
1.3820714173228346
11
0.5016331102362205
21
1.3820714173228346
0
LINE
8
BLACK
6
CONTINUOUS
10
0.5016331102362205
20
1.3820714173228346
11
0.5016331102362205
21
1.3932142913385825
0
LINE
8
BLACK
6
CONTINUOUS
10
0.5016331102362205
20
1.3932142913385825
11
0.502436968503937
21
1.3962142913385827
0
LINE
8
BLACK
6
CONTINUOUS
10
0.502436968503937
20
1.3962142913385827
11
0.5046331102362205
21
1.3984104330708662
0
LINE
8
BLACK
6
CONTINUOUS
10
0.5046331102362205
20
1.3984104330708662
11
0.5076331102362205
21
1.3992142913385825
0
LINE
8
BLACK
6
CONTINUOUS
10
0.5076331102362205
20
1.3992142913385825
11
0.5106331102362205
21
1.3984104330708662
0
LINE
8
BLACK
6
CONTINUOUS
10
0.7106331102362204
20
1.3984104330708662
11
0.7128292519685039
21
1.3962142913385827
0
LINE
8
BLACK
6
CONTINUOUS
10
0.7128292519685039
20
1.3962142913385827
11
0.7136331102362204
21
1.3932142913385825
0
LINE
8
BLACK
6
CONTINUOUS
10
0.7136331102362204
20
1.3932142913385825
11
0.7136331102362204
21
1.3589285826771653
0
LINE
8
BLACK
6
CONTINUOUS
10
0.7136331102362204
20
1.3589285826771653
11
0.7128292519685039
21
1.3559285826771654
0
LINE
8
BLACK
6
CONTINUOUS
10
0.7128292519685039
20
1.3559285826771654
11
0.7106331102362204
21
1.3537324409448819
0
LINE
8
BLACK
6
CONTINUOUS
10
0.7106331102362204
20
1.3537324409448819
11
0.7076331102362204
21
1.3529285826771653
0
LINE
8
BLACK
6
CONTINUOUS
10
0.7076331102362204
20
1.3529285826771653
11
0.7046331102362204
21
1.3537324409448819
0
LINE
8
BLACK
6
CONTINUOUS
10
0.7046331102362204
20
1.3537324409448819
11
0.702436968503937
21
1.3559285826771654
0
LINE
8
BLACK
6
CONTINUOUS
10
0.702436968503937
20
1.3559285826771654
11
0.7016331102362204
21
1.3589285826771653
0
LINE
8
BLACK
6
CONTINUOUS
10
0.7016331102362204
20
1.3589285826771653
11
0.7016331102362204
21
1.3700714173228346
0
LINE
8
BLACK
6
CONTINUOUS
10
0.7016331102362204
20
1.3700714173228346
11
0.6476331102362205
21
1.3700714173228346
0
LINE
8
BLACK
6
CONTINUOUS
10
0.6476331102362205
20
1.3700714173228346
11
0.6463135039370078
21
1.370425
0
LINE
8
BLACK
6
CONTINUOUS
10
0.6463135039370078
20
1.370425
11
0.6449737795275591
21
1.3706929527559055
0
LINE
8
BLACK
6
CONTINUOUS
10
0.6449737795275591
20
1.3706929527559055
11
0.6448247244094488
21
1.3708238976377953
0
LINE
8
BLACK
6
CONTINUOUS
10
0.6448247244094488
20
1.3708238976377953
11
0.6446331102362205
21
1.3708752755905511
0
LINE
8
BLACK
6
CONTINUOUS
10
0.6446331102362205
20
1.3708752755905511
11
0.6436669291338583
21
1.3718414173228346
0
LINE
8
BLACK
6
CONTINUOUS
10
0.6436669291338583
20
1.3718414173228346
11
0.6426408267716536
21
1.3727432283464567
0
LINE
8
BLACK
6
CONTINUOUS
10
0.6426408267716536
20
1.3727432283464567
11
0.6425772440944881
21
1.3729311023622046
0
LINE
8
BLACK
6
CONTINUOUS
10
0.6425772440944881
20
1.3729311023622046
11
0.6424369685039369
21
1.3730714173228347
0
LINE
8
BLACK
6
CONTINUOUS
10
0.6424369685039369
20
1.3730714173228347
11
0.6420833070866142
21
1.3743911811023621
0
LINE
8
BLACK
6
CONTINUOUS
10
0.6420833070866142
20
1.3743911811023621
11
0.6416455511811023
21
1.3756852755905511
0
LINE
8
BLACK
6
CONTINUOUS
10
0.6416455511811023
20
1.3756852755905511
11
0.6416844488188976
21
1.3758797637795275
0
LINE
8
BLACK
6
CONTINUOUS
10
0.6416844488188976
20
1.3758797637795275
11
0.6416331102362205
21
1.3760714173228346
0
LINE
8
BLACK
6
CONTINUOUS
10
0.6416331102362205
20
1.3760714173228346
11
0.6419866929133858
21
1.3773909842519685
0
LINE
8
BLACK
6
CONTINUOUS
10
0.6419866929133858
20
1.3773909842519685
11
0.6422546456692914
21
1.3787307480314961
0
LINE
8
BLACK
6
CONTINUOUS
10
0.6422546456692914
20
1.3787307480314961
11
0.6423855905511811
21
1.3788797637795276
0
LINE
8
BLACK
6
CONTINUOUS
10
0.6423855905511811
20
1.3788797637795276
11
0.6424369685039369
21
1.3790714173228347
0
LINE
8
BLACK
6
CONTINUOUS
10
0.6424369685039369
20
1.3790714173228347
11
0.6434031102362204
21
1.3800375590551182
0
LINE
8
BLACK
6
CONTINUOUS
10
0.6434031102362204
20
1.3800375590551182
11
0.6443049212598425
21
1.3810637007874016
0
LINE
8
BLACK
6
CONTINUOUS
10
0.6443049212598425
20
1.3810637007874016
11
0.6523818897637795
21
1.3864483464566928
0
LINE
8
BLACK
6
CONTINUOUS
10
0.6523818897637795
20
1.3864483464566928
11
0.6569876377952756
21
1.3910540944881888
0
LINE
8
BLACK
6
CONTINUOUS
10
0.6569876377952756
20
1.3910540944881888
11
0.6594094094488189
21
1.3958975984251969
0
LINE
8
BLACK
6
CONTINUOUS
10
0.6594094094488189
20
1.3958975984251969
11
0.6614700787401575
21
1.3982213779527559
0
LINE
8
BLACK
6
CONTINUOUS
10
0.6614700787401575
20
1.3982213779527559
11
0.6644164960629921
21
1.3992035039370079
0
LINE
8
BLACK
6
CONTINUOUS
10
0.6644164960629921
20
1.3992035039370079
11
0.6674592913385826
21
1.3985808267716535
0
LINE
8
BLACK
6
CONTINUOUS
10
0.6674592913385826
20
1.3985808267716535
11
0.6697830708661417
21
1.3965201968503937
0
LINE
8
BLACK
6
CONTINUOUS
10
0.6697830708661417
20
1.3965201968503937
11
0.6707651968503937
21
1.3935737795275591
0
LINE
8
BLACK
6
CONTINUOUS
10
0.6707651968503937
20
1.3935737795275591
11
0.6701425590551181
21
1.3905309842519684
0
LINE
8
BLACK
6
CONTINUOUS
10
0.6701425590551181
20
1.3905309842519684
11
0.6672853937007874
21
1.3848166929133858
0
LINE
8
BLACK
6
CONTINUOUS
10
0.6672853937007874
20
1.3848166929133858
11
0.6666444094488189
21
1.3840938582677165
0
LINE
8
BLACK
6
CONTINUOUS
10
0.6666444094488189
20
1.3840938582677165
11
0.6661614566929134
21
1.3832573622047244
0
LINE
8
BLACK
6
CONTINUOUS
10
0.6661614566929134
20
1.3832573622047244
11
0.6649755118110237
21
1.3820714173228346
0
LINE
8
BLACK
6
CONTINUOUS
10
0.6649755118110237
20
1.3820714173228346
11
0.7016331102362204
21
1.3820714173228346
0
LINE
8
BLACK
6
CONTINUOUS
10
0.7016331102362204
20
1.3820714173228346
11
0.7016331102362204
21
1.3932142913385825
0
LINE
8
BLACK
6
CONTINUOUS
10
0.7016331102362204
20
1.3932142913385825
11
0.702436968503937
21
1.3962142913385827
0
LINE
8
BLACK
6
CONTINUOUS
10
0.702436968503937
20
1.3962142913385827
11
0.7046331102362204
21
1.3984104330708662
0
LINE
8
BLACK
6
CONTINUOUS
10
0.7046331102362204
20
1.3984104330708662
11
0.7076331102362204
21
1.3992142913385825
0
LINE
8
BLACK
6
CONTINUOUS
10
0.7076331102362204
20
1.3992142913385825
11
0.7106331102362204
21
1.3984104330708662
0
LINE
8
BLACK
6
CONTINUOUS
10
0.9106331102362204
20
1.3984104330708662
11
0.912829251968504
21
1.3962142913385827
0
LINE
8
BLACK
6
CONTINUOUS
10
0.912829251968504
20
1.3962142913385827
11
0.9136331102362204
21
1.3932142913385825
0
LINE
8
BLACK
6
CONTINUOUS
10
0.9136331102362204
20
1.3932142913385825
11
0.9136331102362204
21
1.3589285826771653
0
LINE
8
BLACK
6
CONTINUOUS
10
0.9136331102362204
20
1.3589285826771653
11
0.912829251968504
21
1.3559285826771654
0
LINE
8
BLACK
6
CONTINUOUS
10
0.912829251968504
20
1.3559285826771654
11
0.9106331102362204
21
1.3537324409448819
0
LINE
8
BLACK
6
CONTINUOUS
10
0.9106331102362204
20
1.3537324409448819
11
0.9076331102362204
21
1.3529285826771653
0
LINE
8
BLACK
6
CONTINUOUS
10
0.9076331102362204
20
1.3529285826771653
11
0.9046331102362205
21
1.3537324409448819
0
LINE
8
BLACK
6
CONTINUOUS
10
0.9046331102362205
20
1.3537324409448819
11
0.902436968503937
21
1.3559285826771654
0
LINE
8
BLACK
6
CONTINUOUS
10
0.902436968503937
20
1.3559285826771654
11
0.9016331102362205
21
1.3589285826771653
0
LINE
8
BLACK
6
CONTINUOUS
10
0.9016331102362205
20
1.3589285826771653
11
0.9016331102362205
21
1.3700714173228346
0
LINE
8
BLACK
6
CONTINUOUS
10
0.9016331102362205
20
1.3700714173228346
11
0.8476331102362205
21
1.3700714173228346
0
LINE
8
BLACK
6
CONTINUOUS
10
0.8476331102362205
20
1.3700714173228346
11
0.8463135039370079
21
1.370425
0
LINE
8
BLACK
6
CONTINUOUS
10
0.8463135039370079
20
1.370425
11
0.844973779527559
21
1.3706929527559055
0
LINE
8
BLACK
6
CONTINUOUS
10
0.844973779527559
20
1.3706929527559055
11
0.8448247244094488
21
1.3708238976377953
0
LINE
8
BLACK
6
CONTINUOUS
10
0.8448247244094488
20
1.3708238976377953
11
0.8446331102362205
21
1.3708752755905511
0
LINE
8
BLACK
6
CONTINUOUS
10
0.8446331102362205
20
1.3708752755905511
11
0.8436669291338582
21
1.3718414173228346
0
LINE
8
BLACK
6
CONTINUOUS
10
0.8436669291338582
20
1.3718414173228346
11
0.8426408267716535
21
1.3727432283464567
0
LINE
8
BLACK
6
CONTINUOUS
10
0.8426408267716535
20
1.3727432283464567
11
0.8425772440944882
21
1.3729311023622046
0
LINE
8
BLACK
6
CONTINUOUS
10
0.8425772440944882
20
1.3729311023622046
11
0.842436968503937
21
1.3730714173228347
0
LINE
8
BLACK
6
CONTINUOUS
10
0.842436968503937
20
1.3730714173228347
11
0.8420833070866142
21
1.3743911811023621
0
LINE
8
BLACK
6
CONTINUOUS
10
0.8420833070866142
20
1.3743911811023621
11
0.8416455511811023
21
1.3756852755905511
0
LINE
8
BLACK
6
CONTINUOUS
10
0.8416455511811023
20
1.3756852755905511
11
0.8416844488188976
21
1.3758797637795275
0
LINE
8
BLACK
6
CONTINUOUS
10
0.8416844488188976
20
1.3758797637795275
11
0.8416331102362204
21
1.3760714173228346
0
LINE
8
BLACK
6
CONTINUOUS
10
0.8416331102362204
20
1.3760714173228346
11
0.8419866929133858
21
1.3773909842519685
0
LINE
8
BLACK
6
CONTINUOUS
10
0.8419866929133858
20
1.3773909842519685
11
0.8422546456692913
21
1.3787307480314961
0
LINE
8
BLACK
6
CONTINUOUS
10
0.8422546456692913
20
1.3787307480314961
11
0.8423855905511811
21
1.3788797637795276
0
LINE
8
BLACK
6
CONTINUOUS
10
0.8423855905511811
20
1.3788797637795276
11
0.842436968503937
21
1.3790714173228347
0
LINE
8
BLACK
6
CONTINUOUS
10
0.842436968503937
20
1.3790714173228347
11
0.8434031102362205
21
1.3800375590551182
0
LINE
8
BLACK
6
CONTINUOUS
10
0.8434031102362205
20
1.3800375590551182
11
0.8443049212598425
21
1.3810637007874016
0
LINE
8
BLACK
6
CONTINUOUS
10
0.8443049212598425
20
1.3810637007874016
11
0.8523818897637795
21
1.3864483464566928
0
LINE
8
BLACK
6
CONTINUOUS
10
0.8523818897637795
20
1.3864483464566928
11
0.8569876377952755
21
1.3910540944881888
0
LINE
8
BLACK
6
CONTINUOUS
10
0.8569876377952755
20
1.3910540944881888
11
0.8594094094488188
21
1.3958975984251969
0
LINE
8
BLACK
6
CONTINUOUS
10
0.8594094094488188
20
1.3958975984251969
11
0.8614700787401575
21
1.3982213779527559
0
LINE
8
BLACK
6
CONTINUOUS
10
0.8614700787401575
20
1.3982213779527559
11
0.8644164960629921
21
1.3992035039370079
0
LINE
8
BLACK
6
CONTINUOUS
10
0.8644164960629921
20
1.3992035039370079
11
0.8674592913385827
21
1.3985808267716535
0
LINE
8
BLACK
6
CONTINUOUS
10
0.8674592913385827
20
1.3985808267716535
11
0.8697830708661417
21
1.3965201968503937
0
LINE
8
BLACK
6
CONTINUOUS
10
0.8697830708661417
20
1.3965201968503937
11
0.8707651968503937
21
1.3935737795275591
0
LINE
8
BLACK
6
CONTINUOUS
10
0.8707651968503937
20
1.3935737795275591
11
0.8701425590551181
21
1.3905309842519684
0
LINE
8
BLACK
6
CONTINUOUS
10
0.8701425590551181
20
1.3905309842519684
11
0.8672853937007874
21
1.3848166929133858
0
LINE
8
BLACK
6
CONTINUOUS
10
0.8672853937007874
20
1.3848166929133858
11
0.8666444094488189
21
1.3840938582677165
0
LINE
8
BLACK
6
CONTINUOUS
10
0.8666444094488189
20
1.3840938582677165
11
0.8661614566929133
21
1.3832573622047244
0
LINE
8
BLACK
6
CONTINUOUS
10
0.8661614566929133
20
1.3832573622047244
11
0.8649755118110236
21
1.3820714173228346
0
LINE
8
BLACK
6
CONTINUOUS
10
0.8649755118110236
20
1.3820714173228346
11
0.9016331102362205
21
1.3820714173228346
0
LINE
8
BLACK
6
CONTINUOUS
10
0.9016331102362205
20
1.3820714173228346
11
0.9016331102362205
21
1.3932142913385825
0
LINE
8
BLACK
6
CONTINUOUS
10
0.9016331102362205
20
1.3932142913385825
11
0.902436968503937
21
1.3962142913385827
0
LINE
8
BLACK
6
CONTINUOUS
10
0.902436968503937
20
1.3962142913385827
11
0.9046331102362205
21
1.3984104330708662
0
LINE
8
BLACK
6
CONTINUOUS
10
0.9046331102362205
20
1.3984104330708662
11
0.9076331102362204
21
1.3992142913385825
0
LINE
8
BLACK
6
CONTINUOUS
10
0.9076331102362204
20
1.3992142913385825
11
0.9106331102362204
21
1.3984104330708662
0
LINE
8
BLACK
6
CONTINUOUS
10
1.1106331102362204
20
1.3984104330708662
11
1.1128292519685039
21
1.3962142913385827
0
LINE
8
BLACK
6
CONTINUOUS
10
1.1128292519685039
20
1.3962142913385827
11
1.1136331102362205
21
1.3932142913385825
0
LINE
8
BLACK
6
CONTINUOUS
10
1.1136331102362205
20
1.3932142913385825
11
1.1136331102362205
21
1.3589285826771653
0
LINE
8
BLACK
6
CONTINUOUS
10
1.1136331102362205
20
1.3589285826771653
11
1.1128292519685039
21
1.3559285826771654
0
LINE
8
BLACK
6
CONTINUOUS
10
1.1128292519685039
20
1.3559285826771654
11
1.1106331102362204
21
1.3537324409448819
0
LINE
8
BLACK
6
CONTINUOUS
10
1.1106331102362204
20
1.3537324409448819
11
1.1076331102362205
21
1.3529285826771653
0
LINE
8
BLACK
6
CONTINUOUS
10
1.1076331102362205
20
1.3529285826771653
11
1.1046331102362204
21
1.3537324409448819
0
LINE
8
BLACK
6
CONTINUOUS
10
1.1046331102362204
20
1.3537324409448819
11
1.102436968503937
21
1.3559285826771654
0
LINE
8
BLACK
6
CONTINUOUS
10
1.102436968503937
20
1.3559285826771654
11
1.1016331102362205
21
1.3589285826771653
0
LINE
8
BLACK
6
CONTINUOUS
10
1.1016331102362205
20
1.3589285826771653
11
1.1016331102362205
21
1.3700714173228346
0
LINE
8
BLACK
6
CONTINUOUS
10
1.1016331102362205
20
1.3700714173228346
11
1.0476331102362204
21
1.3700714173228346
0
LINE
8
BLACK
6
CONTINUOUS
10
1.0476331102362204
20
1.3700714173228346
11
1.0463135039370079
21
1.370425
0
LINE
8
BLACK
6
CONTINUOUS
10
1.0463135039370079
20
1.370425
11
1.0449737795275591
21
1.3706929527559055
0
LINE
8
BLACK
6
CONTINUOUS
10
1.0449737795275591
20
1.3706929527559055
11
1.0448247244094488
21
1.3708238976377953
0
LINE
8
BLACK
6
CONTINUOUS
10
1.0448247244094488
20
1.3708238976377953
11
1.0446331102362205
21
1.3708752755905511
0
LINE
8
BLACK
6
CONTINUOUS
10
1.0446331102362205
20
1.3708752755905511
11
1.0436669291338583
21
1.3718414173228346
0
LINE
8
BLACK
6
CONTINUOUS
10
1.0436669291338583
20
1.3718414173228346
11
1.0426408267716536
21
1.3727432283464567
0
LINE
8
BLACK
6
CONTINUOUS
10
1.0426408267716536
20
1.3727432283464567
11
1.0425772440944883
21
1.3729311023622046
0
LINE
8
BLACK
6
CONTINUOUS
10
1.0425772440944883
20
1.3729311023622046
11
1.042436968503937
21
1.3730714173228347
0
LINE
8
BLACK
6
CONTINUOUS
10
1.042436968503937
20
1.3730714173228347
11
1.0420833070866142
21
1.3743911811023621
0
LINE
8
BLACK
6
CONTINUOUS
10
1.0420833070866142
20
1.3743911811023621
11
1.0416455511811022
21
1.3756852755905511
0
LINE
8
BLACK
6
CONTINUOUS
10
1.0416455511811022
20
1.3756852755905511
11
1.0416844488188977
21
1.3758797637795275
0
LINE
8
BLACK
6
CONTINUOUS
10
1.0416844488188977
20
1.3758797637795275
11
1.0416331102362204
21
1.3760714173228346
0
LINE
8
BLACK
6
CONTINUOUS
10
1.0416331102362204
20
1.3760714173228346
11
1.0419866929133859
21
1.3773909842519685
0
LINE
8
BLACK
6
CONTINUOUS
10
1.0419866929133859
20
1.3773909842519685
11
1.0422546456692914
21
1.3787307480314961
0
LINE
8
BLACK
6
CONTINUOUS
10
1.0422546456692914
20
1.3787307480314961
11
1.0423855905511812
21
1.3788797637795276
0
LINE
8
BLACK
6
CONTINUOUS
10
1.0423855905511812
20
1.3788797637795276
11
1.042436968503937
21
1.3790714173228347
0
LINE
8
BLACK
6
CONTINUOUS
10
1.042436968503937
20
1.3790714173228347
11
1.0434031102362205
21
1.3800375590551182
0
LINE
8
BLACK
6
CONTINUOUS
10
1.0434031102362205
20
1.3800375590551182
11
1.0443049212598425
21
1.3810637007874016
0
LINE
8
BLACK
6
CONTINUOUS
10
1.0443049212598425
20
1.3810637007874016
11
1.0523818897637796
21
1.3864483464566928
0
LINE
8
BLACK
6
CONTINUOUS
10
1.0523818897637796
20
1.3864483464566928
11
1.0569876377952756
21
1.3910540944881888
0
LINE
8
BLACK
6
CONTINUOUS
10
1.0569876377952756
20
1.3910540944881888
11
1.0594094094488189
21
1.3958975984251969
0
LINE
8
BLACK
6
CONTINUOUS
10
1.0594094094488189
20
1.3958975984251969
11
1.0614700787401574
21
1.3982213779527559
0
LINE
8
BLACK
6
CONTINUOUS
10
1.0614700787401574
20
1.3982213779527559
11
1.064416496062992
21
1.3992035039370079
0
LINE
8
BLACK
6
CONTINUOUS
10
1.064416496062992
20
1.3992035039370079
11
1.0674592913385827
21
1.3985808267716535
0
LINE
8
BLACK
6
CONTINUOUS
10
1.0674592913385827
20
1.3985808267716535
11
1.0697830708661418
21
1.3965201968503937
0
LINE
8
BLACK
6
CONTINUOUS
10
1.0697830708661418
20
1.3965201968503937
11
1.0707651968503937
21
1.3935737795275591
0
LINE
8
BLACK
6
CONTINUOUS
10
1.0707651968503937
20
1.3935737795275591
11
1.0701425590551181
21
1.3905309842519684
0
LINE
8
BLACK
6
CONTINUOUS
10
1.0701425590551181
20
1.3905309842519684
11
1.0672853937007873
21
1.3848166929133858
0
LINE
8
BLACK
6
CONTINUOUS
10
1.0672853937007873
20
1.3848166929133858
11
1.0666444094488188
21
1.3840938582677165
0
LINE
8
BLACK
6
CONTINUOUS
10
1.0666444094488188
20
1.3840938582677165
11
1.0661614566929134
21
1.3832573622047244
0
LINE
8
BLACK
6
CONTINUOUS
10
1.0661614566929134
20
1.3832573622047244
11
1.0649755118110236
21
1.3820714173228346
0
LINE
8
BLACK
6
CONTINUOUS
10
1.0649755118110236
20
1.3820714173228346
11
1.1016331102362205
21
1.3820714173228346
0
LINE
8
BLACK
6
CONTINUOUS
10
1.1016331102362205
20
1.3820714173228346
11
1.1016331102362205
21
1.3932142913385825
0
LINE
8
BLACK
6
CONTINUOUS
10
1.1016331102362205
20
1.3932142913385825
11
1.102436968503937
21
1.3962142913385827
0
LINE
8
BLACK
6
CONTINUOUS
10
1.102436968503937
20
1.3962142913385827
11
1.1046331102362204
21
1.3984104330708662
0
LINE
8
BLACK
6
CONTINUOUS
10
1.1046331102362204
20
1.3984104330708662
11
1.1076331102362205
21
1.3992142913385825
0
LINE
8
BLACK
6
CONTINUOUS
10
1.1076331102362205
20
1.3992142913385825
11
1.1106331102362204
21
1.3984104330708662
0
LINE
8
BLACK
6
CONTINUOUS
10
0.5106331102362205
20
1.4555532677165355
11
0.5128292519685039
21
1.4533571259842519
0
LINE
8
BLACK
6
CONTINUOUS
10
0.5128292519685039
20
1.4533571259842519
11
0.5136331102362205
21
1.450357125984252
0
LINE
8
BLACK
6
CONTINUOUS
10
0.5136331102362205
20
1.450357125984252
11
0.5136331102362205
21
1.4360714173228346
0
LINE
8
BLACK
6
CONTINUOUS
10
0.5136331102362205
20
1.4360714173228346
11
0.5133831102362204
21
1.4351384251968504
0
LINE
8
BLACK
6
CONTINUOUS
10
0.5133831102362204
20
1.4351384251968504
11
0.5133252362204724
21
1.4341740551181101
0
LINE
8
BLACK
6
CONTINUOUS
10
0.5133252362204724
20
1.4341740551181101
11
0.5104680708661418
21
1.4256026377952755
0
LINE
8
BLACK
6
CONTINUOUS
10
0.5104680708661418
20
1.4256026377952755
11
0.5097081889763779
21
1.4244517322834644
0
LINE
8
BLACK
6
CONTINUOUS
10
0.5097081889763779
20
1.4244517322834644
11
0.5090186220472441
21
1.4232573622047244
0
LINE
8
BLACK
6
CONTINUOUS
10
0.5090186220472441
20
1.4232573622047244
11
0.5033043307086614
21
1.4175430708661416
0
LINE
8
BLACK
6
CONTINUOUS
10
0.5033043307086614
20
1.4175430708661416
11
0.5024677559055118
21
1.4170600787401575
0
LINE
8
BLACK
6
CONTINUOUS
10
0.5024677559055118
20
1.4170600787401575
11
0.5017449606299212
21
1.4164191338582677
0
LINE
8
BLACK
6
CONTINUOUS
10
0.5017449606299212
20
1.4164191338582677
11
0.4960306692913385
21
1.4135620078740156
0
LINE
8
BLACK
6
CONTINUOUS
10
0.4960306692913385
20
1.4135620078740156
11
0.4953817716535433
21
1.4134292125984251
0
LINE
8
BLACK
6
CONTINUOUS
10
0.4953817716535433
20
1.4134292125984251
11
0.4948026377952756
21
1.4131077165354331
0
LINE
8
BLACK
6
CONTINUOUS
10
0.4948026377952756
20
1.4131077165354331
11
0.4833740551181102
21
1.4102505511811023
0
LINE
8
BLACK
6
CONTINUOUS
10
0.4833740551181102
20
1.4102505511811023
11
0.4826338188976378
21
1.4102629921259842
0
LINE
8
BLACK
6
CONTINUOUS
10
0.4826338188976378
20
1.4102629921259842
11
0.4819188188976378
21
1.4100714173228346
0
LINE
8
BLACK
6
CONTINUOUS
10
0.4819188188976378
20
1.4100714173228346
11
0.4733474015748032
21
1.4100714173228346
0
LINE
8
BLACK
6
CONTINUOUS
10
0.4733474015748032
20
1.4100714173228346
11
0.4726323622047244
21
1.4102629921259842
0
LINE
8
BLACK
6
CONTINUOUS
10
0.4726323622047244
20
1.4102629921259842
11
0.4718921653543307
21
1.4102505511811023
0
LINE
8
BLACK
6
CONTINUOUS
10
0.4718921653543307
20
1.4102505511811023
11
0.4604635826771654
21
1.4131077165354331
0
LINE
8
BLACK
6
CONTINUOUS
10
0.4604635826771654
20
1.4131077165354331
11
0.4598844094488189
21
1.4134292125984251
0
LINE
8
BLACK
6
CONTINUOUS
10
0.4598844094488189
20
1.4134292125984251
11
0.4592355511811024
21
1.4135620078740156
0
LINE
8
BLACK
6
CONTINUOUS
10
0.4592355511811024
20
1.4135620078740156
11
0.4535212598425197
21
1.4164191338582677
0
LINE
8
BLACK
6
CONTINUOUS
10
0.4535212598425197
20
1.4164191338582677
11
0.4527984645669291
21
1.4170600393700787
0
LINE
8
BLACK
6
CONTINUOUS
10
0.4527984645669291
20
1.4170600393700787
11
0.4519618897637795
21
1.4175430708661416
0
LINE
8
BLACK
6
CONTINUOUS
10
0.4519618897637795
20
1.4175430708661416
11
0.4462475984251968
21
1.4232573622047244
0
LINE
8
BLACK
6
CONTINUOUS
10
0.4462475984251968
20
1.4232573622047244
11
0.4455579921259842
21
1.4244517322834644
0
LINE
8
BLACK
6
CONTINUOUS
10
0.4455579921259842
20
1.4244517322834644
11
0.4447981496062992
21
1.4256026377952755
0
LINE
8
BLACK
6
CONTINUOUS
10
0.4447981496062992
20
1.4256026377952755
11
0.4419410236220472
21
1.4341740551181101
0
LINE
8
BLACK
6
CONTINUOUS
10
0.4419410236220472
20
1.4341740551181101
11
0.4418831102362205
21
1.4351382677165354
0
LINE
8
BLACK
6
CONTINUOUS
10
0.4418831102362205
20
1.4351382677165354
11
0.4416331102362205
21
1.4360714173228346
0
LINE
8
BLACK
6
CONTINUOUS
10
0.4416331102362205
20
1.4360714173228346
11
0.4416331102362205
21
1.450357125984252
0
LINE
8
BLACK
6
CONTINUOUS
10
0.4416331102362205
20
1.450357125984252
11
0.442436968503937
21
1.4533571259842519
0
LINE
8
BLACK
6
CONTINUOUS
10
0.442436968503937
20
1.4533571259842519
11
0.4446331102362205
21
1.4555532677165355
0
LINE
8
BLACK
6
CONTINUOUS
10
0.4446331102362205
20
1.4555532677165355
11
0.4476331102362205
21
1.456357125984252
0
LINE
8
BLACK
6
CONTINUOUS
10
0.4476331102362205
20
1.456357125984252
11
0.5076331102362205
21
1.456357125984252
0
LINE
8
BLACK
6
CONTINUOUS
10
0.5076331102362205
20
1.456357125984252
11
0.5106331102362205
21
1.4555532677165355
0
LINE
8
BLACK
6
CONTINUOUS
10
0.4536331102362204
20
1.4370450393700787
11
0.4557344488188976
21
1.4307410236220472
0
LINE
8
BLACK
6
CONTINUOUS
10
0.4557344488188976
20
1.4307410236220472
11
0.4597586220472441
21
1.4267168503937007
0
LINE
8
BLACK
6
CONTINUOUS
10
0.4597586220472441
20
1.4267168503937007
11
0.4640129133858268
21
1.42458968503937
0
LINE
8
BLACK
6
CONTINUOUS
10
0.4640129133858268
20
1.42458968503937
11
0.4740861023622047
21
1.4220714173228346
0
LINE
8
BLACK
6
CONTINUOUS
10
0.4740861023622047
20
1.4220714173228346
11
0.4811801181102362
21
1.4220714173228346
0
LINE
8
BLACK
6
CONTINUOUS
10
0.4811801181102362
20
1.4220714173228346
11
0.4912532677165354
21
1.42458968503937
0
LINE
8
BLACK
6
CONTINUOUS
10
0.4912532677165354
20
1.42458968503937
11
0.4955075590551181
21
1.4267168503937007
0
LINE
8
BLACK
6
CONTINUOUS
10
0.4955075590551181
20
1.4267168503937007
11
0.4995317716535433
21
1.430741062992126
0
LINE
8
BLACK
6
CONTINUOUS
10
0.4995317716535433
20
1.430741062992126
11
0.5016331102362205
21
1.4370449999999999
0
LINE
8
BLACK
6
CONTINUOUS
10
0.5016331102362205
20
1.4370449999999999
11
0.5016331102362205
21
1.444357125984252
0
LINE
8
BLACK
6
CONTINUOUS
10
0.5016331102362205
20
1.444357125984252
11
0.4536331102362204
21
1.444357125984252
0
LINE
8
BLACK
6
CONTINUOUS
10
0.4536331102362204
20
1.444357125984252
11
0.4536331102362204
21
1.4370450393700787
0
LINE
8
BLACK
6
CONTINUOUS
10
0.7106331102362204
20
1.4555532677165355
11
0.7128292519685039
21
1.4533571259842519
0
LINE
8
BLACK
6
CONTINUOUS
10
0.7128292519685039
20
1.4533571259842519
11
0.7136331102362204
21
1.450357125984252
0
LINE
8
BLACK
6
CONTINUOUS
10
0.7136331102362204
20
1.450357125984252
11
0.7136331102362204
21
1.4360714173228346
0
LINE
8
BLACK
6
CONTINUOUS
10
0.7136331102362204
20
1.4360714173228346
11
0.7133831102362205
21
1.4351384251968504
0
LINE
8
BLACK
6
CONTINUOUS
10
0.7133831102362205
20
1.4351384251968504
11
0.7133252362204724
21
1.4341740551181101
0
LINE
8
BLACK
6
CONTINUOUS
10
0.7133252362204724
20
1.4341740551181101
11
0.7104680708661417
21
1.4256026377952755
0
LINE
8
BLACK
6
CONTINUOUS
10
0.7104680708661417
20
1.4256026377952755
11
0.7097081889763779
21
1.4244517322834644
0
LINE
8
BLACK
6
CONTINUOUS
10
0.7097081889763779
20
1.4244517322834644
11
0.7090186220472441
21
1.4232573622047244
0
LINE
8
BLACK
6
CONTINUOUS
10
0.7090186220472441
20
1.4232573622047244
11
0.7033043307086614
21
1.4175430708661416
0
LINE
8
BLACK
6
CONTINUOUS
10
0.7033043307086614
20
1.4175430708661416
11
0.7024677559055118
21
1.4170600787401575
0
LINE
8
BLACK
6
CONTINUOUS
10
0.7024677559055118
20
1.4170600787401575
11
0.7017449606299212
21
1.4164191338582677
0
LINE
8
BLACK
6
CONTINUOUS
10
0.7017449606299212
20
1.4164191338582677
11
0.6960306692913386
21
1.4135620078740156
0
LINE
8
BLACK
6
CONTINUOUS
10
0.6960306692913386
20
1.4135620078740156
11
0.6953817716535433
21
1.4134292125984251
0
LINE
8
BLACK
6
CONTINUOUS
10
0.6953817716535433
20
1.4134292125984251
11
0.6948026377952756
21
1.4131077165354331
0
LINE
8
BLACK
6
CONTINUOUS
10
0.6948026377952756
20
1.4131077165354331
11
0.6833740551181102
21
1.4102505511811023
0
LINE
8
BLACK
6
CONTINUOUS
10
0.6833740551181102
20
1.4102505511811023
11
0.6826338188976377
21
1.4102629921259842
0
LINE
8
BLACK
6
CONTINUOUS
10
0.6826338188976377
20
1.4102629921259842
11
0.6819188188976378
21
1.4100714173228346
0
LINE
8
BLACK
6
CONTINUOUS
10
0.6819188188976378
20
1.4100714173228346
11
0.6733474015748031
21
1.4100714173228346
0
LINE
8
BLACK
6
CONTINUOUS
10
0.6733474015748031
20
1.4100714173228346
11
0.6726323622047244
21
1.4102629921259842
0
LINE
8
BLACK
6
CONTINUOUS
10
0.6726323622047244
20
1.4102629921259842
11
0.6718921653543307
21
1.4102505511811023
0
LINE
8
BLACK
6
CONTINUOUS
10
0.6718921653543307
20
1.4102505511811023
11
0.6604635826771653
21
1.4131077165354331
0
LINE
8
BLACK
6
CONTINUOUS
10
0.6604635826771653
20
1.4131077165354331
11
0.6598844094488189
21
1.4134292125984251
0
LINE
8
BLACK
6
CONTINUOUS
10
0.6598844094488189
20
1.4134292125984251
11
0.6592355511811023
21
1.4135620078740156
0
LINE
8
BLACK
6
CONTINUOUS
10
0.6592355511811023
20
1.4135620078740156
11
0.6535212598425196
21
1.4164191338582677
0
LINE
8
BLACK
6
CONTINUOUS
10
0.6535212598425196
20
1.4164191338582677
11
0.6527984645669291
21
1.4170600393700787
0
LINE
8
BLACK
6
CONTINUOUS
10
0.6527984645669291
20
1.4170600393700787
11
0.6519618897637796
21
1.4175430708661416
0
LINE
8
BLACK
6
CONTINUOUS
10
0.6519618897637796
20
1.4175430708661416
11
0.6462475984251969
21
1.4232573622047244
0
LINE
8
BLACK
6
CONTINUOUS
10
0.6462475984251969
20
1.4232573622047244
11
0.6455579921259842
21
1.4244517322834644
0
LINE
8
BLACK
6
CONTINUOUS
10
0.6455579921259842
20
1.4244517322834644
11
0.6447981496062992
21
1.4256026377952755
0
LINE
8
BLACK
6
CONTINUOUS
10
0.6447981496062992
20
1.4256026377952755
11
0.6419410236220472
21
1.4341740551181101
0
LINE
8
BLACK
6
CONTINUOUS
10
0.6419410236220472
20
1.4341740551181101
11
0.6418831102362205
21
1.4351382677165354
0
LINE
8
BLACK
6
CONTINUOUS
10
0.6418831102362205
20
1.4351382677165354
11
0.6416331102362205
21
1.4360714173228346
0
LINE
8
BLACK
6
CONTINUOUS
10
0.6416331102362205
20
1.4360714173228346
11
0.6416331102362205
21
1.450357125984252
0
LINE
8
BLACK
6
CONTINUOUS
10
0.6416331102362205
20
1.450357125984252
11
0.6424369685039369
21
1.4533571259842519
0
LINE
8
BLACK
6
CONTINUOUS
10
0.6424369685039369
20
1.4533571259842519
11
0.6446331102362205
21
1.4555532677165355
0
LINE
8
BLACK
6
CONTINUOUS
10
0.6446331102362205
20
1.4555532677165355
11
0.6476331102362205
21
1.456357125984252
0
LINE
8
BLACK
6
CONTINUOUS
10
0.6476331102362205
20
1.456357125984252
11
0.7076331102362204
21
1.456357125984252
0
LINE
8
BLACK
6
CONTINUOUS
10
0.7076331102362204
20
1.456357125984252
11
0.7106331102362204
21
1.4555532677165355
0
LINE
8
BLACK
6
CONTINUOUS
10
0.6536331102362205
20
1.4370450393700787
11
0.6557344488188976
21
1.4307410236220472
0
LINE
8
BLACK
6
CONTINUOUS
10
0.6557344488188976
20
1.4307410236220472
11
0.6597586220472441
21
1.4267168503937007
0
LINE
8
BLACK
6
CONTINUOUS
10
0.6597586220472441
20
1.4267168503937007
11
0.6640129133858268
21
1.42458968503937
0
LINE
8
BLACK
6
CONTINUOUS
10
0.6640129133858268
20
1.42458968503937
11
0.6740861023622047
21
1.4220714173228346
0
LINE
8
BLACK
6
CONTINUOUS
10
0.6740861023622047
20
1.4220714173228346
11
0.6811801181102362
21
1.4220714173228346
0
LINE
8
BLACK
6
CONTINUOUS
10
0.6811801181102362
20
1.4220714173228346
11
0.6912532677165354
21
1.42458968503937
0
LINE
8
BLACK
6
CONTINUOUS
10
0.6912532677165354
20
1.42458968503937
11
0.6955075590551181
21
1.4267168503937007
0
LINE
8
BLACK
6
CONTINUOUS
10
0.6955075590551181
20
1.4267168503937007
11
0.6995317716535433
21
1.430741062992126
0
LINE
8
BLACK
6
CONTINUOUS
10
0.6995317716535433
20
1.430741062992126
11
0.7016331102362204
21
1.4370449999999999
0
LINE
8
BLACK
6
CONTINUOUS
10
0.7016331102362204
20
1.4370449999999999
11
0.7016331102362204
21
1.444357125984252
0
LINE
8
BLACK
6
CONTINUOUS
10
0.7016331102362204
20
1.444357125984252
11
0.6536331102362205
21
1.444357125984252
0
LINE
8
BLACK
6
CONTINUOUS
10
0.6536331102362205
20
1.444357125984252
11
0.6536331102362205
21
1.4370450393700787
0
LINE
8
BLACK
6
CONTINUOUS
10
0.9106331102362204
20
1.4555532677165355
11
0.912829251968504
21
1.4533571259842519
0
LINE
8
BLACK
6
CONTINUOUS
10
0.912829251968504
20
1.4533571259842519
11
0.9136331102362204
21
1.450357125984252
0
LINE
8
BLACK
6
CONTINUOUS
10
0.9136331102362204
20
1.450357125984252
11
0.9136331102362204
21
1.4360714173228346
0
LINE
8
BLACK
6
CONTINUOUS
10
0.9136331102362204
20
1.4360714173228346
11
0.9133831102362204
21
1.4351384251968504
0
LINE
8
BLACK
6
CONTINUOUS
10
0.9133831102362204
20
1.4351384251968504
11
0.9133252362204725
21
1.4341740551181101
0
LINE
8
BLACK
6
CONTINUOUS
10
0.9133252362204725
20
1.4341740551181101
11
0.9104680708661417
21
1.4256026377952755
0
LINE
8
BLACK
6
CONTINUOUS
10
0.9104680708661417
20
1.4256026377952755
11
0.909708188976378
21
1.4244517322834644
0
LINE
8
BLACK
6
CONTINUOUS
10
0.909708188976378
20
1.4244517322834644
11
0.909018622047244
21
1.4232573622047244
0
LINE
8
BLACK
6
CONTINUOUS
10
0.909018622047244
20
1.4232573622047244
11
0.9033043307086615
21
1.4175430708661416
0
LINE
8
BLACK
6
CONTINUOUS
10
0.9033043307086615
20
1.4175430708661416
11
0.9024677559055118
21
1.4170600787401575
0
LINE
8
BLACK
6
CONTINUOUS
10
0.9024677559055118
20
1.4170600787401575
11
0.9017449606299213
21
1.4164191338582677
0
LINE
8
BLACK
6
CONTINUOUS
10
0.9017449606299213
20
1.4164191338582677
11
0.8960306692913386
21
1.4135620078740156
0
LINE
8
BLACK
6
CONTINUOUS
10
0.8960306692913386
20
1.4135620078740156
11
0.8953817716535433
21
1.4134292125984251
0
LINE
8
BLACK
6
CONTINUOUS
10
0.8953817716535433
20
1.4134292125984251
11
0.8948026377952756
21
1.4131077165354331
0
LINE
8
BLACK
6
CONTINUOUS
10
0.8948026377952756
20
1.4131077165354331
11
0.8833740551181102
21
1.4102505511811023
0
LINE
8
BLACK
6
CONTINUOUS
10
0.8833740551181102
20
1.4102505511811023
11
0.8826338188976378
21
1.4102629921259842
0
LINE
8
BLACK
6
CONTINUOUS
10
0.8826338188976378
20
1.4102629921259842
11
0.8819188188976378
21
1.4100714173228346
0
LINE
8
BLACK
6
CONTINUOUS
10
0.8819188188976378
20
1.4100714173228346
11
0.8733474015748032
21
1.4100714173228346
0
LINE
8
BLACK
6
CONTINUOUS
10
0.8733474015748032
20
1.4100714173228346
11
0.8726323622047244
21
1.4102629921259842
0
LINE
8
BLACK
6
CONTINUOUS
10
0.8726323622047244
20
1.4102629921259842
11
0.8718921653543307
21
1.4102505511811023
0
LINE
8
BLACK
6
CONTINUOUS
10
0.8718921653543307
20
1.4102505511811023
11
0.8604635826771654
21
1.4131077165354331
0
LINE
8
BLACK
6
CONTINUOUS
10
0.8604635826771654
20
1.4131077165354331
11
0.8598844094488188
21
1.4134292125984251
0
LINE
8
BLACK
6
CONTINUOUS
10
0.8598844094488188
20
1.4134292125984251
11
0.8592355511811024
21
1.4135620078740156
0
LINE
8
BLACK
6
CONTINUOUS
10
0.8592355511811024
20
1.4135620078740156
11
0.8535212598425197
21
1.4164191338582677
0
LINE
8
BLACK
6
CONTINUOUS
10
0.8535212598425197
20
1.4164191338582677
11
0.8527984645669291
21
1.4170600393700787
0
LINE
8
BLACK
6
CONTINUOUS
10
0.8527984645669291
20
1.4170600393700787
11
0.8519618897637795
21
1.4175430708661416
0
LINE
8
BLACK
6
CONTINUOUS
10
0.8519618897637795
20
1.4175430708661416
11
0.8462475984251968
21
1.4232573622047244
0
LINE
8
BLACK
6
CONTINUOUS
10
0.8462475984251968
20
1.4232573622047244
11
0.8455579921259843
21
1.4244517322834644
0
LINE
8
BLACK
6
CONTINUOUS
10
0.8455579921259843
20
1.4244517322834644
11
0.8447981496062992
21
1.4256026377952755
0
LINE
8
BLACK
6
CONTINUOUS
10
0.8447981496062992
20
1.4256026377952755
11
0.8419410236220473
21
1.4341740551181101
0
LINE
8
BLACK
6
CONTINUOUS
10
0.8419410236220473
20
1.4341740551181101
11
0.8418831102362204
21
1.4351382677165354
0
LINE
8
BLACK
6
CONTINUOUS
10
0.8418831102362204
20
1.4351382677165354
11
0.8416331102362204
21
1.4360714173228346
0
LINE
8
BLACK
6
CONTINUOUS
10
0.8416331102362204
20
1.4360714173228346
11
0.8416331102362204
21
1.450357125984252
0
LINE
8
BLACK
6
CONTINUOUS
10
0.8416331102362204
20
1.450357125984252
11
0.842436968503937
21
1.4533571259842519
0
LINE
8
BLACK
6
CONTINUOUS
10
0.842436968503937
20
1.4533571259842519
11
0.8446331102362205
21
1.4555532677165355
0
LINE
8
BLACK
6
CONTINUOUS
10
0.8446331102362205
20
1.4555532677165355
11
0.8476331102362205
21
1.456357125984252
0
LINE
8
BLACK
6
CONTINUOUS
10
0.8476331102362205
20
1.456357125984252
11
0.9076331102362204
21
1.456357125984252
0
LINE
8
BLACK
6
CONTINUOUS
10
0.9076331102362204
20
1.456357125984252
11
0.9106331102362204
21
1.4555532677165355
0
LINE
8
BLACK
6
CONTINUOUS
10
0.8536331102362205
20
1.4370450393700787
11
0.8557344488188976
21
1.4307410236220472
0
LINE
8
BLACK
6
CONTINUOUS
10
0.8557344488188976
20
1.4307410236220472
11
0.8597586220472441
21
1.4267168503937007
0
LINE
8
BLACK
6
CONTINUOUS
10
0.8597586220472441
20
1.4267168503937007
11
0.8640129133858268
21
1.42458968503937
0
LINE
8
BLACK
6
CONTINUOUS
10
0.8640129133858268
20
1.42458968503937
11
0.8740861023622047
21
1.4220714173228346
0
LINE
8
BLACK
6
CONTINUOUS
10
0.8740861023622047
20
1.4220714173228346
11
0.8811801181102362
21
1.4220714173228346
0
LINE
8
BLACK
6
CONTINUOUS
10
0.8811801181102362
20
1.4220714173228346
11
0.8912532677165355
21
1.42458968503937
0
LINE
8
BLACK
6
CONTINUOUS
10
0.8912532677165355
20
1.42458968503937
11
0.8955075590551181
21
1.4267168503937007
0
LINE
8
BLACK
6
CONTINUOUS
10
0.8955075590551181
20
1.4267168503937007
11
0.8995317716535433
21
1.430741062992126
0
LINE
8
BLACK
6
CONTINUOUS
10
0.8995317716535433
20
1.430741062992126
11
0.9016331102362205
21
1.4370449999999999
0
LINE
8
BLACK
6
CONTINUOUS
10
0.9016331102362205
20
1.4370449999999999
11
0.9016331102362205
21
1.444357125984252
0
LINE
8
BLACK
6
CONTINUOUS
10
0.9016331102362205
20
1.444357125984252
11
0.8536331102362205
21
1.444357125984252
0
LINE
8
BLACK
6
CONTINUOUS
10
0.8536331102362205
20
1.444357125984252
11
0.8536331102362205
21
1.4370450393700787
0
LINE
8
BLACK
6
CONTINUOUS
10
1.1106331102362204
20
1.4555532677165355
11
1.1128292519685039
21
1.4533571259842519
0
LINE
8
BLACK
6
CONTINUOUS
10
1.1128292519685039
20
1.4533571259842519
11
1.1136331102362205
21
1.450357125984252
0
LINE
8
BLACK
6
CONTINUOUS
10
1.1136331102362205
20
1.450357125984252
11
1.1136331102362205
21
1.4360714173228346
0
LINE
8
BLACK
6
CONTINUOUS
10
1.1136331102362205
20
1.4360714173228346
11
1.1133831102362204
21
1.4351384251968504
0
LINE
8
BLACK
6
CONTINUOUS
10
1.1133831102362204
20
1.4351384251968504
11
1.1133252362204724
21
1.4341740551181101
0
LINE
8
BLACK
6
CONTINUOUS
10
1.1133252362204724
20
1.4341740551181101
11
1.1104680708661416
21
1.4256026377952755
0
LINE
8
BLACK
6
CONTINUOUS
10
1.1104680708661416
20
1.4256026377952755
11
1.109708188976378
21
1.4244517322834644
0
LINE
8
BLACK
6
CONTINUOUS
10
1.109708188976378
20
1.4244517322834644
11
1.109018622047244
21
1.4232573622047244
0
LINE
8
BLACK
6
CONTINUOUS
10
1.109018622047244
20
1.4232573622047244
11
1.1033043307086614
21
1.4175430708661416
0
LINE
8
BLACK
6
CONTINUOUS
10
1.1033043307086614
20
1.4175430708661416
11
1.1024677559055118
21
1.4170600787401575
0
LINE
8
BLACK
6
CONTINUOUS
10
1.1024677559055118
20
1.4170600787401575
11
1.1017449606299212
21
1.4164191338582677
0
LINE
8
BLACK
6
CONTINUOUS
10
1.1017449606299212
20
1.4164191338582677
11
1.0960306692913386
21
1.4135620078740156
0
LINE
8
BLACK
6
CONTINUOUS
10
1.0960306692913386
20
1.4135620078740156
11
1.0953817716535432
21
1.4134292125984251
0
LINE
8
BLACK
6
CONTINUOUS
10
1.0953817716535432
20
1.4134292125984251
11
1.0948026377952755
21
1.4131077165354331
0
LINE
8
BLACK
6
CONTINUOUS
10
1.0948026377952755
20
1.4131077165354331
11
1.0833740551181101
21
1.4102505511811023
0
LINE
8
BLACK
6
CONTINUOUS
10
1.0833740551181101
20
1.4102505511811023
11
1.0826338188976379
21
1.4102629921259842
0
LINE
8
BLACK
6
CONTINUOUS
10
1.0826338188976379
20
1.4102629921259842
11
1.0819188188976379
21
1.4100714173228346
0
LINE
8
BLACK
6
CONTINUOUS
10
1.0819188188976379
20
1.4100714173228346
11
1.073347401574803
21
1.4100714173228346
0
LINE
8
BLACK
6
CONTINUOUS
10
1.073347401574803
20
1.4100714173228346
11
1.0726323622047245
21
1.4102629921259842
0
LINE
8
BLACK
6
CONTINUOUS
10
1.0726323622047245
20
1.4102629921259842
11
1.0718921653543307
21
1.4102505511811023
0
LINE
8
BLACK
6
CONTINUOUS
10
1.0718921653543307
20
1.4102505511811023
11
1.0604635826771653
21
1.4131077165354331
0
LINE
8
BLACK
6
CONTINUOUS
10
1.0604635826771653
20
1.4131077165354331
11
1.0598844094488189
21
1.4134292125984251
0
LINE
8
BLACK
6
CONTINUOUS
10
1.0598844094488189
20
1.4134292125984251
11
1.0592355511811022
21
1.4135620078740156
0
LINE
8
BLACK
6
CONTINUOUS
10
1.0592355511811022
20
1.4135620078740156
11
1.0535212598425197
21
1.4164191338582677
0
LINE
8
BLACK
6
CONTINUOUS
10
1.0535212598425197
20
1.4164191338582677
11
1.052798464566929
21
1.4170600393700787
0
LINE
8
BLACK
6
CONTINUOUS
10
1.052798464566929
20
1.4170600393700787
11
1.0519618897637795
21
1.4175430708661416
0
LINE
8
BLACK
6
CONTINUOUS
10
1.0519618897637795
20
1.4175430708661416
11
1.0462475984251969
21
1.4232573622047244
0
LINE
8
BLACK
6
CONTINUOUS
10
1.0462475984251969
20
1.4232573622047244
11
1.0455579921259843
21
1.4244517322834644
0
LINE
8
BLACK
6
CONTINUOUS
10
1.0455579921259843
20
1.4244517322834644
11
1.0447981496062992
21
1.4256026377952755
0
LINE
8
BLACK
6
CONTINUOUS
10
1.0447981496062992
20
1.4256026377952755
11
1.0419410236220472
21
1.4341740551181101
0
LINE
8
BLACK
6
CONTINUOUS
10
1.0419410236220472
20
1.4341740551181101
11
1.0418831102362205
21
1.4351382677165354
0
LINE
8
BLACK
6
CONTINUOUS
10
1.0418831102362205
20
1.4351382677165354
11
1.0416331102362204
21
1.4360714173228346
0
LINE
8
BLACK
6
CONTINUOUS
10
1.0416331102362204
20
1.4360714173228346
11
1.0416331102362204
21
1.450357125984252
0
LINE
8
BLACK
6
CONTINUOUS
10
1.0416331102362204
20
1.450357125984252
11
1.042436968503937
21
1.4533571259842519
0
LINE
8
BLACK
6
CONTINUOUS
10
1.042436968503937
20
1.4533571259842519
11
1.0446331102362205
21
1.4555532677165355
0
LINE
8
BLACK
6
CONTINUOUS
10
1.0446331102362205
20
1.4555532677165355
11
1.0476331102362204
21
1.456357125984252
0
LINE
8
BLACK
6
CONTINUOUS
10
1.0476331102362204
20
1.456357125984252
11
1.1076331102362205
21
1.456357125984252
0
LINE
8
BLACK
6
CONTINUOUS
10
1.1076331102362205
20
1.456357125984252
11
1.1106331102362204
21
1.4555532677165355
0
LINE
8
BLACK
6
CONTINUOUS
10
1.0536331102362204
20
1.4370450393700787
11
1.0557344488188976
21
1.4307410236220472
0
LINE
8
BLACK
6
CONTINUOUS
10
1.0557344488188976
20
1.4307410236220472
11
1.0597586220472441
21
1.4267168503937007
0
LINE
8
BLACK
6
CONTINUOUS
10
1.0597586220472441
20
1.4267168503937007
11
1.0640129133858267
21
1.42458968503937
0
LINE
8
BLACK
6
CONTINUOUS
10
1.0640129133858267
20
1.42458968503937
11
1.0740861023622048
21
1.4220714173228346
0
LINE
8
BLACK
6
CONTINUOUS
10
1.0740861023622048
20
1.4220714173228346
11
1.0811801181102363
21
1.4220714173228346
0
LINE
8
BLACK
6
CONTINUOUS
10
1.0811801181102363
20
1.4220714173228346
11
1.0912532677165354
21
1.42458968503937
0
LINE
8
BLACK
6
CONTINUOUS
10
1.0912532677165354
20
1.42458968503937
11
1.095507559055118
21
1.4267168503937007
0
LINE
8
BLACK
6
CONTINUOUS
10
1.095507559055118
20
1.4267168503937007
11
1.0995317716535433
21
1.430741062992126
0
LINE
8
BLACK
6
CONTINUOUS
10
1.0995317716535433
20
1.430741062992126
11
1.1016331102362205
21
1.4370449999999999
0
LINE
8
BLACK
6
CONTINUOUS
10
1.1016331102362205
20
1.4370449999999999
11
1.1016331102362205
21
1.444357125984252
0
LINE
8
BLACK
6
CONTINUOUS
10
1.1016331102362205
20
1.444357125984252
11
1.0536331102362204
21
1.444357125984252
0
LINE
8
BLACK
6
CONTINUOUS
10
1.0536331102362204
20
1.444357125984252
11
1.0536331102362204
21
1.4370450393700787
0
LINE
8
BLACK
6
CONTINUOUS
10
0.4233896062992126
20
1.5046383464566928
11
0.423960748031496
21
1.5032594881889763
0
LINE
8
BLACK
6
CONTINUOUS
10
0.423960748031496
20
1.5032594881889763
11
0.4233896062992126
21
1.5018806299212597
0
LINE
8
BLACK
6
CONTINUOUS
10
0.4233896062992126
20
1.5018806299212597
11
0.4220107480314961
21
1.5013094881889764
0
LINE
8
BLACK
6
CONTINUOUS
10
0.4220107480314961
20
1.5013094881889764
11
0.4143756299212598
21
1.5013094881889764
0
LINE
8
BLACK
6
CONTINUOUS
10
0.4143756299212598
20
1.5013094881889764
11
0.4137223228346457
21
1.5006561811023622
0
LINE
8
BLACK
6
CONTINUOUS
10
0.4137223228346457
20
1.5006561811023622
11
0.4231807480314961
21
1.4935623622047243
0
LINE
8
BLACK
6
CONTINUOUS
10
0.4231807480314961
20
1.4935623622047243
11
0.4239411417322835
21
1.4922781496062991
0
LINE
8
BLACK
6
CONTINUOUS
10
0.4239411417322835
20
1.4922781496062991
11
0.4235707480314961
21
1.4908323622047244
0
LINE
8
BLACK
6
CONTINUOUS
10
0.4235707480314961
20
1.4908323622047244
11
0.4222864960629921
21
1.490071968503937
0
LINE
8
BLACK
6
CONTINUOUS
10
0.4222864960629921
20
1.490071968503937
11
0.4208407480314961
21
1.4904423622047245
0
LINE
8
BLACK
6
CONTINUOUS
10
0.4208407480314961
20
1.4904423622047245
11
0.4109366141732284
21
1.4978704724409448
0
LINE
8
BLACK
6
CONTINUOUS
10
0.4109366141732284
20
1.4978704724409448
11
0.4036896062992126
21
1.4906235039370079
0
LINE
8
BLACK
6
CONTINUOUS
10
0.4036896062992126
20
1.4906235039370079
11
0.4023107480314961
21
1.4900523622047244
0
LINE
8
BLACK
6
CONTINUOUS
10
0.4023107480314961
20
1.4900523622047244
11
0.4009318897637795
21
1.4906235039370079
0
LINE
8
BLACK
6
CONTINUOUS
10
0.4009318897637795
20
1.4906235039370079
11
0.4003607480314961
21
1.4920023622047245
0
LINE
8
BLACK
6
CONTINUOUS
10
0.4003607480314961
20
1.4920023622047245
11
0.4009318897637795
21
1.4933812204724408
0
LINE
8
BLACK
6
CONTINUOUS
10
0.4009318897637795
20
1.4933812204724408
11
0.4088601968503937
21
1.5013094881889764
0
LINE
8
BLACK
6
CONTINUOUS
10
0.4088601968503937
20
1.5013094881889764
11
0.4023107480314961
21
1.5013094881889764
0
LINE
8
BLACK
6
CONTINUOUS
10
0.4023107480314961
20
1.5013094881889764
11
0.4009318897637795
21
1.5018806299212597
0
LINE
8
BLACK
6
CONTINUOUS
10
0.4009318897637795
20
1.5018806299212597
11
0.4003607480314961
21
1.5032594881889763
0
LINE
8
BLACK
6
CONTINUOUS
10
0.4003607480314961
20
1.5032594881889763
11
0.4009318897637795
21
1.5046383464566928
0
LINE
8
BLACK
6
CONTINUOUS
10
0.4009318897637795
20
1.5046383464566928
11
0.4023107480314961
21
1.5052094881889764
0
LINE
8
BLACK
6
CONTINUOUS
10
0.4023107480314961
20
1.5052094881889764
11
0.4220107480314961
21
1.5052094881889764
0
LINE
8
BLACK
6
CONTINUOUS
10
0.4220107480314961
20
1.5052094881889764
11
0.4233896062992126
21
1.5046383464566928
0
LINE
8
BLACK
6
CONTINUOUS
10
0.6233896062992126
20
1.5046383464566928
11
0.623960748031496
21
1.5032594881889763
0
LINE
8
BLACK
6
CONTINUOUS
10
0.623960748031496
20
1.5032594881889763
11
0.6233896062992126
21
1.5018806299212597
0
LINE
8
BLACK
6
CONTINUOUS
10
0.6233896062992126
20
1.5018806299212597
11
0.622010748031496
21
1.5013094881889764
0
LINE
8
BLACK
6
CONTINUOUS
10
0.622010748031496
20
1.5013094881889764
11
0.6143756299212598
21
1.5013094881889764
0
LINE
8
BLACK
6
CONTINUOUS
10
0.6143756299212598
20
1.5013094881889764
11
0.6137223228346457
21
1.5006561811023622
0
LINE
8
BLACK
6
CONTINUOUS
10
0.6137223228346457
20
1.5006561811023622
11
0.623180748031496
21
1.4935623622047243
0
LINE
8
BLACK
6
CONTINUOUS
10
0.623180748031496
20
1.4935623622047243
11
0.6239411417322834
21
1.4922781496062991
0
LINE
8
BLACK
6
CONTINUOUS
10
0.6239411417322834
20
1.4922781496062991
11
0.623570748031496
21
1.4908323622047244
0
LINE
8
BLACK
6
CONTINUOUS
10
0.623570748031496
20
1.4908323622047244
11
0.6222864960629921
21
1.490071968503937
0
LINE
8
BLACK
6
CONTINUOUS
10
0.6222864960629921
20
1.490071968503937
11
0.620840748031496
21
1.4904423622047245
0
LINE
8
BLACK
6
CONTINUOUS
10
0.620840748031496
20
1.4904423622047245
11
0.6109366141732283
21
1.4978704724409448
0
LINE
8
BLACK
6
CONTINUOUS
10
0.6109366141732283
20
1.4978704724409448
11
0.6036896062992125
21
1.4906235039370079
0
LINE
8
BLACK
6
CONTINUOUS
10
0.6036896062992125
20
1.4906235039370079
11
0.6023107480314961
21
1.4900523622047244
0
LINE
8
BLACK
6
CONTINUOUS
10
0.6023107480314961
20
1.4900523622047244
11
0.6009318897637795
21
1.4906235039370079
0
LINE
8
BLACK
6
CONTINUOUS
10
0.6009318897637795
20
1.4906235039370079
11
0.6003607480314961
21
1.4920023622047245
0
LINE
8
BLACK
6
CONTINUOUS
10
0.6003607480314961
20
1.4920023622047245
11
0.6009318897637795
21
1.4933812204724408
0
LINE
8
BLACK
6
CONTINUOUS
10
0.6009318897637795
20
1.4933812204724408
11
0.6088601968503937
21
1.5013094881889764
0
LINE
8
BLACK
6
CONTINUOUS
10
0.6088601968503937
20
1.5013094881889764
11
0.6023107480314961
21
1.5013094881889764
0
LINE
8
BLACK
6
CONTINUOUS
10
0.6023107480314961
20
1.5013094881889764
11
0.6009318897637795
21
1.5018806299212597
0
LINE
8
BLACK
6
CONTINUOUS
10
0.6009318897637795
20
1.5018806299212597
11
0.6003607480314961
21
1.5032594881889763
0
LINE
8
BLACK
6
CONTINUOUS
10
0.6003607480314961
20
1.5032594881889763
11
0.6009318897637795
21
1.5046383464566928
0
LINE
8
BLACK
6
CONTINUOUS
10
0.6009318897637795
20
1.5046383464566928
11
0.6023107480314961
21
1.5052094881889764
0
LINE
8
BLACK
6
CONTINUOUS
10
0.6023107480314961
20
1.5052094881889764
11
0.622010748031496
21
1.5052094881889764
0
LINE
8
BLACK
6
CONTINUOUS
10
0.622010748031496
20
1.5052094881889764
11
0.6233896062992126
21
1.5046383464566928
0
LINE
8
BLACK
6
CONTINUOUS
10
0.8233896062992125
20
1.5046383464566928
11
0.823960748031496
21
1.5032594881889763
0
LINE
8
BLACK
6
CONTINUOUS
10
0.823960748031496
20
1.5032594881889763
11
0.8233896062992125
21
1.5018806299212597
0
LINE
8
BLACK
6
CONTINUOUS
10
0.8233896062992125
20
1.5018806299212597
11
0.8220107480314961
21
1.5013094881889764
0
LINE
8
BLACK
6
CONTINUOUS
10
0.8220107480314961
20
1.5013094881889764
11
0.8143756299212598
21
1.5013094881889764
0
LINE
8
BLACK
6
CONTINUOUS
10
0.8143756299212598
20
1.5013094881889764
11
0.8137223228346456
21
1.5006561811023622
0
LINE
8
BLACK
6
CONTINUOUS
10
0.8137223228346456
20
1.5006561811023622
11
0.823180748031496
21
1.4935623622047243
0
LINE
8
BLACK
6
CONTINUOUS
10
0.823180748031496
20
1.4935623622047243
11
0.8239411417322835
21
1.4922781496062991
0
LINE
8
BLACK
6
CONTINUOUS
10
0.8239411417322835
20
1.4922781496062991
11
0.823570748031496
21
1.4908323622047244
0
LINE
8
BLACK
6
CONTINUOUS
10
0.823570748031496
20
1.4908323622047244
11
0.8222864960629921
21
1.490071968503937
0
LINE
8
BLACK
6
CONTINUOUS
10
0.8222864960629921
20
1.490071968503937
11
0.8208407480314961
21
1.4904423622047245
0
LINE
8
BLACK
6
CONTINUOUS
10
0.8208407480314961
20
1.4904423622047245
11
0.8109366141732284
21
1.4978704724409448
0
LINE
8
BLACK
6
CONTINUOUS
10
0.8109366141732284
20
1.4978704724409448
11
0.8036896062992126
21
1.4906235039370079
0
LINE
8
BLACK
6
CONTINUOUS
10
0.8036896062992126
20
1.4906235039370079
11
0.802310748031496
21
1.4900523622047244
0
LINE
8
BLACK
6
CONTINUOUS
10
0.802310748031496
20
1.4900523622047244
11
0.8009318897637795
21
1.4906235039370079
0
LINE
8
BLACK
6
CONTINUOUS
10
0.8009318897637795
20
1.4906235039370079
11
0.800360748031496
21
1.4920023622047245
0
LINE
8
BLACK
6
CONTINUOUS
10
0.800360748031496
20
1.4920023622047245
11
0.8009318897637795
21
1.4933812204724408
0
LINE
8
BLACK
6
CONTINUOUS
10
0.8009318897637795
20
1.4933812204724408
11
0.8088601968503937
21
1.5013094881889764
0
LINE
8
BLACK
6
CONTINUOUS
10
0.8088601968503937
20
1.5013094881889764
11
0.802310748031496
21
1.5013094881889764
0
LINE
8
BLACK
6
CONTINUOUS
10
0.802310748031496
20
1.5013094881889764
11
0.8009318897637795
21
1.5018806299212597
0
LINE
8
BLACK
6
CONTINUOUS
10
0.8009318897637795
20
1.5018806299212597
11
0.800360748031496
21
1.5032594881889763
0
LINE
8
BLACK
6
CONTINUOUS
10
0.800360748031496
20
1.5032594881889763
11
0.8009318897637795
21
1.5046383464566928
0
LINE
8
BLACK
6
CONTINUOUS
10
0.8009318897637795
20
1.5046383464566928
11
0.802310748031496
21
1.5052094881889764
0
LINE
8
BLACK
6
CONTINUOUS
10
0.802310748031496
20
1.5052094881889764
11
0.8220107480314961
21
1.5052094881889764
0
LINE
8
BLACK
6
CONTINUOUS
10
0.8220107480314961
20
1.5052094881889764
11
0.8233896062992125
21
1.5046383464566928
0
LINE
8
BLACK
6
CONTINUOUS
10
1.0233896062992125
20
1.5046383464566928
11
1.0239607480314961
21
1.5032594881889763
0
LINE
8
BLACK
6
CONTINUOUS
10
1.0239607480314961
20
1.5032594881889763
11
1.0233896062992125
21
1.5018806299212597
0
LINE
8
BLACK
6
CONTINUOUS
10
1.0233896062992125
20
1.5018806299212597
11
1.0220107480314959
21
1.5013094881889764
0
LINE
8
BLACK
6
CONTINUOUS
10
1.0220107480314959
20
1.5013094881889764
11
1.0143756299212598
21
1.5013094881889764
0
LINE
8
BLACK
6
CONTINUOUS
10
1.0143756299212598
20
1.5013094881889764
11
1.0137223228346457
21
1.5006561811023622
0
LINE
8
BLACK
6
CONTINUOUS
10
1.0137223228346457
20
1.5006561811023622
11
1.0231807480314961
21
1.4935623622047243
0
LINE
8
BLACK
6
CONTINUOUS
10
1.0231807480314961
20
1.4935623622047243
11
1.0239411417322835
21
1.4922781496062991
0
LINE
8
BLACK
6
CONTINUOUS
10
1.0239411417322835
20
1.4922781496062991
11
1.0235707480314959
21
1.4908323622047244
0
LINE
8
BLACK
6
CONTINUOUS
10
1.0235707480314959
20
1.4908323622047244
11
1.022286496062992
21
1.490071968503937
0
LINE
8
BLACK
6
CONTINUOUS
10
1.022286496062992
20
1.490071968503937
11
1.020840748031496
21
1.4904423622047245
0
LINE
8
BLACK
6
CONTINUOUS
10
1.020840748031496
20
1.4904423622047245
11
1.0109366141732283
21
1.4978704724409448
0
LINE
8
BLACK
6
CONTINUOUS
10
1.0109366141732283
20
1.4978704724409448
11
1.0036896062992127
21
1.4906235039370079
0
LINE
8
BLACK
6
CONTINUOUS
10
1.0036896062992127
20
1.4906235039370079
11
1.0023107480314961
21
1.4900523622047244
0
LINE
8
BLACK
6
CONTINUOUS
10
1.0023107480314961
20
1.4900523622047244
11
1.0009318897637796
21
1.4906235039370079
0
LINE
8
BLACK
6
CONTINUOUS
10
1.0009318897637796
20
1.4906235039370079
11
1.000360748031496
21
1.4920023622047245
0
LINE
8
BLACK
6
CONTINUOUS
10
1.000360748031496
20
1.4920023622047245
11
1.0009318897637796
21
1.4933812204724408
0
LINE
8
BLACK
6
CONTINUOUS
10
1.0009318897637796
20
1.4933812204724408
11
1.0088601968503936
21
1.5013094881889764
0
LINE
8
BLACK
6
CONTINUOUS
10
1.0088601968503936
20
1.5013094881889764
11
1.0023107480314961
21
1.5013094881889764
0
LINE
8
BLACK
6
CONTINUOUS
10
1.0023107480314961
20
1.5013094881889764
11
1.0009318897637796
21
1.5018806299212597
0
LINE
8
BLACK
6
CONTINUOUS
10
1.0009318897637796
20
1.5018806299212597
11
1.000360748031496
21
1.5032594881889763
0
LINE
8
BLACK
6
CONTINUOUS
10
1.000360748031496
20
1.5032594881889763
11
1.0009318897637796
21
1.5046383464566928
0
LINE
8
BLACK
6
CONTINUOUS
10
1.0009318897637796
20
1.5046383464566928
11
1.0023107480314961
21
1.5052094881889764
0
LINE
8
BLACK
6
CONTINUOUS
10
1.0023107480314961
20
1.5052094881889764
11
1.0220107480314959
21
1.5052094881889764
0
LINE
8
BLACK
6
CONTINUOUS
10
1.0220107480314959
20
1.5052094881889764
11
1.0233896062992125
21
1.5046383464566928
0
CIRCLE
8
BLACK
10
0.84
20
0.13
40
0.0068897637795276
0
CIRCLE
8
BLACK
10
0.84
20
0.23
40
0.0068897637795276
0
CIRCLE
8
BLACK
10
0.9399999999999999
20
0.13
40
0.0068897637795276
0
CIRCLE
8
BLACK
10
0.9399999999999999
20
0.23
40
0.0068897637795276
0
CIRCLE
8
BLACK
10
1.04
20
0.13
40
0.0068897637795276
0
CIRCLE
8
BLACK
10
1.04
20
0.23
40
0.0068897637795276
0
CIRCLE
8
BLACK
10
1.1399999999999999
20
0.13
40
0.0068897637795276
0
CIRCLE
8
BLACK
10
1.1399999999999999
20
0.23
40
0.0068897637795276
0
CIRCLE
8
BLACK
10
1.3999999999999999
20
0.2
40
0.0068897637795276
0
CIRCLE
8
BLACK
10
0.2
20
1.3999999999999999
40
0.0068897637795276
0
CIRCLE
8
BLACK
10
0.2
20
0.2
40
0.0068897637795276
0
CIRCLE
8
BLACK
10
1.3999999999999999
20
1.3999999999999999
40
0.0068897637795276
  0
ENDSEC
  0
EOF
