  0
SECTION
  2
HEADER
  9
$ANGBASE
  50
0.0
  9
$ANGDIR
  70
1
  9
$MEASUREMENT
  70
0
  0
ENDSEC
  0
SECTION
  2
TABLES
  0
TABLE
  2
LTYPE
  70
4
  0
LTYPE
  5
40F
  2
CONTINUOUS
  70
0
  3
Solid line
  72
65
  73
0
  40
0.0
  0
LTYPE
  5
410
  2
DASHDOT
 70
0
  3
Dash Dot ____ _ ____ _
 72
65
 73
4
 40
2.0
 49
1.25
 49
-0.25
 49
0.25
 49
-0.25
  0
LTYPE
  5
411
  2
DASHED
 70
0
  3
Dashed __ __ __ __ __
 72
65
 73
2
 40
0.75
 49
0.5
 49
-0.25
  0
LTYPE
  5
43B
  2
DOTTED
 70
0
  3
Dotted .  .  .  .
 72
65
 73
2
 40
0.2
 49
0.0
 49
-0.2
  0
ENDTAB
  0
TABLE
  2
STYLE
  70
4
  0
STYLE
  2
KICAD
  70
0
  40
0
  41
1
  42
1
  50
0
  71
0
  3
isocp.shx
  0
STYLE
  2
KICADB
  70
0
  40
0
  41
1
  42
1
  50
0
  71
0
  3
isocp.shx
  0
STYLE
  2
KICADI
  70
0
  40
0
  41
1
  42
1
  50
15
  71
0
  3
isocp.shx
  0
STYLE
  2
KICADBI
  70
0
  40
0
  41
1
  42
1
  50
15
  71
0
  3
isocp.shx
  0
ENDTAB
  0
TABLE
  2
LAYER
  70
1
  0
LAYER
  2
BLACK
  70
0
  62
7
  6
CONTINUOUS
  0
ENDTAB
  0
ENDSEC
  0
SECTION
  2
ENTITIES
0
LINE
8
BLACK
6
CONTINUOUS
10
0.1274803149606299
20
1.0963779527559054
11
0.1235433070866142
21
1.0963779527559054
0
LINE
8
BLACK
6
CONTINUOUS
10
0.1235433070866142
20
1.0963779527559054
11
0.1235433070866142
21
0.9636220472440945
0
LINE
8
BLACK
6
CONTINUOUS
10
0.1235433070866142
20
0.9636220472440945
11
0.1274803149606299
21
0.9636220472440945
0
LINE
8
BLACK
6
CONTINUOUS
10
0.1274803149606299
20
0.9636220472440945
11
0.1274803149606299
21
0.9163779527559055
0
LINE
8
BLACK
6
CONTINUOUS
10
0.1274803149606299
20
0.9163779527559055
11
0.1235433070866142
21
0.9163779527559055
0
LINE
8
BLACK
6
CONTINUOUS
10
0.1235433070866142
20
0.9163779527559055
11
0.1235433070866142
21
0.7836220472440945
0
LINE
8
BLACK
6
CONTINUOUS
10
0.1235433070866142
20
0.7836220472440945
11
0.1274803149606299
21
0.7836220472440945
0
LINE
8
BLACK
6
CONTINUOUS
10
0.1274803149606299
20
0.7836220472440945
11
0.1274803149606299
21
0.7363779527559055
0
LINE
8
BLACK
6
CONTINUOUS
10
0.1274803149606299
20
0.7363779527559055
11
0.1235433070866142
21
0.7363779527559055
0
LINE
8
BLACK
6
CONTINUOUS
10
0.1235433070866142
20
0.7363779527559055
11
0.1235433070866142
21
0.6036220472440945
0
LINE
8
BLACK
6
CONTINUOUS
10
0.1235433070866142
20
0.6036220472440945
11
0.1274803149606299
21
0.6036220472440945
0
LINE
8
BLACK
6
CONTINUOUS
10
0.1274803149606299
20
0.6036220472440945
11
0.1274803149606299
21
0.5858475590551181
0
LINE
8
BLACK
6
CONTINUOUS
10
0.1274803149606299
20
0.5858475590551181
11
0.2897058267716535
21
0.4236220472440945
0
LINE
8
BLACK
6
CONTINUOUS
10
0.2897058267716535
20
0.4236220472440945
11
0.3962992125984252
21
0.4236220472440945
0
LINE
8
BLACK
6
CONTINUOUS
10
0.3962992125984252
20
0.4236220472440945
11
0.3962992125984252
21
0.5563779527559055
0
LINE
8
BLACK
6
CONTINUOUS
10
0.3962992125984252
20
0.5563779527559055
11
0.3923622047244094
21
0.5563779527559055
0
LINE
8
BLACK
6
CONTINUOUS
10
0.3923622047244094
20
0.5563779527559055
11
0.3923622047244094
21
0.6036220472440945
0
LINE
8
BLACK
6
CONTINUOUS
10
0.3923622047244094
20
0.6036220472440945
11
0.3962992125984252
21
0.6036220472440945
0
LINE
8
BLACK
6
CONTINUOUS
10
0.3962992125984252
20
0.6036220472440945
11
0.3962992125984252
21
0.7363779527559055
0
LINE
8
BLACK
6
CONTINUOUS
10
0.3962992125984252
20
0.7363779527559055
11
0.3923622047244094
21
0.7363779527559055
0
LINE
8
BLACK
6
CONTINUOUS
10
0.3923622047244094
20
0.7363779527559055
11
0.3923622047244094
21
0.7836220472440945
0
LINE
8
BLACK
6
CONTINUOUS
10
0.3923622047244094
20
0.7836220472440945
11
0.3962992125984252
21
0.7836220472440945
0
LINE
8
BLACK
6
CONTINUOUS
10
0.3962992125984252
20
0.7836220472440945
11
0.3962992125984252
21
0.9163779527559055
0
LINE
8
BLACK
6
CONTINUOUS
10
0.3962992125984252
20
0.9163779527559055
11
0.3923622047244094
21
0.9163779527559055
0
LINE
8
BLACK
6
CONTINUOUS
10
0.3923622047244094
20
0.9163779527559055
11
0.3923622047244094
21
0.9636220472440945
0
LINE
8
BLACK
6
CONTINUOUS
10
0.3923622047244094
20
0.9636220472440945
11
0.3962992125984252
21
0.9636220472440945
0
LINE
8
BLACK
6
CONTINUOUS
10
0.3962992125984252
20
0.9636220472440945
11
0.3962992125984252
21
1.0963779527559054
0
LINE
8
BLACK
6
CONTINUOUS
10
0.3962992125984252
20
1.0963779527559054
11
0.3923622047244094
21
1.0963779527559054
0
LINE
8
BLACK
6
CONTINUOUS
10
0.3923622047244094
20
1.0963779527559054
11
0.3923622047244094
21
1.1436220472440946
0
LINE
8
BLACK
6
CONTINUOUS
10
0.3923622047244094
20
1.1436220472440946
11
0.4474803149606299
21
1.1436220472440946
0
LINE
8
BLACK
6
CONTINUOUS
10
0.4474803149606299
20
1.1436220472440946
11
0.4474803149606299
21
1.0963779527559054
0
LINE
8
BLACK
6
CONTINUOUS
10
0.4474803149606299
20
1.0963779527559054
11
0.4435433070866142
21
1.0963779527559054
0
LINE
8
BLACK
6
CONTINUOUS
10
0.4435433070866142
20
1.0963779527559054
11
0.4435433070866142
21
0.9636220472440945
0
LINE
8
BLACK
6
CONTINUOUS
10
0.4435433070866142
20
0.9636220472440945
11
0.4474803149606299
21
0.9636220472440945
0
LINE
8
BLACK
6
CONTINUOUS
10
0.4474803149606299
20
0.9636220472440945
11
0.4474803149606299
21
0.9163779527559055
0
LINE
8
BLACK
6
CONTINUOUS
10
0.4474803149606299
20
0.9163779527559055
11
0.4435433070866142
21
0.9163779527559055
0
LINE
8
BLACK
6
CONTINUOUS
10
0.4435433070866142
20
0.9163779527559055
11
0.4435433070866142
21
0.7836220472440945
0
LINE
8
BLACK
6
CONTINUOUS
10
0.4435433070866142
20
0.7836220472440945
11
0.4474803149606299
21
0.7836220472440945
0
LINE
8
BLACK
6
CONTINUOUS
10
0.4474803149606299
20
0.7836220472440945
11
0.4474803149606299
21
0.7363779527559055
0
LINE
8
BLACK
6
CONTINUOUS
10
0.4474803149606299
20
0.7363779527559055
11
0.4435433070866142
21
0.7363779527559055
0
LINE
8
BLACK
6
CONTINUOUS
10
0.4435433070866142
20
0.7363779527559055
11
0.4435433070866142
21
0.6036220472440945
0
LINE
8
BLACK
6
CONTINUOUS
10
0.4435433070866142
20
0.6036220472440945
11
0.4474803149606299
21
0.6036220472440945
0
LINE
8
BLACK
6
CONTINUOUS
10
0.4474803149606299
20
0.6036220472440945
11
0.4474803149606299
21
0.5563779527559055
0
LINE
8
BLACK
6
CONTINUOUS
10
0.4474803149606299
20
0.5563779527559055
11
0.4435433070866142
21
0.5563779527559055
0
LINE
8
BLACK
6
CONTINUOUS
10
0.4435433070866142
20
0.5563779527559055
11
0.4435433070866142
21
0.4236220472440945
0
LINE
8
BLACK
6
CONTINUOUS
10
0.4435433070866142
20
0.4236220472440945
11
0.4474803149606299
21
0.4236220472440945
0
LINE
8
BLACK
6
CONTINUOUS
10
0.4474803149606299
20
0.4236220472440945
11
0.4474803149606299
21
0.3763779527559055
0
LINE
8
BLACK
6
CONTINUOUS
10
0.4474803149606299
20
0.3763779527559055
11
0.4435433070866142
21
0.3763779527559055
0
LINE
8
BLACK
6
CONTINUOUS
10
0.4435433070866142
20
0.3763779527559055
11
0.4435433070866142
21
0.2236220472440945
0
LINE
8
BLACK
6
CONTINUOUS
10
0.4435433070866142
20
0.2236220472440945
11
0.4474803149606299
21
0.2236220472440945
0
LINE
8
BLACK
6
CONTINUOUS
10
0.4474803149606299
20
0.2236220472440945
11
0.4474803149606299
21
0.2097845669291339
0
LINE
8
BLACK
6
CONTINUOUS
10
0.4474803149606299
20
0.2097845669291339
11
0.5136428346456693
21
0.1436220472440945
0
LINE
8
BLACK
6
CONTINUOUS
10
0.5136428346456693
20
0.1436220472440945
11
0.7429713385826772
21
0.1436220472440945
0
LINE
8
BLACK
6
CONTINUOUS
10
0.7429713385826772
20
0.1436220472440945
11
0.7460525984251968
21
0.1467033070866142
0
LINE
8
BLACK
6
CONTINUOUS
10
0.7460525984251968
20
0.1467033070866142
11
0.7472608661417323
21
0.1476304330708662
0
LINE
8
BLACK
6
CONTINUOUS
10
0.7472608661417323
20
0.1476304330708662
11
0.7509448818897637
21
0.1504572834645669
0
LINE
8
BLACK
6
CONTINUOUS
10
0.7509448818897637
20
0.1504572834645669
11
0.7566420866141732
21
0.152817125984252
0
LINE
8
BLACK
6
CONTINUOUS
10
0.7566420866141732
20
0.152817125984252
11
0.762755905511811
21
0.1536220472440945
0
LINE
8
BLACK
6
CONTINUOUS
10
0.762755905511811
20
0.1536220472440945
11
0.8099999999999999
21
0.1536220472440945
0
LINE
8
BLACK
6
CONTINUOUS
10
0.8099999999999999
20
0.1536220472440945
11
0.8099999999999999
21
0.16
0
LINE
8
BLACK
6
CONTINUOUS
10
0.8099999999999999
20
0.16
11
0.8163779527559055
21
0.16
0
LINE
8
BLACK
6
CONTINUOUS
10
0.8163779527559055
20
0.16
11
0.8163779527559055
21
0.2
0
LINE
8
BLACK
6
CONTINUOUS
10
0.8163779527559055
20
0.2
11
0.8099999999999999
21
0.2
0
LINE
8
BLACK
6
CONTINUOUS
10
0.8099999999999999
20
0.2
11
0.8099999999999999
21
0.26
0
LINE
8
BLACK
6
CONTINUOUS
10
0.8099999999999999
20
0.26
11
0.8163779527559055
21
0.26
0
LINE
8
BLACK
6
CONTINUOUS
10
0.8163779527559055
20
0.26
11
0.8163779527559055
21
0.2901366929133858
0
LINE
8
BLACK
6
CONTINUOUS
10
0.8163779527559055
20
0.2901366929133858
11
0.7301366929133858
21
0.3763779527559055
0
LINE
8
BLACK
6
CONTINUOUS
10
0.7301366929133858
20
0.3763779527559055
11
0.7123622047244095
21
0.3763779527559055
0
LINE
8
BLACK
6
CONTINUOUS
10
0.7123622047244095
20
0.3763779527559055
11
0.7123622047244095
21
0.4236220472440945
0
LINE
8
BLACK
6
CONTINUOUS
10
0.7123622047244095
20
0.4236220472440945
11
0.7162992125984252
21
0.4236220472440945
0
LINE
8
BLACK
6
CONTINUOUS
10
0.7162992125984252
20
0.4236220472440945
11
0.7162992125984252
21
0.5563779527559055
0
LINE
8
BLACK
6
CONTINUOUS
10
0.7162992125984252
20
0.5563779527559055
11
0.7123622047244095
21
0.5563779527559055
0
LINE
8
BLACK
6
CONTINUOUS
10
0.7123622047244095
20
0.5563779527559055
11
0.7123622047244095
21
0.6036220472440945
0
LINE
8
BLACK
6
CONTINUOUS
10
0.7123622047244095
20
0.6036220472440945
11
0.7162992125984252
21
0.6036220472440945
0
LINE
8
BLACK
6
CONTINUOUS
10
0.7162992125984252
20
0.6036220472440945
11
0.7162992125984252
21
0.6199212598425197
0
LINE
8
BLACK
6
CONTINUOUS
10
0.7162992125984252
20
0.6199212598425197
11
0.7162992125984252
21
0.7363779527559055
0
LINE
8
BLACK
6
CONTINUOUS
10
0.7162992125984252
20
0.7363779527559055
11
0.7123622047244095
21
0.7363779527559055
0
LINE
8
BLACK
6
CONTINUOUS
10
0.7123622047244095
20
0.7363779527559055
11
0.7123622047244095
21
0.7836220472440945
0
LINE
8
BLACK
6
CONTINUOUS
10
0.7123622047244095
20
0.7836220472440945
11
0.7162992125984252
21
0.7836220472440945
0
LINE
8
BLACK
6
CONTINUOUS
10
0.7162992125984252
20
0.7836220472440945
11
0.7162992125984252
21
0.9163779527559055
0
LINE
8
BLACK
6
CONTINUOUS
10
0.7162992125984252
20
0.9163779527559055
11
0.7123622047244095
21
0.9163779527559055
0
LINE
8
BLACK
6
CONTINUOUS
10
0.7123622047244095
20
0.9163779527559055
11
0.7123622047244095
21
0.9636220472440945
0
LINE
8
BLACK
6
CONTINUOUS
10
0.7123622047244095
20
0.9636220472440945
11
0.7162992125984252
21
0.9636220472440945
0
LINE
8
BLACK
6
CONTINUOUS
10
0.7162992125984252
20
0.9636220472440945
11
0.7162992125984252
21
1.0963779527559054
0
LINE
8
BLACK
6
CONTINUOUS
10
0.7162992125984252
20
1.0963779527559054
11
0.7123622047244095
21
1.0963779527559054
0
LINE
8
BLACK
6
CONTINUOUS
10
0.7123622047244095
20
1.0963779527559054
11
0.7123622047244095
21
1.1436220472440946
0
LINE
8
BLACK
6
CONTINUOUS
10
0.7123622047244095
20
1.1436220472440946
11
0.7674803149606299
21
1.1436220472440946
0
LINE
8
BLACK
6
CONTINUOUS
10
0.7674803149606299
20
1.1436220472440946
11
0.7674803149606299
21
1.0963779527559054
0
LINE
8
BLACK
6
CONTINUOUS
10
0.7674803149606299
20
1.0963779527559054
11
0.7635433070866141
21
1.0963779527559054
0
LINE
8
BLACK
6
CONTINUOUS
10
0.7635433070866141
20
1.0963779527559054
11
0.7635433070866141
21
0.9636220472440945
0
LINE
8
BLACK
6
CONTINUOUS
10
0.7635433070866141
20
0.9636220472440945
11
0.7674803149606299
21
0.9636220472440945
0
LINE
8
BLACK
6
CONTINUOUS
10
0.7674803149606299
20
0.9636220472440945
11
0.7674803149606299
21
0.9163779527559055
0
LINE
8
BLACK
6
CONTINUOUS
10
0.7674803149606299
20
0.9163779527559055
11
0.7635433070866141
21
0.9163779527559055
0
LINE
8
BLACK
6
CONTINUOUS
10
0.7635433070866141
20
0.9163779527559055
11
0.7635433070866141
21
0.7836220472440945
0
LINE
8
BLACK
6
CONTINUOUS
10
0.7635433070866141
20
0.7836220472440945
11
0.7674803149606299
21
0.7836220472440945
0
LINE
8
BLACK
6
CONTINUOUS
10
0.7674803149606299
20
0.7836220472440945
11
0.7674803149606299
21
0.7363779527559055
0
LINE
8
BLACK
6
CONTINUOUS
10
0.7674803149606299
20
0.7363779527559055
11
0.7635433070866141
21
0.7363779527559055
0
LINE
8
BLACK
6
CONTINUOUS
10
0.7635433070866141
20
0.7363779527559055
11
0.7635433070866141
21
0.6199212598425197
0
LINE
8
BLACK
6
CONTINUOUS
10
0.7635433070866141
20
0.6199212598425197
11
0.7635433070866141
21
0.6036220472440945
0
LINE
8
BLACK
6
CONTINUOUS
10
0.7635433070866141
20
0.6036220472440945
11
0.7674803149606299
21
0.6036220472440945
0
LINE
8
BLACK
6
CONTINUOUS
10
0.7674803149606299
20
0.6036220472440945
11
0.82
21
0.6036220472440945
0
LINE
8
BLACK
6
CONTINUOUS
10
0.82
20
0.6036220472440945
11
0.8261138188976378
21
0.602817125984252
0
LINE
8
BLACK
6
CONTINUOUS
10
0.8261138188976378
20
0.602817125984252
11
0.8318110236220472
21
0.6004572834645669
0
LINE
8
BLACK
6
CONTINUOUS
10
0.8318110236220472
20
0.6004572834645669
11
0.8367033070866141
21
0.5967033070866141
0
LINE
8
BLACK
6
CONTINUOUS
10
0.8367033070866141
20
0.5967033070866141
11
0.8404572834645669
21
0.5918110236220472
0
LINE
8
BLACK
6
CONTINUOUS
10
0.8404572834645669
20
0.5918110236220472
11
0.842817125984252
21
0.5861138188976378
0
LINE
8
BLACK
6
CONTINUOUS
10
0.842817125984252
20
0.5861138188976378
11
0.8436220472440945
21
0.58
0
LINE
8
BLACK
6
CONTINUOUS
10
0.8436220472440945
20
0.58
11
0.842817125984252
21
0.5738861811023622
0
LINE
8
BLACK
6
CONTINUOUS
10
0.842817125984252
20
0.5738861811023622
11
0.8404572834645669
21
0.5681889763779527
0
LINE
8
BLACK
6
CONTINUOUS
10
0.8404572834645669
20
0.5681889763779527
11
0.8367033070866141
21
0.5632966929133858
0
LINE
8
BLACK
6
CONTINUOUS
10
0.8367033070866141
20
0.5632966929133858
11
0.8318110236220472
21
0.5595427165354331
0
LINE
8
BLACK
6
CONTINUOUS
10
0.8318110236220472
20
0.5595427165354331
11
0.8261138188976378
21
0.5571828740157481
0
LINE
8
BLACK
6
CONTINUOUS
10
0.8261138188976378
20
0.5571828740157481
11
0.82
21
0.5563779527559055
0
LINE
8
BLACK
6
CONTINUOUS
10
0.82
20
0.5563779527559055
11
0.7635433070866141
21
0.5563779527559055
0
LINE
8
BLACK
6
CONTINUOUS
10
0.7635433070866141
20
0.5563779527559055
11
0.7635433070866141
21
0.4236220472440945
0
LINE
8
BLACK
6
CONTINUOUS
10
0.7635433070866141
20
0.4236220472440945
11
0.7674803149606299
21
0.4236220472440945
0
LINE
8
BLACK
6
CONTINUOUS
10
0.7674803149606299
20
0.4236220472440945
11
0.7674803149606299
21
0.4058475590551181
0
LINE
8
BLACK
6
CONTINUOUS
10
0.7674803149606299
20
0.4058475590551181
11
0.8567033070866141
21
0.3166245669291339
0
LINE
8
BLACK
6
CONTINUOUS
10
0.8567033070866141
20
0.3166245669291339
11
0.860457283464567
21
0.3117322834645669
0
LINE
8
BLACK
6
CONTINUOUS
10
0.860457283464567
20
0.3117322834645669
11
0.862817125984252
21
0.3060350787401575
0
LINE
8
BLACK
6
CONTINUOUS
10
0.862817125984252
20
0.3060350787401575
11
0.8636220472440944
21
0.2999212598425197
0
LINE
8
BLACK
6
CONTINUOUS
10
0.8636220472440944
20
0.2999212598425197
11
0.8636220472440944
21
0.26
0
LINE
8
BLACK
6
CONTINUOUS
10
0.8636220472440944
20
0.26
11
0.87
21
0.26
0
LINE
8
BLACK
6
CONTINUOUS
10
0.87
20
0.26
11
0.87
21
0.2
0
LINE
8
BLACK
6
CONTINUOUS
10
0.87
20
0.2
11
0.8636220472440944
21
0.2
0
LINE
8
BLACK
6
CONTINUOUS
10
0.8636220472440944
20
0.2
11
0.8636220472440944
21
0.16
0
LINE
8
BLACK
6
CONTINUOUS
10
0.8636220472440944
20
0.16
11
0.87
21
0.16
0
LINE
8
BLACK
6
CONTINUOUS
10
0.87
20
0.16
11
0.87
21
0.1
0
LINE
8
BLACK
6
CONTINUOUS
10
0.87
20
0.1
11
0.8099999999999999
21
0.1
0
LINE
8
BLACK
6
CONTINUOUS
10
0.8099999999999999
20
0.1
11
0.8099999999999999
21
0.1063779527559055
0
LINE
8
BLACK
6
CONTINUOUS
10
0.8099999999999999
20
0.1063779527559055
11
0.7725404724409448
21
0.1063779527559055
0
LINE
8
BLACK
6
CONTINUOUS
10
0.7725404724409448
20
0.1063779527559055
11
0.7694592125984252
21
0.1032966929133858
0
LINE
8
BLACK
6
CONTINUOUS
10
0.7694592125984252
20
0.1032966929133858
11
0.7645669291338583
21
0.0995427165354331
0
LINE
8
BLACK
6
CONTINUOUS
10
0.7645669291338583
20
0.0995427165354331
11
0.7588697244094488
21
0.097182874015748
0
LINE
8
BLACK
6
CONTINUOUS
10
0.7588697244094488
20
0.097182874015748
11
0.752755905511811
21
0.0963779527559055
0
LINE
8
BLACK
6
CONTINUOUS
10
0.752755905511811
20
0.0963779527559055
11
0.5038582677165354
21
0.0963779527559055
0
LINE
8
BLACK
6
CONTINUOUS
10
0.5038582677165354
20
0.0963779527559055
11
0.4977444488188976
21
0.097182874015748
0
LINE
8
BLACK
6
CONTINUOUS
10
0.4977444488188976
20
0.097182874015748
11
0.4920472440944882
21
0.0995427165354331
0
LINE
8
BLACK
6
CONTINUOUS
10
0.4920472440944882
20
0.0995427165354331
11
0.4871549606299213
21
0.1032966929133858
0
LINE
8
BLACK
6
CONTINUOUS
10
0.4871549606299213
20
0.1032966929133858
11
0.4140737007874016
21
0.1763779527559055
0
LINE
8
BLACK
6
CONTINUOUS
10
0.4140737007874016
20
0.1763779527559055
11
0.3923622047244094
21
0.1763779527559055
0
LINE
8
BLACK
6
CONTINUOUS
10
0.3923622047244094
20
0.1763779527559055
11
0.3923622047244094
21
0.2236220472440945
0
LINE
8
BLACK
6
CONTINUOUS
10
0.3923622047244094
20
0.2236220472440945
11
0.3962992125984252
21
0.2236220472440945
0
LINE
8
BLACK
6
CONTINUOUS
10
0.3962992125984252
20
0.2236220472440945
11
0.3962992125984252
21
0.3763779527559055
0
LINE
8
BLACK
6
CONTINUOUS
10
0.3962992125984252
20
0.3763779527559055
11
0.3923622047244094
21
0.3763779527559055
0
LINE
8
BLACK
6
CONTINUOUS
10
0.3923622047244094
20
0.3763779527559055
11
0.2799212598425197
21
0.3763779527559055
0
LINE
8
BLACK
6
CONTINUOUS
10
0.2799212598425197
20
0.3763779527559055
11
0.2738074015748032
21
0.377182874015748
0
LINE
8
BLACK
6
CONTINUOUS
10
0.2738074015748032
20
0.377182874015748
11
0.2721387401574803
21
0.3778740551181102
0
LINE
8
BLACK
6
CONTINUOUS
10
0.2721387401574803
20
0.3778740551181102
11
0.2681102362204724
21
0.3795427165354331
0
LINE
8
BLACK
6
CONTINUOUS
10
0.2681102362204724
20
0.3795427165354331
11
0.2632179527559055
21
0.3832966929133858
0
LINE
8
BLACK
6
CONTINUOUS
10
0.2632179527559055
20
0.3832966929133858
11
0.0901366929133858
21
0.5563779527559055
0
LINE
8
BLACK
6
CONTINUOUS
10
0.0901366929133858
20
0.5563779527559055
11
0.0723622047244094
21
0.5563779527559055
0
LINE
8
BLACK
6
CONTINUOUS
10
0.0723622047244094
20
0.5563779527559055
11
0.0723622047244094
21
0.6036220472440945
0
LINE
8
BLACK
6
CONTINUOUS
10
0.0723622047244094
20
0.6036220472440945
11
0.0762992125984252
21
0.6036220472440945
0
LINE
8
BLACK
6
CONTINUOUS
10
0.0762992125984252
20
0.6036220472440945
11
0.0762992125984252
21
0.7363779527559055
0
LINE
8
BLACK
6
CONTINUOUS
10
0.0762992125984252
20
0.7363779527559055
11
0.0723622047244094
21
0.7363779527559055
0
LINE
8
BLACK
6
CONTINUOUS
10
0.0723622047244094
20
0.7363779527559055
11
0.0723622047244094
21
0.7836220472440945
0
LINE
8
BLACK
6
CONTINUOUS
10
0.0723622047244094
20
0.7836220472440945
11
0.0762992125984252
21
0.7836220472440945
0
LINE
8
BLACK
6
CONTINUOUS
10
0.0762992125984252
20
0.7836220472440945
11
0.0762992125984252
21
0.9163779527559055
0
LINE
8
BLACK
6
CONTINUOUS
10
0.0762992125984252
20
0.9163779527559055
11
0.0723622047244094
21
0.9163779527559055
0
LINE
8
BLACK
6
CONTINUOUS
10
0.0723622047244094
20
0.9163779527559055
11
0.0723622047244094
21
0.9636220472440945
0
LINE
8
BLACK
6
CONTINUOUS
10
0.0723622047244094
20
0.9636220472440945
11
0.0762992125984252
21
0.9636220472440945
0
LINE
8
BLACK
6
CONTINUOUS
10
0.0762992125984252
20
0.9636220472440945
11
0.0762992125984252
21
1.0963779527559054
0
LINE
8
BLACK
6
CONTINUOUS
10
0.0762992125984252
20
1.0963779527559054
11
0.0723622047244094
21
1.0963779527559054
0
LINE
8
BLACK
6
CONTINUOUS
10
0.0723622047244094
20
1.0963779527559054
11
0.0723622047244094
21
1.1436220472440946
0
LINE
8
BLACK
6
CONTINUOUS
10
0.0723622047244094
20
1.1436220472440946
11
0.1274803149606299
21
1.1436220472440946
0
LINE
8
BLACK
6
CONTINUOUS
10
0.1274803149606299
20
1.1436220472440946
11
0.1274803149606299
21
1.0963779527559054
0
LINE
8
BLACK
6
CONTINUOUS
10
1.0076377952755906
20
1.0806299212598425
11
1.0037007874015749
21
1.0806299212598425
0
LINE
8
BLACK
6
CONTINUOUS
10
1.0037007874015749
20
1.0806299212598425
11
1.0037007874015749
21
0.9793700787401575
0
LINE
8
BLACK
6
CONTINUOUS
10
1.0037007874015749
20
0.9793700787401575
11
1.0076377952755906
21
0.9793700787401575
0
LINE
8
BLACK
6
CONTINUOUS
10
1.0076377952755906
20
0.9793700787401575
11
1.0076377952755906
21
0.9006299212598425
0
LINE
8
BLACK
6
CONTINUOUS
10
1.0076377952755906
20
0.9006299212598425
11
1.0037007874015749
21
0.9006299212598425
0
LINE
8
BLACK
6
CONTINUOUS
10
1.0037007874015749
20
0.9006299212598425
11
1.0037007874015749
21
0.7993700787401574
0
LINE
8
BLACK
6
CONTINUOUS
10
1.0037007874015749
20
0.7993700787401574
11
1.0076377952755906
21
0.7993700787401574
0
LINE
8
BLACK
6
CONTINUOUS
10
1.0076377952755906
20
0.7993700787401574
11
1.0076377952755906
21
0.7206299212598425
0
LINE
8
BLACK
6
CONTINUOUS
10
1.0076377952755906
20
0.7206299212598425
11
1.0037007874015749
21
0.7206299212598425
0
LINE
8
BLACK
6
CONTINUOUS
10
1.0037007874015749
20
0.7206299212598425
11
1.0037007874015749
21
0.6193700787401575
0
LINE
8
BLACK
6
CONTINUOUS
10
1.0037007874015749
20
0.6193700787401575
11
1.0076377952755906
21
0.6193700787401575
0
LINE
8
BLACK
6
CONTINUOUS
10
1.0076377952755906
20
0.6193700787401575
11
1.0076377952755906
21
0.5406299212598425
0
LINE
8
BLACK
6
CONTINUOUS
10
1.0076377952755906
20
0.5406299212598425
11
1.0037007874015749
21
0.5406299212598425
0
LINE
8
BLACK
6
CONTINUOUS
10
1.0037007874015749
20
0.5406299212598425
11
1.0037007874015749
21
0.4393700787401575
0
LINE
8
BLACK
6
CONTINUOUS
10
1.0037007874015749
20
0.4393700787401575
11
1.0076377952755906
21
0.4393700787401575
0
LINE
8
BLACK
6
CONTINUOUS
10
1.0076377952755906
20
0.4393700787401575
11
1.0076377952755906
21
0.3606299212598425
0
LINE
8
BLACK
6
CONTINUOUS
10
1.0076377952755906
20
0.3606299212598425
11
0.9741152755905511
21
0.3606299212598425
0
LINE
8
BLACK
6
CONTINUOUS
10
0.9741152755905511
20
0.3606299212598425
11
0.9636220472440945
21
0.3501366929133858
0
LINE
8
BLACK
6
CONTINUOUS
10
0.9636220472440945
20
0.3501366929133858
11
0.9636220472440945
21
0.26
0
LINE
8
BLACK
6
CONTINUOUS
10
0.9636220472440945
20
0.26
11
0.97
21
0.26
0
LINE
8
BLACK
6
CONTINUOUS
10
0.97
20
0.26
11
0.97
21
0.2
0
LINE
8
BLACK
6
CONTINUOUS
10
0.97
20
0.2
11
0.9636220472440945
21
0.2
0
LINE
8
BLACK
6
CONTINUOUS
10
0.9636220472440945
20
0.2
11
0.9636220472440945
21
0.16
0
LINE
8
BLACK
6
CONTINUOUS
10
0.9636220472440945
20
0.16
11
0.97
21
0.16
0
LINE
8
BLACK
6
CONTINUOUS
10
0.97
20
0.16
11
0.97
21
0.1
0
LINE
8
BLACK
6
CONTINUOUS
10
0.97
20
0.1
11
0.91
21
0.1
0
LINE
8
BLACK
6
CONTINUOUS
10
0.91
20
0.1
11
0.91
21
0.16
0
LINE
8
BLACK
6
CONTINUOUS
10
0.91
20
0.16
11
0.9163779527559055
21
0.16
0
LINE
8
BLACK
6
CONTINUOUS
10
0.9163779527559055
20
0.16
11
0.9163779527559055
21
0.2
0
LINE
8
BLACK
6
CONTINUOUS
10
0.9163779527559055
20
0.2
11
0.91
21
0.2
0
LINE
8
BLACK
6
CONTINUOUS
10
0.91
20
0.2
11
0.91
21
0.26
0
LINE
8
BLACK
6
CONTINUOUS
10
0.91
20
0.26
11
0.9163779527559055
21
0.26
0
LINE
8
BLACK
6
CONTINUOUS
10
0.9163779527559055
20
0.26
11
0.9163779527559055
21
0.3599212598425197
0
LINE
8
BLACK
6
CONTINUOUS
10
0.9163779527559055
20
0.3599212598425197
11
0.9171828740157481
21
0.3660350787401574
0
LINE
8
BLACK
6
CONTINUOUS
10
0.9171828740157481
20
0.3660350787401574
11
0.9195427165354331
21
0.3717322834645669
0
LINE
8
BLACK
6
CONTINUOUS
10
0.9195427165354331
20
0.3717322834645669
11
0.9232966929133858
21
0.3766245669291339
0
LINE
8
BLACK
6
CONTINUOUS
10
0.9232966929133858
20
0.3766245669291339
11
0.95251968503937
21
0.4058475590551181
0
LINE
8
BLACK
6
CONTINUOUS
10
0.95251968503937
20
0.4058475590551181
11
0.95251968503937
21
0.4393700787401575
0
LINE
8
BLACK
6
CONTINUOUS
10
0.95251968503937
20
0.4393700787401575
11
0.9564566929133858
21
0.4393700787401575
0
LINE
8
BLACK
6
CONTINUOUS
10
0.9564566929133858
20
0.4393700787401575
11
0.9564566929133858
21
0.5406299212598425
0
LINE
8
BLACK
6
CONTINUOUS
10
0.9564566929133858
20
0.5406299212598425
11
0.95251968503937
21
0.5406299212598425
0
LINE
8
BLACK
6
CONTINUOUS
10
0.95251968503937
20
0.5406299212598425
11
0.95251968503937
21
0.6193700787401575
0
LINE
8
BLACK
6
CONTINUOUS
10
0.95251968503937
20
0.6193700787401575
11
0.9564566929133858
21
0.6193700787401575
0
LINE
8
BLACK
6
CONTINUOUS
10
0.9564566929133858
20
0.6193700787401575
11
0.9564566929133858
21
0.7206299212598425
0
LINE
8
BLACK
6
CONTINUOUS
10
0.9564566929133858
20
0.7206299212598425
11
0.95251968503937
21
0.7206299212598425
0
LINE
8
BLACK
6
CONTINUOUS
10
0.95251968503937
20
0.7206299212598425
11
0.95251968503937
21
0.7993700787401574
0
LINE
8
BLACK
6
CONTINUOUS
10
0.95251968503937
20
0.7993700787401574
11
0.9564566929133858
21
0.7993700787401574
0
LINE
8
BLACK
6
CONTINUOUS
10
0.9564566929133858
20
0.7993700787401574
11
0.9564566929133858
21
0.9006299212598425
0
LINE
8
BLACK
6
CONTINUOUS
10
0.9564566929133858
20
0.9006299212598425
11
0.95251968503937
21
0.9006299212598425
0
LINE
8
BLACK
6
CONTINUOUS
10
0.95251968503937
20
0.9006299212598425
11
0.95251968503937
21
0.9793700787401575
0
LINE
8
BLACK
6
CONTINUOUS
10
0.95251968503937
20
0.9793700787401575
11
0.9564566929133858
21
0.9793700787401575
0
LINE
8
BLACK
6
CONTINUOUS
10
0.9564566929133858
20
0.9793700787401575
11
0.9564566929133858
21
1.0806299212598425
0
LINE
8
BLACK
6
CONTINUOUS
10
0.9564566929133858
20
1.0806299212598425
11
0.95251968503937
21
1.0806299212598425
0
LINE
8
BLACK
6
CONTINUOUS
10
0.95251968503937
20
1.0806299212598425
11
0.95251968503937
21
1.1593700787401575
0
LINE
8
BLACK
6
CONTINUOUS
10
0.95251968503937
20
1.1593700787401575
11
1.0076377952755906
21
1.1593700787401575
0
LINE
8
BLACK
6
CONTINUOUS
10
1.0076377952755906
20
1.1593700787401575
11
1.0076377952755906
21
1.0806299212598425
0
LINE
8
BLACK
6
CONTINUOUS
10
1.2584576771653544
20
1.4792125196850394
11
1.2602881102362204
21
1.4771000787401574
0
LINE
8
BLACK
6
CONTINUOUS
10
1.2602881102362204
20
1.4771000787401574
11
1.2606859055118109
21
1.4743333858267715
0
LINE
8
BLACK
6
CONTINUOUS
10
1.2606859055118109
20
1.4743333858267715
11
1.2602601181102362
21
1.4729184251968503
0
LINE
8
BLACK
6
CONTINUOUS
10
1.2602601181102362
20
1.4729184251968503
11
1.2554869685039369
21
1.4628264566929134
0
LINE
8
BLACK
6
CONTINUOUS
10
1.2554869685039369
20
1.4628264566929134
11
1.2543134251968504
21
1.4603452362204723
0
LINE
8
BLACK
6
CONTINUOUS
10
1.2543134251968504
20
1.4603452362204723
11
1.2491001574803149
21
1.4457751574803148
0
LINE
8
BLACK
6
CONTINUOUS
10
1.2491001574803149
20
1.4457751574803148
11
1.2491001181102361
21
1.4457749606299213
0
LINE
8
BLACK
6
CONTINUOUS
10
1.2491001181102361
20
1.4457749606299213
11
1.2453399999999999
21
1.430763779527559
0
LINE
8
BLACK
6
CONTINUOUS
10
1.2453399999999999
20
1.430763779527559
11
1.2453399606299211
21
1.4307635039370079
0
LINE
8
BLACK
6
CONTINUOUS
10
1.2453399606299211
20
1.4307635039370079
11
1.2430694094488188
21
1.4154567322834646
0
LINE
8
BLACK
6
CONTINUOUS
10
1.2430694094488188
20
1.4154567322834646
11
1.2430693700787401
21
1.4154561811023623
0
LINE
8
BLACK
6
CONTINUOUS
10
1.2430693700787401
20
1.4154561811023623
11
1.2423100393700788
21
1.4000001181102362
0
LINE
8
BLACK
6
CONTINUOUS
10
1.2423100393700788
20
1.4000001181102362
11
1.2423100393700788
21
1.3999998425196849
0
LINE
8
BLACK
6
CONTINUOUS
10
1.2423100393700788
20
1.3999998425196849
11
1.2425147637795275
21
1.395832874015748
0
LINE
8
BLACK
6
CONTINUOUS
10
1.2425147637795275
20
1.395832874015748
11
1.2430357874015747
21
1.3852268503937009
0
LINE
8
BLACK
6
CONTINUOUS
10
1.2430357874015747
20
1.3852268503937009
11
1.2430693700787401
21
1.384543779527559
0
LINE
8
BLACK
6
CONTINUOUS
10
1.2430693700787401
20
1.384543779527559
11
1.2430694094488188
21
1.3845432283464567
0
LINE
8
BLACK
6
CONTINUOUS
10
1.2430694094488188
20
1.3845432283464567
11
1.2453399606299211
21
1.3692364566929134
0
LINE
8
BLACK
6
CONTINUOUS
10
1.2453399606299211
20
1.3692364566929134
11
1.2453399999999999
21
1.3692362204724409
0
LINE
8
BLACK
6
CONTINUOUS
10
1.2453399999999999
20
1.3692362204724409
11
1.2459491732283465
21
1.3668042913385827
0
LINE
8
BLACK
6
CONTINUOUS
10
1.2459491732283465
20
1.3668042913385827
11
1.2491001574803149
21
1.3542248031496062
0
LINE
8
BLACK
6
CONTINUOUS
10
1.2491001574803149
20
1.3542248031496062
11
1.2543134251968504
21
1.3396547244094488
0
LINE
8
BLACK
6
CONTINUOUS
10
1.2543134251968504
20
1.3396547244094488
11
1.2609299606299211
21
1.3256653149606299
0
LINE
8
BLACK
6
CONTINUOUS
10
1.2609299606299211
20
1.3256653149606299
11
1.2688856692913386
21
1.3123919685039369
0
LINE
8
BLACK
6
CONTINUOUS
10
1.2688856692913386
20
1.3123919685039369
11
1.2781037007874017
21
1.2999628740157481
0
LINE
8
BLACK
6
CONTINUOUS
10
1.2781037007874017
20
1.2999628740157481
11
1.2884963779527558
21
1.2884963779527558
0
LINE
8
BLACK
6
CONTINUOUS
10
1.2884963779527558
20
1.2884963779527558
11
1.2999628740157481
21
1.2781037007874017
0
LINE
8
BLACK
6
CONTINUOUS
10
1.2999628740157481
20
1.2781037007874017
11
1.3123919685039369
21
1.2688856692913386
0
LINE
8
BLACK
6
CONTINUOUS
10
1.3123919685039369
20
1.2688856692913386
11
1.3256653149606299
21
1.2609299606299211
0
LINE
8
BLACK
6
CONTINUOUS
10
1.3256653149606299
20
1.2609299606299211
11
1.3256654330708662
21
1.2609298818897638
0
LINE
8
BLACK
6
CONTINUOUS
10
1.3256654330708662
20
1.2609298818897638
11
1.3256654724409449
21
1.2609298818897638
0
LINE
8
BLACK
6
CONTINUOUS
10
1.3256654724409449
20
1.2609298818897638
11
1.3349915748031496
21
1.256518937007874
0
LINE
8
BLACK
6
CONTINUOUS
10
1.3349915748031496
20
1.256518937007874
11
1.3396547244094488
21
1.2543134251968504
0
LINE
8
BLACK
6
CONTINUOUS
10
1.3396547244094488
20
1.2543134251968504
11
1.3542248031496062
21
1.2491001574803149
0
LINE
8
BLACK
6
CONTINUOUS
10
1.3542248031496062
20
1.2491001574803149
11
1.3617306299212597
21
1.2472200393700787
0
LINE
8
BLACK
6
CONTINUOUS
10
1.3617306299212597
20
1.2472200393700787
11
1.3692362204724409
21
1.2453399999999999
0
LINE
8
BLACK
6
CONTINUOUS
10
1.3692362204724409
20
1.2453399999999999
11
1.3692363779527559
21
1.2453399606299211
0
LINE
8
BLACK
6
CONTINUOUS
10
1.3692363779527559
20
1.2453399606299211
11
1.3692364566929134
21
1.2453399606299211
0
LINE
8
BLACK
6
CONTINUOUS
10
1.3692364566929134
20
1.2453399606299211
11
1.3845432283464567
21
1.2430694094488188
0
LINE
8
BLACK
6
CONTINUOUS
10
1.3845432283464567
20
1.2430694094488188
11
1.3845435433070865
21
1.2430693700787401
0
LINE
8
BLACK
6
CONTINUOUS
10
1.3845435433070865
20
1.2430693700787401
11
1.3845436614173228
21
1.2430693700787401
0
LINE
8
BLACK
6
CONTINUOUS
10
1.3845436614173228
20
1.2430693700787401
11
1.3911677952755905
21
1.2427439370078739
0
LINE
8
BLACK
6
CONTINUOUS
10
1.3911677952755905
20
1.2427439370078739
11
1.3999998425196849
21
1.2423100393700788
0
LINE
8
BLACK
6
CONTINUOUS
10
1.3999998425196849
20
1.2423100393700788
11
1.3999999999999999
21
1.2423100393700788
0
LINE
8
BLACK
6
CONTINUOUS
10
1.3999999999999999
20
1.2423100393700788
11
1.4000001574803149
21
1.2423100393700788
0
LINE
8
BLACK
6
CONTINUOUS
10
1.4000001574803149
20
1.2423100393700788
11
1.4077281496062992
21
1.2426896850393701
0
LINE
8
BLACK
6
CONTINUOUS
10
1.4077281496062992
20
1.2426896850393701
11
1.4154563385826771
21
1.2430693700787401
0
LINE
8
BLACK
6
CONTINUOUS
10
1.4154563385826771
20
1.2430693700787401
11
1.4154564566929133
21
1.2430693700787401
0
LINE
8
BLACK
6
CONTINUOUS
10
1.4154564566929133
20
1.2430693700787401
11
1.4154567322834646
21
1.2430694094488188
0
LINE
8
BLACK
6
CONTINUOUS
10
1.4154567322834646
20
1.2430694094488188
11
1.4307635039370079
21
1.2453399606299211
0
LINE
8
BLACK
6
CONTINUOUS
10
1.4307635039370079
20
1.2453399606299211
11
1.430763779527559
21
1.2453399999999999
0
LINE
8
BLACK
6
CONTINUOUS
10
1.430763779527559
20
1.2453399999999999
11
1.4420076771653543
21
1.2481564566929133
0
LINE
8
BLACK
6
CONTINUOUS
10
1.4420076771653543
20
1.2481564566929133
11
1.4457751574803148
21
1.2491001574803149
0
LINE
8
BLACK
6
CONTINUOUS
10
1.4457751574803148
20
1.2491001574803149
11
1.4603452362204723
21
1.2543134251968504
0
LINE
8
BLACK
6
CONTINUOUS
10
1.4603452362204723
20
1.2543134251968504
11
1.4603453543307086
21
1.2543134645669292
0
LINE
8
BLACK
6
CONTINUOUS
10
1.4603453543307086
20
1.2543134645669292
11
1.4729184251968503
21
1.2602601181102362
0
LINE
8
BLACK
6
CONTINUOUS
10
1.4729184251968503
20
1.2602601181102362
11
1.4756795275590551
21
1.2606948818897636
0
LINE
8
BLACK
6
CONTINUOUS
10
1.4756795275590551
20
1.2606948818897636
11
1.4782374015748032
21
1.2595679133858269
0
LINE
8
BLACK
6
CONTINUOUS
10
1.4782374015748032
20
1.2595679133858269
11
1.4797799212598426
21
1.2572369291338583
0
LINE
8
BLACK
6
CONTINUOUS
10
1.4797799212598426
20
1.2572369291338583
11
1.48
21
1.2557757480314959
0
LINE
8
BLACK
6
CONTINUOUS
10
1.48
20
1.2557757480314959
11
1.48
21
1.2126181102362203
0
LINE
8
BLACK
6
CONTINUOUS
10
1.48
20
1.2126181102362203
11
1.4792125196850394
21
1.2099361811023621
0
LINE
8
BLACK
6
CONTINUOUS
10
1.4792125196850394
20
1.2099361811023621
11
1.4771000787401574
21
1.2081057480314961
0
LINE
8
BLACK
6
CONTINUOUS
10
1.4771000787401574
20
1.2081057480314961
11
1.4750393700787401
21
1.2076574803149607
0
LINE
8
BLACK
6
CONTINUOUS
10
1.4750393700787401
20
1.2076574803149607
11
1.4187150393700787
21
1.2076574803149607
0
LINE
8
BLACK
6
CONTINUOUS
10
1.4187150393700787
20
1.2076574803149607
11
1.4187147637795274
21
1.2076574409448819
0
LINE
8
BLACK
6
CONTINUOUS
10
1.4187147637795274
20
1.2076574409448819
11
1.4187145669291339
21
1.2076574409448819
0
LINE
8
BLACK
6
CONTINUOUS
10
1.4187145669291339
20
1.2076574409448819
11
1.4163308267716535
21
1.2074011811023622
0
LINE
8
BLACK
6
CONTINUOUS
10
1.4163308267716535
20
1.2074011811023622
11
1.4163305118110237
21
1.2074011023622047
0
LINE
8
BLACK
6
CONTINUOUS
10
1.4163305118110237
20
1.2074011023622047
11
1.4132627952755905
21
1.2062568503937008
0
LINE
8
BLACK
6
CONTINUOUS
10
1.4132627952755905
20
1.2062568503937008
11
1.4109368503937008
21
1.2053893307086614
0
LINE
8
BLACK
6
CONTINUOUS
10
1.4109368503937008
20
1.2053893307086614
11
1.4100292125984251
21
1.2047098818897637
0
LINE
8
BLACK
6
CONTINUOUS
10
1.4100292125984251
20
1.2047098818897637
11
1.4074103937007874
21
1.2037331102362205
0
LINE
8
BLACK
6
CONTINUOUS
10
1.4074103937007874
20
1.2037331102362205
11
1.4070564566929133
21
1.2037204724409449
0
LINE
8
BLACK
6
CONTINUOUS
10
1.4070564566929133
20
1.2037204724409449
11
1.3442155118110235
21
1.2037204724409449
0
LINE
8
BLACK
6
CONTINUOUS
10
1.3442155118110235
20
1.2037204724409449
11
1.3433930314960629
21
1.2037891338582676
0
LINE
8
BLACK
6
CONTINUOUS
10
1.3433930314960629
20
1.2037891338582676
11
1.3432850393700788
21
1.203807283464567
0
LINE
8
BLACK
6
CONTINUOUS
10
1.3432850393700788
20
1.203807283464567
11
1.3432850000000001
21
1.2038072440944882
0
LINE
8
BLACK
6
CONTINUOUS
10
1.3432850000000001
20
1.2038072440944882
11
1.3432850000000001
21
1.203807283464567
0
LINE
8
BLACK
6
CONTINUOUS
10
1.3432850000000001
20
1.203807283464567
11
1.3405125196850394
21
1.2037412598425197
0
LINE
8
BLACK
6
CONTINUOUS
10
1.3405125196850394
20
1.2037412598425197
11
1.3396977559055119
21
1.2037218897637796
0
LINE
8
BLACK
6
CONTINUOUS
10
1.3396977559055119
20
1.2037218897637796
11
1.33957968503937
21
1.2037204724409449
0
LINE
8
BLACK
6
CONTINUOUS
10
1.33957968503937
20
1.2037204724409449
11
1.338078622047244
21
1.2037204724409449
0
LINE
8
BLACK
6
CONTINUOUS
10
1.338078622047244
20
1.2037204724409449
11
1.3377367716535433
21
1.2036877952755904
0
LINE
8
BLACK
6
CONTINUOUS
10
1.3377367716535433
20
1.2036877952755904
11
1.3373837401574802
21
1.2036667716535432
0
LINE
8
BLACK
6
CONTINUOUS
10
1.3373837401574802
20
1.2036667716535432
11
1.3349527952755906
21
1.203608937007874
0
LINE
8
BLACK
6
CONTINUOUS
10
1.3349527952755906
20
1.203608937007874
11
1.3337093307086614
21
1.2033383858267717
0
LINE
8
BLACK
6
CONTINUOUS
10
1.3337093307086614
20
1.2033383858267717
11
1.3331273228346456
21
1.2032476377952757
0
LINE
8
BLACK
6
CONTINUOUS
10
1.3331273228346456
20
1.2032476377952757
11
1.3318606692913386
21
1.2031267322834645
0
LINE
8
BLACK
6
CONTINUOUS
10
1.3318606692913386
20
1.2031267322834645
11
1.3295270866141733
21
1.2024414960629921
0
LINE
8
BLACK
6
CONTINUOUS
10
1.3295270866141733
20
1.2024414960629921
11
1.3291847244094488
21
1.2023541338582677
0
LINE
8
BLACK
6
CONTINUOUS
10
1.3291847244094488
20
1.2023541338582677
11
1.3268087007874017
21
1.201837283464567
0
LINE
8
BLACK
6
CONTINUOUS
10
1.3268087007874017
20
1.201837283464567
11
1.3264347244094488
21
1.201677125984252
0
LINE
8
BLACK
6
CONTINUOUS
10
1.3264347244094488
20
1.201677125984252
11
1.3256390944881888
21
1.2013364566929134
0
LINE
8
BLACK
6
CONTINUOUS
10
1.3256390944881888
20
1.2013364566929134
11
1.3250840157480315
21
1.2011369291338583
0
LINE
8
BLACK
6
CONTINUOUS
10
1.3250840157480315
20
1.2011369291338583
11
1.3238637007874015
21
1.2007786220472441
0
LINE
8
BLACK
6
CONTINUOUS
10
1.3238637007874015
20
1.2007786220472441
11
1.3217013779527558
21
1.1996638188976378
0
LINE
8
BLACK
6
CONTINUOUS
10
1.3217013779527558
20
1.1996638188976378
11
1.3213823228346457
21
1.1995135433070865
0
LINE
8
BLACK
6
CONTINUOUS
10
1.3213823228346457
20
1.1995135433070865
11
1.3191470866141732
21
1.1985563779527559
0
LINE
8
BLACK
6
CONTINUOUS
10
1.3191470866141732
20
1.1985563779527559
11
1.3191470078740157
21
1.1985563385826772
0
LINE
8
BLACK
6
CONTINUOUS
10
1.3191470078740157
20
1.1985563385826772
11
1.3191469291338582
21
1.1985562992125984
0
LINE
8
BLACK
6
CONTINUOUS
10
1.3191469291338582
20
1.1985562992125984
11
1.3180939370078739
21
1.1978435826771654
0
LINE
8
BLACK
6
CONTINUOUS
10
1.3180939370078739
20
1.1978435826771654
11
1.3175865354330709
21
1.1975424803149606
0
LINE
8
BLACK
6
CONTINUOUS
10
1.3175865354330709
20
1.1975424803149606
11
1.3164556692913385
21
1.1969594881889765
0
LINE
8
BLACK
6
CONTINUOUS
10
1.3164556692913385
20
1.1969594881889765
11
1.316455590551181
21
1.196959409448819
0
LINE
8
BLACK
6
CONTINUOUS
10
1.316455590551181
20
1.196959409448819
11
1.316455472440945
21
1.1969593700787402
0
LINE
8
BLACK
6
CONTINUOUS
10
1.316455472440945
20
1.1969593700787402
11
1.3145444488188975
21
1.1954565354330708
0
LINE
8
BLACK
6
CONTINUOUS
10
1.3145444488188975
20
1.1954565354330708
11
1.3142585039370078
21
1.1952477165354329
0
LINE
8
BLACK
6
CONTINUOUS
10
1.3142585039370078
20
1.1952477165354329
11
1.3122448031496063
21
1.1938848031496063
0
LINE
8
BLACK
6
CONTINUOUS
10
1.3122448031496063
20
1.1938848031496063
11
1.3113451181102362
21
1.1929851181102362
0
LINE
8
BLACK
6
CONTINUOUS
10
1.3113451181102362
20
1.1929851181102362
11
1.3109041338582677
21
1.1925937401574802
0
LINE
8
BLACK
6
CONTINUOUS
10
1.3109041338582677
20
1.1925937401574802
11
1.3099042125984253
21
1.191807401574803
0
LINE
8
BLACK
6
CONTINUOUS
10
1.3099042125984253
20
1.191807401574803
11
1.3099041338582678
21
1.1918073228346457
0
LINE
8
BLACK
6
CONTINUOUS
10
1.3099041338582678
20
1.1918073228346457
11
1.308311811023622
21
1.18996968503937
0
LINE
8
BLACK
6
CONTINUOUS
10
1.308311811023622
20
1.18996968503937
11
1.3080705118110236
21
1.1897105118110236
0
LINE
8
BLACK
6
CONTINUOUS
10
1.3080705118110236
20
1.1897105118110236
11
1.299202716535433
21
1.1808427165354329
0
LINE
8
BLACK
6
CONTINUOUS
10
1.299202716535433
20
1.1808427165354329
11
1.2967494881889763
21
1.1795031102362203
0
LINE
8
BLACK
6
CONTINUOUS
10
1.2967494881889763
20
1.1795031102362203
11
1.2956950393700788
21
1.1793897637795274
0
LINE
8
BLACK
6
CONTINUOUS
10
1.2956950393700788
20
1.1793897637795274
11
1.2706048031496062
21
1.1793897637795274
0
LINE
8
BLACK
6
CONTINUOUS
10
1.2706048031496062
20
1.1793897637795274
11
1.2706045275590552
21
1.1793897244094489
0
LINE
8
BLACK
6
CONTINUOUS
10
1.2706045275590552
20
1.1793897244094489
11
1.2706043307086614
21
1.1793897244094489
0
LINE
8
BLACK
6
CONTINUOUS
10
1.2706043307086614
20
1.1793897244094489
11
1.268220590551181
21
1.1791334645669291
0
LINE
8
BLACK
6
CONTINUOUS
10
1.268220590551181
20
1.1791334645669291
11
1.2682202755905512
21
1.1791333858267716
0
LINE
8
BLACK
6
CONTINUOUS
10
1.2682202755905512
20
1.1791333858267716
11
1.265152559055118
21
1.1779891338582678
0
LINE
8
BLACK
6
CONTINUOUS
10
1.265152559055118
20
1.1779891338582678
11
1.2628266141732283
21
1.1771216141732284
0
LINE
8
BLACK
6
CONTINUOUS
10
1.2628266141732283
20
1.1771216141732284
11
1.2628265354330708
21
1.1771215748031496
0
LINE
8
BLACK
6
CONTINUOUS
10
1.2628265354330708
20
1.1771215748031496
11
1.2628264566929133
21
1.1771215354330709
0
LINE
8
BLACK
6
CONTINUOUS
10
1.2628264566929133
20
1.1771215354330709
11
1.2582180314960629
21
1.1736716929133859
0
LINE
8
BLACK
6
CONTINUOUS
10
1.2582180314960629
20
1.1736716929133859
11
1.254768188976378
21
1.1690632677165353
0
LINE
8
BLACK
6
CONTINUOUS
10
1.254768188976378
20
1.1690632677165353
11
1.2547681102362205
21
1.1690630708661418
0
LINE
8
BLACK
6
CONTINUOUS
10
1.2547681102362205
20
1.1690630708661418
11
1.2527563385826772
21
1.1636694488188977
0
LINE
8
BLACK
6
CONTINUOUS
10
1.2527563385826772
20
1.1636694488188977
11
1.2527562598425197
21
1.1636691338582676
0
LINE
8
BLACK
6
CONTINUOUS
10
1.2527562598425197
20
1.1636691338582676
11
1.2524999999999999
21
1.1612853937007874
0
LINE
8
BLACK
6
CONTINUOUS
10
1.2524999999999999
20
1.1612853937007874
11
1.2524999999999999
21
1.0787145669291338
0
LINE
8
BLACK
6
CONTINUOUS
10
1.2524999999999999
20
1.0787145669291338
11
1.2527562598425197
21
1.0763308267716536
0
LINE
8
BLACK
6
CONTINUOUS
10
1.2527562598425197
20
1.0763308267716536
11
1.2527563385826772
21
1.0763305118110236
0
LINE
8
BLACK
6
CONTINUOUS
10
1.2527563385826772
20
1.0763305118110236
11
1.2547681102362205
21
1.0709368897637794
0
LINE
8
BLACK
6
CONTINUOUS
10
1.2547681102362205
20
1.0709368897637794
11
1.254768188976378
21
1.0709367322834646
0
LINE
8
BLACK
6
CONTINUOUS
10
1.254768188976378
20
1.0709367322834646
11
1.2554475984251969
21
1.0700291732283465
0
LINE
8
BLACK
6
CONTINUOUS
10
1.2554475984251969
20
1.0700291732283465
11
1.2564243700787401
21
1.0674102755905512
0
LINE
8
BLACK
6
CONTINUOUS
10
1.2564243700787401
20
1.0674102755905512
11
1.2564370078740157
21
1.0670564173228345
0
LINE
8
BLACK
6
CONTINUOUS
10
1.2564370078740157
20
1.0670564173228345
11
1.2564370078740157
21
0.9929435039370078
0
LINE
8
BLACK
6
CONTINUOUS
10
1.2564370078740157
20
0.9929435039370078
11
1.2556495275590551
21
0.9902615748031496
0
LINE
8
BLACK
6
CONTINUOUS
10
1.2556495275590551
20
0.9902615748031496
11
1.2554478346456692
21
0.9899711023622046
0
LINE
8
BLACK
6
CONTINUOUS
10
1.2554478346456692
20
0.9899711023622046
11
1.2547681496062992
21
0.9890631496062992
0
LINE
8
BLACK
6
CONTINUOUS
10
1.2547681496062992
20
0.9890631496062992
11
1.2527562598425197
21
0.9836691338582677
0
LINE
8
BLACK
6
CONTINUOUS
10
1.2527562598425197
20
0.9836691338582677
11
1.2524999999999999
21
0.9812853937007874
0
LINE
8
BLACK
6
CONTINUOUS
10
1.2524999999999999
20
0.9812853937007874
11
1.2524999999999999
21
0.8987145669291339
0
LINE
8
BLACK
6
CONTINUOUS
10
1.2524999999999999
20
0.8987145669291339
11
1.2527562598425197
21
0.8963308267716535
0
LINE
8
BLACK
6
CONTINUOUS
10
1.2527562598425197
20
0.8963308267716535
11
1.2527563385826772
21
0.8963305118110236
0
LINE
8
BLACK
6
CONTINUOUS
10
1.2527563385826772
20
0.8963305118110236
11
1.2547681102362205
21
0.8909368897637795
0
LINE
8
BLACK
6
CONTINUOUS
10
1.2547681102362205
20
0.8909368897637795
11
1.254768188976378
21
0.8909367322834646
0
LINE
8
BLACK
6
CONTINUOUS
10
1.254768188976378
20
0.8909367322834646
11
1.2554475984251969
21
0.8900291732283464
0
LINE
8
BLACK
6
CONTINUOUS
10
1.2554475984251969
20
0.8900291732283464
11
1.2564243700787401
21
0.8874102755905512
0
LINE
8
BLACK
6
CONTINUOUS
10
1.2564243700787401
20
0.8874102755905512
11
1.2564370078740157
21
0.8870564173228346
0
LINE
8
BLACK
6
CONTINUOUS
10
1.2564370078740157
20
0.8870564173228346
11
1.2564370078740157
21
0.8129435039370079
0
LINE
8
BLACK
6
CONTINUOUS
10
1.2564370078740157
20
0.8129435039370079
11
1.2556495275590551
21
0.8102615748031496
0
LINE
8
BLACK
6
CONTINUOUS
10
1.2556495275590551
20
0.8102615748031496
11
1.2554478346456692
21
0.8099711023622047
0
LINE
8
BLACK
6
CONTINUOUS
10
1.2554478346456692
20
0.8099711023622047
11
1.2547681496062992
21
0.8090631496062992
0
LINE
8
BLACK
6
CONTINUOUS
10
1.2547681496062992
20
0.8090631496062992
11
1.2527562598425197
21
0.8036691338582677
0
LINE
8
BLACK
6
CONTINUOUS
10
1.2527562598425197
20
0.8036691338582677
11
1.2524999999999999
21
0.8012853937007873
0
LINE
8
BLACK
6
CONTINUOUS
10
1.2524999999999999
20
0.8012853937007873
11
1.2524999999999999
21
0.7187145669291338
0
LINE
8
BLACK
6
CONTINUOUS
10
1.2524999999999999
20
0.7187145669291338
11
1.2527562598425197
21
0.7163308267716535
0
LINE
8
BLACK
6
CONTINUOUS
10
1.2527562598425197
20
0.7163308267716535
11
1.2527563385826772
21
0.7163305118110236
0
LINE
8
BLACK
6
CONTINUOUS
10
1.2527563385826772
20
0.7163305118110236
11
1.2547681102362205
21
0.7109368897637796
0
LINE
8
BLACK
6
CONTINUOUS
10
1.2547681102362205
20
0.7109368897637796
11
1.254768188976378
21
0.7109367322834645
0
LINE
8
BLACK
6
CONTINUOUS
10
1.254768188976378
20
0.7109367322834645
11
1.2554475984251969
21
0.7100291732283465
0
LINE
8
BLACK
6
CONTINUOUS
10
1.2554475984251969
20
0.7100291732283465
11
1.2564243700787401
21
0.7074102755905511
0
LINE
8
BLACK
6
CONTINUOUS
10
1.2564243700787401
20
0.7074102755905511
11
1.2564370078740157
21
0.7070564173228346
0
LINE
8
BLACK
6
CONTINUOUS
10
1.2564370078740157
20
0.7070564173228346
11
1.2564370078740157
21
0.6329435039370078
0
LINE
8
BLACK
6
CONTINUOUS
10
1.2564370078740157
20
0.6329435039370078
11
1.2556495275590551
21
0.6302615748031496
0
LINE
8
BLACK
6
CONTINUOUS
10
1.2556495275590551
20
0.6302615748031496
11
1.2554478346456692
21
0.6299711023622047
0
LINE
8
BLACK
6
CONTINUOUS
10
1.2554478346456692
20
0.6299711023622047
11
1.2547681496062992
21
0.6290631496062992
0
LINE
8
BLACK
6
CONTINUOUS
10
1.2547681496062992
20
0.6290631496062992
11
1.2527562598425197
21
0.6236691338582677
0
LINE
8
BLACK
6
CONTINUOUS
10
1.2527562598425197
20
0.6236691338582677
11
1.2524999999999999
21
0.6212853937007874
0
LINE
8
BLACK
6
CONTINUOUS
10
1.2524999999999999
20
0.6212853937007874
11
1.2524999999999999
21
0.5387145669291339
0
LINE
8
BLACK
6
CONTINUOUS
10
1.2524999999999999
20
0.5387145669291339
11
1.2527562598425197
21
0.5363308267716536
0
LINE
8
BLACK
6
CONTINUOUS
10
1.2527562598425197
20
0.5363308267716536
11
1.2527563385826772
21
0.5363305118110236
0
LINE
8
BLACK
6
CONTINUOUS
10
1.2527563385826772
20
0.5363305118110236
11
1.2547681102362205
21
0.5309368897637795
0
LINE
8
BLACK
6
CONTINUOUS
10
1.2547681102362205
20
0.5309368897637795
11
1.254768188976378
21
0.5309367322834646
0
LINE
8
BLACK
6
CONTINUOUS
10
1.254768188976378
20
0.5309367322834646
11
1.2554475984251969
21
0.5300291732283464
0
LINE
8
BLACK
6
CONTINUOUS
10
1.2554475984251969
20
0.5300291732283464
11
1.2564243700787401
21
0.5274102755905512
0
LINE
8
BLACK
6
CONTINUOUS
10
1.2564243700787401
20
0.5274102755905512
11
1.2564370078740157
21
0.5270564173228346
0
LINE
8
BLACK
6
CONTINUOUS
10
1.2564370078740157
20
0.5270564173228346
11
1.2564370078740157
21
0.4529435039370079
0
LINE
8
BLACK
6
CONTINUOUS
10
1.2564370078740157
20
0.4529435039370079
11
1.2556495275590551
21
0.4502615748031496
0
LINE
8
BLACK
6
CONTINUOUS
10
1.2556495275590551
20
0.4502615748031496
11
1.2554478346456692
21
0.4499711023622047
0
LINE
8
BLACK
6
CONTINUOUS
10
1.2554478346456692
20
0.4499711023622047
11
1.2547681496062992
21
0.4490631496062992
0
LINE
8
BLACK
6
CONTINUOUS
10
1.2547681496062992
20
0.4490631496062992
11
1.2547681102362205
21
0.4490630708661417
0
LINE
8
BLACK
6
CONTINUOUS
10
1.2547681102362205
20
0.4490630708661417
11
1.2539496456692913
21
0.4468687401574803
0
LINE
8
BLACK
6
CONTINUOUS
10
1.2539496456692913
20
0.4468687401574803
11
1.2522745669291337
21
0.4446311417322835
0
LINE
8
BLACK
6
CONTINUOUS
10
1.2522745669291337
20
0.4446311417322835
11
1.2496556299212598
21
0.4436543700787401
0
LINE
8
BLACK
6
CONTINUOUS
10
1.2496556299212598
20
0.4436543700787401
11
1.249301811023622
21
0.4436417322834645
0
LINE
8
BLACK
6
CONTINUOUS
10
1.249301811023622
20
0.4436417322834645
11
1.2179211417322835
21
0.4436417322834645
0
LINE
8
BLACK
6
CONTINUOUS
10
1.2179211417322835
20
0.4436417322834645
11
1.2117031889763779
21
0.4430479921259842
0
LINE
8
BLACK
6
CONTINUOUS
10
1.2117031889763779
20
0.4430479921259842
11
1.205698031496063
21
0.4412847244094488
0
LINE
8
BLACK
6
CONTINUOUS
10
1.205698031496063
20
0.4412847244094488
11
1.2037061023622047
21
0.440699842519685
0
LINE
8
BLACK
6
CONTINUOUS
10
1.2037061023622047
20
0.440699842519685
11
1.1969086614173228
21
0.4371954724409449
0
LINE
8
BLACK
6
CONTINUOUS
10
1.1969086614173228
20
0.4371954724409449
11
1.196298188976378
21
0.4368807480314961
0
LINE
8
BLACK
6
CONTINUOUS
10
1.196298188976378
20
0.4368807480314961
11
1.1945988976377953
21
0.4355444094488189
0
LINE
8
BLACK
6
CONTINUOUS
10
1.1945988976377953
20
0.4355444094488189
11
1.1897466141732282
21
0.4317285433070866
0
LINE
8
BLACK
6
CONTINUOUS
10
1.1897466141732282
20
0.4317285433070866
11
1.1842888976377952
21
0.42543
0
LINE
8
BLACK
6
CONTINUOUS
10
1.1842888976377952
20
0.42543
11
1.1842885826771654
21
0.4254295669291339
0
LINE
8
BLACK
6
CONTINUOUS
10
1.1842885826771654
20
0.4254295669291339
11
1.1801216141732283
21
0.4182120866141732
0
LINE
8
BLACK
6
CONTINUOUS
10
1.1801216141732283
20
0.4182120866141732
11
1.180121496062992
21
0.418211811023622
0
LINE
8
BLACK
6
CONTINUOUS
10
1.180121496062992
20
0.418211811023622
11
1.177395590551181
21
0.4103358267716535
0
LINE
8
BLACK
6
CONTINUOUS
10
1.177395590551181
20
0.4103358267716535
11
1.1773954724409448
21
0.4103353937007874
0
LINE
8
BLACK
6
CONTINUOUS
10
1.1773954724409448
20
0.4103353937007874
11
1.1762093700787402
21
0.4020860236220473
0
LINE
8
BLACK
6
CONTINUOUS
10
1.1762093700787402
20
0.4020860236220473
11
1.176605905511811
21
0.3937612598425197
0
LINE
8
BLACK
6
CONTINUOUS
10
1.176605905511811
20
0.3937612598425197
11
1.1766059842519685
21
0.3937607480314961
0
LINE
8
BLACK
6
CONTINUOUS
10
1.1766059842519685
20
0.3937607480314961
11
1.1785708661417322
21
0.3856614566929134
0
LINE
8
BLACK
6
CONTINUOUS
10
1.1785708661417322
20
0.3856614566929134
11
1.1785709448818897
21
0.3856612204724409
0
LINE
8
BLACK
6
CONTINUOUS
10
1.1785709448818897
20
0.3856612204724409
11
1.1820332283464567
21
0.378079842519685
0
LINE
8
BLACK
6
CONTINUOUS
10
1.1820332283464567
20
0.378079842519685
11
1.1820333858267715
21
0.3780795669291339
0
LINE
8
BLACK
6
CONTINUOUS
10
1.1820333858267715
20
0.3780795669291339
11
1.1868675196850393
21
0.3712909842519685
0
LINE
8
BLACK
6
CONTINUOUS
10
1.1868675196850393
20
0.3712909842519685
11
1.1868678740157481
21
0.3712905905511811
0
LINE
8
BLACK
6
CONTINUOUS
10
1.1868678740157481
20
0.3712905905511811
11
1.1928998425196851
21
0.3655391732283464
0
LINE
8
BLACK
6
CONTINUOUS
10
1.1928998425196851
20
0.3655391732283464
11
1.1999112204724409
21
0.3610332283464567
0
LINE
8
BLACK
6
CONTINUOUS
10
1.1999112204724409
20
0.3610332283464567
11
1.2076488582677165
21
0.3579355511811024
0
LINE
8
BLACK
6
CONTINUOUS
10
1.2076488582677165
20
0.3579355511811024
11
1.2158325196850392
21
0.3563582677165354
0
LINE
8
BLACK
6
CONTINUOUS
10
1.2158325196850392
20
0.3563582677165354
11
1.215832716535433
21
0.3563582677165354
0
LINE
8
BLACK
6
CONTINUOUS
10
1.215832716535433
20
0.3563582677165354
11
1.2493018503937008
21
0.3563582677165354
0
LINE
8
BLACK
6
CONTINUOUS
10
1.2493018503937008
20
0.3563582677165354
11
1.251983779527559
21
0.3555707874015748
0
LINE
8
BLACK
6
CONTINUOUS
10
1.251983779527559
20
0.3555707874015748
11
1.2538142125984251
21
0.3534583464566929
0
LINE
8
BLACK
6
CONTINUOUS
10
1.2538142125984251
20
0.3534583464566929
11
1.2539492913385826
21
0.3531322047244094
0
LINE
8
BLACK
6
CONTINUOUS
10
1.2539492913385826
20
0.3531322047244094
11
1.2543648425196849
21
0.3520181889763779
0
LINE
8
BLACK
6
CONTINUOUS
10
1.2543648425196849
20
0.3520181889763779
11
1.2547682283464567
21
0.3509366535433071
0
LINE
8
BLACK
6
CONTINUOUS
10
1.2547682283464567
20
0.3509366535433071
11
1.2582180314960629
21
0.3463282677165354
0
LINE
8
BLACK
6
CONTINUOUS
10
1.2582180314960629
20
0.3463282677165354
11
1.2628264566929133
21
0.3428784251968504
0
LINE
8
BLACK
6
CONTINUOUS
10
1.2628264566929133
20
0.3428784251968504
11
1.262826653543307
21
0.3428783464566929
0
LINE
8
BLACK
6
CONTINUOUS
10
1.262826653543307
20
0.3428783464566929
11
1.2682202755905512
21
0.3408665748031496
0
LINE
8
BLACK
6
CONTINUOUS
10
1.2682202755905512
20
0.3408665748031496
11
1.268220590551181
21
0.3408664960629921
0
LINE
8
BLACK
6
CONTINUOUS
10
1.268220590551181
20
0.3408664960629921
11
1.2706043307086614
21
0.3406102362204724
0
LINE
8
BLACK
6
CONTINUOUS
10
1.2706043307086614
20
0.3406102362204724
11
1.2706048031496062
21
0.3406102362204724
0
LINE
8
BLACK
6
CONTINUOUS
10
1.2706048031496062
20
0.3406102362204724
11
1.3103095669291338
21
0.3406102362204724
0
LINE
8
BLACK
6
CONTINUOUS
10
1.3103095669291338
20
0.3406102362204724
11
1.312991496062992
21
0.3398227559055118
0
LINE
8
BLACK
6
CONTINUOUS
10
1.312991496062992
20
0.3398227559055118
11
1.3148219291338583
21
0.3377103149606299
0
LINE
8
BLACK
6
CONTINUOUS
10
1.3148219291338583
20
0.3377103149606299
11
1.3152197244094488
21
0.3349436220472441
0
LINE
8
BLACK
6
CONTINUOUS
10
1.3152197244094488
20
0.3349436220472441
11
1.3140585433070866
21
0.3324011023622047
0
LINE
8
BLACK
6
CONTINUOUS
10
1.3140585433070866
20
0.3324011023622047
11
1.3128598031496064
21
0.3313947244094488
0
LINE
8
BLACK
6
CONTINUOUS
10
1.3128598031496064
20
0.3313947244094488
11
1.3123921259842519
21
0.3311144094488189
0
LINE
8
BLACK
6
CONTINUOUS
10
1.3123921259842519
20
0.3311144094488189
11
1.2999628740157481
21
0.3218962598425197
0
LINE
8
BLACK
6
CONTINUOUS
10
1.2999628740157481
20
0.3218962598425197
11
1.2999625984251968
21
0.3218960236220472
0
LINE
8
BLACK
6
CONTINUOUS
10
1.2999625984251968
20
0.3218960236220472
11
1.299962559055118
21
0.3218959842519685
0
LINE
8
BLACK
6
CONTINUOUS
10
1.299962559055118
20
0.3218959842519685
11
1.2884963779527558
21
0.3115036220472441
0
LINE
8
BLACK
6
CONTINUOUS
10
1.2884963779527558
20
0.3115036220472441
11
1.2798827559055117
21
0.3019999606299212
0
LINE
8
BLACK
6
CONTINUOUS
10
1.2798827559055117
20
0.3019999606299212
11
1.2781037007874017
21
0.3000370866141732
0
LINE
8
BLACK
6
CONTINUOUS
10
1.2781037007874017
20
0.3000370866141732
11
1.2688856692913386
21
0.2876079921259843
0
LINE
8
BLACK
6
CONTINUOUS
10
1.2688856692913386
20
0.2876079921259843
11
1.2643374409448818
21
0.2800196850393701
0
LINE
8
BLACK
6
CONTINUOUS
10
1.2643374409448818
20
0.2800196850393701
11
1.2609298818897638
21
0.2743345275590551
0
LINE
8
BLACK
6
CONTINUOUS
10
1.2609298818897638
20
0.2743345275590551
11
1.2543134645669292
21
0.2603453543307087
0
LINE
8
BLACK
6
CONTINUOUS
10
1.2543134645669292
20
0.2603453543307087
11
1.2543134251968504
21
0.2603452362204725
0
LINE
8
BLACK
6
CONTINUOUS
10
1.2543134251968504
20
0.2603452362204725
11
1.2491001574803149
21
0.2457751574803149
0
LINE
8
BLACK
6
CONTINUOUS
10
1.2491001574803149
20
0.2457751574803149
11
1.2491001181102361
21
0.2457749606299212
0
LINE
8
BLACK
6
CONTINUOUS
10
1.2491001181102361
20
0.2457749606299212
11
1.2453399999999999
21
0.2307637795275591
0
LINE
8
BLACK
6
CONTINUOUS
10
1.2453399999999999
20
0.2307637795275591
11
1.2453399606299211
21
0.2307635039370079
0
LINE
8
BLACK
6
CONTINUOUS
10
1.2453399606299211
20
0.2307635039370079
11
1.2430694094488188
21
0.2154567322834646
0
LINE
8
BLACK
6
CONTINUOUS
10
1.2430694094488188
20
0.2154567322834646
11
1.2430693700787401
21
0.2154561811023622
0
LINE
8
BLACK
6
CONTINUOUS
10
1.2430693700787401
20
0.2154561811023622
11
1.2423100393700788
21
0.2000001181102362
0
LINE
8
BLACK
6
CONTINUOUS
10
1.2423100393700788
20
0.2000001181102362
11
1.2423100393700788
21
0.199999842519685
0
LINE
8
BLACK
6
CONTINUOUS
10
1.2423100393700788
20
0.199999842519685
11
1.2430693700787401
21
0.184543779527559
0
LINE
8
BLACK
6
CONTINUOUS
10
1.2430693700787401
20
0.184543779527559
11
1.2430694094488188
21
0.1845432283464567
0
LINE
8
BLACK
6
CONTINUOUS
10
1.2430694094488188
20
0.1845432283464567
11
1.2453105511811022
21
0.1694346850393701
0
LINE
8
BLACK
6
CONTINUOUS
10
1.2453105511811022
20
0.1694346850393701
11
1.2453399999999999
21
0.1692362204724409
0
LINE
8
BLACK
6
CONTINUOUS
10
1.2453399999999999
20
0.1692362204724409
11
1.2463065354330709
21
0.1653776771653543
0
LINE
8
BLACK
6
CONTINUOUS
10
1.2463065354330709
20
0.1653776771653543
11
1.2491001574803149
21
0.1542248031496063
0
LINE
8
BLACK
6
CONTINUOUS
10
1.2491001574803149
20
0.1542248031496063
11
1.2543134251968504
21
0.1396547244094488
0
LINE
8
BLACK
6
CONTINUOUS
10
1.2543134251968504
20
0.1396547244094488
11
1.2602601181102362
21
0.1270815748031496
0
LINE
8
BLACK
6
CONTINUOUS
10
1.2602601181102362
20
0.1270815748031496
11
1.2606948818897636
21
0.1243204724409449
0
LINE
8
BLACK
6
CONTINUOUS
10
1.2606948818897636
20
0.1243204724409449
11
1.2595679133858269
21
0.1217625984251968
0
LINE
8
BLACK
6
CONTINUOUS
10
1.2595679133858269
20
0.1217625984251968
11
1.2572369291338583
21
0.1202200787401575
0
LINE
8
BLACK
6
CONTINUOUS
10
1.2572369291338583
20
0.1202200787401575
11
1.2557757480314959
21
0.12
0
LINE
8
BLACK
6
CONTINUOUS
10
1.2557757480314959
20
0.12
11
1.19498031496063
21
0.12
0
LINE
8
BLACK
6
CONTINUOUS
10
1.19498031496063
20
0.12
11
1.1922983858267717
21
0.1207874803149606
0
LINE
8
BLACK
6
CONTINUOUS
10
1.1922983858267717
20
0.1207874803149606
11
1.1904679527559054
21
0.1228999212598425
0
LINE
8
BLACK
6
CONTINUOUS
10
1.1904679527559054
20
0.1228999212598425
11
1.1900196850393701
21
0.1249606299212598
0
LINE
8
BLACK
6
CONTINUOUS
10
1.1900196850393701
20
0.1249606299212598
11
1.1900196850393701
21
0.1619146456692913
0
LINE
8
BLACK
6
CONTINUOUS
10
1.1900196850393701
20
0.1619146456692913
11
1.1900196456692913
21
0.1619153149606299
0
LINE
8
BLACK
6
CONTINUOUS
10
1.1900196456692913
20
0.1619153149606299
11
1.1897633858267715
21
0.1642990551181102
0
LINE
8
BLACK
6
CONTINUOUS
10
1.1897633858267715
20
0.1642990551181102
11
1.189763307086614
21
0.1642993700787402
0
LINE
8
BLACK
6
CONTINUOUS
10
1.189763307086614
20
0.1642993700787402
11
1.1888735433070865
21
0.1666848818897638
0
LINE
8
BLACK
6
CONTINUOUS
10
1.1888735433070865
20
0.1666848818897638
11
1.1877515354330708
21
0.1696930708661417
0
LINE
8
BLACK
6
CONTINUOUS
10
1.1877515354330708
20
0.1696930708661417
11
1.1869977952755906
21
0.1706999212598425
0
LINE
8
BLACK
6
CONTINUOUS
10
1.1869977952755906
20
0.1706999212598425
11
1.1846311811023622
21
0.1738613779527559
0
LINE
8
BLACK
6
CONTINUOUS
10
1.1846311811023622
20
0.1738613779527559
11
1.1836543700787401
21
0.1764802755905512
0
LINE
8
BLACK
6
CONTINUOUS
10
1.1836543700787401
20
0.1764802755905512
11
1.1836417322834645
21
0.1768341732283465
0
LINE
8
BLACK
6
CONTINUOUS
10
1.1836417322834645
20
0.1768341732283465
11
1.1836417322834645
21
0.1831658267716536
0
LINE
8
BLACK
6
CONTINUOUS
10
1.1836417322834645
20
0.1831658267716536
11
1.1844292125984253
21
0.1858477559055118
0
LINE
8
BLACK
6
CONTINUOUS
10
1.1844292125984253
20
0.1858477559055118
11
1.1846311811023622
21
0.1861386220472441
0
LINE
8
BLACK
6
CONTINUOUS
10
1.1846311811023622
20
0.1861386220472441
11
1.1877514566929133
21
0.1903067716535433
0
LINE
8
BLACK
6
CONTINUOUS
10
1.1877514566929133
20
0.1903067716535433
11
1.1877515354330708
21
0.190306968503937
0
LINE
8
BLACK
6
CONTINUOUS
10
1.1877515354330708
20
0.190306968503937
11
1.189763307086614
21
0.1957005905511811
0
LINE
8
BLACK
6
CONTINUOUS
10
1.189763307086614
20
0.1957005905511811
11
1.1897633858267715
21
0.195700905511811
0
LINE
8
BLACK
6
CONTINUOUS
10
1.1897633858267715
20
0.195700905511811
11
1.1900196456692913
21
0.1980846456692913
0
LINE
8
BLACK
6
CONTINUOUS
10
1.1900196456692913
20
0.1980846456692913
11
1.1900196850393701
21
0.1980853149606299
0
LINE
8
BLACK
6
CONTINUOUS
10
1.1900196850393701
20
0.1980853149606299
11
1.1900196850393701
21
0.2619146456692913
0
LINE
8
BLACK
6
CONTINUOUS
10
1.1900196850393701
20
0.2619146456692913
11
1.1900196456692913
21
0.2619153149606299
0
LINE
8
BLACK
6
CONTINUOUS
10
1.1900196456692913
20
0.2619153149606299
11
1.1897633858267715
21
0.2642990551181102
0
LINE
8
BLACK
6
CONTINUOUS
10
1.1897633858267715
20
0.2642990551181102
11
1.189763307086614
21
0.2642993700787402
0
LINE
8
BLACK
6
CONTINUOUS
10
1.189763307086614
20
0.2642993700787402
11
1.1894866141732283
21
0.2650411417322834
0
LINE
8
BLACK
6
CONTINUOUS
10
1.1894866141732283
20
0.2650411417322834
11
1.1877515354330708
21
0.2696930708661417
0
LINE
8
BLACK
6
CONTINUOUS
10
1.1877515354330708
20
0.2696930708661417
11
1.1843016141732283
21
0.2743016141732283
0
LINE
8
BLACK
6
CONTINUOUS
10
1.1843016141732283
20
0.2743016141732283
11
1.1813912598425196
21
0.2764802755905512
0
LINE
8
BLACK
6
CONTINUOUS
10
1.1813912598425196
20
0.2764802755905512
11
1.179693188976378
21
0.2777514566929134
0
LINE
8
BLACK
6
CONTINUOUS
10
1.179693188976378
20
0.2777514566929134
11
1.1796931496062992
21
0.2777514566929134
0
LINE
8
BLACK
6
CONTINUOUS
10
1.1796931496062992
20
0.2777514566929134
11
1.1796930708661417
21
0.2777515354330709
0
LINE
8
BLACK
6
CONTINUOUS
10
1.1796930708661417
20
0.2777515354330709
11
1.1742992519685038
21
0.2797633464566929
0
LINE
8
BLACK
6
CONTINUOUS
10
1.1742992519685038
20
0.2797633464566929
11
1.1742991732283465
21
0.2797633464566929
0
LINE
8
BLACK
6
CONTINUOUS
10
1.1742991732283465
20
0.2797633464566929
11
1.1742990551181103
21
0.2797633858267716
0
LINE
8
BLACK
6
CONTINUOUS
10
1.1742990551181103
20
0.2797633858267716
11
1.1719153149606298
21
0.2800196456692913
0
LINE
8
BLACK
6
CONTINUOUS
10
1.1719153149606298
20
0.2800196456692913
11
1.1719151574803148
21
0.2800196456692913
0
LINE
8
BLACK
6
CONTINUOUS
10
1.1719151574803148
20
0.2800196456692913
11
1.1719148818897638
21
0.2800196850393701
0
LINE
8
BLACK
6
CONTINUOUS
10
1.1719148818897638
20
0.2800196850393701
11
1.1080851181102362
21
0.2800196850393701
0
LINE
8
BLACK
6
CONTINUOUS
10
1.1080851181102362
20
0.2800196850393701
11
1.108084842519685
21
0.2800196456692913
0
LINE
8
BLACK
6
CONTINUOUS
10
1.108084842519685
20
0.2800196456692913
11
1.1080846456692912
21
0.2800196456692913
0
LINE
8
BLACK
6
CONTINUOUS
10
1.1080846456692912
20
0.2800196456692913
11
1.105700905511811
21
0.2797633858267716
0
LINE
8
BLACK
6
CONTINUOUS
10
1.105700905511811
20
0.2797633858267716
11
1.105700590551181
21
0.2797633070866142
0
LINE
8
BLACK
6
CONTINUOUS
10
1.105700590551181
20
0.2797633070866142
11
1.1026328740157481
21
0.2786190551181102
0
LINE
8
BLACK
6
CONTINUOUS
10
1.1026328740157481
20
0.2786190551181102
11
1.1003069291338583
21
0.2777515354330709
0
LINE
8
BLACK
6
CONTINUOUS
10
1.1003069291338583
20
0.2777515354330709
11
1.1003068503937008
21
0.2777514960629921
0
LINE
8
BLACK
6
CONTINUOUS
10
1.1003068503937008
20
0.2777514960629921
11
1.1003067716535433
21
0.2777514566929134
0
LINE
8
BLACK
6
CONTINUOUS
10
1.1003067716535433
20
0.2777514566929134
11
1.095698346456693
21
0.2743016141732283
0
LINE
8
BLACK
6
CONTINUOUS
10
1.095698346456693
20
0.2743016141732283
11
1.0922485039370078
21
0.269693188976378
0
LINE
8
BLACK
6
CONTINUOUS
10
1.0922485039370078
20
0.269693188976378
11
1.0922484251968503
21
0.2696929921259842
0
LINE
8
BLACK
6
CONTINUOUS
10
1.0922484251968503
20
0.2696929921259842
11
1.090236653543307
21
0.2642993700787402
0
LINE
8
BLACK
6
CONTINUOUS
10
1.090236653543307
20
0.2642993700787402
11
1.0902365748031495
21
0.2642990551181102
0
LINE
8
BLACK
6
CONTINUOUS
10
1.0902365748031495
20
0.2642990551181102
11
1.08998031496063
21
0.2619153149606299
0
LINE
8
BLACK
6
CONTINUOUS
10
1.08998031496063
20
0.2619153149606299
11
1.08998031496063
21
0.1980846456692913
0
LINE
8
BLACK
6
CONTINUOUS
10
1.08998031496063
20
0.1980846456692913
11
1.0902365748031495
21
0.195700905511811
0
LINE
8
BLACK
6
CONTINUOUS
10
1.0902365748031495
20
0.195700905511811
11
1.090236653543307
21
0.1957005905511811
0
LINE
8
BLACK
6
CONTINUOUS
10
1.090236653543307
20
0.1957005905511811
11
1.0922484251968503
21
0.190306968503937
0
LINE
8
BLACK
6
CONTINUOUS
10
1.0922484251968503
20
0.190306968503937
11
1.0922485039370078
21
0.1903067716535433
0
LINE
8
BLACK
6
CONTINUOUS
10
1.0922485039370078
20
0.1903067716535433
11
1.0953688188976378
21
0.1861386220472441
0
LINE
8
BLACK
6
CONTINUOUS
10
1.0953688188976378
20
0.1861386220472441
11
1.0963456299212597
21
0.1835197244094488
0
LINE
8
BLACK
6
CONTINUOUS
10
1.0963456299212597
20
0.1835197244094488
11
1.0963582677165353
21
0.1831658267716536
0
LINE
8
BLACK
6
CONTINUOUS
10
1.0963582677165353
20
0.1831658267716536
11
1.0963582677165353
21
0.1768341732283465
0
LINE
8
BLACK
6
CONTINUOUS
10
1.0963582677165353
20
0.1768341732283465
11
1.0955707874015748
21
0.1741522440944882
0
LINE
8
BLACK
6
CONTINUOUS
10
1.0955707874015748
20
0.1741522440944882
11
1.0953688188976378
21
0.1738613779527559
0
LINE
8
BLACK
6
CONTINUOUS
10
1.0953688188976378
20
0.1738613779527559
11
1.0922485039370078
21
0.1696931889763779
0
LINE
8
BLACK
6
CONTINUOUS
10
1.0922485039370078
20
0.1696931889763779
11
1.0922484251968503
21
0.1696929921259842
0
LINE
8
BLACK
6
CONTINUOUS
10
1.0922484251968503
20
0.1696929921259842
11
1.090236653543307
21
0.1642993700787402
0
LINE
8
BLACK
6
CONTINUOUS
10
1.090236653543307
20
0.1642993700787402
11
1.0902365748031495
21
0.1642990551181102
0
LINE
8
BLACK
6
CONTINUOUS
10
1.0902365748031495
20
0.1642990551181102
11
1.08998031496063
21
0.1619153149606299
0
LINE
8
BLACK
6
CONTINUOUS
10
1.08998031496063
20
0.1619153149606299
11
1.08998031496063
21
0.1249606299212598
0
LINE
8
BLACK
6
CONTINUOUS
10
1.08998031496063
20
0.1249606299212598
11
1.0891928346456692
21
0.1222787007874016
0
LINE
8
BLACK
6
CONTINUOUS
10
1.0891928346456692
20
0.1222787007874016
11
1.0870803937007874
21
0.1204482677165354
0
LINE
8
BLACK
6
CONTINUOUS
10
1.0870803937007874
20
0.1204482677165354
11
1.0850196850393701
21
0.12
0
LINE
8
BLACK
6
CONTINUOUS
10
1.0850196850393701
20
0.12
11
1.0700000000000001
21
0.12
0
LINE
8
BLACK
6
CONTINUOUS
10
1.0700000000000001
20
0.12
11
1.0700000000000001
21
0.1
0
LINE
8
BLACK
6
CONTINUOUS
10
1.0700000000000001
20
0.1
11
1.01
21
0.1
0
LINE
8
BLACK
6
CONTINUOUS
10
1.01
20
0.1
11
1.01
21
0.12
0
LINE
8
BLACK
6
CONTINUOUS
10
1.01
20
0.12
11
0.9949803149606299
21
0.12
0
LINE
8
BLACK
6
CONTINUOUS
10
0.9949803149606299
20
0.12
11
0.9922983858267717
21
0.1207874803149606
0
LINE
8
BLACK
6
CONTINUOUS
10
0.9922983858267717
20
0.1207874803149606
11
0.9904679527559055
21
0.1228999212598425
0
LINE
8
BLACK
6
CONTINUOUS
10
0.9904679527559055
20
0.1228999212598425
11
0.9900196850393701
21
0.1249606299212598
0
LINE
8
BLACK
6
CONTINUOUS
10
0.9900196850393701
20
0.1249606299212598
11
0.9900196850393701
21
0.1619146456692913
0
LINE
8
BLACK
6
CONTINUOUS
10
0.9900196850393701
20
0.1619146456692913
11
0.9900196456692913
21
0.1619153149606299
0
LINE
8
BLACK
6
CONTINUOUS
10
0.9900196456692913
20
0.1619153149606299
11
0.9897633858267716
21
0.1642990551181102
0
LINE
8
BLACK
6
CONTINUOUS
10
0.9897633858267716
20
0.1642990551181102
11
0.9897633070866142
21
0.1642993700787402
0
LINE
8
BLACK
6
CONTINUOUS
10
0.9897633070866142
20
0.1642993700787402
11
0.9888735433070865
21
0.1666848818897638
0
LINE
8
BLACK
6
CONTINUOUS
10
0.9888735433070865
20
0.1666848818897638
11
0.9877515354330708
21
0.1696930708661417
0
LINE
8
BLACK
6
CONTINUOUS
10
0.9877515354330708
20
0.1696930708661417
11
0.9869977952755905
21
0.1706999212598425
0
LINE
8
BLACK
6
CONTINUOUS
10
0.9869977952755905
20
0.1706999212598425
11
0.9846311811023621
21
0.1738613779527559
0
LINE
8
BLACK
6
CONTINUOUS
10
0.9846311811023621
20
0.1738613779527559
11
0.9836543700787401
21
0.1764802755905512
0
LINE
8
BLACK
6
CONTINUOUS
10
0.9836543700787401
20
0.1764802755905512
11
0.9836417322834645
21
0.1768341732283465
0
LINE
8
BLACK
6
CONTINUOUS
10
0.9836417322834645
20
0.1768341732283465
11
0.9836417322834645
21
0.1831658267716536
0
LINE
8
BLACK
6
CONTINUOUS
10
0.9836417322834645
20
0.1831658267716536
11
0.9844292125984252
21
0.1858477559055118
0
LINE
8
BLACK
6
CONTINUOUS
10
0.9844292125984252
20
0.1858477559055118
11
0.9846311811023621
21
0.1861386220472441
0
LINE
8
BLACK
6
CONTINUOUS
10
0.9846311811023621
20
0.1861386220472441
11
0.9877514566929133
21
0.1903067716535433
0
LINE
8
BLACK
6
CONTINUOUS
10
0.9877514566929133
20
0.1903067716535433
11
0.9877515354330708
21
0.190306968503937
0
LINE
8
BLACK
6
CONTINUOUS
10
0.9877515354330708
20
0.190306968503937
11
0.9897633070866142
21
0.1957005905511811
0
LINE
8
BLACK
6
CONTINUOUS
10
0.9897633070866142
20
0.1957005905511811
11
0.9897633858267716
21
0.195700905511811
0
LINE
8
BLACK
6
CONTINUOUS
10
0.9897633858267716
20
0.195700905511811
11
0.9900196456692913
21
0.1980846456692913
0
LINE
8
BLACK
6
CONTINUOUS
10
0.9900196456692913
20
0.1980846456692913
11
0.9900196850393701
21
0.1980853149606299
0
LINE
8
BLACK
6
CONTINUOUS
10
0.9900196850393701
20
0.1980853149606299
11
0.9900196850393701
21
0.2619146456692913
0
LINE
8
BLACK
6
CONTINUOUS
10
0.9900196850393701
20
0.2619146456692913
11
0.9900196456692913
21
0.2619153149606299
0
LINE
8
BLACK
6
CONTINUOUS
10
0.9900196456692913
20
0.2619153149606299
11
0.9897633858267716
21
0.2642990551181102
0
LINE
8
BLACK
6
CONTINUOUS
10
0.9897633858267716
20
0.2642990551181102
11
0.9897633070866142
21
0.2642993700787402
0
LINE
8
BLACK
6
CONTINUOUS
10
0.9897633070866142
20
0.2642993700787402
11
0.9894866141732284
21
0.2650411417322834
0
LINE
8
BLACK
6
CONTINUOUS
10
0.9894866141732284
20
0.2650411417322834
11
0.9877515354330708
21
0.2696930708661417
0
LINE
8
BLACK
6
CONTINUOUS
10
0.9877515354330708
20
0.2696930708661417
11
0.9846311811023621
21
0.2738613779527559
0
LINE
8
BLACK
6
CONTINUOUS
10
0.9846311811023621
20
0.2738613779527559
11
0.9836543700787401
21
0.2764802755905512
0
LINE
8
BLACK
6
CONTINUOUS
10
0.9836543700787401
20
0.2764802755905512
11
0.9836417322834645
21
0.2768341732283465
0
LINE
8
BLACK
6
CONTINUOUS
10
0.9836417322834645
20
0.2768341732283465
11
0.9836417322834645
21
0.3356496062992126
0
LINE
8
BLACK
6
CONTINUOUS
10
0.9836417322834645
20
0.3356496062992126
11
0.9844292125984252
21
0.3383315354330709
0
LINE
8
BLACK
6
CONTINUOUS
10
0.9844292125984252
20
0.3383315354330709
11
0.986541653543307
21
0.340161968503937
0
LINE
8
BLACK
6
CONTINUOUS
10
0.986541653543307
20
0.340161968503937
11
0.9886023622047244
21
0.3406102362204724
0
LINE
8
BLACK
6
CONTINUOUS
10
0.9886023622047244
20
0.3406102362204724
11
1.0095531102362205
21
0.3406102362204724
0
LINE
8
BLACK
6
CONTINUOUS
10
1.0095531102362205
20
0.3406102362204724
11
1.0119368503937007
21
0.3408664960629921
0
LINE
8
BLACK
6
CONTINUOUS
10
1.0119368503937007
20
0.3408664960629921
11
1.0119371653543308
21
0.3408665748031496
0
LINE
8
BLACK
6
CONTINUOUS
10
1.0119371653543308
20
0.3408665748031496
11
1.0173307874015747
21
0.3428783464566929
0
LINE
8
BLACK
6
CONTINUOUS
10
1.0173307874015747
20
0.3428783464566929
11
1.0173309842519684
21
0.3428784251968504
0
LINE
8
BLACK
6
CONTINUOUS
10
1.0173309842519684
20
0.3428784251968504
11
1.0219394094488188
21
0.3463282677165354
0
LINE
8
BLACK
6
CONTINUOUS
10
1.0219394094488188
20
0.3463282677165354
11
1.0253892125984252
21
0.3509366535433071
0
LINE
8
BLACK
6
CONTINUOUS
10
1.0253892125984252
20
0.3509366535433071
11
1.0253892519685039
21
0.3509367322834646
0
LINE
8
BLACK
6
CONTINUOUS
10
1.0253892519685039
20
0.3509367322834646
11
1.0253893307086615
21
0.3509368503937008
0
LINE
8
BLACK
6
CONTINUOUS
10
1.0253893307086615
20
0.3509368503937008
11
1.0262078346456693
21
0.3531312992125984
0
LINE
8
BLACK
6
CONTINUOUS
10
1.0262078346456693
20
0.3531312992125984
11
1.0278828346456692
21
0.3553688188976378
0
LINE
8
BLACK
6
CONTINUOUS
10
1.0278828346456692
20
0.3553688188976378
11
1.0305017322834646
21
0.3563456299212598
0
LINE
8
BLACK
6
CONTINUOUS
10
1.0305017322834646
20
0.3563456299212598
11
1.0308556299212599
21
0.3563582677165354
0
LINE
8
BLACK
6
CONTINUOUS
10
1.0308556299212599
20
0.3563582677165354
11
1.0564452362204724
21
0.3563582677165354
0
LINE
8
BLACK
6
CONTINUOUS
10
1.0564452362204724
20
0.3563582677165354
11
1.0571511811023622
21
0.3563077559055118
0
LINE
8
BLACK
6
CONTINUOUS
10
1.0571511811023622
20
0.3563077559055118
11
1.0573249606299213
21
0.3562827559055118
0
LINE
8
BLACK
6
CONTINUOUS
10
1.0573249606299213
20
0.3562827559055118
11
1.0578353543307086
21
0.3562093700787402
0
LINE
8
BLACK
6
CONTINUOUS
10
1.0578353543307086
20
0.3562093700787402
11
1.0607095669291338
21
0.3563462992125984
0
LINE
8
BLACK
6
CONTINUOUS
10
1.0607095669291338
20
0.3563462992125984
11
1.0608420472440945
21
0.3563526377952756
0
LINE
8
BLACK
6
CONTINUOUS
10
1.0608420472440945
20
0.3563526377952756
11
1.0610780314960631
21
0.3563582677165354
0
LINE
8
BLACK
6
CONTINUOUS
10
1.0610780314960631
20
0.3563582677165354
11
1.0893956299212597
21
0.3563582677165354
0
LINE
8
BLACK
6
CONTINUOUS
10
1.0893956299212597
20
0.3563582677165354
11
1.0917793700787402
21
0.3566145275590551
0
LINE
8
BLACK
6
CONTINUOUS
10
1.0917793700787402
20
0.3566145275590551
11
1.09177968503937
21
0.3566146062992126
0
LINE
8
BLACK
6
CONTINUOUS
10
1.09177968503937
20
0.3566146062992126
11
1.0971733070866141
21
0.3586263779527559
0
LINE
8
BLACK
6
CONTINUOUS
10
1.0971733070866141
20
0.3586263779527559
11
1.0971735039370079
21
0.3586264566929134
0
LINE
8
BLACK
6
CONTINUOUS
10
1.0971735039370079
20
0.3586264566929134
11
1.1017819291338582
21
0.3620762992125984
0
LINE
8
BLACK
6
CONTINUOUS
10
1.1017819291338582
20
0.3620762992125984
11
1.1052317716535434
21
0.3666847244094488
0
LINE
8
BLACK
6
CONTINUOUS
10
1.1052317716535434
20
0.3666847244094488
11
1.1052318503937009
21
0.3666849212598425
0
LINE
8
BLACK
6
CONTINUOUS
10
1.1052318503937009
20
0.3666849212598425
11
1.1054304724409449
21
0.3672173622047244
0
LINE
8
BLACK
6
CONTINUOUS
10
1.1054304724409449
20
0.3672173622047244
11
1.1069497637795276
21
0.371290748031496
0
LINE
8
BLACK
6
CONTINUOUS
10
1.1069497637795276
20
0.371290748031496
11
1.1072436220472441
21
0.3720785433070866
0
LINE
8
BLACK
6
CONTINUOUS
10
1.1072436220472441
20
0.3720785433070866
11
1.1072437007874016
21
0.3720788582677165
0
LINE
8
BLACK
6
CONTINUOUS
10
1.1072437007874016
20
0.3720788582677165
11
1.1074999606299212
21
0.3744625984251969
0
LINE
8
BLACK
6
CONTINUOUS
10
1.1074999606299212
20
0.3744625984251969
11
1.1074999999999999
21
0.3744632677165354
0
LINE
8
BLACK
6
CONTINUOUS
10
1.1074999999999999
20
0.3744632677165354
11
1.1074999999999999
21
0.4255366929133858
0
LINE
8
BLACK
6
CONTINUOUS
10
1.1074999999999999
20
0.4255366929133858
11
1.1074999606299212
21
0.4255373622047244
0
LINE
8
BLACK
6
CONTINUOUS
10
1.1074999606299212
20
0.4255373622047244
11
1.1072437007874016
21
0.4279211023622047
0
LINE
8
BLACK
6
CONTINUOUS
10
1.1072437007874016
20
0.4279211023622047
11
1.1072436614173229
21
0.4279211417322835
0
LINE
8
BLACK
6
CONTINUOUS
10
1.1072436614173229
20
0.4279211417322835
11
1.1072436614173229
21
0.4279212992125984
0
LINE
8
BLACK
6
CONTINUOUS
10
1.1072436614173229
20
0.4279212992125984
11
1.1052318503937009
21
0.4333151181102362
0
LINE
8
BLACK
6
CONTINUOUS
10
1.1052318503937009
20
0.4333151181102362
11
1.1045524409448819
21
0.4342226377952756
0
LINE
8
BLACK
6
CONTINUOUS
10
1.1045524409448819
20
0.4342226377952756
11
1.1035756299212598
21
0.4368414960629921
0
LINE
8
BLACK
6
CONTINUOUS
10
1.1035756299212598
20
0.4368414960629921
11
1.1035629921259842
21
0.4371954724409449
0
LINE
8
BLACK
6
CONTINUOUS
10
1.1035629921259842
20
0.4371954724409449
11
1.1035629921259842
21
0.5313976377952756
0
LINE
8
BLACK
6
CONTINUOUS
10
1.1035629921259842
20
0.5313976377952756
11
1.1043504724409448
21
0.5340795669291338
0
LINE
8
BLACK
6
CONTINUOUS
10
1.1043504724409448
20
0.5340795669291338
11
1.1064629133858268
21
0.53591
0
LINE
8
BLACK
6
CONTINUOUS
10
1.1064629133858268
20
0.53591
11
1.1085236220472441
21
0.5363582677165354
0
LINE
8
BLACK
6
CONTINUOUS
10
1.1085236220472441
20
0.5363582677165354
11
1.1220787795275591
21
0.5363582677165354
0
LINE
8
BLACK
6
CONTINUOUS
10
1.1220787795275591
20
0.5363582677165354
11
1.1220788582677166
21
0.5363582677165354
0
LINE
8
BLACK
6
CONTINUOUS
10
1.1220788582677166
20
0.5363582677165354
11
1.1220788976377953
21
0.5363582677165354
0
LINE
8
BLACK
6
CONTINUOUS
10
1.1220788976377953
20
0.5363582677165354
11
1.1220796062992127
21
0.5363583070866141
0
LINE
8
BLACK
6
CONTINUOUS
10
1.1220796062992127
20
0.5363583070866141
11
1.1282963779527559
21
0.5369519291338583
0
LINE
8
BLACK
6
CONTINUOUS
10
1.1282963779527559
20
0.5369519291338583
11
1.1282967322834645
21
0.536951968503937
0
LINE
8
BLACK
6
CONTINUOUS
10
1.1282967322834645
20
0.536951968503937
11
1.128296811023622
21
0.5369520078740158
0
LINE
8
BLACK
6
CONTINUOUS
10
1.128296811023622
20
0.5369520078740158
11
1.1282968897637795
21
0.5369520078740158
0
LINE
8
BLACK
6
CONTINUOUS
10
1.1282968897637795
20
0.5369520078740158
11
1.128296968503937
21
0.5369520472440945
0
LINE
8
BLACK
6
CONTINUOUS
10
1.128296968503937
20
0.5369520472440945
11
1.1362938582677165
21
0.5393001181102363
0
LINE
8
BLACK
6
CONTINUOUS
10
1.1362938582677165
20
0.5393001181102363
11
1.1437016929133859
21
0.5431191732283465
0
LINE
8
BLACK
6
CONTINUOUS
10
1.1437016929133859
20
0.5431191732283465
11
1.1502533464566929
21
0.5482714173228347
0
LINE
8
BLACK
6
CONTINUOUS
10
1.1502533464566929
20
0.5482714173228347
11
1.1557110629921259
21
0.5545699606299213
0
LINE
8
BLACK
6
CONTINUOUS
10
1.1557110629921259
20
0.5545699606299213
11
1.1557113779527559
21
0.5545703937007874
0
LINE
8
BLACK
6
CONTINUOUS
10
1.1557113779527559
20
0.5545703937007874
11
1.1598783464566929
21
0.561787874015748
0
LINE
8
BLACK
6
CONTINUOUS
10
1.1598783464566929
20
0.561787874015748
11
1.1598784645669291
21
0.5617881496062992
0
LINE
8
BLACK
6
CONTINUOUS
10
1.1598784645669291
20
0.5617881496062992
11
1.1626044488188976
21
0.5696642913385827
0
LINE
8
BLACK
6
CONTINUOUS
10
1.1626044488188976
20
0.5696642913385827
11
1.1629172834645669
21
0.5718399606299213
0
LINE
8
BLACK
6
CONTINUOUS
10
1.1629172834645669
20
0.5718399606299213
11
1.1637905905511812
21
0.577913937007874
0
LINE
8
BLACK
6
CONTINUOUS
10
1.1637905905511812
20
0.577913937007874
11
1.1633940551181101
21
0.5862387007874016
0
LINE
8
BLACK
6
CONTINUOUS
10
1.1633940551181101
20
0.5862387007874016
11
1.1633940157480314
21
0.5862388582677165
0
LINE
8
BLACK
6
CONTINUOUS
10
1.1633940157480314
20
0.5862388582677165
11
1.1633940157480314
21
0.5862391338582678
0
LINE
8
BLACK
6
CONTINUOUS
10
1.1633940157480314
20
0.5862391338582678
11
1.1614290551181101
21
0.5943387401574803
0
LINE
8
BLACK
6
CONTINUOUS
10
1.1614290551181101
20
0.5943387401574803
11
1.1579667716535433
21
0.6019201181102362
0
LINE
8
BLACK
6
CONTINUOUS
10
1.1579667716535433
20
0.6019201181102362
11
1.1531322440944882
21
0.6087092519685039
0
LINE
8
BLACK
6
CONTINUOUS
10
1.1531322440944882
20
0.6087092519685039
11
1.1471002362204725
21
0.6144607480314961
0
LINE
8
BLACK
6
CONTINUOUS
10
1.1471002362204725
20
0.6144607480314961
11
1.1400887401574802
21
0.6189667716535433
0
LINE
8
BLACK
6
CONTINUOUS
10
1.1400887401574802
20
0.6189667716535433
11
1.1323512204724409
21
0.6220644094488189
0
LINE
8
BLACK
6
CONTINUOUS
10
1.1323512204724409
20
0.6220644094488189
11
1.1241672834645668
21
0.6236417322834645
0
LINE
8
BLACK
6
CONTINUOUS
10
1.1241672834645668
20
0.6236417322834645
11
1.1241671259842518
21
0.6236417322834645
0
LINE
8
BLACK
6
CONTINUOUS
10
1.1241671259842518
20
0.6236417322834645
11
1.1085236220472441
21
0.6236417322834645
0
LINE
8
BLACK
6
CONTINUOUS
10
1.1085236220472441
20
0.6236417322834645
11
1.1058416929133859
21
0.6244292125984252
0
LINE
8
BLACK
6
CONTINUOUS
10
1.1058416929133859
20
0.6244292125984252
11
1.1040112598425196
21
0.626541653543307
0
LINE
8
BLACK
6
CONTINUOUS
10
1.1040112598425196
20
0.626541653543307
11
1.1035629921259842
21
0.6286023622047244
0
LINE
8
BLACK
6
CONTINUOUS
10
1.1035629921259842
20
0.6286023622047244
11
1.1035629921259842
21
0.7228044488188976
0
LINE
8
BLACK
6
CONTINUOUS
10
1.1035629921259842
20
0.7228044488188976
11
1.1043504724409448
21
0.7254863779527558
0
LINE
8
BLACK
6
CONTINUOUS
10
1.1043504724409448
20
0.7254863779527558
11
1.1045524015748032
21
0.7257772047244094
0
LINE
8
BLACK
6
CONTINUOUS
10
1.1045524015748032
20
0.7257772047244094
11
1.1052317716535434
21
0.7266847637795275
0
LINE
8
BLACK
6
CONTINUOUS
10
1.1052317716535434
20
0.7266847637795275
11
1.1052318503937009
21
0.7266849212598425
0
LINE
8
BLACK
6
CONTINUOUS
10
1.1052318503937009
20
0.7266849212598425
11
1.1072436220472441
21
0.7320785433070865
0
LINE
8
BLACK
6
CONTINUOUS
10
1.1072436220472441
20
0.7320785433070865
11
1.1072437007874016
21
0.7320788582677166
0
LINE
8
BLACK
6
CONTINUOUS
10
1.1072437007874016
20
0.7320788582677166
11
1.1074999606299212
21
0.7344625984251968
0
LINE
8
BLACK
6
CONTINUOUS
10
1.1074999606299212
20
0.7344625984251968
11
1.1074999999999999
21
0.7344632677165354
0
LINE
8
BLACK
6
CONTINUOUS
10
1.1074999999999999
20
0.7344632677165354
11
1.1074999999999999
21
0.7855366929133858
0
LINE
8
BLACK
6
CONTINUOUS
10
1.1074999999999999
20
0.7855366929133858
11
1.1074999606299212
21
0.7855373622047244
0
LINE
8
BLACK
6
CONTINUOUS
10
1.1074999606299212
20
0.7855373622047244
11
1.1072437007874016
21
0.7879211023622047
0
LINE
8
BLACK
6
CONTINUOUS
10
1.1072437007874016
20
0.7879211023622047
11
1.1072436614173229
21
0.7879211417322834
0
LINE
8
BLACK
6
CONTINUOUS
10
1.1072436614173229
20
0.7879211417322834
11
1.1072436614173229
21
0.7879212992125985
0
LINE
8
BLACK
6
CONTINUOUS
10
1.1072436614173229
20
0.7879212992125985
11
1.1052318503937009
21
0.7933151181102363
0
LINE
8
BLACK
6
CONTINUOUS
10
1.1052318503937009
20
0.7933151181102363
11
1.1045524409448819
21
0.7942226377952756
0
LINE
8
BLACK
6
CONTINUOUS
10
1.1045524409448819
20
0.7942226377952756
11
1.1035756299212598
21
0.7968414960629921
0
LINE
8
BLACK
6
CONTINUOUS
10
1.1035756299212598
20
0.7968414960629921
11
1.1035629921259842
21
0.7971954724409449
0
LINE
8
BLACK
6
CONTINUOUS
10
1.1035629921259842
20
0.7971954724409449
11
1.1035629921259842
21
0.9028044488188977
0
LINE
8
BLACK
6
CONTINUOUS
10
1.1035629921259842
20
0.9028044488188977
11
1.1043504724409448
21
0.9054863779527559
0
LINE
8
BLACK
6
CONTINUOUS
10
1.1043504724409448
20
0.9054863779527559
11
1.1045524015748032
21
0.9057772047244095
0
LINE
8
BLACK
6
CONTINUOUS
10
1.1045524015748032
20
0.9057772047244095
11
1.1052317716535434
21
0.9066847637795276
0
LINE
8
BLACK
6
CONTINUOUS
10
1.1052317716535434
20
0.9066847637795276
11
1.1052318503937009
21
0.9066849212598425
0
LINE
8
BLACK
6
CONTINUOUS
10
1.1052318503937009
20
0.9066849212598425
11
1.1072436220472441
21
0.9120785433070866
0
LINE
8
BLACK
6
CONTINUOUS
10
1.1072436220472441
20
0.9120785433070866
11
1.1072437007874016
21
0.9120788582677165
0
LINE
8
BLACK
6
CONTINUOUS
10
1.1072437007874016
20
0.9120788582677165
11
1.1074999606299212
21
0.9144625984251968
0
LINE
8
BLACK
6
CONTINUOUS
10
1.1074999606299212
20
0.9144625984251968
11
1.1074999999999999
21
0.9144632677165354
0
LINE
8
BLACK
6
CONTINUOUS
10
1.1074999999999999
20
0.9144632677165354
11
1.1074999999999999
21
0.9655366929133858
0
LINE
8
BLACK
6
CONTINUOUS
10
1.1074999999999999
20
0.9655366929133858
11
1.1074999606299212
21
0.9655373622047244
0
LINE
8
BLACK
6
CONTINUOUS
10
1.1074999606299212
20
0.9655373622047244
11
1.1072437007874016
21
0.9679211023622047
0
LINE
8
BLACK
6
CONTINUOUS
10
1.1072437007874016
20
0.9679211023622047
11
1.1072436614173229
21
0.9679211417322835
0
LINE
8
BLACK
6
CONTINUOUS
10
1.1072436614173229
20
0.9679211417322835
11
1.1072436614173229
21
0.9679212992125984
0
LINE
8
BLACK
6
CONTINUOUS
10
1.1072436614173229
20
0.9679212992125984
11
1.1052318503937009
21
0.9733151181102362
0
LINE
8
BLACK
6
CONTINUOUS
10
1.1052318503937009
20
0.9733151181102362
11
1.1045524409448819
21
0.9742226377952755
0
LINE
8
BLACK
6
CONTINUOUS
10
1.1045524409448819
20
0.9742226377952755
11
1.1035756299212598
21
0.9768414960629921
0
LINE
8
BLACK
6
CONTINUOUS
10
1.1035756299212598
20
0.9768414960629921
11
1.1035629921259842
21
0.9771954724409448
0
LINE
8
BLACK
6
CONTINUOUS
10
1.1035629921259842
20
0.9771954724409448
11
1.1035629921259842
21
1.0828044488188977
0
LINE
8
BLACK
6
CONTINUOUS
10
1.1035629921259842
20
1.0828044488188977
11
1.1043504724409448
21
1.0854863779527559
0
LINE
8
BLACK
6
CONTINUOUS
10
1.1043504724409448
20
1.0854863779527559
11
1.1045524015748032
21
1.0857772047244094
0
LINE
8
BLACK
6
CONTINUOUS
10
1.1045524015748032
20
1.0857772047244094
11
1.1052317716535434
21
1.0866847637795276
0
LINE
8
BLACK
6
CONTINUOUS
10
1.1052317716535434
20
1.0866847637795276
11
1.1052318503937009
21
1.0866849212598424
0
LINE
8
BLACK
6
CONTINUOUS
10
1.1052318503937009
20
1.0866849212598424
11
1.1072436220472441
21
1.0920785433070865
0
LINE
8
BLACK
6
CONTINUOUS
10
1.1072436220472441
20
1.0920785433070865
11
1.1072437007874016
21
1.0920788582677166
0
LINE
8
BLACK
6
CONTINUOUS
10
1.1072437007874016
20
1.0920788582677166
11
1.1074999606299212
21
1.0944625984251968
0
LINE
8
BLACK
6
CONTINUOUS
10
1.1074999606299212
20
1.0944625984251968
11
1.1074999999999999
21
1.0944632677165353
0
LINE
8
BLACK
6
CONTINUOUS
10
1.1074999999999999
20
1.0944632677165353
11
1.1074999999999999
21
1.1455366929133859
0
LINE
8
BLACK
6
CONTINUOUS
10
1.1074999999999999
20
1.1455366929133859
11
1.1074999606299212
21
1.1455373622047245
0
LINE
8
BLACK
6
CONTINUOUS
10
1.1074999606299212
20
1.1455373622047245
11
1.1072437007874016
21
1.1479211023622047
0
LINE
8
BLACK
6
CONTINUOUS
10
1.1072437007874016
20
1.1479211023622047
11
1.1072436614173229
21
1.1479211417322834
0
LINE
8
BLACK
6
CONTINUOUS
10
1.1072436614173229
20
1.1479211417322834
11
1.1072436614173229
21
1.1479212992125984
0
LINE
8
BLACK
6
CONTINUOUS
10
1.1072436614173229
20
1.1479212992125984
11
1.1052318503937009
21
1.1533151181102361
0
LINE
8
BLACK
6
CONTINUOUS
10
1.1052318503937009
20
1.1533151181102361
11
1.1045524409448819
21
1.1542226377952756
0
LINE
8
BLACK
6
CONTINUOUS
10
1.1045524409448819
20
1.1542226377952756
11
1.1035756299212598
21
1.156841496062992
0
LINE
8
BLACK
6
CONTINUOUS
10
1.1035756299212598
20
1.156841496062992
11
1.1035629921259842
21
1.1571954724409448
0
LINE
8
BLACK
6
CONTINUOUS
10
1.1035629921259842
20
1.1571954724409448
11
1.1035629921259842
21
1.2076743700787402
0
LINE
8
BLACK
6
CONTINUOUS
10
1.1035629921259842
20
1.2076743700787402
11
1.1043504724409448
21
1.2103562992125985
0
LINE
8
BLACK
6
CONTINUOUS
10
1.1043504724409448
20
1.2103562992125985
11
1.1064629133858268
21
1.2121867322834645
0
LINE
8
BLACK
6
CONTINUOUS
10
1.1064629133858268
20
1.2121867322834645
11
1.1076243307086613
21
1.2125053543307087
0
LINE
8
BLACK
6
CONTINUOUS
10
1.1076243307086613
20
1.2125053543307087
11
1.1076191338582677
21
1.2125274409448819
0
LINE
8
BLACK
6
CONTINUOUS
10
1.1076191338582677
20
1.2125274409448819
11
1.1079214173228347
21
1.2125988582677165
0
LINE
8
BLACK
6
CONTINUOUS
10
1.1079214173228347
20
1.2125988582677165
11
1.1133150393700788
21
1.2146106299212598
0
LINE
8
BLACK
6
CONTINUOUS
10
1.1133150393700788
20
1.2146106299212598
11
1.1133152362204723
21
1.2146107086614173
0
LINE
8
BLACK
6
CONTINUOUS
10
1.1133152362204723
20
1.2146107086614173
11
1.1179236614173229
21
1.2180605511811022
0
LINE
8
BLACK
6
CONTINUOUS
10
1.1179236614173229
20
1.2180605511811022
11
1.1213735039370079
21
1.2226689763779528
0
LINE
8
BLACK
6
CONTINUOUS
10
1.1213735039370079
20
1.2226689763779528
11
1.1213735826771654
21
1.2226691732283463
0
LINE
8
BLACK
6
CONTINUOUS
10
1.1213735826771654
20
1.2226691732283463
11
1.1233853543307086
21
1.2280627952755905
0
LINE
8
BLACK
6
CONTINUOUS
10
1.1233853543307086
20
1.2280627952755905
11
1.1233854330708661
21
1.2280631102362205
0
LINE
8
BLACK
6
CONTINUOUS
10
1.1233854330708661
20
1.2280631102362205
11
1.1236416929133859
21
1.2304468503937007
0
LINE
8
BLACK
6
CONTINUOUS
10
1.1236416929133859
20
1.2304468503937007
11
1.1236417322834646
21
1.2304475196850393
0
LINE
8
BLACK
6
CONTINUOUS
10
1.1236417322834646
20
1.2304475196850393
11
1.1236417322834646
21
1.2564450393700788
0
LINE
8
BLACK
6
CONTINUOUS
10
1.1236417322834646
20
1.2564450393700788
11
1.1236922047244093
21
1.2571509842519686
0
LINE
8
BLACK
6
CONTINUOUS
10
1.1236922047244093
20
1.2571509842519686
11
1.1237905905511811
21
1.2578353937007873
0
LINE
8
BLACK
6
CONTINUOUS
10
1.1237905905511811
20
1.2578353937007873
11
1.1237853937007873
21
1.2579441732283465
0
LINE
8
BLACK
6
CONTINUOUS
10
1.1237853937007873
20
1.2579441732283465
11
1.123814842519685
21
1.2587693307086614
0
LINE
8
BLACK
6
CONTINUOUS
10
1.123814842519685
20
1.2587693307086614
11
1.1238155905511811
21
1.2587756299212598
0
LINE
8
BLACK
6
CONTINUOUS
10
1.1238155905511811
20
1.2587756299212598
11
1.1238278346456692
21
1.2588779921259843
0
LINE
8
BLACK
6
CONTINUOUS
10
1.1238278346456692
20
1.2588779921259843
11
1.12365437007874
21
1.2613033858267717
0
LINE
8
BLACK
6
CONTINUOUS
10
1.12365437007874
20
1.2613033858267717
11
1.1236417322834646
21
1.2616572440944882
0
LINE
8
BLACK
6
CONTINUOUS
10
1.1236417322834646
20
1.2616572440944882
11
1.1236417322834646
21
1.2893949606299213
0
LINE
8
BLACK
6
CONTINUOUS
10
1.1236417322834646
20
1.2893949606299213
11
1.1236416929133859
21
1.2893956299212599
0
LINE
8
BLACK
6
CONTINUOUS
10
1.1236416929133859
20
1.2893956299212599
11
1.1233854330708661
21
1.2917793700787401
0
LINE
8
BLACK
6
CONTINUOUS
10
1.1233854330708661
20
1.2917793700787401
11
1.1233853543307086
21
1.2917796850393701
0
LINE
8
BLACK
6
CONTINUOUS
10
1.1233853543307086
20
1.2917796850393701
11
1.1215316141732283
21
1.2967496456692913
0
LINE
8
BLACK
6
CONTINUOUS
10
1.1215316141732283
20
1.2967496456692913
11
1.1213735826771654
21
1.2971733858267716
0
LINE
8
BLACK
6
CONTINUOUS
10
1.1213735826771654
20
1.2971733858267716
11
1.1179236614173229
21
1.3017819291338582
0
LINE
8
BLACK
6
CONTINUOUS
10
1.1179236614173229
20
1.3017819291338582
11
1.1155275590551181
21
1.3035756299212597
0
LINE
8
BLACK
6
CONTINUOUS
10
1.1155275590551181
20
1.3035756299212597
11
1.1133152362204723
21
1.3052317716535433
0
LINE
8
BLACK
6
CONTINUOUS
10
1.1133152362204723
20
1.3052317716535433
11
1.1133151968503936
21
1.3052317716535433
0
LINE
8
BLACK
6
CONTINUOUS
10
1.1133151968503936
20
1.3052317716535433
11
1.1133151181102361
21
1.3052318503937008
0
LINE
8
BLACK
6
CONTINUOUS
10
1.1133151181102361
20
1.3052318503937008
11
1.1079212992125984
21
1.3072436614173228
0
LINE
8
BLACK
6
CONTINUOUS
10
1.1079212992125984
20
1.3072436614173228
11
1.1079212204724409
21
1.3072436614173228
0
LINE
8
BLACK
6
CONTINUOUS
10
1.1079212204724409
20
1.3072436614173228
11
1.1079211023622046
21
1.3072437007874016
0
LINE
8
BLACK
6
CONTINUOUS
10
1.1079211023622046
20
1.3072437007874016
11
1.1055373622047244
21
1.3074999606299211
0
LINE
8
BLACK
6
CONTINUOUS
10
1.1055373622047244
20
1.3074999606299211
11
1.1055372047244094
21
1.3074999606299211
0
LINE
8
BLACK
6
CONTINUOUS
10
1.1055372047244094
20
1.3074999606299211
11
1.1055369291338581
21
1.3074999999999999
0
LINE
8
BLACK
6
CONTINUOUS
10
1.1055369291338581
20
1.3074999999999999
11
1.0544630708661418
21
1.3074999999999999
0
LINE
8
BLACK
6
CONTINUOUS
10
1.0544630708661418
20
1.3074999999999999
11
1.0544627952755905
21
1.3074999606299211
0
LINE
8
BLACK
6
CONTINUOUS
10
1.0544627952755905
20
1.3074999606299211
11
1.0544625984251967
21
1.3074999606299211
0
LINE
8
BLACK
6
CONTINUOUS
10
1.0544625984251967
20
1.3074999606299211
11
1.0520788582677165
21
1.3072437007874016
0
LINE
8
BLACK
6
CONTINUOUS
10
1.0520788582677165
20
1.3072437007874016
11
1.0520785433070865
21
1.3072436220472441
0
LINE
8
BLACK
6
CONTINUOUS
10
1.0520785433070865
20
1.3072436220472441
11
1.0490108267716536
21
1.3060993700787402
0
LINE
8
BLACK
6
CONTINUOUS
10
1.0490108267716536
20
1.3060993700787402
11
1.0466848818897638
21
1.3052318503937008
0
LINE
8
BLACK
6
CONTINUOUS
10
1.0466848818897638
20
1.3052318503937008
11
1.0457772440944881
21
1.3045524015748031
0
LINE
8
BLACK
6
CONTINUOUS
10
1.0457772440944881
20
1.3045524015748031
11
1.0431584251968504
21
1.3035756299212597
0
LINE
8
BLACK
6
CONTINUOUS
10
1.0431584251968504
20
1.3035756299212597
11
1.0428044881889764
21
1.3035629921259841
0
LINE
8
BLACK
6
CONTINUOUS
10
1.0428044881889764
20
1.3035629921259841
11
0.9171955118110237
21
1.3035629921259841
0
LINE
8
BLACK
6
CONTINUOUS
10
0.9171955118110237
20
1.3035629921259841
11
0.9145135826771653
21
1.3043504724409449
0
LINE
8
BLACK
6
CONTINUOUS
10
0.9145135826771653
20
1.3043504724409449
11
0.9142229921259842
21
1.3045522047244094
0
LINE
8
BLACK
6
CONTINUOUS
10
0.9142229921259842
20
1.3045522047244094
11
0.9133151181102362
21
1.3052318503937008
0
LINE
8
BLACK
6
CONTINUOUS
10
0.9133151181102362
20
1.3052318503937008
11
0.9079212992125985
21
1.3072436614173228
0
LINE
8
BLACK
6
CONTINUOUS
10
0.9079212992125985
20
1.3072436614173228
11
0.9079212204724409
21
1.3072436614173228
0
LINE
8
BLACK
6
CONTINUOUS
10
0.9079212204724409
20
1.3072436614173228
11
0.9079211023622047
21
1.3072437007874016
0
LINE
8
BLACK
6
CONTINUOUS
10
0.9079211023622047
20
1.3072437007874016
11
0.9055373622047244
21
1.3074999606299211
0
LINE
8
BLACK
6
CONTINUOUS
10
0.9055373622047244
20
1.3074999606299211
11
0.9055372047244095
21
1.3074999606299211
0
LINE
8
BLACK
6
CONTINUOUS
10
0.9055372047244095
20
1.3074999606299211
11
0.9055369291338582
21
1.3074999999999999
0
LINE
8
BLACK
6
CONTINUOUS
10
0.9055369291338582
20
1.3074999999999999
11
0.8544630708661417
21
1.3074999999999999
0
LINE
8
BLACK
6
CONTINUOUS
10
0.8544630708661417
20
1.3074999999999999
11
0.8544627952755905
21
1.3074999606299211
0
LINE
8
BLACK
6
CONTINUOUS
10
0.8544627952755905
20
1.3074999606299211
11
0.8544625984251968
21
1.3074999606299211
0
LINE
8
BLACK
6
CONTINUOUS
10
0.8544625984251968
20
1.3074999606299211
11
0.8520788582677166
21
1.3072437007874016
0
LINE
8
BLACK
6
CONTINUOUS
10
0.8520788582677166
20
1.3072437007874016
11
0.8520785433070865
21
1.3072436220472441
0
LINE
8
BLACK
6
CONTINUOUS
10
0.8520785433070865
20
1.3072436220472441
11
0.8490108267716535
21
1.3060993700787402
0
LINE
8
BLACK
6
CONTINUOUS
10
0.8490108267716535
20
1.3060993700787402
11
0.8466848818897638
21
1.3052318503937008
0
LINE
8
BLACK
6
CONTINUOUS
10
0.8466848818897638
20
1.3052318503937008
11
0.8457772440944882
21
1.3045524015748031
0
LINE
8
BLACK
6
CONTINUOUS
10
0.8457772440944882
20
1.3045524015748031
11
0.8431584251968504
21
1.3035756299212597
0
LINE
8
BLACK
6
CONTINUOUS
10
0.8431584251968504
20
1.3035756299212597
11
0.8428044881889764
21
1.3035629921259841
0
LINE
8
BLACK
6
CONTINUOUS
10
0.8428044881889764
20
1.3035629921259841
11
0.7171955118110236
21
1.3035629921259841
0
LINE
8
BLACK
6
CONTINUOUS
10
0.7171955118110236
20
1.3035629921259841
11
0.7145135826771654
21
1.3043504724409449
0
LINE
8
BLACK
6
CONTINUOUS
10
0.7145135826771654
20
1.3043504724409449
11
0.7142229921259843
21
1.3045522047244094
0
LINE
8
BLACK
6
CONTINUOUS
10
0.7142229921259843
20
1.3045522047244094
11
0.7133151181102362
21
1.3052318503937008
0
LINE
8
BLACK
6
CONTINUOUS
10
0.7133151181102362
20
1.3052318503937008
11
0.7079212992125984
21
1.3072436614173228
0
LINE
8
BLACK
6
CONTINUOUS
10
0.7079212992125984
20
1.3072436614173228
11
0.7079212204724409
21
1.3072436614173228
0
LINE
8
BLACK
6
CONTINUOUS
10
0.7079212204724409
20
1.3072436614173228
11
0.7079211023622047
21
1.3072437007874016
0
LINE
8
BLACK
6
CONTINUOUS
10
0.7079211023622047
20
1.3072437007874016
11
0.7055373622047244
21
1.3074999606299211
0
LINE
8
BLACK
6
CONTINUOUS
10
0.7055373622047244
20
1.3074999606299211
11
0.7055372047244094
21
1.3074999606299211
0
LINE
8
BLACK
6
CONTINUOUS
10
0.7055372047244094
20
1.3074999606299211
11
0.7055369291338582
21
1.3074999999999999
0
LINE
8
BLACK
6
CONTINUOUS
10
0.7055369291338582
20
1.3074999999999999
11
0.6544630708661417
21
1.3074999999999999
0
LINE
8
BLACK
6
CONTINUOUS
10
0.6544630708661417
20
1.3074999999999999
11
0.6544627952755905
21
1.3074999606299211
0
LINE
8
BLACK
6
CONTINUOUS
10
0.6544627952755905
20
1.3074999606299211
11
0.6544625984251968
21
1.3074999606299211
0
LINE
8
BLACK
6
CONTINUOUS
10
0.6544625984251968
20
1.3074999606299211
11
0.6520788582677165
21
1.3072437007874016
0
LINE
8
BLACK
6
CONTINUOUS
10
0.6520788582677165
20
1.3072437007874016
11
0.6520785433070866
21
1.3072436220472441
0
LINE
8
BLACK
6
CONTINUOUS
10
0.6520785433070866
20
1.3072436220472441
11
0.6490108267716536
21
1.3060993700787402
0
LINE
8
BLACK
6
CONTINUOUS
10
0.6490108267716536
20
1.3060993700787402
11
0.6466848818897638
21
1.3052318503937008
0
LINE
8
BLACK
6
CONTINUOUS
10
0.6466848818897638
20
1.3052318503937008
11
0.6457772440944882
21
1.3045524015748031
0
LINE
8
BLACK
6
CONTINUOUS
10
0.6457772440944882
20
1.3045524015748031
11
0.6431584251968504
21
1.3035756299212597
0
LINE
8
BLACK
6
CONTINUOUS
10
0.6431584251968504
20
1.3035756299212597
11
0.6428044881889764
21
1.3035629921259841
0
LINE
8
BLACK
6
CONTINUOUS
10
0.6428044881889764
20
1.3035629921259841
11
0.5171955118110236
21
1.3035629921259841
0
LINE
8
BLACK
6
CONTINUOUS
10
0.5171955118110236
20
1.3035629921259841
11
0.5145135826771653
21
1.3043504724409449
0
LINE
8
BLACK
6
CONTINUOUS
10
0.5145135826771653
20
1.3043504724409449
11
0.5142229921259842
21
1.3045522047244094
0
LINE
8
BLACK
6
CONTINUOUS
10
0.5142229921259842
20
1.3045522047244094
11
0.5133151181102362
21
1.3052318503937008
0
LINE
8
BLACK
6
CONTINUOUS
10
0.5133151181102362
20
1.3052318503937008
11
0.5079212992125984
21
1.3072436614173228
0
LINE
8
BLACK
6
CONTINUOUS
10
0.5079212992125984
20
1.3072436614173228
11
0.5079212204724409
21
1.3072436614173228
0
LINE
8
BLACK
6
CONTINUOUS
10
0.5079212204724409
20
1.3072436614173228
11
0.5079211023622047
21
1.3072437007874016
0
LINE
8
BLACK
6
CONTINUOUS
10
0.5079211023622047
20
1.3072437007874016
11
0.5055373622047244
21
1.3074999606299211
0
LINE
8
BLACK
6
CONTINUOUS
10
0.5055373622047244
20
1.3074999606299211
11
0.5055372047244094
21
1.3074999606299211
0
LINE
8
BLACK
6
CONTINUOUS
10
0.5055372047244094
20
1.3074999606299211
11
0.5055369291338583
21
1.3074999999999999
0
LINE
8
BLACK
6
CONTINUOUS
10
0.5055369291338583
20
1.3074999999999999
11
0.4611946850393701
21
1.3074999999999999
0
LINE
8
BLACK
6
CONTINUOUS
10
0.4611946850393701
20
1.3074999999999999
11
0.4585127559055118
21
1.3082874803149607
0
LINE
8
BLACK
6
CONTINUOUS
10
0.4585127559055118
20
1.3082874803149607
11
0.4566823228346457
21
1.3103999212598425
0
LINE
8
BLACK
6
CONTINUOUS
10
0.4566823228346457
20
1.3103999212598425
11
0.4562845275590551
21
1.3131666141732283
0
LINE
8
BLACK
6
CONTINUOUS
10
0.4562845275590551
20
1.3131666141732283
11
0.4574457086614173
21
1.3157091338582676
0
LINE
8
BLACK
6
CONTINUOUS
10
0.4574457086614173
20
1.3157091338582676
11
0.4576870078740157
21
1.3159683070866142
0
LINE
8
BLACK
6
CONTINUOUS
10
0.4576870078740157
20
1.3159683070866142
11
0.4779195669291338
21
1.3362008267716534
0
LINE
8
BLACK
6
CONTINUOUS
10
0.4779195669291338
20
1.3362008267716534
11
0.5079898818897638
21
1.3662711417322835
0
LINE
8
BLACK
6
CONTINUOUS
10
0.5079898818897638
20
1.3662711417322835
11
0.5086201181102362
21
1.3668042913385827
0
LINE
8
BLACK
6
CONTINUOUS
10
0.5086201181102362
20
1.3668042913385827
11
0.5087092519685039
21
1.3668677559055118
0
LINE
8
BLACK
6
CONTINUOUS
10
0.5087092519685039
20
1.3668677559055118
11
0.5087093307086614
21
1.3668678346456693
0
LINE
8
BLACK
6
CONTINUOUS
10
0.5087093307086614
20
1.3668678346456693
11
0.5111866141732283
21
1.369465905511811
0
LINE
8
BLACK
6
CONTINUOUS
10
0.5111866141732283
20
1.369465905511811
11
0.5112674803149606
21
1.3695487401574802
0
LINE
8
BLACK
6
CONTINUOUS
10
0.5112674803149606
20
1.3695487401574802
11
0.5123293307086614
21
1.3706105905511812
0
LINE
8
BLACK
6
CONTINUOUS
10
0.5123293307086614
20
1.3706105905511812
11
0.5125479527559055
21
1.3708753543307086
0
LINE
8
BLACK
6
CONTINUOUS
10
0.5125479527559055
20
1.3708753543307086
11
0.5127828346456693
21
1.37114
0
LINE
8
BLACK
6
CONTINUOUS
10
0.5127828346456693
20
1.37114
11
0.5144607086614174
21
1.37289968503937
0
LINE
8
BLACK
6
CONTINUOUS
10
0.5144607086614174
20
1.37289968503937
11
0.5151483070866142
21
1.3739696850393701
0
LINE
8
BLACK
6
CONTINUOUS
10
0.5151483070866142
20
1.3739696850393701
11
0.5154961811023622
21
1.3744461023622048
0
LINE
8
BLACK
6
CONTINUOUS
10
0.5154961811023622
20
1.3744461023622048
11
0.5163062598425197
21
1.3754272047244094
0
LINE
8
BLACK
6
CONTINUOUS
10
0.5163062598425197
20
1.3754272047244094
11
0.5165178346456692
21
1.3758147244094487
0
LINE
8
BLACK
6
CONTINUOUS
10
0.5165178346456692
20
1.3758147244094487
11
0.5174715354330709
21
1.377561220472441
0
LINE
8
BLACK
6
CONTINUOUS
10
0.5174715354330709
20
1.377561220472441
11
0.5176522047244094
21
1.377865748031496
0
LINE
8
BLACK
6
CONTINUOUS
10
0.5176522047244094
20
1.377865748031496
11
0.5189668110236221
21
1.3799113385826771
0
LINE
8
BLACK
6
CONTINUOUS
10
0.5189668110236221
20
1.3799113385826771
11
0.5194395669291338
21
1.3810922440944882
0
LINE
8
BLACK
6
CONTINUOUS
10
0.5194395669291338
20
1.3810922440944882
11
0.5196909448818897
21
1.3816257874015747
0
LINE
8
BLACK
6
CONTINUOUS
10
0.5196909448818897
20
1.3816257874015747
11
0.5203005905511811
21
1.3827422834645668
0
LINE
8
BLACK
6
CONTINUOUS
10
0.5203005905511811
20
1.3827422834645668
11
0.5210411023622047
21
1.3850589370078741
0
LINE
8
BLACK
6
CONTINUOUS
10
0.5210411023622047
20
1.3850589370078741
11
0.5211602362204725
21
1.3853903543307087
0
LINE
8
BLACK
6
CONTINUOUS
10
0.5211602362204725
20
1.3853903543307087
11
0.5220644094488189
21
1.3876487795275589
0
LINE
8
BLACK
6
CONTINUOUS
10
0.5220644094488189
20
1.3876487795275589
11
0.5223051574803149
21
1.3888980314960631
0
LINE
8
BLACK
6
CONTINUOUS
10
0.5223051574803149
20
1.3888980314960631
11
0.5224509055118111
21
1.3894691338582676
0
LINE
8
BLACK
6
CONTINUOUS
10
0.5224509055118111
20
1.3894691338582676
11
0.5228383464566929
21
1.3906811023622048
0
LINE
8
BLACK
6
CONTINUOUS
10
0.5228383464566929
20
1.3906811023622048
11
0.5231270078740158
21
1.3930955511811023
0
LINE
8
BLACK
6
CONTINUOUS
10
0.5231270078740158
20
1.3930955511811023
11
0.5231813779527559
21
1.3934441732283465
0
LINE
8
BLACK
6
CONTINUOUS
10
0.5231813779527559
20
1.3934441732283465
11
0.5236417322834646
21
1.3958327165354329
0
LINE
8
BLACK
6
CONTINUOUS
10
0.5236417322834646
20
1.3958327165354329
11
0.5236417322834646
21
1.3971049606299213
0
LINE
8
BLACK
6
CONTINUOUS
10
0.5236417322834646
20
1.3971049606299213
11
0.5236768110236221
21
1.3976938188976378
0
LINE
8
BLACK
6
CONTINUOUS
10
0.5236768110236221
20
1.3976938188976378
11
0.5236967322834646
21
1.397860748031496
0
LINE
8
BLACK
6
CONTINUOUS
10
0.5236967322834646
20
1.397860748031496
11
0.5238277952755905
21
1.3989566929133859
0
LINE
8
BLACK
6
CONTINUOUS
10
0.5238277952755905
20
1.3989566929133859
11
0.5236543307086614
21
1.4013816929133858
0
LINE
8
BLACK
6
CONTINUOUS
10
0.5236543307086614
20
1.4013816929133858
11
0.5236417322834646
21
1.4017355511811023
0
LINE
8
BLACK
6
CONTINUOUS
10
0.5236417322834646
20
1.4017355511811023
11
0.5236417322834646
21
1.449301811023622
0
LINE
8
BLACK
6
CONTINUOUS
10
0.5236417322834646
20
1.449301811023622
11
0.5244292125984252
21
1.4519837401574802
0
LINE
8
BLACK
6
CONTINUOUS
10
0.5244292125984252
20
1.4519837401574802
11
0.5265416535433071
21
1.4538141732283465
0
LINE
8
BLACK
6
CONTINUOUS
10
0.5265416535433071
20
1.4538141732283465
11
0.5268687401574803
21
1.4539496456692913
0
LINE
8
BLACK
6
CONTINUOUS
10
0.5268687401574803
20
1.4539496456692913
11
0.5282114566929134
21
1.4544504724409448
0
LINE
8
BLACK
6
CONTINUOUS
10
0.5282114566929134
20
1.4544504724409448
11
0.5290631496062992
21
1.4547681496062992
0
LINE
8
BLACK
6
CONTINUOUS
10
0.5290631496062992
20
1.4547681496062992
11
0.529970748031496
21
1.4554475590551181
0
LINE
8
BLACK
6
CONTINUOUS
10
0.529970748031496
20
1.4554475590551181
11
0.5325896062992126
21
1.45642437007874
0
LINE
8
BLACK
6
CONTINUOUS
10
0.5325896062992126
20
1.45642437007874
11
0.5329435433070866
21
1.4564370078740156
0
LINE
8
BLACK
6
CONTINUOUS
10
0.5329435433070866
20
1.4564370078740156
11
0.6270564566929133
21
1.4564370078740156
0
LINE
8
BLACK
6
CONTINUOUS
10
0.6270564566929133
20
1.4564370078740156
11
0.6297383858267717
21
1.4556495275590551
0
LINE
8
BLACK
6
CONTINUOUS
10
0.6297383858267717
20
1.4556495275590551
11
0.630028937007874
21
1.4554477559055117
0
LINE
8
BLACK
6
CONTINUOUS
10
0.630028937007874
20
1.4554477559055117
11
0.6303178346456693
21
1.4552314960629922
0
LINE
8
BLACK
6
CONTINUOUS
10
0.6303178346456693
20
1.4552314960629922
11
0.6309368503937007
21
1.4547681102362204
0
LINE
8
BLACK
6
CONTINUOUS
10
0.6309368503937007
20
1.4547681102362204
11
0.6363305118110236
21
1.4527563385826772
0
LINE
8
BLACK
6
CONTINUOUS
10
0.6363305118110236
20
1.4527563385826772
11
0.6363308267716535
21
1.4527562598425197
0
LINE
8
BLACK
6
CONTINUOUS
10
0.6363308267716535
20
1.4527562598425197
11
0.6387145669291339
21
1.4524999999999999
0
LINE
8
BLACK
6
CONTINUOUS
10
0.6387145669291339
20
1.4524999999999999
11
0.6387150393700787
21
1.4524999999999999
0
LINE
8
BLACK
6
CONTINUOUS
10
0.6387150393700787
20
1.4524999999999999
11
0.7212853937007874
21
1.4524999999999999
0
LINE
8
BLACK
6
CONTINUOUS
10
0.7212853937007874
20
1.4524999999999999
11
0.7236691338582677
21
1.4527562598425197
0
LINE
8
BLACK
6
CONTINUOUS
10
0.7236691338582677
20
1.4527562598425197
11
0.7236694488188976
21
1.4527563385826772
0
LINE
8
BLACK
6
CONTINUOUS
10
0.7236694488188976
20
1.4527563385826772
11
0.7290630708661417
21
1.4547681102362204
0
LINE
8
BLACK
6
CONTINUOUS
10
0.7290630708661417
20
1.4547681102362204
11
0.7290631102362205
21
1.4547681102362204
0
LINE
8
BLACK
6
CONTINUOUS
10
0.7290631102362205
20
1.4547681102362204
11
0.729381062992126
21
1.4550061417322835
0
LINE
8
BLACK
6
CONTINUOUS
10
0.729381062992126
20
1.4550061417322835
11
0.7299707480314961
21
1.4554475590551181
0
LINE
8
BLACK
6
CONTINUOUS
10
0.7299707480314961
20
1.4554475590551181
11
0.7325896062992125
21
1.45642437007874
0
LINE
8
BLACK
6
CONTINUOUS
10
0.7325896062992125
20
1.45642437007874
11
0.7329435433070866
21
1.4564370078740156
0
LINE
8
BLACK
6
CONTINUOUS
10
0.7329435433070866
20
1.4564370078740156
11
0.8270564566929134
21
1.4564370078740156
0
LINE
8
BLACK
6
CONTINUOUS
10
0.8270564566929134
20
1.4564370078740156
11
0.8297383858267716
21
1.4556495275590551
0
LINE
8
BLACK
6
CONTINUOUS
10
0.8297383858267716
20
1.4556495275590551
11
0.8300289370078739
21
1.4554477559055117
0
LINE
8
BLACK
6
CONTINUOUS
10
0.8300289370078739
20
1.4554477559055117
11
0.8303178346456692
21
1.4552314960629922
0
LINE
8
BLACK
6
CONTINUOUS
10
0.8303178346456692
20
1.4552314960629922
11
0.8309368503937008
21
1.4547681102362204
0
LINE
8
BLACK
6
CONTINUOUS
10
0.8309368503937008
20
1.4547681102362204
11
0.8363305118110236
21
1.4527563385826772
0
LINE
8
BLACK
6
CONTINUOUS
10
0.8363305118110236
20
1.4527563385826772
11
0.8363308267716535
21
1.4527562598425197
0
LINE
8
BLACK
6
CONTINUOUS
10
0.8363308267716535
20
1.4527562598425197
11
0.8387145669291338
21
1.4524999999999999
0
LINE
8
BLACK
6
CONTINUOUS
10
0.8387145669291338
20
1.4524999999999999
11
0.8387150393700787
21
1.4524999999999999
0
LINE
8
BLACK
6
CONTINUOUS
10
0.8387150393700787
20
1.4524999999999999
11
0.9212853937007874
21
1.4524999999999999
0
LINE
8
BLACK
6
CONTINUOUS
10
0.9212853937007874
20
1.4524999999999999
11
0.9236691338582677
21
1.4527562598425197
0
LINE
8
BLACK
6
CONTINUOUS
10
0.9236691338582677
20
1.4527562598425197
11
0.9236694488188976
21
1.4527563385826772
0
LINE
8
BLACK
6
CONTINUOUS
10
0.9236694488188976
20
1.4527563385826772
11
0.9290630708661417
21
1.4547681102362204
0
LINE
8
BLACK
6
CONTINUOUS
10
0.9290630708661417
20
1.4547681102362204
11
0.9290631102362205
21
1.4547681102362204
0
LINE
8
BLACK
6
CONTINUOUS
10
0.9290631102362205
20
1.4547681102362204
11
0.929381062992126
21
1.4550061417322835
0
LINE
8
BLACK
6
CONTINUOUS
10
0.929381062992126
20
1.4550061417322835
11
0.929970748031496
21
1.4554475590551181
0
LINE
8
BLACK
6
CONTINUOUS
10
0.929970748031496
20
1.4554475590551181
11
0.9325896062992126
21
1.45642437007874
0
LINE
8
BLACK
6
CONTINUOUS
10
0.9325896062992126
20
1.45642437007874
11
0.9329435433070866
21
1.4564370078740156
0
LINE
8
BLACK
6
CONTINUOUS
10
0.9329435433070866
20
1.4564370078740156
11
1.0270564566929135
21
1.4564370078740156
0
LINE
8
BLACK
6
CONTINUOUS
10
1.0270564566929135
20
1.4564370078740156
11
1.0297383858267717
21
1.4556495275590551
0
LINE
8
BLACK
6
CONTINUOUS
10
1.0297383858267717
20
1.4556495275590551
11
1.0300289370078739
21
1.4554477559055117
0
LINE
8
BLACK
6
CONTINUOUS
10
1.0300289370078739
20
1.4554477559055117
11
1.0303178346456692
21
1.4552314960629922
0
LINE
8
BLACK
6
CONTINUOUS
10
1.0303178346456692
20
1.4552314960629922
11
1.0309368503937009
21
1.4547681102362204
0
LINE
8
BLACK
6
CONTINUOUS
10
1.0309368503937009
20
1.4547681102362204
11
1.0363305118110235
21
1.4527563385826772
0
LINE
8
BLACK
6
CONTINUOUS
10
1.0363305118110235
20
1.4527563385826772
11
1.0363308267716536
21
1.4527562598425197
0
LINE
8
BLACK
6
CONTINUOUS
10
1.0363308267716536
20
1.4527562598425197
11
1.0387145669291338
21
1.4524999999999999
0
LINE
8
BLACK
6
CONTINUOUS
10
1.0387145669291338
20
1.4524999999999999
11
1.0387150393700788
21
1.4524999999999999
0
LINE
8
BLACK
6
CONTINUOUS
10
1.0387150393700788
20
1.4524999999999999
11
1.1212853937007874
21
1.4524999999999999
0
LINE
8
BLACK
6
CONTINUOUS
10
1.1212853937007874
20
1.4524999999999999
11
1.1236691338582676
21
1.4527562598425197
0
LINE
8
BLACK
6
CONTINUOUS
10
1.1236691338582676
20
1.4527562598425197
11
1.1236694488188976
21
1.4527563385826772
0
LINE
8
BLACK
6
CONTINUOUS
10
1.1236694488188976
20
1.4527563385826772
11
1.1290630708661418
21
1.4547681102362204
0
LINE
8
BLACK
6
CONTINUOUS
10
1.1290630708661418
20
1.4547681102362204
11
1.1290632677165353
21
1.4547681889763779
0
LINE
8
BLACK
6
CONTINUOUS
10
1.1290632677165353
20
1.4547681889763779
11
1.1336716929133859
21
1.4582180314960629
0
LINE
8
BLACK
6
CONTINUOUS
10
1.1336716929133859
20
1.4582180314960629
11
1.1371215354330708
21
1.4628264566929134
0
LINE
8
BLACK
6
CONTINUOUS
10
1.1371215354330708
20
1.4628264566929134
11
1.1371216141732283
21
1.462826653543307
0
LINE
8
BLACK
6
CONTINUOUS
10
1.1371216141732283
20
1.462826653543307
11
1.1391333858267716
21
1.4682202755905511
0
LINE
8
BLACK
6
CONTINUOUS
10
1.1391333858267716
20
1.4682202755905511
11
1.1391334645669291
21
1.4682205905511811
0
LINE
8
BLACK
6
CONTINUOUS
10
1.1391334645669291
20
1.4682205905511811
11
1.1393897244094489
21
1.4706043307086614
0
LINE
8
BLACK
6
CONTINUOUS
10
1.1393897244094489
20
1.4706043307086614
11
1.1393897637795276
21
1.4706049999999999
0
LINE
8
BLACK
6
CONTINUOUS
10
1.1393897637795276
20
1.4706049999999999
11
1.1393897637795276
21
1.4750393700787401
0
LINE
8
BLACK
6
CONTINUOUS
10
1.1393897637795276
20
1.4750393700787401
11
1.1401772440944882
21
1.4777212992125983
0
LINE
8
BLACK
6
CONTINUOUS
10
1.1401772440944882
20
1.4777212992125983
11
1.14228968503937
21
1.4795517322834646
0
LINE
8
BLACK
6
CONTINUOUS
10
1.14228968503937
20
1.4795517322834646
11
1.1443503937007873
21
1.48
0
LINE
8
BLACK
6
CONTINUOUS
10
1.1443503937007873
20
1.48
11
1.2557757480314959
21
1.48
0
LINE
8
BLACK
6
CONTINUOUS
10
1.2557757480314959
20
1.48
11
1.2584576771653544
21
1.4792125196850394
0
LINE
8
BLACK
6
CONTINUOUS
10
0.1282091338582677
20
0.4899754724409449
11
0.1284683070866142
21
0.4897341732283464
0
LINE
8
BLACK
6
CONTINUOUS
10
0.1284683070866142
20
0.4897341732283464
11
0.2461925196850394
21
0.3720099212598425
0
LINE
8
BLACK
6
CONTINUOUS
10
0.2461925196850394
20
0.3720099212598425
11
0.2467252755905512
21
0.3713801968503937
0
LINE
8
BLACK
6
CONTINUOUS
10
0.2467252755905512
20
0.3713801968503937
11
0.2467887007874016
21
0.3712911417322834
0
LINE
8
BLACK
6
CONTINUOUS
10
0.2467887007874016
20
0.3712911417322834
11
0.2467890551181102
21
0.3712907086614173
0
LINE
8
BLACK
6
CONTINUOUS
10
0.2467890551181102
20
0.3712907086614173
11
0.2493863779527559
21
0.368814094488189
0
LINE
8
BLACK
6
CONTINUOUS
10
0.2493863779527559
20
0.368814094488189
11
0.2494706299212598
21
0.368731811023622
0
LINE
8
BLACK
6
CONTINUOUS
10
0.2494706299212598
20
0.368731811023622
11
0.2505316929133858
21
0.3676707874015748
0
LINE
8
BLACK
6
CONTINUOUS
10
0.2505316929133858
20
0.3676707874015748
11
0.2507968110236221
21
0.3674518503937008
0
LINE
8
BLACK
6
CONTINUOUS
10
0.2507968110236221
20
0.3674518503937008
11
0.2510609448818897
21
0.3672173622047244
0
LINE
8
BLACK
6
CONTINUOUS
10
0.2510609448818897
20
0.3672173622047244
11
0.2528209842519685
21
0.365539251968504
0
LINE
8
BLACK
6
CONTINUOUS
10
0.2528209842519685
20
0.365539251968504
11
0.2528210236220472
21
0.3655392125984252
0
LINE
8
BLACK
6
CONTINUOUS
10
0.2528210236220472
20
0.3655392125984252
11
0.2538911023622047
21
0.3648514960629921
0
LINE
8
BLACK
6
CONTINUOUS
10
0.2538911023622047
20
0.3648514960629921
11
0.2543672834645669
21
0.364503779527559
0
LINE
8
BLACK
6
CONTINUOUS
10
0.2543672834645669
20
0.364503779527559
11
0.2553482677165354
21
0.3636938188976378
0
LINE
8
BLACK
6
CONTINUOUS
10
0.2553482677165354
20
0.3636938188976378
11
0.2553485039370079
21
0.3636937007874015
0
LINE
8
BLACK
6
CONTINUOUS
10
0.2553485039370079
20
0.3636937007874015
11
0.2574826377952756
21
0.3625283464566929
0
LINE
8
BLACK
6
CONTINUOUS
10
0.2574826377952756
20
0.3625283464566929
11
0.2577870472440945
21
0.3623477165354331
0
LINE
8
BLACK
6
CONTINUOUS
10
0.2577870472440945
20
0.3623477165354331
11
0.2598324409448819
21
0.3610332283464567
0
LINE
8
BLACK
6
CONTINUOUS
10
0.2598324409448819
20
0.3610332283464567
11
0.2610135039370079
21
0.3605603937007874
0
LINE
8
BLACK
6
CONTINUOUS
10
0.2610135039370079
20
0.3605603937007874
11
0.2615468503937008
21
0.360309094488189
0
LINE
8
BLACK
6
CONTINUOUS
10
0.2615468503937008
20
0.360309094488189
11
0.2626633858267716
21
0.3596994488188976
0
LINE
8
BLACK
6
CONTINUOUS
10
0.2626633858267716
20
0.3596994488188976
11
0.2626634645669291
21
0.3596994094488189
0
LINE
8
BLACK
6
CONTINUOUS
10
0.2626634645669291
20
0.3596994094488189
11
0.2649797244094488
21
0.358958937007874
0
LINE
8
BLACK
6
CONTINUOUS
10
0.2649797244094488
20
0.358958937007874
11
0.2653127165354331
21
0.3588392125984252
0
LINE
8
BLACK
6
CONTINUOUS
10
0.2653127165354331
20
0.3588392125984252
11
0.26757
21
0.3579355905511811
0
LINE
8
BLACK
6
CONTINUOUS
10
0.26757
20
0.3579355905511811
11
0.2688194094488189
21
0.3576947244094488
0
LINE
8
BLACK
6
CONTINUOUS
10
0.2688194094488189
20
0.3576947244094488
11
0.2693905905511811
21
0.357548937007874
0
LINE
8
BLACK
6
CONTINUOUS
10
0.2693905905511811
20
0.357548937007874
11
0.2706022047244094
21
0.3571616535433071
0
LINE
8
BLACK
6
CONTINUOUS
10
0.2706022047244094
20
0.3571616535433071
11
0.2730166929133858
21
0.3568729527559055
0
LINE
8
BLACK
6
CONTINUOUS
10
0.2730166929133858
20
0.3568729527559055
11
0.2733664173228346
21
0.3568183858267717
0
LINE
8
BLACK
6
CONTINUOUS
10
0.2733664173228346
20
0.3568183858267717
11
0.2757538976377953
21
0.3563582677165354
0
LINE
8
BLACK
6
CONTINUOUS
10
0.2757538976377953
20
0.3563582677165354
11
0.2757539763779527
21
0.3563582677165354
0
LINE
8
BLACK
6
CONTINUOUS
10
0.2757539763779527
20
0.3563582677165354
11
0.2770262598425197
21
0.3563582677165354
0
LINE
8
BLACK
6
CONTINUOUS
10
0.2770262598425197
20
0.3563582677165354
11
0.2776151181102362
21
0.3563231889763779
0
LINE
8
BLACK
6
CONTINUOUS
10
0.2776151181102362
20
0.3563231889763779
11
0.2788779527559055
21
0.3561722047244094
0
LINE
8
BLACK
6
CONTINUOUS
10
0.2788779527559055
20
0.3561722047244094
11
0.2813029527559055
21
0.3563456299212598
0
LINE
8
BLACK
6
CONTINUOUS
10
0.2813029527559055
20
0.3563456299212598
11
0.2816568110236221
21
0.3563582677165354
0
LINE
8
BLACK
6
CONTINUOUS
10
0.2816568110236221
20
0.3563582677165354
11
0.3713188976377952
21
0.3563582677165354
0
LINE
8
BLACK
6
CONTINUOUS
10
0.3713188976377952
20
0.3563582677165354
11
0.3740008267716535
21
0.3555707874015748
0
LINE
8
BLACK
6
CONTINUOUS
10
0.3740008267716535
20
0.3555707874015748
11
0.3758312598425197
21
0.3534583464566929
0
LINE
8
BLACK
6
CONTINUOUS
10
0.3758312598425197
20
0.3534583464566929
11
0.3762795275590551
21
0.3513976377952756
0
LINE
8
BLACK
6
CONTINUOUS
10
0.3762795275590551
20
0.3513976377952756
11
0.3762795275590551
21
0.2371954724409449
0
LINE
8
BLACK
6
CONTINUOUS
10
0.3762795275590551
20
0.2371954724409449
11
0.3754920472440945
21
0.2345135433070866
0
LINE
8
BLACK
6
CONTINUOUS
10
0.3754920472440945
20
0.2345135433070866
11
0.3752903543307087
21
0.2342230708661417
0
LINE
8
BLACK
6
CONTINUOUS
10
0.3752903543307087
20
0.2342230708661417
11
0.3746106692913386
21
0.2333151181102362
0
LINE
8
BLACK
6
CONTINUOUS
10
0.3746106692913386
20
0.2333151181102362
11
0.372598779527559
21
0.2279211023622047
0
LINE
8
BLACK
6
CONTINUOUS
10
0.372598779527559
20
0.2279211023622047
11
0.3723425196850393
21
0.2255373622047244
0
LINE
8
BLACK
6
CONTINUOUS
10
0.3723425196850393
20
0.2255373622047244
11
0.3723425196850393
21
0.1744625984251968
0
LINE
8
BLACK
6
CONTINUOUS
10
0.3723425196850393
20
0.1744625984251968
11
0.372598779527559
21
0.1720788582677165
0
LINE
8
BLACK
6
CONTINUOUS
10
0.372598779527559
20
0.1720788582677165
11
0.3725988582677165
21
0.1720785433070866
0
LINE
8
BLACK
6
CONTINUOUS
10
0.3725988582677165
20
0.1720785433070866
11
0.3746106299212598
21
0.1666849212598425
0
LINE
8
BLACK
6
CONTINUOUS
10
0.3746106299212598
20
0.1666849212598425
11
0.3746107086614173
21
0.1666847244094488
0
LINE
8
BLACK
6
CONTINUOUS
10
0.3746107086614173
20
0.1666847244094488
11
0.3780605511811024
21
0.1620762992125984
0
LINE
8
BLACK
6
CONTINUOUS
10
0.3780605511811024
20
0.1620762992125984
11
0.3826689763779528
21
0.1586264566929134
0
LINE
8
BLACK
6
CONTINUOUS
10
0.3826689763779528
20
0.1586264566929134
11
0.3826691732283464
21
0.1586263779527559
0
LINE
8
BLACK
6
CONTINUOUS
10
0.3826691732283464
20
0.1586263779527559
11
0.3880627952755906
21
0.1566146062992126
0
LINE
8
BLACK
6
CONTINUOUS
10
0.3880627952755906
20
0.1566146062992126
11
0.3880631102362205
21
0.1566145275590551
0
LINE
8
BLACK
6
CONTINUOUS
10
0.3880631102362205
20
0.1566145275590551
11
0.3904468503937008
21
0.1563582677165354
0
LINE
8
BLACK
6
CONTINUOUS
10
0.3904468503937008
20
0.1563582677165354
11
0.3904473228346457
21
0.1563582677165354
0
LINE
8
BLACK
6
CONTINUOUS
10
0.3904473228346457
20
0.1563582677165354
11
0.4037265354330709
21
0.1563582677165354
0
LINE
8
BLACK
6
CONTINUOUS
10
0.4037265354330709
20
0.1563582677165354
11
0.4064084645669291
21
0.1555707874015748
0
LINE
8
BLACK
6
CONTINUOUS
10
0.4064084645669291
20
0.1555707874015748
11
0.4072342519685039
21
0.1549053149606299
0
LINE
8
BLACK
6
CONTINUOUS
10
0.4072342519685039
20
0.1549053149606299
11
0.4336712204724409
21
0.1284683070866142
0
LINE
8
BLACK
6
CONTINUOUS
10
0.4336712204724409
20
0.1284683070866142
11
0.4350107874015748
21
0.1260150787401575
0
LINE
8
BLACK
6
CONTINUOUS
10
0.4350107874015748
20
0.1260150787401575
11
0.4348113779527559
21
0.1232270472440945
0
LINE
8
BLACK
6
CONTINUOUS
10
0.4348113779527559
20
0.1232270472440945
11
0.4331362992125984
21
0.1209894488188976
0
LINE
8
BLACK
6
CONTINUOUS
10
0.4331362992125984
20
0.1209894488188976
11
0.4305174015748031
21
0.1200126377952756
0
LINE
8
BLACK
6
CONTINUOUS
10
0.4305174015748031
20
0.1200126377952756
11
0.4301635039370079
21
0.12
0
LINE
8
BLACK
6
CONTINUOUS
10
0.4301635039370079
20
0.12
11
0.3442242519685039
21
0.12
0
LINE
8
BLACK
6
CONTINUOUS
10
0.3442242519685039
20
0.12
11
0.3415423228346456
21
0.1207874803149606
0
LINE
8
BLACK
6
CONTINUOUS
10
0.3415423228346456
20
0.1207874803149606
11
0.3397118897637795
21
0.1228999212598425
0
LINE
8
BLACK
6
CONTINUOUS
10
0.3397118897637795
20
0.1228999212598425
11
0.3393140944881889
21
0.1256666141732283
0
LINE
8
BLACK
6
CONTINUOUS
10
0.3393140944881889
20
0.1256666141732283
11
0.3397398818897638
21
0.1270815748031496
0
LINE
8
BLACK
6
CONTINUOUS
10
0.3397398818897638
20
0.1270815748031496
11
0.3403957480314961
21
0.1284683070866142
0
LINE
8
BLACK
6
CONTINUOUS
10
0.3403957480314961
20
0.1284683070866142
11
0.3456865354330709
21
0.1396546456692913
0
LINE
8
BLACK
6
CONTINUOUS
10
0.3456865354330709
20
0.1396546456692913
11
0.3508998818897638
21
0.1542250393700787
0
LINE
8
BLACK
6
CONTINUOUS
10
0.3508998818897638
20
0.1542250393700787
11
0.35466
21
0.1692362204724409
0
LINE
8
BLACK
6
CONTINUOUS
10
0.35466
20
0.1692362204724409
11
0.3569306299212598
21
0.1845436614173228
0
LINE
8
BLACK
6
CONTINUOUS
10
0.3569306299212598
20
0.1845436614173228
11
0.3576899606299213
21
0.2
0
LINE
8
BLACK
6
CONTINUOUS
10
0.3576899606299213
20
0.2
11
0.3569306299212598
21
0.2154563385826772
0
LINE
8
BLACK
6
CONTINUOUS
10
0.3569306299212598
20
0.2154563385826772
11
0.35466
21
0.2307637795275591
0
LINE
8
BLACK
6
CONTINUOUS
10
0.35466
20
0.2307637795275591
11
0.3508998818897638
21
0.2457749606299212
0
LINE
8
BLACK
6
CONTINUOUS
10
0.3508998818897638
20
0.2457749606299212
11
0.3456865354330709
21
0.2603453543307087
0
LINE
8
BLACK
6
CONTINUOUS
10
0.3456865354330709
20
0.2603453543307087
11
0.3390701181102362
21
0.2743345275590551
0
LINE
8
BLACK
6
CONTINUOUS
10
0.3390701181102362
20
0.2743345275590551
11
0.3311144094488189
21
0.2876078346456693
0
LINE
8
BLACK
6
CONTINUOUS
10
0.3311144094488189
20
0.2876078346456693
11
0.3218959842519685
21
0.3000374409448819
0
LINE
8
BLACK
6
CONTINUOUS
10
0.3218959842519685
20
0.3000374409448819
11
0.3115036220472441
21
0.3115036220472441
0
LINE
8
BLACK
6
CONTINUOUS
10
0.3115036220472441
20
0.3115036220472441
11
0.3000374409448819
21
0.3218959842519685
0
LINE
8
BLACK
6
CONTINUOUS
10
0.3000374409448819
20
0.3218959842519685
11
0.2920311811023622
21
0.3278338188976378
0
LINE
8
BLACK
6
CONTINUOUS
10
0.2920311811023622
20
0.3278338188976378
11
0.2876079921259843
21
0.3311142913385827
0
LINE
8
BLACK
6
CONTINUOUS
10
0.2876079921259843
20
0.3311142913385827
11
0.2876078346456693
21
0.3311144094488189
0
LINE
8
BLACK
6
CONTINUOUS
10
0.2876078346456693
20
0.3311144094488189
11
0.2743345275590551
21
0.3390701181102362
0
LINE
8
BLACK
6
CONTINUOUS
10
0.2743345275590551
20
0.3390701181102362
11
0.2603453543307087
21
0.3456865354330709
0
LINE
8
BLACK
6
CONTINUOUS
10
0.2603453543307087
20
0.3456865354330709
11
0.2457749606299212
21
0.3508998818897638
0
LINE
8
BLACK
6
CONTINUOUS
10
0.2457749606299212
20
0.3508998818897638
11
0.2307637795275591
21
0.35466
0
LINE
8
BLACK
6
CONTINUOUS
10
0.2307637795275591
20
0.35466
11
0.2154563385826772
21
0.3569306299212598
0
LINE
8
BLACK
6
CONTINUOUS
10
0.2154563385826772
20
0.3569306299212598
11
0.2021804724409449
21
0.3575828346456693
0
LINE
8
BLACK
6
CONTINUOUS
10
0.2021804724409449
20
0.3575828346456693
11
0.200000157480315
21
0.3576899606299213
0
LINE
8
BLACK
6
CONTINUOUS
10
0.200000157480315
20
0.3576899606299213
11
0.199999842519685
21
0.3576899606299213
0
LINE
8
BLACK
6
CONTINUOUS
10
0.199999842519685
20
0.3576899606299213
11
0.1977397637795276
21
0.3575788976377953
0
LINE
8
BLACK
6
CONTINUOUS
10
0.1977397637795276
20
0.3575788976377953
11
0.1845436614173228
21
0.3569306299212598
0
LINE
8
BLACK
6
CONTINUOUS
10
0.1845436614173228
20
0.3569306299212598
11
0.1692362204724409
21
0.35466
0
LINE
8
BLACK
6
CONTINUOUS
10
0.1692362204724409
20
0.35466
11
0.1542250393700787
21
0.3508998818897638
0
LINE
8
BLACK
6
CONTINUOUS
10
0.1542250393700787
20
0.3508998818897638
11
0.154224842519685
21
0.3508998031496063
0
LINE
8
BLACK
6
CONTINUOUS
10
0.154224842519685
20
0.3508998031496063
11
0.1542248031496063
21
0.3508998031496063
0
LINE
8
BLACK
6
CONTINUOUS
10
0.1542248031496063
20
0.3508998031496063
11
0.1535153149606299
21
0.3506459448818898
0
LINE
8
BLACK
6
CONTINUOUS
10
0.1535153149606299
20
0.3506459448818898
11
0.1396546456692913
21
0.3456865354330709
0
LINE
8
BLACK
6
CONTINUOUS
10
0.1396546456692913
20
0.3456865354330709
11
0.1270815748031496
21
0.3397398818897638
0
LINE
8
BLACK
6
CONTINUOUS
10
0.1270815748031496
20
0.3397398818897638
11
0.1243204724409449
21
0.3393050787401575
0
LINE
8
BLACK
6
CONTINUOUS
10
0.1243204724409449
20
0.3393050787401575
11
0.1217625984251968
21
0.3404320472440945
0
LINE
8
BLACK
6
CONTINUOUS
10
0.1217625984251968
20
0.3404320472440945
11
0.1202200787401575
21
0.342763031496063
0
LINE
8
BLACK
6
CONTINUOUS
10
0.1202200787401575
20
0.342763031496063
11
0.12
21
0.3442242125984252
0
LINE
8
BLACK
6
CONTINUOUS
10
0.12
20
0.3442242125984252
11
0.12
21
0.4862264960629921
0
LINE
8
BLACK
6
CONTINUOUS
10
0.12
20
0.4862264960629921
11
0.1207874803149606
21
0.4889084251968504
0
LINE
8
BLACK
6
CONTINUOUS
10
0.1207874803149606
20
0.4889084251968504
11
0.1228999212598425
21
0.4907388582677165
0
LINE
8
BLACK
6
CONTINUOUS
10
0.1228999212598425
20
0.4907388582677165
11
0.1256666141732283
21
0.4911366535433071
0
LINE
8
BLACK
6
CONTINUOUS
10
0.1256666141732283
20
0.4911366535433071
11
0.1282091338582677
21
0.4899754724409449
0
LINE
8
BLACK
6
CONTINUOUS
10
0.6876377952755905
20
1.0806299212598425
11
0.6837007874015748
21
1.0806299212598425
0
LINE
8
BLACK
6
CONTINUOUS
10
0.6837007874015748
20
1.0806299212598425
11
0.6837007874015748
21
0.9793700787401575
0
LINE
8
BLACK
6
CONTINUOUS
10
0.6837007874015748
20
0.9793700787401575
11
0.6876377952755905
21
0.9793700787401575
0
LINE
8
BLACK
6
CONTINUOUS
10
0.6876377952755905
20
0.9793700787401575
11
0.6876377952755905
21
0.9006299212598425
0
LINE
8
BLACK
6
CONTINUOUS
10
0.6876377952755905
20
0.9006299212598425
11
0.6837007874015748
21
0.9006299212598425
0
LINE
8
BLACK
6
CONTINUOUS
10
0.6837007874015748
20
0.9006299212598425
11
0.6837007874015748
21
0.7993700787401574
0
LINE
8
BLACK
6
CONTINUOUS
10
0.6837007874015748
20
0.7993700787401574
11
0.6876377952755905
21
0.7993700787401574
0
LINE
8
BLACK
6
CONTINUOUS
10
0.6876377952755905
20
0.7993700787401574
11
0.6876377952755905
21
0.7206299212598425
0
LINE
8
BLACK
6
CONTINUOUS
10
0.6876377952755905
20
0.7206299212598425
11
0.6837007874015748
21
0.7206299212598425
0
LINE
8
BLACK
6
CONTINUOUS
10
0.6837007874015748
20
0.7206299212598425
11
0.6837007874015748
21
0.6193700787401575
0
LINE
8
BLACK
6
CONTINUOUS
10
0.6837007874015748
20
0.6193700787401575
11
0.6876377952755905
21
0.6193700787401575
0
LINE
8
BLACK
6
CONTINUOUS
10
0.6876377952755905
20
0.6193700787401575
11
0.6876377952755905
21
0.5406299212598425
0
LINE
8
BLACK
6
CONTINUOUS
10
0.6876377952755905
20
0.5406299212598425
11
0.6837007874015748
21
0.5406299212598425
0
LINE
8
BLACK
6
CONTINUOUS
10
0.6837007874015748
20
0.5406299212598425
11
0.6837007874015748
21
0.4393700787401575
0
LINE
8
BLACK
6
CONTINUOUS
10
0.6837007874015748
20
0.4393700787401575
11
0.6876377952755905
21
0.4393700787401575
0
LINE
8
BLACK
6
CONTINUOUS
10
0.6876377952755905
20
0.4393700787401575
11
0.6876377952755905
21
0.3606299212598425
0
LINE
8
BLACK
6
CONTINUOUS
10
0.6876377952755905
20
0.3606299212598425
11
0.6837007874015748
21
0.3606299212598425
0
LINE
8
BLACK
6
CONTINUOUS
10
0.6837007874015748
20
0.3606299212598425
11
0.6837007874015748
21
0.34
0
LINE
8
BLACK
6
CONTINUOUS
10
0.6837007874015748
20
0.34
11
0.6837007874015748
21
0.2393700787401575
0
LINE
8
BLACK
6
CONTINUOUS
10
0.6837007874015748
20
0.2393700787401575
11
0.6876377952755905
21
0.2393700787401575
0
LINE
8
BLACK
6
CONTINUOUS
10
0.6876377952755905
20
0.2393700787401575
11
0.6876377952755905
21
0.1606299212598425
0
LINE
8
BLACK
6
CONTINUOUS
10
0.6876377952755905
20
0.1606299212598425
11
0.6325196850393701
21
0.1606299212598425
0
LINE
8
BLACK
6
CONTINUOUS
10
0.6325196850393701
20
0.1606299212598425
11
0.6325196850393701
21
0.2393700787401575
0
LINE
8
BLACK
6
CONTINUOUS
10
0.6325196850393701
20
0.2393700787401575
11
0.6364566929133858
21
0.2393700787401575
0
LINE
8
BLACK
6
CONTINUOUS
10
0.6364566929133858
20
0.2393700787401575
11
0.6364566929133858
21
0.34
0
LINE
8
BLACK
6
CONTINUOUS
10
0.6364566929133858
20
0.34
11
0.6364566929133858
21
0.3606299212598425
0
LINE
8
BLACK
6
CONTINUOUS
10
0.6364566929133858
20
0.3606299212598425
11
0.6325196850393701
21
0.3606299212598425
0
LINE
8
BLACK
6
CONTINUOUS
10
0.6325196850393701
20
0.3606299212598425
11
0.6325196850393701
21
0.4393700787401575
0
LINE
8
BLACK
6
CONTINUOUS
10
0.6325196850393701
20
0.4393700787401575
11
0.6364566929133858
21
0.4393700787401575
0
LINE
8
BLACK
6
CONTINUOUS
10
0.6364566929133858
20
0.4393700787401575
11
0.6364566929133858
21
0.5406299212598425
0
LINE
8
BLACK
6
CONTINUOUS
10
0.6364566929133858
20
0.5406299212598425
11
0.6325196850393701
21
0.5406299212598425
0
LINE
8
BLACK
6
CONTINUOUS
10
0.6325196850393701
20
0.5406299212598425
11
0.6325196850393701
21
0.6193700787401575
0
LINE
8
BLACK
6
CONTINUOUS
10
0.6325196850393701
20
0.6193700787401575
11
0.6364566929133858
21
0.6193700787401575
0
LINE
8
BLACK
6
CONTINUOUS
10
0.6364566929133858
20
0.6193700787401575
11
0.6364566929133858
21
0.7206299212598425
0
LINE
8
BLACK
6
CONTINUOUS
10
0.6364566929133858
20
0.7206299212598425
11
0.6325196850393701
21
0.7206299212598425
0
LINE
8
BLACK
6
CONTINUOUS
10
0.6325196850393701
20
0.7206299212598425
11
0.6325196850393701
21
0.7993700787401574
0
LINE
8
BLACK
6
CONTINUOUS
10
0.6325196850393701
20
0.7993700787401574
11
0.6364566929133858
21
0.7993700787401574
0
LINE
8
BLACK
6
CONTINUOUS
10
0.6364566929133858
20
0.7993700787401574
11
0.6364566929133858
21
0.9006299212598425
0
LINE
8
BLACK
6
CONTINUOUS
10
0.6364566929133858
20
0.9006299212598425
11
0.6325196850393701
21
0.9006299212598425
0
LINE
8
BLACK
6
CONTINUOUS
10
0.6325196850393701
20
0.9006299212598425
11
0.6325196850393701
21
0.9793700787401575
0
LINE
8
BLACK
6
CONTINUOUS
10
0.6325196850393701
20
0.9793700787401575
11
0.6364566929133858
21
0.9793700787401575
0
LINE
8
BLACK
6
CONTINUOUS
10
0.6364566929133858
20
0.9793700787401575
11
0.6364566929133858
21
1.0806299212598425
0
LINE
8
BLACK
6
CONTINUOUS
10
0.6364566929133858
20
1.0806299212598425
11
0.6325196850393701
21
1.0806299212598425
0
LINE
8
BLACK
6
CONTINUOUS
10
0.6325196850393701
20
1.0806299212598425
11
0.6325196850393701
21
1.1593700787401575
0
LINE
8
BLACK
6
CONTINUOUS
10
0.6325196850393701
20
1.1593700787401575
11
0.6876377952755905
21
1.1593700787401575
0
LINE
8
BLACK
6
CONTINUOUS
10
0.6876377952755905
20
1.1593700787401575
11
0.6876377952755905
21
1.0806299212598425
0
LINE
8
BLACK
6
CONTINUOUS
10
0.4331311811023622
20
1.2873114173228346
11
0.4353688188976378
21
1.2856363385826772
0
LINE
8
BLACK
6
CONTINUOUS
10
0.4353688188976378
20
1.2856363385826772
11
0.4363456299212599
21
1.2830174409448818
0
LINE
8
BLACK
6
CONTINUOUS
10
0.4363456299212599
20
1.2830174409448818
11
0.4363582677165354
21
1.2826635433070865
0
LINE
8
BLACK
6
CONTINUOUS
10
0.4363582677165354
20
1.2826635433070865
11
0.4363582677165354
21
1.2633972834645668
0
LINE
8
BLACK
6
CONTINUOUS
10
0.4363582677165354
20
1.2633972834645668
11
0.4363077559055118
21
1.2626912992125985
0
LINE
8
BLACK
6
CONTINUOUS
10
0.4363077559055118
20
1.2626912992125985
11
0.4362637007874016
21
1.2623848818897638
0
LINE
8
BLACK
6
CONTINUOUS
10
0.4362637007874016
20
1.2623848818897638
11
0.4362094094488189
21
1.2620072440944881
0
LINE
8
BLACK
6
CONTINUOUS
10
0.4362094094488189
20
1.2620072440944881
11
0.4363526377952756
21
1.2590005118110237
0
LINE
8
BLACK
6
CONTINUOUS
10
0.4363526377952756
20
1.2590005118110237
11
0.4363582677165354
21
1.2587644488188976
0
LINE
8
BLACK
6
CONTINUOUS
10
0.4363582677165354
20
1.2587644488188976
11
0.4363582677165354
21
1.2304468503937007
0
LINE
8
BLACK
6
CONTINUOUS
10
0.4363582677165354
20
1.2304468503937007
11
0.4366145275590551
21
1.2280631102362205
0
LINE
8
BLACK
6
CONTINUOUS
10
0.4366145275590551
20
1.2280631102362205
11
0.4366146062992126
21
1.2280627952755905
0
LINE
8
BLACK
6
CONTINUOUS
10
0.4366146062992126
20
1.2280627952755905
11
0.4386263779527559
21
1.2226691732283463
0
LINE
8
BLACK
6
CONTINUOUS
10
0.4386263779527559
20
1.2226691732283463
11
0.4386264566929134
21
1.2226689763779528
0
LINE
8
BLACK
6
CONTINUOUS
10
0.4386264566929134
20
1.2226689763779528
11
0.4420762992125984
21
1.2180605511811022
0
LINE
8
BLACK
6
CONTINUOUS
10
0.4420762992125984
20
1.2180605511811022
11
0.4466847244094488
21
1.2146107086614173
0
LINE
8
BLACK
6
CONTINUOUS
10
0.4466847244094488
20
1.2146107086614173
11
0.4466849212598425
21
1.2146106299212598
0
LINE
8
BLACK
6
CONTINUOUS
10
0.4466849212598425
20
1.2146106299212598
11
0.4520785433070866
21
1.2125988582677165
0
LINE
8
BLACK
6
CONTINUOUS
10
0.4520785433070866
20
1.2125988582677165
11
0.4520788582677165
21
1.212598779527559
0
LINE
8
BLACK
6
CONTINUOUS
10
0.4520788582677165
20
1.212598779527559
11
0.4544625984251968
21
1.2123425196850393
0
LINE
8
BLACK
6
CONTINUOUS
10
0.4544625984251968
20
1.2123425196850393
11
0.4544630708661417
21
1.2123425196850393
0
LINE
8
BLACK
6
CONTINUOUS
10
0.4544630708661417
20
1.2123425196850393
11
0.5055373622047244
21
1.2123425196850393
0
LINE
8
BLACK
6
CONTINUOUS
10
0.5055373622047244
20
1.2123425196850393
11
0.5079211023622047
21
1.212598779527559
0
LINE
8
BLACK
6
CONTINUOUS
10
0.5079211023622047
20
1.212598779527559
11
0.5079214173228347
21
1.2125988582677165
0
LINE
8
BLACK
6
CONTINUOUS
10
0.5079214173228347
20
1.2125988582677165
11
0.5133150393700787
21
1.2146106299212598
0
LINE
8
BLACK
6
CONTINUOUS
10
0.5133150393700787
20
1.2146106299212598
11
0.5133150787401575
21
1.2146106299212598
0
LINE
8
BLACK
6
CONTINUOUS
10
0.5133150787401575
20
1.2146106299212598
11
0.513633031496063
21
1.2148486614173228
0
LINE
8
BLACK
6
CONTINUOUS
10
0.513633031496063
20
1.2148486614173228
11
0.5142227165354331
21
1.2152900787401575
0
LINE
8
BLACK
6
CONTINUOUS
10
0.5142227165354331
20
1.2152900787401575
11
0.5168415748031496
21
1.2162668897637794
0
LINE
8
BLACK
6
CONTINUOUS
10
0.5168415748031496
20
1.2162668897637794
11
0.5171955118110236
21
1.216279527559055
0
LINE
8
BLACK
6
CONTINUOUS
10
0.5171955118110236
20
1.216279527559055
11
0.6428044881889764
21
1.216279527559055
0
LINE
8
BLACK
6
CONTINUOUS
10
0.6428044881889764
20
1.216279527559055
11
0.6454864173228346
21
1.2154920472440944
0
LINE
8
BLACK
6
CONTINUOUS
10
0.6454864173228346
20
1.2154920472440944
11
0.645776968503937
21
1.2152902755905512
0
LINE
8
BLACK
6
CONTINUOUS
10
0.645776968503937
20
1.2152902755905512
11
0.6460658661417322
21
1.2150740157480315
0
LINE
8
BLACK
6
CONTINUOUS
10
0.6460658661417322
20
1.2150740157480315
11
0.6466848818897638
21
1.2146106299212598
0
LINE
8
BLACK
6
CONTINUOUS
10
0.6466848818897638
20
1.2146106299212598
11
0.6520785433070866
21
1.2125988582677165
0
LINE
8
BLACK
6
CONTINUOUS
10
0.6520785433070866
20
1.2125988582677165
11
0.6520788582677165
21
1.212598779527559
0
LINE
8
BLACK
6
CONTINUOUS
10
0.6520788582677165
20
1.212598779527559
11
0.6544625984251968
21
1.2123425196850393
0
LINE
8
BLACK
6
CONTINUOUS
10
0.6544625984251968
20
1.2123425196850393
11
0.6544630708661417
21
1.2123425196850393
0
LINE
8
BLACK
6
CONTINUOUS
10
0.6544630708661417
20
1.2123425196850393
11
0.7055373622047244
21
1.2123425196850393
0
LINE
8
BLACK
6
CONTINUOUS
10
0.7055373622047244
20
1.2123425196850393
11
0.7079211023622047
21
1.212598779527559
0
LINE
8
BLACK
6
CONTINUOUS
10
0.7079211023622047
20
1.212598779527559
11
0.7079214173228346
21
1.2125988582677165
0
LINE
8
BLACK
6
CONTINUOUS
10
0.7079214173228346
20
1.2125988582677165
11
0.7133150393700787
21
1.2146106299212598
0
LINE
8
BLACK
6
CONTINUOUS
10
0.7133150393700787
20
1.2146106299212598
11
0.7133150787401574
21
1.2146106299212598
0
LINE
8
BLACK
6
CONTINUOUS
10
0.7133150787401574
20
1.2146106299212598
11
0.7136330314960629
21
1.2148486614173228
0
LINE
8
BLACK
6
CONTINUOUS
10
0.7136330314960629
20
1.2148486614173228
11
0.714222716535433
21
1.2152900787401575
0
LINE
8
BLACK
6
CONTINUOUS
10
0.714222716535433
20
1.2152900787401575
11
0.7168415748031496
21
1.2162668897637794
0
LINE
8
BLACK
6
CONTINUOUS
10
0.7168415748031496
20
1.2162668897637794
11
0.7171955118110236
21
1.216279527559055
0
LINE
8
BLACK
6
CONTINUOUS
10
0.7171955118110236
20
1.216279527559055
11
0.8428044881889764
21
1.216279527559055
0
LINE
8
BLACK
6
CONTINUOUS
10
0.8428044881889764
20
1.216279527559055
11
0.8454864173228346
21
1.2154920472440944
0
LINE
8
BLACK
6
CONTINUOUS
10
0.8454864173228346
20
1.2154920472440944
11
0.845776968503937
21
1.2152902755905512
0
LINE
8
BLACK
6
CONTINUOUS
10
0.845776968503937
20
1.2152902755905512
11
0.8460658661417323
21
1.2150740157480315
0
LINE
8
BLACK
6
CONTINUOUS
10
0.8460658661417323
20
1.2150740157480315
11
0.8466848818897638
21
1.2146106299212598
0
LINE
8
BLACK
6
CONTINUOUS
10
0.8466848818897638
20
1.2146106299212598
11
0.8520785433070865
21
1.2125988582677165
0
LINE
8
BLACK
6
CONTINUOUS
10
0.8520785433070865
20
1.2125988582677165
11
0.8520788582677166
21
1.212598779527559
0
LINE
8
BLACK
6
CONTINUOUS
10
0.8520788582677166
20
1.212598779527559
11
0.8544625984251968
21
1.2123425196850393
0
LINE
8
BLACK
6
CONTINUOUS
10
0.8544625984251968
20
1.2123425196850393
11
0.8544630708661417
21
1.2123425196850393
0
LINE
8
BLACK
6
CONTINUOUS
10
0.8544630708661417
20
1.2123425196850393
11
0.9055373622047244
21
1.2123425196850393
0
LINE
8
BLACK
6
CONTINUOUS
10
0.9055373622047244
20
1.2123425196850393
11
0.9079211023622047
21
1.212598779527559
0
LINE
8
BLACK
6
CONTINUOUS
10
0.9079211023622047
20
1.212598779527559
11
0.9079214173228346
21
1.2125988582677165
0
LINE
8
BLACK
6
CONTINUOUS
10
0.9079214173228346
20
1.2125988582677165
11
0.9133150393700787
21
1.2146106299212598
0
LINE
8
BLACK
6
CONTINUOUS
10
0.9133150393700787
20
1.2146106299212598
11
0.9133150787401575
21
1.2146106299212598
0
LINE
8
BLACK
6
CONTINUOUS
10
0.9133150787401575
20
1.2146106299212598
11
0.913633031496063
21
1.2148486614173228
0
LINE
8
BLACK
6
CONTINUOUS
10
0.913633031496063
20
1.2148486614173228
11
0.9142227165354331
21
1.2152900787401575
0
LINE
8
BLACK
6
CONTINUOUS
10
0.9142227165354331
20
1.2152900787401575
11
0.9168415748031495
21
1.2162668897637794
0
LINE
8
BLACK
6
CONTINUOUS
10
0.9168415748031495
20
1.2162668897637794
11
0.9171955118110237
21
1.216279527559055
0
LINE
8
BLACK
6
CONTINUOUS
10
0.9171955118110237
20
1.216279527559055
11
1.0113188976377951
21
1.216279527559055
0
LINE
8
BLACK
6
CONTINUOUS
10
1.0113188976377951
20
1.216279527559055
11
1.0140008267716536
21
1.2154920472440944
0
LINE
8
BLACK
6
CONTINUOUS
10
1.0140008267716536
20
1.2154920472440944
11
1.0158312598425197
21
1.2133796062992126
0
LINE
8
BLACK
6
CONTINUOUS
10
1.0158312598425197
20
1.2133796062992126
11
1.016279527559055
21
1.2113188976377953
0
LINE
8
BLACK
6
CONTINUOUS
10
1.016279527559055
20
1.2113188976377953
11
1.016279527559055
21
1.184189094488189
0
LINE
8
BLACK
6
CONTINUOUS
10
1.016279527559055
20
1.184189094488189
11
1.0154920472440945
21
1.1815071653543308
0
LINE
8
BLACK
6
CONTINUOUS
10
1.0154920472440945
20
1.1815071653543308
11
1.0133796062992126
21
1.1796767322834645
0
LINE
8
BLACK
6
CONTINUOUS
10
1.0133796062992126
20
1.1796767322834645
11
1.0107886220472442
21
1.1792568897637794
0
LINE
8
BLACK
6
CONTINUOUS
10
1.0107886220472442
20
1.1792568897637794
11
1.0095526771653542
21
1.1793897637795274
0
LINE
8
BLACK
6
CONTINUOUS
10
1.0095526771653542
20
1.1793897637795274
11
0.9506048031496063
21
1.1793897637795274
0
LINE
8
BLACK
6
CONTINUOUS
10
0.9506048031496063
20
1.1793897637795274
11
0.9506045275590551
21
1.1793897244094489
0
LINE
8
BLACK
6
CONTINUOUS
10
0.9506045275590551
20
1.1793897244094489
11
0.9506043307086613
21
1.1793897244094489
0
LINE
8
BLACK
6
CONTINUOUS
10
0.9506043307086613
20
1.1793897244094489
11
0.9482205905511811
21
1.1791334645669291
0
LINE
8
BLACK
6
CONTINUOUS
10
0.9482205905511811
20
1.1791334645669291
11
0.9482202755905511
21
1.1791333858267716
0
LINE
8
BLACK
6
CONTINUOUS
10
0.9482202755905511
20
1.1791333858267716
11
0.9451525590551181
21
1.1779891338582678
0
LINE
8
BLACK
6
CONTINUOUS
10
0.9451525590551181
20
1.1779891338582678
11
0.9428266141732283
21
1.1771216141732284
0
LINE
8
BLACK
6
CONTINUOUS
10
0.9428266141732283
20
1.1771216141732284
11
0.9428265354330708
21
1.1771215748031496
0
LINE
8
BLACK
6
CONTINUOUS
10
0.9428265354330708
20
1.1771215748031496
11
0.9428264566929133
21
1.1771215354330709
0
LINE
8
BLACK
6
CONTINUOUS
10
0.9428264566929133
20
1.1771215354330709
11
0.938218031496063
21
1.1736716929133859
0
LINE
8
BLACK
6
CONTINUOUS
10
0.938218031496063
20
1.1736716929133859
11
0.9347681889763779
21
1.1690632677165353
0
LINE
8
BLACK
6
CONTINUOUS
10
0.9347681889763779
20
1.1690632677165353
11
0.9347681102362204
21
1.1690630708661418
0
LINE
8
BLACK
6
CONTINUOUS
10
0.9347681102362204
20
1.1690630708661418
11
0.9327563385826771
21
1.1636694488188977
0
LINE
8
BLACK
6
CONTINUOUS
10
0.9327563385826771
20
1.1636694488188977
11
0.9327562598425196
21
1.1636691338582676
0
LINE
8
BLACK
6
CONTINUOUS
10
0.9327562598425196
20
1.1636691338582676
11
0.9325
21
1.1612853937007874
0
LINE
8
BLACK
6
CONTINUOUS
10
0.9325
20
1.1612853937007874
11
0.9325
21
1.0787145669291338
0
LINE
8
BLACK
6
CONTINUOUS
10
0.9325
20
1.0787145669291338
11
0.9327562598425196
21
1.0763308267716536
0
LINE
8
BLACK
6
CONTINUOUS
10
0.9327562598425196
20
1.0763308267716536
11
0.9327563385826771
21
1.0763305118110236
0
LINE
8
BLACK
6
CONTINUOUS
10
0.9327563385826771
20
1.0763305118110236
11
0.9347681102362204
21
1.0709368897637794
0
LINE
8
BLACK
6
CONTINUOUS
10
0.9347681102362204
20
1.0709368897637794
11
0.9347681889763779
21
1.0709367322834646
0
LINE
8
BLACK
6
CONTINUOUS
10
0.9347681889763779
20
1.0709367322834646
11
0.9354475984251969
21
1.0700291732283465
0
LINE
8
BLACK
6
CONTINUOUS
10
0.9354475984251969
20
1.0700291732283465
11
0.9364243700787401
21
1.0674102755905512
0
LINE
8
BLACK
6
CONTINUOUS
10
0.9364243700787401
20
1.0674102755905512
11
0.9364370078740157
21
1.0670564173228345
0
LINE
8
BLACK
6
CONTINUOUS
10
0.9364370078740157
20
1.0670564173228345
11
0.9364370078740157
21
0.9929435039370078
0
LINE
8
BLACK
6
CONTINUOUS
10
0.9364370078740157
20
0.9929435039370078
11
0.9356495275590551
21
0.9902615748031496
0
LINE
8
BLACK
6
CONTINUOUS
10
0.9356495275590551
20
0.9902615748031496
11
0.9354478346456693
21
0.9899711023622046
0
LINE
8
BLACK
6
CONTINUOUS
10
0.9354478346456693
20
0.9899711023622046
11
0.9347681496062992
21
0.9890631496062992
0
LINE
8
BLACK
6
CONTINUOUS
10
0.9347681496062992
20
0.9890631496062992
11
0.9327562598425196
21
0.9836691338582677
0
LINE
8
BLACK
6
CONTINUOUS
10
0.9327562598425196
20
0.9836691338582677
11
0.9325
21
0.9812853937007874
0
LINE
8
BLACK
6
CONTINUOUS
10
0.9325
20
0.9812853937007874
11
0.9325
21
0.8987145669291339
0
LINE
8
BLACK
6
CONTINUOUS
10
0.9325
20
0.8987145669291339
11
0.9327562598425196
21
0.8963308267716535
0
LINE
8
BLACK
6
CONTINUOUS
10
0.9327562598425196
20
0.8963308267716535
11
0.9327563385826771
21
0.8963305118110236
0
LINE
8
BLACK
6
CONTINUOUS
10
0.9327563385826771
20
0.8963305118110236
11
0.9347681102362204
21
0.8909368897637795
0
LINE
8
BLACK
6
CONTINUOUS
10
0.9347681102362204
20
0.8909368897637795
11
0.9347681889763779
21
0.8909367322834646
0
LINE
8
BLACK
6
CONTINUOUS
10
0.9347681889763779
20
0.8909367322834646
11
0.9354475984251969
21
0.8900291732283464
0
LINE
8
BLACK
6
CONTINUOUS
10
0.9354475984251969
20
0.8900291732283464
11
0.9364243700787401
21
0.8874102755905512
0
LINE
8
BLACK
6
CONTINUOUS
10
0.9364243700787401
20
0.8874102755905512
11
0.9364370078740157
21
0.8870564173228346
0
LINE
8
BLACK
6
CONTINUOUS
10
0.9364370078740157
20
0.8870564173228346
11
0.9364370078740157
21
0.8129435039370079
0
LINE
8
BLACK
6
CONTINUOUS
10
0.9364370078740157
20
0.8129435039370079
11
0.9356495275590551
21
0.8102615748031496
0
LINE
8
BLACK
6
CONTINUOUS
10
0.9356495275590551
20
0.8102615748031496
11
0.9354478346456693
21
0.8099711023622047
0
LINE
8
BLACK
6
CONTINUOUS
10
0.9354478346456693
20
0.8099711023622047
11
0.9347681496062992
21
0.8090631496062992
0
LINE
8
BLACK
6
CONTINUOUS
10
0.9347681496062992
20
0.8090631496062992
11
0.9327562598425196
21
0.8036691338582677
0
LINE
8
BLACK
6
CONTINUOUS
10
0.9327562598425196
20
0.8036691338582677
11
0.9325
21
0.8012853937007873
0
LINE
8
BLACK
6
CONTINUOUS
10
0.9325
20
0.8012853937007873
11
0.9325
21
0.7187145669291338
0
LINE
8
BLACK
6
CONTINUOUS
10
0.9325
20
0.7187145669291338
11
0.9327562598425196
21
0.7163308267716535
0
LINE
8
BLACK
6
CONTINUOUS
10
0.9327562598425196
20
0.7163308267716535
11
0.9327563385826771
21
0.7163305118110236
0
LINE
8
BLACK
6
CONTINUOUS
10
0.9327563385826771
20
0.7163305118110236
11
0.9347681102362204
21
0.7109368897637796
0
LINE
8
BLACK
6
CONTINUOUS
10
0.9347681102362204
20
0.7109368897637796
11
0.9347681889763779
21
0.7109367322834645
0
LINE
8
BLACK
6
CONTINUOUS
10
0.9347681889763779
20
0.7109367322834645
11
0.9354475984251969
21
0.7100291732283465
0
LINE
8
BLACK
6
CONTINUOUS
10
0.9354475984251969
20
0.7100291732283465
11
0.9364243700787401
21
0.7074102755905511
0
LINE
8
BLACK
6
CONTINUOUS
10
0.9364243700787401
20
0.7074102755905511
11
0.9364370078740157
21
0.7070564173228346
0
LINE
8
BLACK
6
CONTINUOUS
10
0.9364370078740157
20
0.7070564173228346
11
0.9364370078740157
21
0.6329435039370078
0
LINE
8
BLACK
6
CONTINUOUS
10
0.9364370078740157
20
0.6329435039370078
11
0.9356495275590551
21
0.6302615748031496
0
LINE
8
BLACK
6
CONTINUOUS
10
0.9356495275590551
20
0.6302615748031496
11
0.9354478346456693
21
0.6299711023622047
0
LINE
8
BLACK
6
CONTINUOUS
10
0.9354478346456693
20
0.6299711023622047
11
0.9347681496062992
21
0.6290631496062992
0
LINE
8
BLACK
6
CONTINUOUS
10
0.9347681496062992
20
0.6290631496062992
11
0.9327562598425196
21
0.6236691338582677
0
LINE
8
BLACK
6
CONTINUOUS
10
0.9327562598425196
20
0.6236691338582677
11
0.9325
21
0.6212853937007874
0
LINE
8
BLACK
6
CONTINUOUS
10
0.9325
20
0.6212853937007874
11
0.9325
21
0.5387145669291339
0
LINE
8
BLACK
6
CONTINUOUS
10
0.9325
20
0.5387145669291339
11
0.9327562598425196
21
0.5363308267716536
0
LINE
8
BLACK
6
CONTINUOUS
10
0.9327562598425196
20
0.5363308267716536
11
0.9327563385826771
21
0.5363305118110236
0
LINE
8
BLACK
6
CONTINUOUS
10
0.9327563385826771
20
0.5363305118110236
11
0.9347681102362204
21
0.5309368897637795
0
LINE
8
BLACK
6
CONTINUOUS
10
0.9347681102362204
20
0.5309368897637795
11
0.9347681889763779
21
0.5309367322834646
0
LINE
8
BLACK
6
CONTINUOUS
10
0.9347681889763779
20
0.5309367322834646
11
0.9354475984251969
21
0.5300291732283464
0
LINE
8
BLACK
6
CONTINUOUS
10
0.9354475984251969
20
0.5300291732283464
11
0.9364243700787401
21
0.5274102755905512
0
LINE
8
BLACK
6
CONTINUOUS
10
0.9364243700787401
20
0.5274102755905512
11
0.9364370078740157
21
0.5270564173228346
0
LINE
8
BLACK
6
CONTINUOUS
10
0.9364370078740157
20
0.5270564173228346
11
0.9364370078740157
21
0.4529435039370079
0
LINE
8
BLACK
6
CONTINUOUS
10
0.9364370078740157
20
0.4529435039370079
11
0.9356495275590551
21
0.4502615748031496
0
LINE
8
BLACK
6
CONTINUOUS
10
0.9356495275590551
20
0.4502615748031496
11
0.9354478346456693
21
0.4499711023622047
0
LINE
8
BLACK
6
CONTINUOUS
10
0.9354478346456693
20
0.4499711023622047
11
0.935159842519685
21
0.4495863779527559
0
LINE
8
BLACK
6
CONTINUOUS
10
0.935159842519685
20
0.4495863779527559
11
0.9347681496062992
21
0.4490631496062992
0
LINE
8
BLACK
6
CONTINUOUS
10
0.9347681496062992
20
0.4490631496062992
11
0.9327562598425196
21
0.4436691338582677
0
LINE
8
BLACK
6
CONTINUOUS
10
0.9327562598425196
20
0.4436691338582677
11
0.9325
21
0.4412853937007874
0
LINE
8
BLACK
6
CONTINUOUS
10
0.9325
20
0.4412853937007874
11
0.9325
21
0.4161947244094488
0
LINE
8
BLACK
6
CONTINUOUS
10
0.9325
20
0.4161947244094488
11
0.9317125196850393
21
0.4135127952755905
0
LINE
8
BLACK
6
CONTINUOUS
10
0.9317125196850393
20
0.4135127952755905
11
0.9310470472440945
21
0.4126870472440945
0
LINE
8
BLACK
6
CONTINUOUS
10
0.9310470472440945
20
0.4126870472440945
11
0.9120100787401575
21
0.3936500787401574
0
LINE
8
BLACK
6
CONTINUOUS
10
0.9120100787401575
20
0.3936500787401574
11
0.9113799212598425
21
0.3931170078740157
0
LINE
8
BLACK
6
CONTINUOUS
10
0.9113799212598425
20
0.3931170078740157
11
0.911290748031496
21
0.3930535039370079
0
LINE
8
BLACK
6
CONTINUOUS
10
0.911290748031496
20
0.3930535039370079
11
0.9112905905511811
21
0.3930533464566929
0
LINE
8
BLACK
6
CONTINUOUS
10
0.9112905905511811
20
0.3930533464566929
11
0.9088133464566929
21
0.3904552755905512
0
LINE
8
BLACK
6
CONTINUOUS
10
0.9088133464566929
20
0.3904552755905512
11
0.9087324015748032
21
0.3903724015748031
0
LINE
8
BLACK
6
CONTINUOUS
10
0.9087324015748032
20
0.3903724015748031
11
0.9076706692913385
21
0.3893106692913386
0
LINE
8
BLACK
6
CONTINUOUS
10
0.9076706692913385
20
0.3893106692913386
11
0.9074520078740157
21
0.3890458267716536
0
LINE
8
BLACK
6
CONTINUOUS
10
0.9074520078740157
20
0.3890458267716536
11
0.9072170078740157
21
0.3887811023622047
0
LINE
8
BLACK
6
CONTINUOUS
10
0.9072170078740157
20
0.3887811023622047
11
0.9055393700787402
21
0.3870216535433071
0
LINE
8
BLACK
6
CONTINUOUS
10
0.9055393700787402
20
0.3870216535433071
11
0.9055391732283464
21
0.3870214173228346
0
LINE
8
BLACK
6
CONTINUOUS
10
0.9055391732283464
20
0.3870214173228346
11
0.9048515748031496
21
0.3859514566929134
0
LINE
8
BLACK
6
CONTINUOUS
10
0.9048515748031496
20
0.3859514566929134
11
0.9045036614173229
21
0.3854749606299213
0
LINE
8
BLACK
6
CONTINUOUS
10
0.9045036614173229
20
0.3854749606299213
11
0.9036936220472441
21
0.384493937007874
0
LINE
8
BLACK
6
CONTINUOUS
10
0.9036936220472441
20
0.384493937007874
11
0.9025283858267716
21
0.3823599212598425
0
LINE
8
BLACK
6
CONTINUOUS
10
0.9025283858267716
20
0.3823599212598425
11
0.902347716535433
21
0.3820553937007874
0
LINE
8
BLACK
6
CONTINUOUS
10
0.902347716535433
20
0.3820553937007874
11
0.9010332283464567
21
0.3800100393700787
0
LINE
8
BLACK
6
CONTINUOUS
10
0.9010332283464567
20
0.3800100393700787
11
0.9005603937007873
21
0.378828937007874
0
LINE
8
BLACK
6
CONTINUOUS
10
0.9005603937007873
20
0.378828937007874
11
0.9003089763779527
21
0.3782953543307087
0
LINE
8
BLACK
6
CONTINUOUS
10
0.9003089763779527
20
0.3782953543307087
11
0.8996994881889764
21
0.3771791338582677
0
LINE
8
BLACK
6
CONTINUOUS
10
0.8996994881889764
20
0.3771791338582677
11
0.8996994488188976
21
0.3771790551181102
0
LINE
8
BLACK
6
CONTINUOUS
10
0.8996994488188976
20
0.3771790551181102
11
0.8989591338582676
21
0.3748631889763779
0
LINE
8
BLACK
6
CONTINUOUS
10
0.8989591338582676
20
0.3748631889763779
11
0.8988393700787402
21
0.3745300787401575
0
LINE
8
BLACK
6
CONTINUOUS
10
0.8988393700787402
20
0.3745300787401575
11
0.8979355905511811
21
0.3722724803149606
0
LINE
8
BLACK
6
CONTINUOUS
10
0.8979355905511811
20
0.3722724803149606
11
0.8976948031496063
21
0.3710231496062992
0
LINE
8
BLACK
6
CONTINUOUS
10
0.8976948031496063
20
0.3710231496062992
11
0.8975488976377952
21
0.3704515354330709
0
LINE
8
BLACK
6
CONTINUOUS
10
0.8975488976377952
20
0.3704515354330709
11
0.8971616929133858
21
0.3692402755905512
0
LINE
8
BLACK
6
CONTINUOUS
10
0.8971616929133858
20
0.3692402755905512
11
0.897161653543307
21
0.3692402362204724
0
LINE
8
BLACK
6
CONTINUOUS
10
0.897161653543307
20
0.3692402362204724
11
0.8968729527559055
21
0.3668257874015748
0
LINE
8
BLACK
6
CONTINUOUS
10
0.8968729527559055
20
0.3668257874015748
11
0.8968183858267716
21
0.366476062992126
0
LINE
8
BLACK
6
CONTINUOUS
10
0.8968183858267716
20
0.366476062992126
11
0.8963582677165354
21
0.3640885826771654
0
LINE
8
BLACK
6
CONTINUOUS
10
0.8963582677165354
20
0.3640885826771654
11
0.8963582677165354
21
0.3628162598425197
0
LINE
8
BLACK
6
CONTINUOUS
10
0.8963582677165354
20
0.3628162598425197
11
0.896323188976378
21
0.3622274015748032
0
LINE
8
BLACK
6
CONTINUOUS
10
0.896323188976378
20
0.3622274015748032
11
0.8961722047244094
21
0.3609644881889764
0
LINE
8
BLACK
6
CONTINUOUS
10
0.8961722047244094
20
0.3609644881889764
11
0.8963456299212598
21
0.3585394488188977
0
LINE
8
BLACK
6
CONTINUOUS
10
0.8963456299212598
20
0.3585394488188977
11
0.8963582677165354
21
0.3581856299212599
0
LINE
8
BLACK
6
CONTINUOUS
10
0.8963582677165354
20
0.3581856299212599
11
0.8963582677165354
21
0.2768341732283465
0
LINE
8
BLACK
6
CONTINUOUS
10
0.8963582677165354
20
0.2768341732283465
11
0.8955707874015748
21
0.2741522440944882
0
LINE
8
BLACK
6
CONTINUOUS
10
0.8955707874015748
20
0.2741522440944882
11
0.8953688188976378
21
0.2738613779527559
0
LINE
8
BLACK
6
CONTINUOUS
10
0.8953688188976378
20
0.2738613779527559
11
0.8939711811023622
21
0.2719943700787402
0
LINE
8
BLACK
6
CONTINUOUS
10
0.8939711811023622
20
0.2719943700787402
11
0.8917335433070865
21
0.2703192913385827
0
LINE
8
BLACK
6
CONTINUOUS
10
0.8917335433070865
20
0.2703192913385827
11
0.8889455118110235
21
0.2701199212598425
0
LINE
8
BLACK
6
CONTINUOUS
10
0.8889455118110235
20
0.2701199212598425
11
0.8864922834645669
21
0.2714594881889764
0
LINE
8
BLACK
6
CONTINUOUS
10
0.8864922834645669
20
0.2714594881889764
11
0.8860288188976377
21
0.2719943700787402
0
LINE
8
BLACK
6
CONTINUOUS
10
0.8860288188976377
20
0.2719943700787402
11
0.8846311811023622
21
0.2738613779527559
0
LINE
8
BLACK
6
CONTINUOUS
10
0.8846311811023622
20
0.2738613779527559
11
0.8836543700787401
21
0.2764802755905512
0
LINE
8
BLACK
6
CONTINUOUS
10
0.8836543700787401
20
0.2764802755905512
11
0.8836417322834645
21
0.2768341732283465
0
LINE
8
BLACK
6
CONTINUOUS
10
0.8836417322834645
20
0.2768341732283465
11
0.8836417322834645
21
0.2958632283464567
0
LINE
8
BLACK
6
CONTINUOUS
10
0.8836417322834645
20
0.2958632283464567
11
0.8837103937007874
21
0.2966857086614173
0
LINE
8
BLACK
6
CONTINUOUS
10
0.8837103937007874
20
0.2966857086614173
11
0.8837285433070866
21
0.2967936614173228
0
LINE
8
BLACK
6
CONTINUOUS
10
0.8837285433070866
20
0.2967936614173228
11
0.8836431496062992
21
0.300380905511811
0
LINE
8
BLACK
6
CONTINUOUS
10
0.8836431496062992
20
0.300380905511811
11
0.8836417322834645
21
0.3004989763779528
0
LINE
8
BLACK
6
CONTINUOUS
10
0.8836417322834645
20
0.3004989763779528
11
0.8836417322834645
21
0.3019999606299212
0
LINE
8
BLACK
6
CONTINUOUS
10
0.8836417322834645
20
0.3019999606299212
11
0.8836417322834645
21
0.3020001181102362
0
LINE
8
BLACK
6
CONTINUOUS
10
0.8836417322834645
20
0.3020001181102362
11
0.8836090551181102
21
0.302341968503937
0
LINE
8
BLACK
6
CONTINUOUS
10
0.8836090551181102
20
0.302341968503937
11
0.883588031496063
21
0.3026949212598425
0
LINE
8
BLACK
6
CONTINUOUS
10
0.883588031496063
20
0.3026949212598425
11
0.8835301968503937
21
0.305125905511811
0
LINE
8
BLACK
6
CONTINUOUS
10
0.8835301968503937
20
0.305125905511811
11
0.8832597244094488
21
0.3063690551181102
0
LINE
8
BLACK
6
CONTINUOUS
10
0.8832597244094488
20
0.3063690551181102
11
0.8831688582677165
21
0.3069518110236221
0
LINE
8
BLACK
6
CONTINUOUS
10
0.8831688582677165
20
0.3069518110236221
11
0.8830479921259843
21
0.3082180708661417
0
LINE
8
BLACK
6
CONTINUOUS
10
0.8830479921259843
20
0.3082180708661417
11
0.8823625984251968
21
0.310552125984252
0
LINE
8
BLACK
6
CONTINUOUS
10
0.8823625984251968
20
0.310552125984252
11
0.8822754330708661
21
0.3108937007874016
0
LINE
8
BLACK
6
CONTINUOUS
10
0.8822754330708661
20
0.3108937007874016
11
0.8817585433070866
21
0.3132700393700787
0
LINE
8
BLACK
6
CONTINUOUS
10
0.8817585433070866
20
0.3132700393700787
11
0.8812577165354331
21
0.3144394488188976
0
LINE
8
BLACK
6
CONTINUOUS
10
0.8812577165354331
20
0.3144394488188976
11
0.8810582677165354
21
0.3149942125984252
0
LINE
8
BLACK
6
CONTINUOUS
10
0.8810582677165354
20
0.3149942125984252
11
0.8806998818897638
21
0.3162150393700787
0
LINE
8
BLACK
6
CONTINUOUS
10
0.8806998818897638
20
0.3162150393700787
11
0.8795853543307086
21
0.318376811023622
0
LINE
8
BLACK
6
CONTINUOUS
10
0.8795853543307086
20
0.318376811023622
11
0.8794353149606299
21
0.3186952362204724
0
LINE
8
BLACK
6
CONTINUOUS
10
0.8794353149606299
20
0.3186952362204724
11
0.8784776771653543
21
0.3209316535433071
0
LINE
8
BLACK
6
CONTINUOUS
10
0.8784776771653543
20
0.3209316535433071
11
0.8777643307086614
21
0.3219854724409449
0
LINE
8
BLACK
6
CONTINUOUS
10
0.8777643307086614
20
0.3219854724409449
11
0.8774633464566929
21
0.322492874015748
0
LINE
8
BLACK
6
CONTINUOUS
10
0.8774633464566929
20
0.322492874015748
11
0.8768807086614173
21
0.3236231102362205
0
LINE
8
BLACK
6
CONTINUOUS
10
0.8768807086614173
20
0.3236231102362205
11
0.8753774803149607
21
0.3255345275590551
0
LINE
8
BLACK
6
CONTINUOUS
10
0.8753774803149607
20
0.3255345275590551
11
0.8751697244094488
21
0.325819094488189
0
LINE
8
BLACK
6
CONTINUOUS
10
0.8751697244094488
20
0.325819094488189
11
0.8738061023622047
21
0.3278338976377952
0
LINE
8
BLACK
6
CONTINUOUS
10
0.8738061023622047
20
0.3278338976377952
11
0.8729061417322834
21
0.3287337795275591
0
LINE
8
BLACK
6
CONTINUOUS
10
0.8729061417322834
20
0.3287337795275591
11
0.8725151181102362
21
0.3291743307086614
0
LINE
8
BLACK
6
CONTINUOUS
10
0.8725151181102362
20
0.3291743307086614
11
0.8717286614173229
21
0.3301744881889764
0
LINE
8
BLACK
6
CONTINUOUS
10
0.8717286614173229
20
0.3301744881889764
11
0.8698908661417323
21
0.3317668897637795
0
LINE
8
BLACK
6
CONTINUOUS
10
0.8698908661417323
20
0.3317668897637795
11
0.8696322834645669
21
0.3320076377952756
0
LINE
8
BLACK
6
CONTINUOUS
10
0.8696322834645669
20
0.3320076377952756
11
0.788952874015748
21
0.4126870866141732
0
LINE
8
BLACK
6
CONTINUOUS
10
0.788952874015748
20
0.4126870866141732
11
0.7876133464566929
21
0.4151402362204724
0
LINE
8
BLACK
6
CONTINUOUS
10
0.7876133464566929
20
0.4151402362204724
11
0.7875
21
0.4161946850393701
0
LINE
8
BLACK
6
CONTINUOUS
10
0.7875
20
0.4161946850393701
11
0.7875
21
0.4255366929133858
0
LINE
8
BLACK
6
CONTINUOUS
10
0.7875
20
0.4255366929133858
11
0.7874999606299212
21
0.4255373622047244
0
LINE
8
BLACK
6
CONTINUOUS
10
0.7874999606299212
20
0.4255373622047244
11
0.7872437007874016
21
0.4279211023622047
0
LINE
8
BLACK
6
CONTINUOUS
10
0.7872437007874016
20
0.4279211023622047
11
0.7872436614173228
21
0.4279211417322835
0
LINE
8
BLACK
6
CONTINUOUS
10
0.7872436614173228
20
0.4279211417322835
11
0.7872436614173228
21
0.4279212992125984
0
LINE
8
BLACK
6
CONTINUOUS
10
0.7872436614173228
20
0.4279212992125984
11
0.7852318503937008
21
0.4333151181102362
0
LINE
8
BLACK
6
CONTINUOUS
10
0.7852318503937008
20
0.4333151181102362
11
0.7845524409448819
21
0.4342226377952756
0
LINE
8
BLACK
6
CONTINUOUS
10
0.7845524409448819
20
0.4342226377952756
11
0.7835756299212598
21
0.4368414960629921
0
LINE
8
BLACK
6
CONTINUOUS
10
0.7835756299212598
20
0.4368414960629921
11
0.7835629921259842
21
0.4371954724409449
0
LINE
8
BLACK
6
CONTINUOUS
10
0.7835629921259842
20
0.4371954724409449
11
0.7835629921259842
21
0.5313976377952756
0
LINE
8
BLACK
6
CONTINUOUS
10
0.7835629921259842
20
0.5313976377952756
11
0.7843504724409449
21
0.5340795669291338
0
LINE
8
BLACK
6
CONTINUOUS
10
0.7843504724409449
20
0.5340795669291338
11
0.7864629133858267
21
0.53591
0
LINE
8
BLACK
6
CONTINUOUS
10
0.7864629133858267
20
0.53591
11
0.788523622047244
21
0.5363582677165354
0
LINE
8
BLACK
6
CONTINUOUS
10
0.788523622047244
20
0.5363582677165354
11
0.822078779527559
21
0.5363582677165354
0
LINE
8
BLACK
6
CONTINUOUS
10
0.822078779527559
20
0.5363582677165354
11
0.8220788582677165
21
0.5363582677165354
0
LINE
8
BLACK
6
CONTINUOUS
10
0.8220788582677165
20
0.5363582677165354
11
0.8220788976377953
21
0.5363582677165354
0
LINE
8
BLACK
6
CONTINUOUS
10
0.8220788976377953
20
0.5363582677165354
11
0.8220796062992126
21
0.5363583070866141
0
LINE
8
BLACK
6
CONTINUOUS
10
0.8220796062992126
20
0.5363583070866141
11
0.8282963779527559
21
0.5369519291338583
0
LINE
8
BLACK
6
CONTINUOUS
10
0.8282963779527559
20
0.5369519291338583
11
0.8282967322834646
21
0.536951968503937
0
LINE
8
BLACK
6
CONTINUOUS
10
0.8282967322834646
20
0.536951968503937
11
0.8282968110236221
21
0.5369520078740158
0
LINE
8
BLACK
6
CONTINUOUS
10
0.8282968110236221
20
0.5369520078740158
11
0.8282968897637795
21
0.5369520078740158
0
LINE
8
BLACK
6
CONTINUOUS
10
0.8282968897637795
20
0.5369520078740158
11
0.828296968503937
21
0.5369520472440945
0
LINE
8
BLACK
6
CONTINUOUS
10
0.828296968503937
20
0.5369520472440945
11
0.8362938582677165
21
0.5393001181102363
0
LINE
8
BLACK
6
CONTINUOUS
10
0.8362938582677165
20
0.5393001181102363
11
0.8437016929133858
21
0.5431191732283465
0
LINE
8
BLACK
6
CONTINUOUS
10
0.8437016929133858
20
0.5431191732283465
11
0.8502533464566929
21
0.5482714173228347
0
LINE
8
BLACK
6
CONTINUOUS
10
0.8502533464566929
20
0.5482714173228347
11
0.855711062992126
21
0.5545699606299213
0
LINE
8
BLACK
6
CONTINUOUS
10
0.855711062992126
20
0.5545699606299213
11
0.8557113779527559
21
0.5545703937007874
0
LINE
8
BLACK
6
CONTINUOUS
10
0.8557113779527559
20
0.5545703937007874
11
0.8598783464566929
21
0.561787874015748
0
LINE
8
BLACK
6
CONTINUOUS
10
0.8598783464566929
20
0.561787874015748
11
0.8598784645669291
21
0.5617881496062992
0
LINE
8
BLACK
6
CONTINUOUS
10
0.8598784645669291
20
0.5617881496062992
11
0.8626044488188976
21
0.5696642913385827
0
LINE
8
BLACK
6
CONTINUOUS
10
0.8626044488188976
20
0.5696642913385827
11
0.8629172834645669
21
0.5718399606299213
0
LINE
8
BLACK
6
CONTINUOUS
10
0.8629172834645669
20
0.5718399606299213
11
0.8637905905511811
21
0.577913937007874
0
LINE
8
BLACK
6
CONTINUOUS
10
0.8637905905511811
20
0.577913937007874
11
0.8633940551181102
21
0.5862387007874016
0
LINE
8
BLACK
6
CONTINUOUS
10
0.8633940551181102
20
0.5862387007874016
11
0.8633940157480314
21
0.5862388582677165
0
LINE
8
BLACK
6
CONTINUOUS
10
0.8633940157480314
20
0.5862388582677165
11
0.8633940157480314
21
0.5862391338582678
0
LINE
8
BLACK
6
CONTINUOUS
10
0.8633940157480314
20
0.5862391338582678
11
0.8614290551181102
21
0.5943387401574803
0
LINE
8
BLACK
6
CONTINUOUS
10
0.8614290551181102
20
0.5943387401574803
11
0.8579667716535433
21
0.6019201181102362
0
LINE
8
BLACK
6
CONTINUOUS
10
0.8579667716535433
20
0.6019201181102362
11
0.8531322440944882
21
0.6087092519685039
0
LINE
8
BLACK
6
CONTINUOUS
10
0.8531322440944882
20
0.6087092519685039
11
0.8471002362204724
21
0.6144607480314961
0
LINE
8
BLACK
6
CONTINUOUS
10
0.8471002362204724
20
0.6144607480314961
11
0.8400887401574803
21
0.6189667716535433
0
LINE
8
BLACK
6
CONTINUOUS
10
0.8400887401574803
20
0.6189667716535433
11
0.8323512204724409
21
0.6220644094488189
0
LINE
8
BLACK
6
CONTINUOUS
10
0.8323512204724409
20
0.6220644094488189
11
0.8241672834645669
21
0.6236417322834645
0
LINE
8
BLACK
6
CONTINUOUS
10
0.8241672834645669
20
0.6236417322834645
11
0.8241671259842519
21
0.6236417322834645
0
LINE
8
BLACK
6
CONTINUOUS
10
0.8241671259842519
20
0.6236417322834645
11
0.788523622047244
21
0.6236417322834645
0
LINE
8
BLACK
6
CONTINUOUS
10
0.788523622047244
20
0.6236417322834645
11
0.7858416929133858
21
0.6244292125984252
0
LINE
8
BLACK
6
CONTINUOUS
10
0.7858416929133858
20
0.6244292125984252
11
0.7840112598425196
21
0.626541653543307
0
LINE
8
BLACK
6
CONTINUOUS
10
0.7840112598425196
20
0.626541653543307
11
0.7835629921259842
21
0.6286023622047244
0
LINE
8
BLACK
6
CONTINUOUS
10
0.7835629921259842
20
0.6286023622047244
11
0.7835629921259842
21
0.7228044488188976
0
LINE
8
BLACK
6
CONTINUOUS
10
0.7835629921259842
20
0.7228044488188976
11
0.7843504724409449
21
0.7254863779527558
0
LINE
8
BLACK
6
CONTINUOUS
10
0.7843504724409449
20
0.7254863779527558
11
0.7845524015748031
21
0.7257772047244094
0
LINE
8
BLACK
6
CONTINUOUS
10
0.7845524015748031
20
0.7257772047244094
11
0.7852317716535433
21
0.7266847637795275
0
LINE
8
BLACK
6
CONTINUOUS
10
0.7852317716535433
20
0.7266847637795275
11
0.7852318503937008
21
0.7266849212598425
0
LINE
8
BLACK
6
CONTINUOUS
10
0.7852318503937008
20
0.7266849212598425
11
0.7872436220472441
21
0.7320785433070865
0
LINE
8
BLACK
6
CONTINUOUS
10
0.7872436220472441
20
0.7320785433070865
11
0.7872437007874016
21
0.7320788582677166
0
LINE
8
BLACK
6
CONTINUOUS
10
0.7872437007874016
20
0.7320788582677166
11
0.7874999606299212
21
0.7344625984251968
0
LINE
8
BLACK
6
CONTINUOUS
10
0.7874999606299212
20
0.7344625984251968
11
0.7875
21
0.7344632677165354
0
LINE
8
BLACK
6
CONTINUOUS
10
0.7875
20
0.7344632677165354
11
0.7875
21
0.7855366929133858
0
LINE
8
BLACK
6
CONTINUOUS
10
0.7875
20
0.7855366929133858
11
0.7874999606299212
21
0.7855373622047244
0
LINE
8
BLACK
6
CONTINUOUS
10
0.7874999606299212
20
0.7855373622047244
11
0.7872437007874016
21
0.7879211023622047
0
LINE
8
BLACK
6
CONTINUOUS
10
0.7872437007874016
20
0.7879211023622047
11
0.7872436614173228
21
0.7879211417322834
0
LINE
8
BLACK
6
CONTINUOUS
10
0.7872436614173228
20
0.7879211417322834
11
0.7872436614173228
21
0.7879212992125985
0
LINE
8
BLACK
6
CONTINUOUS
10
0.7872436614173228
20
0.7879212992125985
11
0.7852318503937008
21
0.7933151181102363
0
LINE
8
BLACK
6
CONTINUOUS
10
0.7852318503937008
20
0.7933151181102363
11
0.7845524409448819
21
0.7942226377952756
0
LINE
8
BLACK
6
CONTINUOUS
10
0.7845524409448819
20
0.7942226377952756
11
0.7835756299212598
21
0.7968414960629921
0
LINE
8
BLACK
6
CONTINUOUS
10
0.7835756299212598
20
0.7968414960629921
11
0.7835629921259842
21
0.7971954724409449
0
LINE
8
BLACK
6
CONTINUOUS
10
0.7835629921259842
20
0.7971954724409449
11
0.7835629921259842
21
0.9028044488188977
0
LINE
8
BLACK
6
CONTINUOUS
10
0.7835629921259842
20
0.9028044488188977
11
0.7843504724409449
21
0.9054863779527559
0
LINE
8
BLACK
6
CONTINUOUS
10
0.7843504724409449
20
0.9054863779527559
11
0.7845524015748031
21
0.9057772047244095
0
LINE
8
BLACK
6
CONTINUOUS
10
0.7845524015748031
20
0.9057772047244095
11
0.7852317716535433
21
0.9066847637795276
0
LINE
8
BLACK
6
CONTINUOUS
10
0.7852317716535433
20
0.9066847637795276
11
0.7852318503937008
21
0.9066849212598425
0
LINE
8
BLACK
6
CONTINUOUS
10
0.7852318503937008
20
0.9066849212598425
11
0.7872436220472441
21
0.9120785433070866
0
LINE
8
BLACK
6
CONTINUOUS
10
0.7872436220472441
20
0.9120785433070866
11
0.7872437007874016
21
0.9120788582677165
0
LINE
8
BLACK
6
CONTINUOUS
10
0.7872437007874016
20
0.9120788582677165
11
0.7874999606299212
21
0.9144625984251968
0
LINE
8
BLACK
6
CONTINUOUS
10
0.7874999606299212
20
0.9144625984251968
11
0.7875
21
0.9144632677165354
0
LINE
8
BLACK
6
CONTINUOUS
10
0.7875
20
0.9144632677165354
11
0.7875
21
0.9655366929133858
0
LINE
8
BLACK
6
CONTINUOUS
10
0.7875
20
0.9655366929133858
11
0.7874999606299212
21
0.9655373622047244
0
LINE
8
BLACK
6
CONTINUOUS
10
0.7874999606299212
20
0.9655373622047244
11
0.7872437007874016
21
0.9679211023622047
0
LINE
8
BLACK
6
CONTINUOUS
10
0.7872437007874016
20
0.9679211023622047
11
0.7872436614173228
21
0.9679211417322835
0
LINE
8
BLACK
6
CONTINUOUS
10
0.7872436614173228
20
0.9679211417322835
11
0.7872436614173228
21
0.9679212992125984
0
LINE
8
BLACK
6
CONTINUOUS
10
0.7872436614173228
20
0.9679212992125984
11
0.7852318503937008
21
0.9733151181102362
0
LINE
8
BLACK
6
CONTINUOUS
10
0.7852318503937008
20
0.9733151181102362
11
0.7845524409448819
21
0.9742226377952755
0
LINE
8
BLACK
6
CONTINUOUS
10
0.7845524409448819
20
0.9742226377952755
11
0.7835756299212598
21
0.9768414960629921
0
LINE
8
BLACK
6
CONTINUOUS
10
0.7835756299212598
20
0.9768414960629921
11
0.7835629921259842
21
0.9771954724409448
0
LINE
8
BLACK
6
CONTINUOUS
10
0.7835629921259842
20
0.9771954724409448
11
0.7835629921259842
21
1.0828044488188977
0
LINE
8
BLACK
6
CONTINUOUS
10
0.7835629921259842
20
1.0828044488188977
11
0.7843504724409449
21
1.0854863779527559
0
LINE
8
BLACK
6
CONTINUOUS
10
0.7843504724409449
20
1.0854863779527559
11
0.7845524015748031
21
1.0857772047244094
0
LINE
8
BLACK
6
CONTINUOUS
10
0.7845524015748031
20
1.0857772047244094
11
0.7852317716535433
21
1.0866847637795276
0
LINE
8
BLACK
6
CONTINUOUS
10
0.7852317716535433
20
1.0866847637795276
11
0.7852318503937008
21
1.0866849212598424
0
LINE
8
BLACK
6
CONTINUOUS
10
0.7852318503937008
20
1.0866849212598424
11
0.7872436220472441
21
1.0920785433070865
0
LINE
8
BLACK
6
CONTINUOUS
10
0.7872436220472441
20
1.0920785433070865
11
0.7872437007874016
21
1.0920788582677166
0
LINE
8
BLACK
6
CONTINUOUS
10
0.7872437007874016
20
1.0920788582677166
11
0.7874999606299212
21
1.0944625984251968
0
LINE
8
BLACK
6
CONTINUOUS
10
0.7874999606299212
20
1.0944625984251968
11
0.7875
21
1.0944632677165353
0
LINE
8
BLACK
6
CONTINUOUS
10
0.7875
20
1.0944632677165353
11
0.7875
21
1.1455366929133859
0
LINE
8
BLACK
6
CONTINUOUS
10
0.7875
20
1.1455366929133859
11
0.7874999606299212
21
1.1455373622047245
0
LINE
8
BLACK
6
CONTINUOUS
10
0.7874999606299212
20
1.1455373622047245
11
0.7872437007874016
21
1.1479211023622047
0
LINE
8
BLACK
6
CONTINUOUS
10
0.7872437007874016
20
1.1479211023622047
11
0.7872436220472441
21
1.1479214173228347
0
LINE
8
BLACK
6
CONTINUOUS
10
0.7872436220472441
20
1.1479214173228347
11
0.7869669291338582
21
1.1486631889763779
0
LINE
8
BLACK
6
CONTINUOUS
10
0.7869669291338582
20
1.1486631889763779
11
0.7852318503937008
21
1.1533151181102361
0
LINE
8
BLACK
6
CONTINUOUS
10
0.7852318503937008
20
1.1533151181102361
11
0.7817819291338582
21
1.1579236614173227
0
LINE
8
BLACK
6
CONTINUOUS
10
0.7817819291338582
20
1.1579236614173227
11
0.7772917716535432
21
1.1612849606299211
0
LINE
8
BLACK
6
CONTINUOUS
10
0.7772917716535432
20
1.1612849606299211
11
0.7771735039370079
21
1.1613735039370079
0
LINE
8
BLACK
6
CONTINUOUS
10
0.7771735039370079
20
1.1613735039370079
11
0.7771734645669292
21
1.1613735039370079
0
LINE
8
BLACK
6
CONTINUOUS
10
0.7771734645669292
20
1.1613735039370079
11
0.7771733858267716
21
1.1613735826771654
0
LINE
8
BLACK
6
CONTINUOUS
10
0.7771733858267716
20
1.1613735826771654
11
0.7717795669291339
21
1.1633853937007874
0
LINE
8
BLACK
6
CONTINUOUS
10
0.7717795669291339
20
1.1633853937007874
11
0.7717794881889763
21
1.1633853937007874
0
LINE
8
BLACK
6
CONTINUOUS
10
0.7717794881889763
20
1.1633853937007874
11
0.7717793700787401
21
1.1633854330708662
0
LINE
8
BLACK
6
CONTINUOUS
10
0.7717793700787401
20
1.1633854330708662
11
0.7693956299212599
21
1.1636416929133857
0
LINE
8
BLACK
6
CONTINUOUS
10
0.7693956299212599
20
1.1636416929133857
11
0.7693954724409449
21
1.1636416929133857
0
LINE
8
BLACK
6
CONTINUOUS
10
0.7693954724409449
20
1.1636416929133857
11
0.7693951968503937
21
1.1636417322834645
0
LINE
8
BLACK
6
CONTINUOUS
10
0.7693951968503937
20
1.1636417322834645
11
0.7693949606299212
21
1.1636417322834645
0
LINE
8
BLACK
6
CONTINUOUS
10
0.7693949606299212
20
1.1636417322834645
11
0.7433972834645669
21
1.1636417322834645
0
LINE
8
BLACK
6
CONTINUOUS
10
0.7433972834645669
20
1.1636417322834645
11
0.7426912992125984
21
1.1636922047244094
0
LINE
8
BLACK
6
CONTINUOUS
10
0.7426912992125984
20
1.1636922047244094
11
0.7420072440944881
21
1.1637905905511812
0
LINE
8
BLACK
6
CONTINUOUS
10
0.7420072440944881
20
1.1637905905511812
11
0.7390004330708662
21
1.1636473228346456
0
LINE
8
BLACK
6
CONTINUOUS
10
0.7390004330708662
20
1.1636473228346456
11
0.7387644881889763
21
1.1636417322834645
0
LINE
8
BLACK
6
CONTINUOUS
10
0.7387644881889763
20
1.1636417322834645
11
0.7108556299212598
21
1.1636417322834645
0
LINE
8
BLACK
6
CONTINUOUS
10
0.7108556299212598
20
1.1636417322834645
11
0.7081737007874016
21
1.1644292125984252
0
LINE
8
BLACK
6
CONTINUOUS
10
0.7081737007874016
20
1.1644292125984252
11
0.7063432677165354
21
1.1665416535433071
0
LINE
8
BLACK
6
CONTINUOUS
10
0.7063432677165354
20
1.1665416535433071
11
0.7062081496062992
21
1.1668677559055118
0
LINE
8
BLACK
6
CONTINUOUS
10
0.7062081496062992
20
1.1668677559055118
11
0.7053893307086614
21
1.1690631496062991
0
LINE
8
BLACK
6
CONTINUOUS
10
0.7053893307086614
20
1.1690631496062991
11
0.7019394094488188
21
1.1736716929133859
0
LINE
8
BLACK
6
CONTINUOUS
10
0.7019394094488188
20
1.1736716929133859
11
0.6973308661417322
21
1.1771216141732284
0
LINE
8
BLACK
6
CONTINUOUS
10
0.6973308661417322
20
1.1771216141732284
11
0.6919370472440944
21
1.1791334251968504
0
LINE
8
BLACK
6
CONTINUOUS
10
0.6919370472440944
20
1.1791334251968504
11
0.691936968503937
21
1.1791334251968504
0
LINE
8
BLACK
6
CONTINUOUS
10
0.691936968503937
20
1.1791334251968504
11
0.6919368503937008
21
1.1791334645669291
0
LINE
8
BLACK
6
CONTINUOUS
10
0.6919368503937008
20
1.1791334645669291
11
0.6895531102362205
21
1.1793897244094489
0
LINE
8
BLACK
6
CONTINUOUS
10
0.6895531102362205
20
1.1793897244094489
11
0.6895529527559054
21
1.1793897244094489
0
LINE
8
BLACK
6
CONTINUOUS
10
0.6895529527559054
20
1.1793897244094489
11
0.6895526771653543
21
1.1793897637795274
0
LINE
8
BLACK
6
CONTINUOUS
10
0.6895526771653543
20
1.1793897637795274
11
0.6306048031496063
21
1.1793897637795274
0
LINE
8
BLACK
6
CONTINUOUS
10
0.6306048031496063
20
1.1793897637795274
11
0.6306045275590551
21
1.1793897244094489
0
LINE
8
BLACK
6
CONTINUOUS
10
0.6306045275590551
20
1.1793897244094489
11
0.6306043307086614
21
1.1793897244094489
0
LINE
8
BLACK
6
CONTINUOUS
10
0.6306043307086614
20
1.1793897244094489
11
0.6282205905511811
21
1.1791334645669291
0
LINE
8
BLACK
6
CONTINUOUS
10
0.6282205905511811
20
1.1791334645669291
11
0.6282202755905512
21
1.1791333858267716
0
LINE
8
BLACK
6
CONTINUOUS
10
0.6282202755905512
20
1.1791333858267716
11
0.6251525590551181
21
1.1779891338582678
0
LINE
8
BLACK
6
CONTINUOUS
10
0.6251525590551181
20
1.1779891338582678
11
0.6228266141732284
21
1.1771216141732284
0
LINE
8
BLACK
6
CONTINUOUS
10
0.6228266141732284
20
1.1771216141732284
11
0.6228265354330709
21
1.1771215748031496
0
LINE
8
BLACK
6
CONTINUOUS
10
0.6228265354330709
20
1.1771215748031496
11
0.6228264566929134
21
1.1771215354330709
0
LINE
8
BLACK
6
CONTINUOUS
10
0.6228264566929134
20
1.1771215354330709
11
0.618218031496063
21
1.1736716929133859
0
LINE
8
BLACK
6
CONTINUOUS
10
0.618218031496063
20
1.1736716929133859
11
0.614768188976378
21
1.1690632677165353
0
LINE
8
BLACK
6
CONTINUOUS
10
0.614768188976378
20
1.1690632677165353
11
0.6147681102362205
21
1.1690630708661418
0
LINE
8
BLACK
6
CONTINUOUS
10
0.6147681102362205
20
1.1690630708661418
11
0.6127563385826772
21
1.1636694488188977
0
LINE
8
BLACK
6
CONTINUOUS
10
0.6127563385826772
20
1.1636694488188977
11
0.6127562598425197
21
1.1636691338582676
0
LINE
8
BLACK
6
CONTINUOUS
10
0.6127562598425197
20
1.1636691338582676
11
0.6124999999999999
21
1.1612853937007874
0
LINE
8
BLACK
6
CONTINUOUS
10
0.6124999999999999
20
1.1612853937007874
11
0.6124999999999999
21
1.0787145669291338
0
LINE
8
BLACK
6
CONTINUOUS
10
0.6124999999999999
20
1.0787145669291338
11
0.6127562598425197
21
1.0763308267716536
0
LINE
8
BLACK
6
CONTINUOUS
10
0.6127562598425197
20
1.0763308267716536
11
0.6127563385826772
21
1.0763305118110236
0
LINE
8
BLACK
6
CONTINUOUS
10
0.6127563385826772
20
1.0763305118110236
11
0.6147681102362205
21
1.0709368897637794
0
LINE
8
BLACK
6
CONTINUOUS
10
0.6147681102362205
20
1.0709368897637794
11
0.614768188976378
21
1.0709367322834646
0
LINE
8
BLACK
6
CONTINUOUS
10
0.614768188976378
20
1.0709367322834646
11
0.6154475984251968
21
1.0700291732283465
0
LINE
8
BLACK
6
CONTINUOUS
10
0.6154475984251968
20
1.0700291732283465
11
0.6164243700787402
21
1.0674102755905512
0
LINE
8
BLACK
6
CONTINUOUS
10
0.6164243700787402
20
1.0674102755905512
11
0.6164370078740158
21
1.0670564173228345
0
LINE
8
BLACK
6
CONTINUOUS
10
0.6164370078740158
20
1.0670564173228345
11
0.6164370078740158
21
0.9929435039370078
0
LINE
8
BLACK
6
CONTINUOUS
10
0.6164370078740158
20
0.9929435039370078
11
0.6156495275590551
21
0.9902615748031496
0
LINE
8
BLACK
6
CONTINUOUS
10
0.6156495275590551
20
0.9902615748031496
11
0.6154478346456693
21
0.9899711023622046
0
LINE
8
BLACK
6
CONTINUOUS
10
0.6154478346456693
20
0.9899711023622046
11
0.6147681496062992
21
0.9890631496062992
0
LINE
8
BLACK
6
CONTINUOUS
10
0.6147681496062992
20
0.9890631496062992
11
0.6127562598425197
21
0.9836691338582677
0
LINE
8
BLACK
6
CONTINUOUS
10
0.6127562598425197
20
0.9836691338582677
11
0.6124999999999999
21
0.9812853937007874
0
LINE
8
BLACK
6
CONTINUOUS
10
0.6124999999999999
20
0.9812853937007874
11
0.6124999999999999
21
0.8987145669291339
0
LINE
8
BLACK
6
CONTINUOUS
10
0.6124999999999999
20
0.8987145669291339
11
0.6127562598425197
21
0.8963308267716535
0
LINE
8
BLACK
6
CONTINUOUS
10
0.6127562598425197
20
0.8963308267716535
11
0.6127563385826772
21
0.8963305118110236
0
LINE
8
BLACK
6
CONTINUOUS
10
0.6127563385826772
20
0.8963305118110236
11
0.6147681102362205
21
0.8909368897637795
0
LINE
8
BLACK
6
CONTINUOUS
10
0.6147681102362205
20
0.8909368897637795
11
0.614768188976378
21
0.8909367322834646
0
LINE
8
BLACK
6
CONTINUOUS
10
0.614768188976378
20
0.8909367322834646
11
0.6154475984251968
21
0.8900291732283464
0
LINE
8
BLACK
6
CONTINUOUS
10
0.6154475984251968
20
0.8900291732283464
11
0.6164243700787402
21
0.8874102755905512
0
LINE
8
BLACK
6
CONTINUOUS
10
0.6164243700787402
20
0.8874102755905512
11
0.6164370078740158
21
0.8870564173228346
0
LINE
8
BLACK
6
CONTINUOUS
10
0.6164370078740158
20
0.8870564173228346
11
0.6164370078740158
21
0.8129435039370079
0
LINE
8
BLACK
6
CONTINUOUS
10
0.6164370078740158
20
0.8129435039370079
11
0.6156495275590551
21
0.8102615748031496
0
LINE
8
BLACK
6
CONTINUOUS
10
0.6156495275590551
20
0.8102615748031496
11
0.6154478346456693
21
0.8099711023622047
0
LINE
8
BLACK
6
CONTINUOUS
10
0.6154478346456693
20
0.8099711023622047
11
0.6147681496062992
21
0.8090631496062992
0
LINE
8
BLACK
6
CONTINUOUS
10
0.6147681496062992
20
0.8090631496062992
11
0.6127562598425197
21
0.8036691338582677
0
LINE
8
BLACK
6
CONTINUOUS
10
0.6127562598425197
20
0.8036691338582677
11
0.6124999999999999
21
0.8012853937007873
0
LINE
8
BLACK
6
CONTINUOUS
10
0.6124999999999999
20
0.8012853937007873
11
0.6124999999999999
21
0.7187145669291338
0
LINE
8
BLACK
6
CONTINUOUS
10
0.6124999999999999
20
0.7187145669291338
11
0.6127562598425197
21
0.7163308267716535
0
LINE
8
BLACK
6
CONTINUOUS
10
0.6127562598425197
20
0.7163308267716535
11
0.6127563385826772
21
0.7163305118110236
0
LINE
8
BLACK
6
CONTINUOUS
10
0.6127563385826772
20
0.7163305118110236
11
0.6147681102362205
21
0.7109368897637796
0
LINE
8
BLACK
6
CONTINUOUS
10
0.6147681102362205
20
0.7109368897637796
11
0.614768188976378
21
0.7109367322834645
0
LINE
8
BLACK
6
CONTINUOUS
10
0.614768188976378
20
0.7109367322834645
11
0.6154475984251968
21
0.7100291732283465
0
LINE
8
BLACK
6
CONTINUOUS
10
0.6154475984251968
20
0.7100291732283465
11
0.6164243700787402
21
0.7074102755905511
0
LINE
8
BLACK
6
CONTINUOUS
10
0.6164243700787402
20
0.7074102755905511
11
0.6164370078740158
21
0.7070564173228346
0
LINE
8
BLACK
6
CONTINUOUS
10
0.6164370078740158
20
0.7070564173228346
11
0.6164370078740158
21
0.6329435039370078
0
LINE
8
BLACK
6
CONTINUOUS
10
0.6164370078740158
20
0.6329435039370078
11
0.6156495275590551
21
0.6302615748031496
0
LINE
8
BLACK
6
CONTINUOUS
10
0.6156495275590551
20
0.6302615748031496
11
0.6154478346456693
21
0.6299711023622047
0
LINE
8
BLACK
6
CONTINUOUS
10
0.6154478346456693
20
0.6299711023622047
11
0.6147681496062992
21
0.6290631496062992
0
LINE
8
BLACK
6
CONTINUOUS
10
0.6147681496062992
20
0.6290631496062992
11
0.6127562598425197
21
0.6236691338582677
0
LINE
8
BLACK
6
CONTINUOUS
10
0.6127562598425197
20
0.6236691338582677
11
0.6124999999999999
21
0.6212853937007874
0
LINE
8
BLACK
6
CONTINUOUS
10
0.6124999999999999
20
0.6212853937007874
11
0.6124999999999999
21
0.5387145669291339
0
LINE
8
BLACK
6
CONTINUOUS
10
0.6124999999999999
20
0.5387145669291339
11
0.6127562598425197
21
0.5363308267716536
0
LINE
8
BLACK
6
CONTINUOUS
10
0.6127562598425197
20
0.5363308267716536
11
0.6127563385826772
21
0.5363305118110236
0
LINE
8
BLACK
6
CONTINUOUS
10
0.6127563385826772
20
0.5363305118110236
11
0.6147681102362205
21
0.5309368897637795
0
LINE
8
BLACK
6
CONTINUOUS
10
0.6147681102362205
20
0.5309368897637795
11
0.614768188976378
21
0.5309367322834646
0
LINE
8
BLACK
6
CONTINUOUS
10
0.614768188976378
20
0.5309367322834646
11
0.6154475984251968
21
0.5300291732283464
0
LINE
8
BLACK
6
CONTINUOUS
10
0.6154475984251968
20
0.5300291732283464
11
0.6164243700787402
21
0.5274102755905512
0
LINE
8
BLACK
6
CONTINUOUS
10
0.6164243700787402
20
0.5274102755905512
11
0.6164370078740158
21
0.5270564173228346
0
LINE
8
BLACK
6
CONTINUOUS
10
0.6164370078740158
20
0.5270564173228346
11
0.6164370078740158
21
0.4529435039370079
0
LINE
8
BLACK
6
CONTINUOUS
10
0.6164370078740158
20
0.4529435039370079
11
0.6156495275590551
21
0.4502615748031496
0
LINE
8
BLACK
6
CONTINUOUS
10
0.6156495275590551
20
0.4502615748031496
11
0.6154478346456693
21
0.4499711023622047
0
LINE
8
BLACK
6
CONTINUOUS
10
0.6154478346456693
20
0.4499711023622047
11
0.615159842519685
21
0.4495863779527559
0
LINE
8
BLACK
6
CONTINUOUS
10
0.615159842519685
20
0.4495863779527559
11
0.6147681496062992
21
0.4490631496062992
0
LINE
8
BLACK
6
CONTINUOUS
10
0.6147681496062992
20
0.4490631496062992
11
0.6127562598425197
21
0.4436691338582677
0
LINE
8
BLACK
6
CONTINUOUS
10
0.6127562598425197
20
0.4436691338582677
11
0.6124999999999999
21
0.4412853937007874
0
LINE
8
BLACK
6
CONTINUOUS
10
0.6124999999999999
20
0.4412853937007874
11
0.6124999999999999
21
0.3587145669291338
0
LINE
8
BLACK
6
CONTINUOUS
10
0.6124999999999999
20
0.3587145669291338
11
0.6127562598425197
21
0.3563308267716535
0
LINE
8
BLACK
6
CONTINUOUS
10
0.6127562598425197
20
0.3563308267716535
11
0.6127563385826772
21
0.3563305118110236
0
LINE
8
BLACK
6
CONTINUOUS
10
0.6127563385826772
20
0.3563305118110236
11
0.6147681102362205
21
0.3509368897637795
0
LINE
8
BLACK
6
CONTINUOUS
10
0.6147681102362205
20
0.3509368897637795
11
0.614768188976378
21
0.3509367322834646
0
LINE
8
BLACK
6
CONTINUOUS
10
0.614768188976378
20
0.3509367322834646
11
0.6154475984251968
21
0.3500291732283464
0
LINE
8
BLACK
6
CONTINUOUS
10
0.6154475984251968
20
0.3500291732283464
11
0.6164243700787402
21
0.3474102755905512
0
LINE
8
BLACK
6
CONTINUOUS
10
0.6164243700787402
20
0.3474102755905512
11
0.6164370078740158
21
0.3470564173228347
0
LINE
8
BLACK
6
CONTINUOUS
10
0.6164370078740158
20
0.3470564173228347
11
0.6164370078740158
21
0.2529435039370079
0
LINE
8
BLACK
6
CONTINUOUS
10
0.6164370078740158
20
0.2529435039370079
11
0.6156495275590551
21
0.2502615748031496
0
LINE
8
BLACK
6
CONTINUOUS
10
0.6156495275590551
20
0.2502615748031496
11
0.6154478346456693
21
0.2499711023622047
0
LINE
8
BLACK
6
CONTINUOUS
10
0.6154478346456693
20
0.2499711023622047
11
0.6147681496062992
21
0.2490631496062992
0
LINE
8
BLACK
6
CONTINUOUS
10
0.6147681496062992
20
0.2490631496062992
11
0.6127562598425197
21
0.2436691338582677
0
LINE
8
BLACK
6
CONTINUOUS
10
0.6127562598425197
20
0.2436691338582677
11
0.6124999999999999
21
0.2412853937007874
0
LINE
8
BLACK
6
CONTINUOUS
10
0.6124999999999999
20
0.2412853937007874
11
0.6124999999999999
21
0.1686023622047244
0
LINE
8
BLACK
6
CONTINUOUS
10
0.6124999999999999
20
0.1686023622047244
11
0.6117125196850394
21
0.1659204330708661
0
LINE
8
BLACK
6
CONTINUOUS
10
0.6117125196850394
20
0.1659204330708661
11
0.6096000787401574
21
0.16409
0
LINE
8
BLACK
6
CONTINUOUS
10
0.6096000787401574
20
0.16409
11
0.6075393700787401
21
0.1636417322834646
0
LINE
8
BLACK
6
CONTINUOUS
10
0.6075393700787401
20
0.1636417322834646
11
0.5239899606299212
21
0.1636417322834646
0
LINE
8
BLACK
6
CONTINUOUS
10
0.5239899606299212
20
0.1636417322834646
11
0.521308031496063
21
0.1644292125984252
0
LINE
8
BLACK
6
CONTINUOUS
10
0.521308031496063
20
0.1644292125984252
11
0.5204822834645669
21
0.1650946850393701
0
LINE
8
BLACK
6
CONTINUOUS
10
0.5204822834645669
20
0.1650946850393701
11
0.4689529527559055
21
0.2166240157480315
0
LINE
8
BLACK
6
CONTINUOUS
10
0.4689529527559055
20
0.2166240157480315
11
0.4677302755905512
21
0.2188630708661417
0
LINE
8
BLACK
6
CONTINUOUS
10
0.4677302755905512
20
0.2188630708661417
11
0.4632966929133858
21
0.2232966929133858
0
LINE
8
BLACK
6
CONTINUOUS
10
0.4632966929133858
20
0.2232966929133858
11
0.459542716535433
21
0.2281889763779527
0
LINE
8
BLACK
6
CONTINUOUS
10
0.459542716535433
20
0.2281889763779527
11
0.457182874015748
21
0.2338861811023622
0
LINE
8
BLACK
6
CONTINUOUS
10
0.457182874015748
20
0.2338861811023622
11
0.4563779527559055
21
0.24
0
LINE
8
BLACK
6
CONTINUOUS
10
0.4563779527559055
20
0.24
11
0.457182874015748
21
0.2461138188976378
0
LINE
8
BLACK
6
CONTINUOUS
10
0.457182874015748
20
0.2461138188976378
11
0.459542716535433
21
0.2518110236220472
0
LINE
8
BLACK
6
CONTINUOUS
10
0.459542716535433
20
0.2518110236220472
11
0.4632966929133858
21
0.2567033070866142
0
LINE
8
BLACK
6
CONTINUOUS
10
0.4632966929133858
20
0.2567033070866142
11
0.4635629921259842
21
0.2569076377952756
0
LINE
8
BLACK
6
CONTINUOUS
10
0.4635629921259842
20
0.2569076377952756
11
0.4635629921259842
21
0.3628044488188976
0
LINE
8
BLACK
6
CONTINUOUS
10
0.4635629921259842
20
0.3628044488188976
11
0.4643504724409449
21
0.3654863779527559
0
LINE
8
BLACK
6
CONTINUOUS
10
0.4643504724409449
20
0.3654863779527559
11
0.4645524015748032
21
0.3657772047244094
0
LINE
8
BLACK
6
CONTINUOUS
10
0.4645524015748032
20
0.3657772047244094
11
0.4652317716535433
21
0.3666847637795276
0
LINE
8
BLACK
6
CONTINUOUS
10
0.4652317716535433
20
0.3666847637795276
11
0.4652318503937008
21
0.3666849212598425
0
LINE
8
BLACK
6
CONTINUOUS
10
0.4652318503937008
20
0.3666849212598425
11
0.4654304724409449
21
0.3672173622047244
0
LINE
8
BLACK
6
CONTINUOUS
10
0.4654304724409449
20
0.3672173622047244
11
0.4669497637795276
21
0.371290748031496
0
LINE
8
BLACK
6
CONTINUOUS
10
0.4669497637795276
20
0.371290748031496
11
0.4672436220472441
21
0.3720785433070866
0
LINE
8
BLACK
6
CONTINUOUS
10
0.4672436220472441
20
0.3720785433070866
11
0.4672437007874016
21
0.3720788582677165
0
LINE
8
BLACK
6
CONTINUOUS
10
0.4672437007874016
20
0.3720788582677165
11
0.4674999606299213
21
0.3744625984251969
0
LINE
8
BLACK
6
CONTINUOUS
10
0.4674999606299213
20
0.3744625984251969
11
0.4675
21
0.3744632677165354
0
LINE
8
BLACK
6
CONTINUOUS
10
0.4675
20
0.3744632677165354
11
0.4675
21
0.4255366929133858
0
LINE
8
BLACK
6
CONTINUOUS
10
0.4675
20
0.4255366929133858
11
0.4674999606299213
21
0.4255373622047244
0
LINE
8
BLACK
6
CONTINUOUS
10
0.4674999606299213
20
0.4255373622047244
11
0.4672437007874016
21
0.4279211023622047
0
LINE
8
BLACK
6
CONTINUOUS
10
0.4672437007874016
20
0.4279211023622047
11
0.4672436614173228
21
0.4279211417322835
0
LINE
8
BLACK
6
CONTINUOUS
10
0.4672436614173228
20
0.4279211417322835
11
0.4672436614173228
21
0.4279212992125984
0
LINE
8
BLACK
6
CONTINUOUS
10
0.4672436614173228
20
0.4279212992125984
11
0.4652318503937008
21
0.4333151181102362
0
LINE
8
BLACK
6
CONTINUOUS
10
0.4652318503937008
20
0.4333151181102362
11
0.4645524409448819
21
0.4342226377952756
0
LINE
8
BLACK
6
CONTINUOUS
10
0.4645524409448819
20
0.4342226377952756
11
0.4635756299212598
21
0.4368414960629921
0
LINE
8
BLACK
6
CONTINUOUS
10
0.4635756299212598
20
0.4368414960629921
11
0.4635629921259842
21
0.4371954724409449
0
LINE
8
BLACK
6
CONTINUOUS
10
0.4635629921259842
20
0.4371954724409449
11
0.4635629921259842
21
0.5428044488188977
0
LINE
8
BLACK
6
CONTINUOUS
10
0.4635629921259842
20
0.5428044488188977
11
0.4643504724409449
21
0.5454863779527559
0
LINE
8
BLACK
6
CONTINUOUS
10
0.4643504724409449
20
0.5454863779527559
11
0.4645524015748032
21
0.5457772047244094
0
LINE
8
BLACK
6
CONTINUOUS
10
0.4645524015748032
20
0.5457772047244094
11
0.4652317716535433
21
0.5466847637795276
0
LINE
8
BLACK
6
CONTINUOUS
10
0.4652317716535433
20
0.5466847637795276
11
0.4652318503937008
21
0.5466849212598425
0
LINE
8
BLACK
6
CONTINUOUS
10
0.4652318503937008
20
0.5466849212598425
11
0.4658236220472441
21
0.5482714173228347
0
LINE
8
BLACK
6
CONTINUOUS
10
0.4658236220472441
20
0.5482714173228347
11
0.4669497637795276
21
0.551290748031496
0
LINE
8
BLACK
6
CONTINUOUS
10
0.4669497637795276
20
0.551290748031496
11
0.4672436220472441
21
0.5520785433070866
0
LINE
8
BLACK
6
CONTINUOUS
10
0.4672436220472441
20
0.5520785433070866
11
0.4672437007874016
21
0.5520788582677165
0
LINE
8
BLACK
6
CONTINUOUS
10
0.4672437007874016
20
0.5520788582677165
11
0.4674999606299213
21
0.5544625984251969
0
LINE
8
BLACK
6
CONTINUOUS
10
0.4674999606299213
20
0.5544625984251969
11
0.4675
21
0.5544632677165354
0
LINE
8
BLACK
6
CONTINUOUS
10
0.4675
20
0.5544632677165354
11
0.4675
21
0.6055366929133859
0
LINE
8
BLACK
6
CONTINUOUS
10
0.4675
20
0.6055366929133859
11
0.4674999606299213
21
0.6055373622047244
0
LINE
8
BLACK
6
CONTINUOUS
10
0.4674999606299213
20
0.6055373622047244
11
0.4672437007874016
21
0.6079211023622048
0
LINE
8
BLACK
6
CONTINUOUS
10
0.4672437007874016
20
0.6079211023622048
11
0.4672436614173228
21
0.6079211417322834
0
LINE
8
BLACK
6
CONTINUOUS
10
0.4672436614173228
20
0.6079211417322834
11
0.4672436614173228
21
0.6079212992125984
0
LINE
8
BLACK
6
CONTINUOUS
10
0.4672436614173228
20
0.6079212992125984
11
0.4652318503937008
21
0.6133151181102362
0
LINE
8
BLACK
6
CONTINUOUS
10
0.4652318503937008
20
0.6133151181102362
11
0.4645524409448819
21
0.6142226377952755
0
LINE
8
BLACK
6
CONTINUOUS
10
0.4645524409448819
20
0.6142226377952755
11
0.4635756299212598
21
0.6168414960629921
0
LINE
8
BLACK
6
CONTINUOUS
10
0.4635756299212598
20
0.6168414960629921
11
0.4635629921259842
21
0.6171954724409449
0
LINE
8
BLACK
6
CONTINUOUS
10
0.4635629921259842
20
0.6171954724409449
11
0.4635629921259842
21
0.7228044488188976
0
LINE
8
BLACK
6
CONTINUOUS
10
0.4635629921259842
20
0.7228044488188976
11
0.4643504724409449
21
0.7254863779527558
0
LINE
8
BLACK
6
CONTINUOUS
10
0.4643504724409449
20
0.7254863779527558
11
0.4645524015748032
21
0.7257772047244094
0
LINE
8
BLACK
6
CONTINUOUS
10
0.4645524015748032
20
0.7257772047244094
11
0.4652317716535433
21
0.7266847637795275
0
LINE
8
BLACK
6
CONTINUOUS
10
0.4652317716535433
20
0.7266847637795275
11
0.4652318503937008
21
0.7266849212598425
0
LINE
8
BLACK
6
CONTINUOUS
10
0.4652318503937008
20
0.7266849212598425
11
0.4672436220472441
21
0.7320785433070865
0
LINE
8
BLACK
6
CONTINUOUS
10
0.4672436220472441
20
0.7320785433070865
11
0.4672437007874016
21
0.7320788582677166
0
LINE
8
BLACK
6
CONTINUOUS
10
0.4672437007874016
20
0.7320788582677166
11
0.4674999606299213
21
0.7344625984251968
0
LINE
8
BLACK
6
CONTINUOUS
10
0.4674999606299213
20
0.7344625984251968
11
0.4675
21
0.7344632677165354
0
LINE
8
BLACK
6
CONTINUOUS
10
0.4675
20
0.7344632677165354
11
0.4675
21
0.7855366929133858
0
LINE
8
BLACK
6
CONTINUOUS
10
0.4675
20
0.7855366929133858
11
0.4674999606299213
21
0.7855373622047244
0
LINE
8
BLACK
6
CONTINUOUS
10
0.4674999606299213
20
0.7855373622047244
11
0.4672437007874016
21
0.7879211023622047
0
LINE
8
BLACK
6
CONTINUOUS
10
0.4672437007874016
20
0.7879211023622047
11
0.4672436614173228
21
0.7879211417322834
0
LINE
8
BLACK
6
CONTINUOUS
10
0.4672436614173228
20
0.7879211417322834
11
0.4672436614173228
21
0.7879212992125985
0
LINE
8
BLACK
6
CONTINUOUS
10
0.4672436614173228
20
0.7879212992125985
11
0.4652318503937008
21
0.7933151181102363
0
LINE
8
BLACK
6
CONTINUOUS
10
0.4652318503937008
20
0.7933151181102363
11
0.4645524409448819
21
0.7942226377952756
0
LINE
8
BLACK
6
CONTINUOUS
10
0.4645524409448819
20
0.7942226377952756
11
0.4635756299212598
21
0.7968414960629921
0
LINE
8
BLACK
6
CONTINUOUS
10
0.4635756299212598
20
0.7968414960629921
11
0.4635629921259842
21
0.7971954724409449
0
LINE
8
BLACK
6
CONTINUOUS
10
0.4635629921259842
20
0.7971954724409449
11
0.4635629921259842
21
0.9028044488188977
0
LINE
8
BLACK
6
CONTINUOUS
10
0.4635629921259842
20
0.9028044488188977
11
0.4643504724409449
21
0.9054863779527559
0
LINE
8
BLACK
6
CONTINUOUS
10
0.4643504724409449
20
0.9054863779527559
11
0.4645524015748032
21
0.9057772047244095
0
LINE
8
BLACK
6
CONTINUOUS
10
0.4645524015748032
20
0.9057772047244095
11
0.4652317716535433
21
0.9066847637795276
0
LINE
8
BLACK
6
CONTINUOUS
10
0.4652317716535433
20
0.9066847637795276
11
0.4652318503937008
21
0.9066849212598425
0
LINE
8
BLACK
6
CONTINUOUS
10
0.4652318503937008
20
0.9066849212598425
11
0.4672436220472441
21
0.9120785433070866
0
LINE
8
BLACK
6
CONTINUOUS
10
0.4672436220472441
20
0.9120785433070866
11
0.4672437007874016
21
0.9120788582677165
0
LINE
8
BLACK
6
CONTINUOUS
10
0.4672437007874016
20
0.9120788582677165
11
0.4674999606299213
21
0.9144625984251968
0
LINE
8
BLACK
6
CONTINUOUS
10
0.4674999606299213
20
0.9144625984251968
11
0.4675
21
0.9144632677165354
0
LINE
8
BLACK
6
CONTINUOUS
10
0.4675
20
0.9144632677165354
11
0.4675
21
0.9655366929133858
0
LINE
8
BLACK
6
CONTINUOUS
10
0.4675
20
0.9655366929133858
11
0.4674999606299213
21
0.9655373622047244
0
LINE
8
BLACK
6
CONTINUOUS
10
0.4674999606299213
20
0.9655373622047244
11
0.4672437007874016
21
0.9679211023622047
0
LINE
8
BLACK
6
CONTINUOUS
10
0.4672437007874016
20
0.9679211023622047
11
0.4672436614173228
21
0.9679211417322835
0
LINE
8
BLACK
6
CONTINUOUS
10
0.4672436614173228
20
0.9679211417322835
11
0.4672436614173228
21
0.9679212992125984
0
LINE
8
BLACK
6
CONTINUOUS
10
0.4672436614173228
20
0.9679212992125984
11
0.4652318503937008
21
0.9733151181102362
0
LINE
8
BLACK
6
CONTINUOUS
10
0.4652318503937008
20
0.9733151181102362
11
0.4645524409448819
21
0.9742226377952755
0
LINE
8
BLACK
6
CONTINUOUS
10
0.4645524409448819
20
0.9742226377952755
11
0.4635756299212598
21
0.9768414960629921
0
LINE
8
BLACK
6
CONTINUOUS
10
0.4635756299212598
20
0.9768414960629921
11
0.4635629921259842
21
0.9771954724409448
0
LINE
8
BLACK
6
CONTINUOUS
10
0.4635629921259842
20
0.9771954724409448
11
0.4635629921259842
21
1.0828044488188977
0
LINE
8
BLACK
6
CONTINUOUS
10
0.4635629921259842
20
1.0828044488188977
11
0.4643504724409449
21
1.0854863779527559
0
LINE
8
BLACK
6
CONTINUOUS
10
0.4643504724409449
20
1.0854863779527559
11
0.4645524015748032
21
1.0857772047244094
0
LINE
8
BLACK
6
CONTINUOUS
10
0.4645524015748032
20
1.0857772047244094
11
0.4652317716535433
21
1.0866847637795276
0
LINE
8
BLACK
6
CONTINUOUS
10
0.4652317716535433
20
1.0866847637795276
11
0.4652318503937008
21
1.0866849212598424
0
LINE
8
BLACK
6
CONTINUOUS
10
0.4652318503937008
20
1.0866849212598424
11
0.4672436220472441
21
1.0920785433070865
0
LINE
8
BLACK
6
CONTINUOUS
10
0.4672436220472441
20
1.0920785433070865
11
0.4672437007874016
21
1.0920788582677166
0
LINE
8
BLACK
6
CONTINUOUS
10
0.4672437007874016
20
1.0920788582677166
11
0.4674999606299213
21
1.0944625984251968
0
LINE
8
BLACK
6
CONTINUOUS
10
0.4674999606299213
20
1.0944625984251968
11
0.4675
21
1.0944632677165353
0
LINE
8
BLACK
6
CONTINUOUS
10
0.4675
20
1.0944632677165353
11
0.4675
21
1.1455366929133859
0
LINE
8
BLACK
6
CONTINUOUS
10
0.4675
20
1.1455366929133859
11
0.4674999606299213
21
1.1455373622047245
0
LINE
8
BLACK
6
CONTINUOUS
10
0.4674999606299213
20
1.1455373622047245
11
0.4672437007874016
21
1.1479211023622047
0
LINE
8
BLACK
6
CONTINUOUS
10
0.4672437007874016
20
1.1479211023622047
11
0.4672436220472441
21
1.1479214173228347
0
LINE
8
BLACK
6
CONTINUOUS
10
0.4672436220472441
20
1.1479214173228347
11
0.4669669291338582
21
1.1486631889763779
0
LINE
8
BLACK
6
CONTINUOUS
10
0.4669669291338582
20
1.1486631889763779
11
0.4652318503937008
21
1.1533151181102361
0
LINE
8
BLACK
6
CONTINUOUS
10
0.4652318503937008
20
1.1533151181102361
11
0.4617819291338582
21
1.1579236614173227
0
LINE
8
BLACK
6
CONTINUOUS
10
0.4617819291338582
20
1.1579236614173227
11
0.4572917716535433
21
1.1612849606299211
0
LINE
8
BLACK
6
CONTINUOUS
10
0.4572917716535433
20
1.1612849606299211
11
0.4571735039370078
21
1.1613735039370079
0
LINE
8
BLACK
6
CONTINUOUS
10
0.4571735039370078
20
1.1613735039370079
11
0.4571734645669291
21
1.1613735039370079
0
LINE
8
BLACK
6
CONTINUOUS
10
0.4571734645669291
20
1.1613735039370079
11
0.4571733858267716
21
1.1613735826771654
0
LINE
8
BLACK
6
CONTINUOUS
10
0.4571733858267716
20
1.1613735826771654
11
0.4517795669291338
21
1.1633853937007874
0
LINE
8
BLACK
6
CONTINUOUS
10
0.4517795669291338
20
1.1633853937007874
11
0.4517794881889763
21
1.1633853937007874
0
LINE
8
BLACK
6
CONTINUOUS
10
0.4517794881889763
20
1.1633853937007874
11
0.4517793700787401
21
1.1633854330708662
0
LINE
8
BLACK
6
CONTINUOUS
10
0.4517793700787401
20
1.1633854330708662
11
0.4493956299212598
21
1.1636416929133857
0
LINE
8
BLACK
6
CONTINUOUS
10
0.4493956299212598
20
1.1636416929133857
11
0.4493954724409449
21
1.1636416929133857
0
LINE
8
BLACK
6
CONTINUOUS
10
0.4493954724409449
20
1.1636416929133857
11
0.4493951968503937
21
1.1636417322834645
0
LINE
8
BLACK
6
CONTINUOUS
10
0.4493951968503937
20
1.1636417322834645
11
0.4493949606299212
21
1.1636417322834645
0
LINE
8
BLACK
6
CONTINUOUS
10
0.4493949606299212
20
1.1636417322834645
11
0.4233972834645669
21
1.1636417322834645
0
LINE
8
BLACK
6
CONTINUOUS
10
0.4233972834645669
20
1.1636417322834645
11
0.4226912992125984
21
1.1636922047244094
0
LINE
8
BLACK
6
CONTINUOUS
10
0.4226912992125984
20
1.1636922047244094
11
0.4220072440944882
21
1.1637905905511812
0
LINE
8
BLACK
6
CONTINUOUS
10
0.4220072440944882
20
1.1637905905511812
11
0.4190004330708662
21
1.1636473228346456
0
LINE
8
BLACK
6
CONTINUOUS
10
0.4190004330708662
20
1.1636473228346456
11
0.4187644881889764
21
1.1636417322834645
0
LINE
8
BLACK
6
CONTINUOUS
10
0.4187644881889764
20
1.1636417322834645
11
0.3908556692913386
21
1.1636417322834645
0
LINE
8
BLACK
6
CONTINUOUS
10
0.3908556692913386
20
1.1636417322834645
11
0.3881737401574803
21
1.1644292125984252
0
LINE
8
BLACK
6
CONTINUOUS
10
0.3881737401574803
20
1.1644292125984252
11
0.3863433070866142
21
1.1665416535433071
0
LINE
8
BLACK
6
CONTINUOUS
10
0.3863433070866142
20
1.1665416535433071
11
0.3862078346456693
21
1.1668687401574802
0
LINE
8
BLACK
6
CONTINUOUS
10
0.3862078346456693
20
1.1668687401574802
11
0.3855611811023622
21
1.1686023622047244
0
LINE
8
BLACK
6
CONTINUOUS
10
0.3855611811023622
20
1.1686023622047244
11
0.3853893307086614
21
1.1690631496062991
0
LINE
8
BLACK
6
CONTINUOUS
10
0.3853893307086614
20
1.1690631496062991
11
0.3847099212598425
21
1.1699706692913385
0
LINE
8
BLACK
6
CONTINUOUS
10
0.3847099212598425
20
1.1699706692913385
11
0.3837331102362205
21
1.172589527559055
0
LINE
8
BLACK
6
CONTINUOUS
10
0.3837331102362205
20
1.172589527559055
11
0.3837204724409449
21
1.1729435039370077
0
LINE
8
BLACK
6
CONTINUOUS
10
0.3837204724409449
20
1.1729435039370077
11
0.3837204724409449
21
1.2399470078740158
0
LINE
8
BLACK
6
CONTINUOUS
10
0.3837204724409449
20
1.2399470078740158
11
0.3845079527559055
21
1.242628937007874
0
LINE
8
BLACK
6
CONTINUOUS
10
0.3845079527559055
20
1.242628937007874
11
0.3851734251968504
21
1.24345468503937
0
LINE
8
BLACK
6
CONTINUOUS
10
0.3851734251968504
20
1.24345468503937
11
0.4278899606299212
21
1.2861712204724409
0
LINE
8
BLACK
6
CONTINUOUS
10
0.4278899606299212
20
1.2861712204724409
11
0.430343188976378
21
1.2875108267716535
0
LINE
8
BLACK
6
CONTINUOUS
10
0.430343188976378
20
1.2875108267716535
11
0.4331311811023622
21
1.2873114173228346
0
LINE
8
BLACK
6
CONTINUOUS
10
1.3558666141732283
20
0.5729070078740157
11
1.3573777952755905
21
0.5705555905511811
0
LINE
8
BLACK
6
CONTINUOUS
10
1.3573777952755905
20
0.5705555905511811
11
1.3574388976377953
21
0.5703275590551181
0
LINE
8
BLACK
6
CONTINUOUS
10
1.3574388976377953
20
0.5703275590551181
11
1.3585708661417322
21
0.5656614566929133
0
LINE
8
BLACK
6
CONTINUOUS
10
1.3585708661417322
20
0.5656614566929133
11
1.3585709448818897
21
0.5656612204724409
0
LINE
8
BLACK
6
CONTINUOUS
10
1.3585709448818897
20
0.5656612204724409
11
1.3620332283464567
21
0.558079842519685
0
LINE
8
BLACK
6
CONTINUOUS
10
1.3620332283464567
20
0.558079842519685
11
1.3620333858267717
21
0.5580795669291339
0
LINE
8
BLACK
6
CONTINUOUS
10
1.3620333858267717
20
0.5580795669291339
11
1.3668675196850393
21
0.5512909842519685
0
LINE
8
BLACK
6
CONTINUOUS
10
1.3668675196850393
20
0.5512909842519685
11
1.3668678740157481
21
0.5512905905511811
0
LINE
8
BLACK
6
CONTINUOUS
10
1.3668678740157481
20
0.5512905905511811
11
1.372899842519685
21
0.5455391732283464
0
LINE
8
BLACK
6
CONTINUOUS
10
1.372899842519685
20
0.5455391732283464
11
1.3799112204724409
21
0.5410332283464567
0
LINE
8
BLACK
6
CONTINUOUS
10
1.3799112204724409
20
0.5410332283464567
11
1.3876488582677164
21
0.5379355511811024
0
LINE
8
BLACK
6
CONTINUOUS
10
1.3876488582677164
20
0.5379355511811024
11
1.3958325196850394
21
0.5363582677165354
0
LINE
8
BLACK
6
CONTINUOUS
10
1.3958325196850394
20
0.5363582677165354
11
1.3958327165354329
21
0.5363582677165354
0
LINE
8
BLACK
6
CONTINUOUS
10
1.3958327165354329
20
0.5363582677165354
11
1.4113976377952755
21
0.5363582677165354
0
LINE
8
BLACK
6
CONTINUOUS
10
1.4113976377952755
20
0.5363582677165354
11
1.4140795669291337
21
0.5355707874015748
0
LINE
8
BLACK
6
CONTINUOUS
10
1.4140795669291337
20
0.5355707874015748
11
1.41591
21
0.5334583464566929
0
LINE
8
BLACK
6
CONTINUOUS
10
1.41591
20
0.5334583464566929
11
1.4163582677165354
21
0.5313976377952756
0
LINE
8
BLACK
6
CONTINUOUS
10
1.4163582677165354
20
0.5313976377952756
11
1.4163582677165354
21
0.5304468503937008
0
LINE
8
BLACK
6
CONTINUOUS
10
1.4163582677165354
20
0.5304468503937008
11
1.4166145275590551
21
0.5280631102362204
0
LINE
8
BLACK
6
CONTINUOUS
10
1.4166145275590551
20
0.5280631102362204
11
1.4166146062992127
21
0.5280627952755905
0
LINE
8
BLACK
6
CONTINUOUS
10
1.4166146062992127
20
0.5280627952755905
11
1.4186263779527559
21
0.5226691732283465
0
LINE
8
BLACK
6
CONTINUOUS
10
1.4186263779527559
20
0.5226691732283465
11
1.4186264566929134
21
0.5226689763779527
0
LINE
8
BLACK
6
CONTINUOUS
10
1.4186264566929134
20
0.5226689763779527
11
1.4220762992125984
21
0.5180605511811024
0
LINE
8
BLACK
6
CONTINUOUS
10
1.4220762992125984
20
0.5180605511811024
11
1.4266847244094487
21
0.5146107086614173
0
LINE
8
BLACK
6
CONTINUOUS
10
1.4266847244094487
20
0.5146107086614173
11
1.4266849212598425
21
0.5146106299212598
0
LINE
8
BLACK
6
CONTINUOUS
10
1.4266849212598425
20
0.5146106299212598
11
1.4320785433070866
21
0.5125988582677166
0
LINE
8
BLACK
6
CONTINUOUS
10
1.4320785433070866
20
0.5125988582677166
11
1.4320788582677164
21
0.5125987795275591
0
LINE
8
BLACK
6
CONTINUOUS
10
1.4320788582677164
20
0.5125987795275591
11
1.4344625984251969
21
0.5123425196850394
0
LINE
8
BLACK
6
CONTINUOUS
10
1.4344625984251969
20
0.5123425196850394
11
1.4750393700787401
21
0.5123425196850394
0
LINE
8
BLACK
6
CONTINUOUS
10
1.4750393700787401
20
0.5123425196850394
11
1.4777212992125983
21
0.5115550393700787
0
LINE
8
BLACK
6
CONTINUOUS
10
1.4777212992125983
20
0.5115550393700787
11
1.4795517322834646
21
0.5094425984251968
0
LINE
8
BLACK
6
CONTINUOUS
10
1.4795517322834646
20
0.5094425984251968
11
1.48
21
0.5073818897637795
0
LINE
8
BLACK
6
CONTINUOUS
10
1.48
20
0.5073818897637795
11
1.48
21
0.3442242125984252
0
LINE
8
BLACK
6
CONTINUOUS
10
1.48
20
0.3442242125984252
11
1.4792125196850394
21
0.3415422834645669
0
LINE
8
BLACK
6
CONTINUOUS
10
1.4792125196850394
20
0.3415422834645669
11
1.4771000787401574
21
0.3397118503937008
0
LINE
8
BLACK
6
CONTINUOUS
10
1.4771000787401574
20
0.3397118503937008
11
1.4743333858267715
21
0.3393140551181102
0
LINE
8
BLACK
6
CONTINUOUS
10
1.4743333858267715
20
0.3393140551181102
11
1.4729184251968503
21
0.3397398818897638
0
LINE
8
BLACK
6
CONTINUOUS
10
1.4729184251968503
20
0.3397398818897638
11
1.4603453543307086
21
0.3456865354330709
0
LINE
8
BLACK
6
CONTINUOUS
10
1.4603453543307086
20
0.3456865354330709
11
1.4457749606299213
21
0.3508998818897638
0
LINE
8
BLACK
6
CONTINUOUS
10
1.4457749606299213
20
0.3508998818897638
11
1.430763779527559
21
0.35466
0
LINE
8
BLACK
6
CONTINUOUS
10
1.430763779527559
20
0.35466
11
1.4154563385826771
21
0.3569306299212598
0
LINE
8
BLACK
6
CONTINUOUS
10
1.4154563385826771
20
0.3569306299212598
11
1.4021804724409448
21
0.3575828346456693
0
LINE
8
BLACK
6
CONTINUOUS
10
1.4021804724409448
20
0.3575828346456693
11
1.4000001574803149
21
0.3576899606299213
0
LINE
8
BLACK
6
CONTINUOUS
10
1.4000001574803149
20
0.3576899606299213
11
1.3999998425196849
21
0.3576899606299213
0
LINE
8
BLACK
6
CONTINUOUS
10
1.3999998425196849
20
0.3576899606299213
11
1.3977397637795275
21
0.3575788976377953
0
LINE
8
BLACK
6
CONTINUOUS
10
1.3977397637795275
20
0.3575788976377953
11
1.3845436614173228
21
0.3569306299212598
0
LINE
8
BLACK
6
CONTINUOUS
10
1.3845436614173228
20
0.3569306299212598
11
1.3692362204724409
21
0.35466
0
LINE
8
BLACK
6
CONTINUOUS
10
1.3692362204724409
20
0.35466
11
1.3542250393700788
21
0.3508998818897638
0
LINE
8
BLACK
6
CONTINUOUS
10
1.3542250393700788
20
0.3508998818897638
11
1.3542246456692912
21
0.3508997244094488
0
LINE
8
BLACK
6
CONTINUOUS
10
1.3542246456692912
20
0.3508997244094488
11
1.3542245669291337
21
0.3508997244094488
0
LINE
8
BLACK
6
CONTINUOUS
10
1.3542245669291337
20
0.3508997244094488
11
1.3539682677165354
21
0.350808031496063
0
LINE
8
BLACK
6
CONTINUOUS
10
1.3539682677165354
20
0.350808031496063
11
1.3511778346456693
21
0.3506459448818898
0
LINE
8
BLACK
6
CONTINUOUS
10
1.3511778346456693
20
0.3506459448818898
11
1.3487427559055118
21
0.3520181889763779
0
LINE
8
BLACK
6
CONTINUOUS
10
1.3487427559055118
20
0.3520181889763779
11
1.3474361023622048
21
0.3544891338582677
0
LINE
8
BLACK
6
CONTINUOUS
10
1.3474361023622048
20
0.3544891338582677
11
1.347461653543307
21
0.3560120078740157
0
LINE
8
BLACK
6
CONTINUOUS
10
1.347461653543307
20
0.3560120078740157
11
1.3473679921259842
21
0.3560220866141732
0
LINE
8
BLACK
6
CONTINUOUS
10
1.3473679921259842
20
0.3560220866141732
11
1.3476574409448818
21
0.3587145669291338
0
LINE
8
BLACK
6
CONTINUOUS
10
1.3476574409448818
20
0.3587145669291338
11
1.3476574803149606
21
0.3587152362204724
0
LINE
8
BLACK
6
CONTINUOUS
10
1.3476574803149606
20
0.3587152362204724
11
1.3476574803149606
21
0.4412847244094488
0
LINE
8
BLACK
6
CONTINUOUS
10
1.3476574803149606
20
0.4412847244094488
11
1.3476574409448818
21
0.4412853937007874
0
LINE
8
BLACK
6
CONTINUOUS
10
1.3476574409448818
20
0.4412853937007874
11
1.3474011811023621
21
0.4436691338582677
0
LINE
8
BLACK
6
CONTINUOUS
10
1.3474011811023621
20
0.4436691338582677
11
1.3474011417322835
21
0.4436691732283464
0
LINE
8
BLACK
6
CONTINUOUS
10
1.3474011417322835
20
0.4436691732283464
11
1.3474011417322835
21
0.4436693307086614
0
LINE
8
BLACK
6
CONTINUOUS
10
1.3474011417322835
20
0.4436693307086614
11
1.3453893307086613
21
0.4490631496062992
0
LINE
8
BLACK
6
CONTINUOUS
10
1.3453893307086613
20
0.4490631496062992
11
1.3447099212598426
21
0.4499706692913386
0
LINE
8
BLACK
6
CONTINUOUS
10
1.3447099212598426
20
0.4499706692913386
11
1.3437331102362204
21
0.4525895275590551
0
LINE
8
BLACK
6
CONTINUOUS
10
1.3437331102362204
20
0.4525895275590551
11
1.3437204724409448
21
0.4529435039370079
0
LINE
8
BLACK
6
CONTINUOUS
10
1.3437204724409448
20
0.4529435039370079
11
1.3437204724409448
21
0.5270564173228346
0
LINE
8
BLACK
6
CONTINUOUS
10
1.3437204724409448
20
0.5270564173228346
11
1.3445079527559054
21
0.5297383464566929
0
LINE
8
BLACK
6
CONTINUOUS
10
1.3445079527559054
20
0.5297383464566929
11
1.3447098818897638
21
0.5300291732283464
0
LINE
8
BLACK
6
CONTINUOUS
10
1.3447098818897638
20
0.5300291732283464
11
1.345389251968504
21
0.5309367322834646
0
LINE
8
BLACK
6
CONTINUOUS
10
1.345389251968504
20
0.5309367322834646
11
1.3453893307086613
21
0.5309368897637795
0
LINE
8
BLACK
6
CONTINUOUS
10
1.3453893307086613
20
0.5309368897637795
11
1.3474011023622048
21
0.5363305118110236
0
LINE
8
BLACK
6
CONTINUOUS
10
1.3474011023622048
20
0.5363305118110236
11
1.3474011811023621
21
0.5363308267716536
0
LINE
8
BLACK
6
CONTINUOUS
10
1.3474011811023621
20
0.5363308267716536
11
1.3476574409448818
21
0.5387145669291339
0
LINE
8
BLACK
6
CONTINUOUS
10
1.3476574409448818
20
0.5387145669291339
11
1.3476574803149606
21
0.5387152362204725
0
LINE
8
BLACK
6
CONTINUOUS
10
1.3476574803149606
20
0.5387152362204725
11
1.3476574803149606
21
0.569158031496063
0
LINE
8
BLACK
6
CONTINUOUS
10
1.3476574803149606
20
0.569158031496063
11
1.3484449606299211
21
0.5718399606299213
0
LINE
8
BLACK
6
CONTINUOUS
10
1.3484449606299211
20
0.5718399606299213
11
1.3505574015748032
21
0.5736703937007874
0
LINE
8
BLACK
6
CONTINUOUS
10
1.3505574015748032
20
0.5736703937007874
11
1.353324094488189
21
0.5740681889763779
0
LINE
8
BLACK
6
CONTINUOUS
10
1.353324094488189
20
0.5740681889763779
11
1.3558666141732283
21
0.5729070078740157
0
LINE
8
BLACK
6
CONTINUOUS
10
1.4993700787401574
20
1.1325196850393699
11
1.4206299212598426
21
1.1325196850393699
0
LINE
8
BLACK
6
CONTINUOUS
10
1.4206299212598426
20
1.1325196850393699
11
1.4206299212598426
21
1.1364566929133857
0
LINE
8
BLACK
6
CONTINUOUS
10
1.4206299212598426
20
1.1364566929133857
11
1.3499420472440944
21
1.1364566929133857
0
LINE
8
BLACK
6
CONTINUOUS
10
1.3499420472440944
20
1.1364566929133857
11
1.3276377952755904
21
1.114152440944882
0
LINE
8
BLACK
6
CONTINUOUS
10
1.3276377952755904
20
1.114152440944882
11
1.3276377952755904
21
1.0806299212598425
0
LINE
8
BLACK
6
CONTINUOUS
10
1.3276377952755904
20
1.0806299212598425
11
1.3237007874015747
21
1.0806299212598425
0
LINE
8
BLACK
6
CONTINUOUS
10
1.3237007874015747
20
1.0806299212598425
11
1.3237007874015747
21
0.9793700787401575
0
LINE
8
BLACK
6
CONTINUOUS
10
1.3237007874015747
20
0.9793700787401575
11
1.3276377952755904
21
0.9793700787401575
0
LINE
8
BLACK
6
CONTINUOUS
10
1.3276377952755904
20
0.9793700787401575
11
1.3276377952755904
21
0.9006299212598425
0
LINE
8
BLACK
6
CONTINUOUS
10
1.3276377952755904
20
0.9006299212598425
11
1.3237007874015747
21
0.9006299212598425
0
LINE
8
BLACK
6
CONTINUOUS
10
1.3237007874015747
20
0.9006299212598425
11
1.3237007874015747
21
0.8169712598425196
0
LINE
8
BLACK
6
CONTINUOUS
10
1.3237007874015747
20
0.8169712598425196
11
1.3283464566929133
21
0.8205360236220473
0
LINE
8
BLACK
6
CONTINUOUS
10
1.3283464566929133
20
0.8205360236220473
11
1.3323749606299213
21
0.8222046456692913
0
LINE
8
BLACK
6
CONTINUOUS
10
1.3323749606299213
20
0.8222046456692913
11
1.334043622047244
21
0.8228958661417323
0
LINE
8
BLACK
6
CONTINUOUS
10
1.334043622047244
20
0.8228958661417323
11
1.3401574803149605
21
0.8237007874015748
0
LINE
8
BLACK
6
CONTINUOUS
10
1.3401574803149605
20
0.8237007874015748
11
1.4206299212598426
21
0.8237007874015748
0
LINE
8
BLACK
6
CONTINUOUS
10
1.4206299212598426
20
0.8237007874015748
11
1.4206299212598426
21
0.8276377952755906
0
LINE
8
BLACK
6
CONTINUOUS
10
1.4206299212598426
20
0.8276377952755906
11
1.4993700787401574
21
0.8276377952755906
0
LINE
8
BLACK
6
CONTINUOUS
10
1.4993700787401574
20
0.8276377952755906
11
1.4993700787401574
21
0.7725196850393701
0
LINE
8
BLACK
6
CONTINUOUS
10
1.4993700787401574
20
0.7725196850393701
11
1.4206299212598426
21
0.7725196850393701
0
LINE
8
BLACK
6
CONTINUOUS
10
1.4206299212598426
20
0.7725196850393701
11
1.4206299212598426
21
0.7764566929133858
0
LINE
8
BLACK
6
CONTINUOUS
10
1.4206299212598426
20
0.7764566929133858
11
1.3499420472440944
21
0.7764566929133858
0
LINE
8
BLACK
6
CONTINUOUS
10
1.3499420472440944
20
0.7764566929133858
11
1.3276377952755904
21
0.7541524409448819
0
LINE
8
BLACK
6
CONTINUOUS
10
1.3276377952755904
20
0.7541524409448819
11
1.3276377952755904
21
0.7206299212598425
0
LINE
8
BLACK
6
CONTINUOUS
10
1.3276377952755904
20
0.7206299212598425
11
1.3237007874015747
21
0.7206299212598425
0
LINE
8
BLACK
6
CONTINUOUS
10
1.3237007874015747
20
0.7206299212598425
11
1.3237007874015747
21
0.6193700787401575
0
LINE
8
BLACK
6
CONTINUOUS
10
1.3237007874015747
20
0.6193700787401575
11
1.3276377952755904
21
0.6193700787401575
0
LINE
8
BLACK
6
CONTINUOUS
10
1.3276377952755904
20
0.6193700787401575
11
1.3276377952755904
21
0.5406299212598425
0
LINE
8
BLACK
6
CONTINUOUS
10
1.3276377952755904
20
0.5406299212598425
11
1.3237007874015747
21
0.5406299212598425
0
LINE
8
BLACK
6
CONTINUOUS
10
1.3237007874015747
20
0.5406299212598425
11
1.3237007874015747
21
0.4393700787401575
0
LINE
8
BLACK
6
CONTINUOUS
10
1.3237007874015747
20
0.4393700787401575
11
1.3276377952755904
21
0.4393700787401575
0
LINE
8
BLACK
6
CONTINUOUS
10
1.3276377952755904
20
0.4393700787401575
11
1.3276377952755904
21
0.3606299212598425
0
LINE
8
BLACK
6
CONTINUOUS
10
1.3276377952755904
20
0.3606299212598425
11
1.2725196850393701
21
0.3606299212598425
0
LINE
8
BLACK
6
CONTINUOUS
10
1.2725196850393701
20
0.3606299212598425
11
1.2725196850393701
21
0.3763779527559055
0
LINE
8
BLACK
6
CONTINUOUS
10
1.2725196850393701
20
0.3763779527559055
11
1.22
21
0.3763779527559055
0
LINE
8
BLACK
6
CONTINUOUS
10
1.22
20
0.3763779527559055
11
1.2138861811023622
21
0.377182874015748
0
LINE
8
BLACK
6
CONTINUOUS
10
1.2138861811023622
20
0.377182874015748
11
1.2081889763779528
21
0.3795427165354331
0
LINE
8
BLACK
6
CONTINUOUS
10
1.2081889763779528
20
0.3795427165354331
11
1.2032966929133857
21
0.3832966929133858
0
LINE
8
BLACK
6
CONTINUOUS
10
1.2032966929133857
20
0.3832966929133858
11
1.1995427165354331
21
0.3881889763779527
0
LINE
8
BLACK
6
CONTINUOUS
10
1.1995427165354331
20
0.3881889763779527
11
1.197182874015748
21
0.3938861811023622
0
LINE
8
BLACK
6
CONTINUOUS
10
1.197182874015748
20
0.3938861811023622
11
1.1963779527559055
21
0.4
0
LINE
8
BLACK
6
CONTINUOUS
10
1.1963779527559055
20
0.4
11
1.197182874015748
21
0.4061138188976378
0
LINE
8
BLACK
6
CONTINUOUS
10
1.197182874015748
20
0.4061138188976378
11
1.1995427165354331
21
0.4118110236220472
0
LINE
8
BLACK
6
CONTINUOUS
10
1.1995427165354331
20
0.4118110236220472
11
1.2032966929133857
21
0.4167033070866142
0
LINE
8
BLACK
6
CONTINUOUS
10
1.2032966929133857
20
0.4167033070866142
11
1.2081889763779528
21
0.4204572834645669
0
LINE
8
BLACK
6
CONTINUOUS
10
1.2081889763779528
20
0.4204572834645669
11
1.2138861811023622
21
0.422817125984252
0
LINE
8
BLACK
6
CONTINUOUS
10
1.2138861811023622
20
0.422817125984252
11
1.22
21
0.4236220472440945
0
LINE
8
BLACK
6
CONTINUOUS
10
1.22
20
0.4236220472440945
11
1.2725196850393701
21
0.4236220472440945
0
LINE
8
BLACK
6
CONTINUOUS
10
1.2725196850393701
20
0.4236220472440945
11
1.2725196850393701
21
0.4393700787401575
0
LINE
8
BLACK
6
CONTINUOUS
10
1.2725196850393701
20
0.4393700787401575
11
1.2764566929133858
21
0.4393700787401575
0
LINE
8
BLACK
6
CONTINUOUS
10
1.2764566929133858
20
0.4393700787401575
11
1.2764566929133858
21
0.5406299212598425
0
LINE
8
BLACK
6
CONTINUOUS
10
1.2764566929133858
20
0.5406299212598425
11
1.2725196850393701
21
0.5406299212598425
0
LINE
8
BLACK
6
CONTINUOUS
10
1.2725196850393701
20
0.5406299212598425
11
1.2725196850393701
21
0.6193700787401575
0
LINE
8
BLACK
6
CONTINUOUS
10
1.2725196850393701
20
0.6193700787401575
11
1.2764566929133858
21
0.6193700787401575
0
LINE
8
BLACK
6
CONTINUOUS
10
1.2764566929133858
20
0.6193700787401575
11
1.2764566929133858
21
0.7206299212598425
0
LINE
8
BLACK
6
CONTINUOUS
10
1.2764566929133858
20
0.7206299212598425
11
1.2725196850393701
21
0.7206299212598425
0
LINE
8
BLACK
6
CONTINUOUS
10
1.2725196850393701
20
0.7206299212598425
11
1.2725196850393701
21
0.7993700787401574
0
LINE
8
BLACK
6
CONTINUOUS
10
1.2725196850393701
20
0.7993700787401574
11
1.2764566929133858
21
0.7993700787401574
0
LINE
8
BLACK
6
CONTINUOUS
10
1.2764566929133858
20
0.7993700787401574
11
1.2764566929133858
21
0.9006299212598425
0
LINE
8
BLACK
6
CONTINUOUS
10
1.2764566929133858
20
0.9006299212598425
11
1.2725196850393701
21
0.9006299212598425
0
LINE
8
BLACK
6
CONTINUOUS
10
1.2725196850393701
20
0.9006299212598425
11
1.2725196850393701
21
0.9793700787401575
0
LINE
8
BLACK
6
CONTINUOUS
10
1.2725196850393701
20
0.9793700787401575
11
1.2764566929133858
21
0.9793700787401575
0
LINE
8
BLACK
6
CONTINUOUS
10
1.2764566929133858
20
0.9793700787401575
11
1.2764566929133858
21
1.0806299212598425
0
LINE
8
BLACK
6
CONTINUOUS
10
1.2764566929133858
20
1.0806299212598425
11
1.2725196850393701
21
1.0806299212598425
0
LINE
8
BLACK
6
CONTINUOUS
10
1.2725196850393701
20
1.0806299212598425
11
1.2725196850393701
21
1.1593700787401575
0
LINE
8
BLACK
6
CONTINUOUS
10
1.2725196850393701
20
1.1593700787401575
11
1.3060422047244094
21
1.1593700787401575
0
LINE
8
BLACK
6
CONTINUOUS
10
1.3060422047244094
20
1.1593700787401575
11
1.3234541732283465
21
1.1767820472440944
0
LINE
8
BLACK
6
CONTINUOUS
10
1.3234541732283465
20
1.1767820472440944
11
1.3250272834645669
21
1.1779891338582678
0
LINE
8
BLACK
6
CONTINUOUS
10
1.3250272834645669
20
1.1779891338582678
11
1.3283464566929133
21
1.1805360236220472
0
LINE
8
BLACK
6
CONTINUOUS
10
1.3283464566929133
20
1.1805360236220472
11
1.3323749606299213
21
1.1822046456692914
0
LINE
8
BLACK
6
CONTINUOUS
10
1.3323749606299213
20
1.1822046456692914
11
1.334043622047244
21
1.1828958661417324
0
LINE
8
BLACK
6
CONTINUOUS
10
1.334043622047244
20
1.1828958661417324
11
1.3401574803149605
21
1.1837007874015748
0
LINE
8
BLACK
6
CONTINUOUS
10
1.3401574803149605
20
1.1837007874015748
11
1.4206299212598426
21
1.1837007874015748
0
LINE
8
BLACK
6
CONTINUOUS
10
1.4206299212598426
20
1.1837007874015748
11
1.4206299212598426
21
1.1876377952755905
0
LINE
8
BLACK
6
CONTINUOUS
10
1.4206299212598426
20
1.1876377952755905
11
1.4993700787401574
21
1.1876377952755905
0
LINE
8
BLACK
6
CONTINUOUS
10
1.4993700787401574
20
1.1876377952755905
11
1.4993700787401574
21
1.1325196850393699
0
LINE
8
BLACK
6
CONTINUOUS
10
0.5036220472440944
20
1.2835433070866142
11
0.6563779527559055
21
1.2835433070866142
0
LINE
8
BLACK
6
CONTINUOUS
10
0.6563779527559055
20
1.2835433070866142
11
0.6563779527559055
21
1.28748031496063
0
LINE
8
BLACK
6
CONTINUOUS
10
0.6563779527559055
20
1.28748031496063
11
0.7036220472440945
21
1.28748031496063
0
LINE
8
BLACK
6
CONTINUOUS
10
0.7036220472440945
20
1.28748031496063
11
0.7036220472440945
21
1.2835433070866142
0
LINE
8
BLACK
6
CONTINUOUS
10
0.7036220472440945
20
1.2835433070866142
11
0.72
21
1.2835433070866142
0
LINE
8
BLACK
6
CONTINUOUS
10
0.72
20
1.2835433070866142
11
0.8563779527559054
21
1.2835433070866142
0
LINE
8
BLACK
6
CONTINUOUS
10
0.8563779527559054
20
1.2835433070866142
11
0.8563779527559054
21
1.28748031496063
0
LINE
8
BLACK
6
CONTINUOUS
10
0.8563779527559054
20
1.28748031496063
11
0.9036220472440945
21
1.28748031496063
0
LINE
8
BLACK
6
CONTINUOUS
10
0.9036220472440945
20
1.28748031496063
11
0.9036220472440945
21
1.2835433070866142
0
LINE
8
BLACK
6
CONTINUOUS
10
0.9036220472440945
20
1.2835433070866142
11
1.0563779527559054
21
1.2835433070866142
0
LINE
8
BLACK
6
CONTINUOUS
10
1.0563779527559054
20
1.2835433070866142
11
1.0563779527559054
21
1.28748031496063
0
LINE
8
BLACK
6
CONTINUOUS
10
1.0563779527559054
20
1.28748031496063
11
1.1036220472440945
21
1.28748031496063
0
LINE
8
BLACK
6
CONTINUOUS
10
1.1036220472440945
20
1.28748031496063
11
1.1036220472440945
21
1.2323622047244094
0
LINE
8
BLACK
6
CONTINUOUS
10
1.1036220472440945
20
1.2323622047244094
11
1.085847559055118
21
1.2323622047244094
0
LINE
8
BLACK
6
CONTINUOUS
10
1.085847559055118
20
1.2323622047244094
11
1.0835433070866141
21
1.2300579527559055
0
LINE
8
BLACK
6
CONTINUOUS
10
1.0835433070866141
20
1.2300579527559055
11
1.0835433070866141
21
1.1436220472440946
0
LINE
8
BLACK
6
CONTINUOUS
10
1.0835433070866141
20
1.1436220472440946
11
1.0874803149606298
21
1.1436220472440946
0
LINE
8
BLACK
6
CONTINUOUS
10
1.0874803149606298
20
1.1436220472440946
11
1.0874803149606298
21
1.0963779527559054
0
LINE
8
BLACK
6
CONTINUOUS
10
1.0874803149606298
20
1.0963779527559054
11
1.0835433070866141
21
1.0963779527559054
0
LINE
8
BLACK
6
CONTINUOUS
10
1.0835433070866141
20
1.0963779527559054
11
1.0835433070866141
21
0.9636220472440945
0
LINE
8
BLACK
6
CONTINUOUS
10
1.0835433070866141
20
0.9636220472440945
11
1.0874803149606298
21
0.9636220472440945
0
LINE
8
BLACK
6
CONTINUOUS
10
1.0874803149606298
20
0.9636220472440945
11
1.0874803149606298
21
0.9163779527559055
0
LINE
8
BLACK
6
CONTINUOUS
10
1.0874803149606298
20
0.9163779527559055
11
1.0835433070866141
21
0.9163779527559055
0
LINE
8
BLACK
6
CONTINUOUS
10
1.0835433070866141
20
0.9163779527559055
11
1.0835433070866141
21
0.7836220472440945
0
LINE
8
BLACK
6
CONTINUOUS
10
1.0835433070866141
20
0.7836220472440945
11
1.0874803149606298
21
0.7836220472440945
0
LINE
8
BLACK
6
CONTINUOUS
10
1.0874803149606298
20
0.7836220472440945
11
1.0874803149606298
21
0.7363779527559055
0
LINE
8
BLACK
6
CONTINUOUS
10
1.0874803149606298
20
0.7363779527559055
11
1.0835433070866141
21
0.7363779527559055
0
LINE
8
BLACK
6
CONTINUOUS
10
1.0835433070866141
20
0.7363779527559055
11
1.0835433070866141
21
0.6036220472440945
0
LINE
8
BLACK
6
CONTINUOUS
10
1.0835433070866141
20
0.6036220472440945
11
1.0874803149606298
21
0.6036220472440945
0
LINE
8
BLACK
6
CONTINUOUS
10
1.0874803149606298
20
0.6036220472440945
11
1.1199999999999999
21
0.6036220472440945
0
LINE
8
BLACK
6
CONTINUOUS
10
1.1199999999999999
20
0.6036220472440945
11
1.1261138188976378
21
0.602817125984252
0
LINE
8
BLACK
6
CONTINUOUS
10
1.1261138188976378
20
0.602817125984252
11
1.1318110236220471
21
0.6004572834645669
0
LINE
8
BLACK
6
CONTINUOUS
10
1.1318110236220471
20
0.6004572834645669
11
1.1367033070866142
21
0.5967033070866141
0
LINE
8
BLACK
6
CONTINUOUS
10
1.1367033070866142
20
0.5967033070866141
11
1.140457283464567
21
0.5918110236220472
0
LINE
8
BLACK
6
CONTINUOUS
10
1.140457283464567
20
0.5918110236220472
11
1.1428171259842519
21
0.5861138188976378
0
LINE
8
BLACK
6
CONTINUOUS
10
1.1428171259842519
20
0.5861138188976378
11
1.1436220472440946
21
0.58
0
LINE
8
BLACK
6
CONTINUOUS
10
1.1436220472440946
20
0.58
11
1.1428171259842519
21
0.5738861811023622
0
LINE
8
BLACK
6
CONTINUOUS
10
1.1428171259842519
20
0.5738861811023622
11
1.140457283464567
21
0.5681889763779527
0
LINE
8
BLACK
6
CONTINUOUS
10
1.140457283464567
20
0.5681889763779527
11
1.1367033070866142
21
0.5632966929133858
0
LINE
8
BLACK
6
CONTINUOUS
10
1.1367033070866142
20
0.5632966929133858
11
1.1318110236220471
21
0.5595427165354331
0
LINE
8
BLACK
6
CONTINUOUS
10
1.1318110236220471
20
0.5595427165354331
11
1.1261138188976378
21
0.5571828740157481
0
LINE
8
BLACK
6
CONTINUOUS
10
1.1261138188976378
20
0.5571828740157481
11
1.1199999999999999
21
0.5563779527559055
0
LINE
8
BLACK
6
CONTINUOUS
10
1.1199999999999999
20
0.5563779527559055
11
1.0835433070866141
21
0.5563779527559055
0
LINE
8
BLACK
6
CONTINUOUS
10
1.0835433070866141
20
0.5563779527559055
11
1.0835433070866141
21
0.4236220472440945
0
LINE
8
BLACK
6
CONTINUOUS
10
1.0835433070866141
20
0.4236220472440945
11
1.0874803149606298
21
0.4236220472440945
0
LINE
8
BLACK
6
CONTINUOUS
10
1.0874803149606298
20
0.4236220472440945
11
1.0874803149606298
21
0.3763779527559055
0
LINE
8
BLACK
6
CONTINUOUS
10
1.0874803149606298
20
0.3763779527559055
11
1.0599212598425196
21
0.3763779527559055
0
LINE
8
BLACK
6
CONTINUOUS
10
1.0599212598425196
20
0.3763779527559055
11
1.0323622047244094
21
0.3763779527559055
0
LINE
8
BLACK
6
CONTINUOUS
10
1.0323622047244094
20
0.3763779527559055
11
1.0323622047244094
21
0.4236220472440945
0
LINE
8
BLACK
6
CONTINUOUS
10
1.0323622047244094
20
0.4236220472440945
11
1.0362992125984252
21
0.4236220472440945
0
LINE
8
BLACK
6
CONTINUOUS
10
1.0362992125984252
20
0.4236220472440945
11
1.0362992125984252
21
0.5563779527559055
0
LINE
8
BLACK
6
CONTINUOUS
10
1.0362992125984252
20
0.5563779527559055
11
1.0323622047244094
21
0.5563779527559055
0
LINE
8
BLACK
6
CONTINUOUS
10
1.0323622047244094
20
0.5563779527559055
11
1.0323622047244094
21
0.6036220472440945
0
LINE
8
BLACK
6
CONTINUOUS
10
1.0323622047244094
20
0.6036220472440945
11
1.0362992125984252
21
0.6036220472440945
0
LINE
8
BLACK
6
CONTINUOUS
10
1.0362992125984252
20
0.6036220472440945
11
1.0362992125984252
21
0.7363779527559055
0
LINE
8
BLACK
6
CONTINUOUS
10
1.0362992125984252
20
0.7363779527559055
11
1.0323622047244094
21
0.7363779527559055
0
LINE
8
BLACK
6
CONTINUOUS
10
1.0323622047244094
20
0.7363779527559055
11
1.0323622047244094
21
0.7836220472440945
0
LINE
8
BLACK
6
CONTINUOUS
10
1.0323622047244094
20
0.7836220472440945
11
1.0362992125984252
21
0.7836220472440945
0
LINE
8
BLACK
6
CONTINUOUS
10
1.0362992125984252
20
0.7836220472440945
11
1.0362992125984252
21
0.9163779527559055
0
LINE
8
BLACK
6
CONTINUOUS
10
1.0362992125984252
20
0.9163779527559055
11
1.0323622047244094
21
0.9163779527559055
0
LINE
8
BLACK
6
CONTINUOUS
10
1.0323622047244094
20
0.9163779527559055
11
1.0323622047244094
21
0.9636220472440945
0
LINE
8
BLACK
6
CONTINUOUS
10
1.0323622047244094
20
0.9636220472440945
11
1.0362992125984252
21
0.9636220472440945
0
LINE
8
BLACK
6
CONTINUOUS
10
1.0362992125984252
20
0.9636220472440945
11
1.0362992125984252
21
1.0963779527559054
0
LINE
8
BLACK
6
CONTINUOUS
10
1.0362992125984252
20
1.0963779527559054
11
1.0323622047244094
21
1.0963779527559054
0
LINE
8
BLACK
6
CONTINUOUS
10
1.0323622047244094
20
1.0963779527559054
11
1.0323622047244094
21
1.1436220472440946
0
LINE
8
BLACK
6
CONTINUOUS
10
1.0323622047244094
20
1.1436220472440946
11
1.0362992125984252
21
1.1436220472440946
0
LINE
8
BLACK
6
CONTINUOUS
10
1.0362992125984252
20
1.1436220472440946
11
1.0362992125984252
21
1.2362992125984251
0
LINE
8
BLACK
6
CONTINUOUS
10
1.0362992125984252
20
1.2362992125984251
11
0.9036220472440945
21
1.2362992125984251
0
LINE
8
BLACK
6
CONTINUOUS
10
0.9036220472440945
20
1.2362992125984251
11
0.9036220472440945
21
1.2323622047244094
0
LINE
8
BLACK
6
CONTINUOUS
10
0.9036220472440945
20
1.2323622047244094
11
0.8563779527559054
21
1.2323622047244094
0
LINE
8
BLACK
6
CONTINUOUS
10
0.8563779527559054
20
1.2323622047244094
11
0.8563779527559054
21
1.2362992125984251
0
LINE
8
BLACK
6
CONTINUOUS
10
0.8563779527559054
20
1.2362992125984251
11
0.72
21
1.2362992125984251
0
LINE
8
BLACK
6
CONTINUOUS
10
0.72
20
1.2362992125984251
11
0.7036220472440945
21
1.2362992125984251
0
LINE
8
BLACK
6
CONTINUOUS
10
0.7036220472440945
20
1.2362992125984251
11
0.7036220472440945
21
1.2323622047244094
0
LINE
8
BLACK
6
CONTINUOUS
10
0.7036220472440945
20
1.2323622047244094
11
0.6563779527559055
21
1.2323622047244094
0
LINE
8
BLACK
6
CONTINUOUS
10
0.6563779527559055
20
1.2323622047244094
11
0.6563779527559055
21
1.2362992125984251
0
LINE
8
BLACK
6
CONTINUOUS
10
0.6563779527559055
20
1.2362992125984251
11
0.5036220472440944
21
1.2362992125984251
0
LINE
8
BLACK
6
CONTINUOUS
10
0.5036220472440944
20
1.2362992125984251
11
0.5036220472440944
21
1.2323622047244094
0
LINE
8
BLACK
6
CONTINUOUS
10
0.5036220472440944
20
1.2323622047244094
11
0.4563779527559055
21
1.2323622047244094
0
LINE
8
BLACK
6
CONTINUOUS
10
0.4563779527559055
20
1.2323622047244094
11
0.4563779527559055
21
1.28748031496063
0
LINE
8
BLACK
6
CONTINUOUS
10
0.4563779527559055
20
1.28748031496063
11
0.5036220472440944
21
1.28748031496063
0
LINE
8
BLACK
6
CONTINUOUS
10
0.5036220472440944
20
1.28748031496063
11
0.5036220472440944
21
1.2835433070866142
0
LINE
8
BLACK
6
CONTINUOUS
10
0.2940663385826772
20
1.2700650787401575
11
0.296033937007874
21
1.2680798031496063
0
LINE
8
BLACK
6
CONTINUOUS
10
0.296033937007874
20
1.2680798031496063
11
0.296615905511811
21
1.265345905511811
0
LINE
8
BLACK
6
CONTINUOUS
10
0.296615905511811
20
1.265345905511811
11
0.2965405118110236
21
1.2647831496062991
0
LINE
8
BLACK
6
CONTINUOUS
10
0.2965405118110236
20
1.2647831496062991
11
0.2964370078740157
21
1.2642460629921259
0
LINE
8
BLACK
6
CONTINUOUS
10
0.2964370078740157
20
1.2642460629921259
11
0.2964370078740157
21
1.2629737401574803
0
LINE
8
BLACK
6
CONTINUOUS
10
0.2964370078740157
20
1.2629737401574803
11
0.2964019291338583
21
1.2623848818897638
0
LINE
8
BLACK
6
CONTINUOUS
10
0.2964019291338583
20
1.2623848818897638
11
0.2962509448818897
21
1.261121968503937
0
LINE
8
BLACK
6
CONTINUOUS
10
0.2962509448818897
20
1.261121968503937
11
0.2964243700787402
21
1.2586969291338583
0
LINE
8
BLACK
6
CONTINUOUS
10
0.2964243700787402
20
1.2586969291338583
11
0.2964370078740157
21
1.2583431102362204
0
LINE
8
BLACK
6
CONTINUOUS
10
0.2964370078740157
20
1.2583431102362204
11
0.2964370078740157
21
1.1729435039370077
0
LINE
8
BLACK
6
CONTINUOUS
10
0.2964370078740157
20
1.1729435039370077
11
0.2956495275590551
21
1.1702615748031495
0
LINE
8
BLACK
6
CONTINUOUS
10
0.2956495275590551
20
1.1702615748031495
11
0.2954478346456693
21
1.1699711023622048
0
LINE
8
BLACK
6
CONTINUOUS
10
0.2954478346456693
20
1.1699711023622048
11
0.2947682677165354
21
1.1690633070866141
0
LINE
8
BLACK
6
CONTINUOUS
10
0.2947682677165354
20
1.1690633070866141
11
0.2947681496062992
21
1.1690631496062991
0
LINE
8
BLACK
6
CONTINUOUS
10
0.2947681496062992
20
1.1690631496062991
11
0.2927562598425197
21
1.1636691338582676
0
LINE
8
BLACK
6
CONTINUOUS
10
0.2927562598425197
20
1.1636691338582676
11
0.2925
21
1.1612853937007874
0
LINE
8
BLACK
6
CONTINUOUS
10
0.2925
20
1.1612853937007874
11
0.2925
21
1.0787145669291338
0
LINE
8
BLACK
6
CONTINUOUS
10
0.2925
20
1.0787145669291338
11
0.2927562598425197
21
1.0763308267716536
0
LINE
8
BLACK
6
CONTINUOUS
10
0.2927562598425197
20
1.0763308267716536
11
0.2927563385826771
21
1.0763305118110236
0
LINE
8
BLACK
6
CONTINUOUS
10
0.2927563385826771
20
1.0763305118110236
11
0.2947681102362205
21
1.0709368897637794
0
LINE
8
BLACK
6
CONTINUOUS
10
0.2947681102362205
20
1.0709368897637794
11
0.294768188976378
21
1.0709367322834646
0
LINE
8
BLACK
6
CONTINUOUS
10
0.294768188976378
20
1.0709367322834646
11
0.2954475984251969
21
1.0700291732283465
0
LINE
8
BLACK
6
CONTINUOUS
10
0.2954475984251969
20
1.0700291732283465
11
0.2964243700787402
21
1.0674102755905512
0
LINE
8
BLACK
6
CONTINUOUS
10
0.2964243700787402
20
1.0674102755905512
11
0.2964370078740157
21
1.0670564173228345
0
LINE
8
BLACK
6
CONTINUOUS
10
0.2964370078740157
20
1.0670564173228345
11
0.2964370078740157
21
0.9929435039370078
0
LINE
8
BLACK
6
CONTINUOUS
10
0.2964370078740157
20
0.9929435039370078
11
0.2956495275590551
21
0.9902615748031496
0
LINE
8
BLACK
6
CONTINUOUS
10
0.2956495275590551
20
0.9902615748031496
11
0.2954478346456693
21
0.9899711023622046
0
LINE
8
BLACK
6
CONTINUOUS
10
0.2954478346456693
20
0.9899711023622046
11
0.2947681496062992
21
0.9890631496062992
0
LINE
8
BLACK
6
CONTINUOUS
10
0.2947681496062992
20
0.9890631496062992
11
0.2927562598425197
21
0.9836691338582677
0
LINE
8
BLACK
6
CONTINUOUS
10
0.2927562598425197
20
0.9836691338582677
11
0.2925
21
0.9812853937007874
0
LINE
8
BLACK
6
CONTINUOUS
10
0.2925
20
0.9812853937007874
11
0.2925
21
0.8987145669291339
0
LINE
8
BLACK
6
CONTINUOUS
10
0.2925
20
0.8987145669291339
11
0.2927562598425197
21
0.8963308267716535
0
LINE
8
BLACK
6
CONTINUOUS
10
0.2927562598425197
20
0.8963308267716535
11
0.2927563385826771
21
0.8963305118110236
0
LINE
8
BLACK
6
CONTINUOUS
10
0.2927563385826771
20
0.8963305118110236
11
0.2947681102362205
21
0.8909368897637795
0
LINE
8
BLACK
6
CONTINUOUS
10
0.2947681102362205
20
0.8909368897637795
11
0.294768188976378
21
0.8909367322834646
0
LINE
8
BLACK
6
CONTINUOUS
10
0.294768188976378
20
0.8909367322834646
11
0.2954475984251969
21
0.8900291732283464
0
LINE
8
BLACK
6
CONTINUOUS
10
0.2954475984251969
20
0.8900291732283464
11
0.2964243700787402
21
0.8874102755905512
0
LINE
8
BLACK
6
CONTINUOUS
10
0.2964243700787402
20
0.8874102755905512
11
0.2964370078740157
21
0.8870564173228346
0
LINE
8
BLACK
6
CONTINUOUS
10
0.2964370078740157
20
0.8870564173228346
11
0.2964370078740157
21
0.8129435039370079
0
LINE
8
BLACK
6
CONTINUOUS
10
0.2964370078740157
20
0.8129435039370079
11
0.2956495275590551
21
0.8102615748031496
0
LINE
8
BLACK
6
CONTINUOUS
10
0.2956495275590551
20
0.8102615748031496
11
0.2954478346456693
21
0.8099711023622047
0
LINE
8
BLACK
6
CONTINUOUS
10
0.2954478346456693
20
0.8099711023622047
11
0.2947681496062992
21
0.8090631496062992
0
LINE
8
BLACK
6
CONTINUOUS
10
0.2947681496062992
20
0.8090631496062992
11
0.2927562598425197
21
0.8036691338582677
0
LINE
8
BLACK
6
CONTINUOUS
10
0.2927562598425197
20
0.8036691338582677
11
0.2925
21
0.8012853937007873
0
LINE
8
BLACK
6
CONTINUOUS
10
0.2925
20
0.8012853937007873
11
0.2925
21
0.7187145669291338
0
LINE
8
BLACK
6
CONTINUOUS
10
0.2925
20
0.7187145669291338
11
0.2927562598425197
21
0.7163308267716535
0
LINE
8
BLACK
6
CONTINUOUS
10
0.2927562598425197
20
0.7163308267716535
11
0.2927563385826771
21
0.7163305118110236
0
LINE
8
BLACK
6
CONTINUOUS
10
0.2927563385826771
20
0.7163305118110236
11
0.2947681102362205
21
0.7109368897637796
0
LINE
8
BLACK
6
CONTINUOUS
10
0.2947681102362205
20
0.7109368897637796
11
0.294768188976378
21
0.7109367322834645
0
LINE
8
BLACK
6
CONTINUOUS
10
0.294768188976378
20
0.7109367322834645
11
0.2954475984251969
21
0.7100291732283465
0
LINE
8
BLACK
6
CONTINUOUS
10
0.2954475984251969
20
0.7100291732283465
11
0.2964243700787402
21
0.7074102755905511
0
LINE
8
BLACK
6
CONTINUOUS
10
0.2964243700787402
20
0.7074102755905511
11
0.2964370078740157
21
0.7070564173228346
0
LINE
8
BLACK
6
CONTINUOUS
10
0.2964370078740157
20
0.7070564173228346
11
0.2964370078740157
21
0.6329435039370078
0
LINE
8
BLACK
6
CONTINUOUS
10
0.2964370078740157
20
0.6329435039370078
11
0.2956495275590551
21
0.6302615748031496
0
LINE
8
BLACK
6
CONTINUOUS
10
0.2956495275590551
20
0.6302615748031496
11
0.2954478346456693
21
0.6299711023622047
0
LINE
8
BLACK
6
CONTINUOUS
10
0.2954478346456693
20
0.6299711023622047
11
0.2947681496062992
21
0.6290631496062992
0
LINE
8
BLACK
6
CONTINUOUS
10
0.2947681496062992
20
0.6290631496062992
11
0.2927562598425197
21
0.6236691338582677
0
LINE
8
BLACK
6
CONTINUOUS
10
0.2927562598425197
20
0.6236691338582677
11
0.2925
21
0.6212853937007874
0
LINE
8
BLACK
6
CONTINUOUS
10
0.2925
20
0.6212853937007874
11
0.2925
21
0.5387145669291339
0
LINE
8
BLACK
6
CONTINUOUS
10
0.2925
20
0.5387145669291339
11
0.2927562598425197
21
0.5363308267716536
0
LINE
8
BLACK
6
CONTINUOUS
10
0.2927562598425197
20
0.5363308267716536
11
0.2927563385826771
21
0.5363305118110236
0
LINE
8
BLACK
6
CONTINUOUS
10
0.2927563385826771
20
0.5363305118110236
11
0.2947681102362205
21
0.5309368897637795
0
LINE
8
BLACK
6
CONTINUOUS
10
0.2947681102362205
20
0.5309368897637795
11
0.294768188976378
21
0.5309367322834646
0
LINE
8
BLACK
6
CONTINUOUS
10
0.294768188976378
20
0.5309367322834646
11
0.2954475984251969
21
0.5300291732283464
0
LINE
8
BLACK
6
CONTINUOUS
10
0.2954475984251969
20
0.5300291732283464
11
0.2964243700787402
21
0.5274102755905512
0
LINE
8
BLACK
6
CONTINUOUS
10
0.2964243700787402
20
0.5274102755905512
11
0.2964370078740157
21
0.5270564173228346
0
LINE
8
BLACK
6
CONTINUOUS
10
0.2964370078740157
20
0.5270564173228346
11
0.2964370078740157
21
0.4835535433070866
0
LINE
8
BLACK
6
CONTINUOUS
10
0.2964370078740157
20
0.4835535433070866
11
0.2964019291338583
21
0.4829646456692913
0
LINE
8
BLACK
6
CONTINUOUS
10
0.2964019291338583
20
0.4829646456692913
11
0.2961722047244094
21
0.4810432283464567
0
LINE
8
BLACK
6
CONTINUOUS
10
0.2961722047244094
20
0.4810432283464567
11
0.2967666929133858
21
0.4727300787401575
0
LINE
8
BLACK
6
CONTINUOUS
10
0.2967666929133858
20
0.4727300787401575
11
0.298923937007874
21
0.4646792913385827
0
LINE
8
BLACK
6
CONTINUOUS
10
0.298923937007874
20
0.4646792913385827
11
0.2989240551181102
21
0.4646789763779527
0
LINE
8
BLACK
6
CONTINUOUS
10
0.2989240551181102
20
0.4646789763779527
11
0.3025654724409449
21
0.4571828346456693
0
LINE
8
BLACK
6
CONTINUOUS
10
0.3025654724409449
20
0.4571828346456693
11
0.3025656692913386
21
0.4571825590551181
0
LINE
8
BLACK
6
CONTINUOUS
10
0.3025656692913386
20
0.4571825590551181
11
0.306003937007874
21
0.4525895275590551
0
LINE
8
BLACK
6
CONTINUOUS
10
0.306003937007874
20
0.4525895275590551
11
0.3067633070866141
21
0.451575157480315
0
LINE
8
BLACK
6
CONTINUOUS
10
0.3067633070866141
20
0.451575157480315
11
0.3077401181102362
21
0.4489562598425197
0
LINE
8
BLACK
6
CONTINUOUS
10
0.3077401181102362
20
0.4489562598425197
11
0.3071459448818897
21
0.446225
0
LINE
8
BLACK
6
CONTINUOUS
10
0.3071459448818897
20
0.446225
11
0.3051694881889764
21
0.4442485039370079
0
LINE
8
BLACK
6
CONTINUOUS
10
0.3051694881889764
20
0.4442485039370079
11
0.302792125984252
21
0.4436417322834645
0
LINE
8
BLACK
6
CONTINUOUS
10
0.302792125984252
20
0.4436417322834645
11
0.3000529921259842
21
0.4436417322834645
0
LINE
8
BLACK
6
CONTINUOUS
10
0.3000529921259842
20
0.4436417322834645
11
0.297371062992126
21
0.4444292125984252
0
LINE
8
BLACK
6
CONTINUOUS
10
0.297371062992126
20
0.4444292125984252
11
0.2965453149606299
21
0.4450946850393701
0
LINE
8
BLACK
6
CONTINUOUS
10
0.2965453149606299
20
0.4450946850393701
11
0.1489529527559055
21
0.5926870472440945
0
LINE
8
BLACK
6
CONTINUOUS
10
0.1489529527559055
20
0.5926870472440945
11
0.1476133464566929
21
0.5951402755905512
0
LINE
8
BLACK
6
CONTINUOUS
10
0.1476133464566929
20
0.5951402755905512
11
0.1475
21
0.5961947244094488
0
LINE
8
BLACK
6
CONTINUOUS
10
0.1475
20
0.5961947244094488
11
0.1475
21
0.6055366929133859
0
LINE
8
BLACK
6
CONTINUOUS
10
0.1475
20
0.6055366929133859
11
0.1474999606299213
21
0.6055373622047244
0
LINE
8
BLACK
6
CONTINUOUS
10
0.1474999606299213
20
0.6055373622047244
11
0.1472437007874016
21
0.6079211023622048
0
LINE
8
BLACK
6
CONTINUOUS
10
0.1472437007874016
20
0.6079211023622048
11
0.1472436614173228
21
0.6079211417322834
0
LINE
8
BLACK
6
CONTINUOUS
10
0.1472436614173228
20
0.6079211417322834
11
0.1472436614173228
21
0.6079212992125984
0
LINE
8
BLACK
6
CONTINUOUS
10
0.1472436614173228
20
0.6079212992125984
11
0.1452318503937008
21
0.6133151181102362
0
LINE
8
BLACK
6
CONTINUOUS
10
0.1452318503937008
20
0.6133151181102362
11
0.1445524409448819
21
0.6142226377952755
0
LINE
8
BLACK
6
CONTINUOUS
10
0.1445524409448819
20
0.6142226377952755
11
0.1435756299212598
21
0.6168414960629921
0
LINE
8
BLACK
6
CONTINUOUS
10
0.1435756299212598
20
0.6168414960629921
11
0.1435629921259843
21
0.6171954724409449
0
LINE
8
BLACK
6
CONTINUOUS
10
0.1435629921259843
20
0.6171954724409449
11
0.1435629921259843
21
0.7228044488188976
0
LINE
8
BLACK
6
CONTINUOUS
10
0.1435629921259843
20
0.7228044488188976
11
0.1443504724409449
21
0.7254863779527558
0
LINE
8
BLACK
6
CONTINUOUS
10
0.1443504724409449
20
0.7254863779527558
11
0.1445524015748031
21
0.7257772047244094
0
LINE
8
BLACK
6
CONTINUOUS
10
0.1445524015748031
20
0.7257772047244094
11
0.1452317716535433
21
0.7266847637795275
0
LINE
8
BLACK
6
CONTINUOUS
10
0.1452317716535433
20
0.7266847637795275
11
0.1452318503937008
21
0.7266849212598425
0
LINE
8
BLACK
6
CONTINUOUS
10
0.1452318503937008
20
0.7266849212598425
11
0.1472436220472441
21
0.7320785433070865
0
LINE
8
BLACK
6
CONTINUOUS
10
0.1472436220472441
20
0.7320785433070865
11
0.1472437007874016
21
0.7320788582677166
0
LINE
8
BLACK
6
CONTINUOUS
10
0.1472437007874016
20
0.7320788582677166
11
0.1474999606299213
21
0.7344625984251968
0
LINE
8
BLACK
6
CONTINUOUS
10
0.1474999606299213
20
0.7344625984251968
11
0.1475
21
0.7344632677165354
0
LINE
8
BLACK
6
CONTINUOUS
10
0.1475
20
0.7344632677165354
11
0.1475
21
0.7855366929133858
0
LINE
8
BLACK
6
CONTINUOUS
10
0.1475
20
0.7855366929133858
11
0.1474999606299213
21
0.7855373622047244
0
LINE
8
BLACK
6
CONTINUOUS
10
0.1474999606299213
20
0.7855373622047244
11
0.1472437007874016
21
0.7879211023622047
0
LINE
8
BLACK
6
CONTINUOUS
10
0.1472437007874016
20
0.7879211023622047
11
0.1472436614173228
21
0.7879211417322834
0
LINE
8
BLACK
6
CONTINUOUS
10
0.1472436614173228
20
0.7879211417322834
11
0.1472436614173228
21
0.7879212992125985
0
LINE
8
BLACK
6
CONTINUOUS
10
0.1472436614173228
20
0.7879212992125985
11
0.1452318503937008
21
0.7933151181102363
0
LINE
8
BLACK
6
CONTINUOUS
10
0.1452318503937008
20
0.7933151181102363
11
0.1445524409448819
21
0.7942226377952756
0
LINE
8
BLACK
6
CONTINUOUS
10
0.1445524409448819
20
0.7942226377952756
11
0.1435756299212598
21
0.7968414960629921
0
LINE
8
BLACK
6
CONTINUOUS
10
0.1435756299212598
20
0.7968414960629921
11
0.1435629921259843
21
0.7971954724409449
0
LINE
8
BLACK
6
CONTINUOUS
10
0.1435629921259843
20
0.7971954724409449
11
0.1435629921259843
21
0.9028044488188977
0
LINE
8
BLACK
6
CONTINUOUS
10
0.1435629921259843
20
0.9028044488188977
11
0.1443504724409449
21
0.9054863779527559
0
LINE
8
BLACK
6
CONTINUOUS
10
0.1443504724409449
20
0.9054863779527559
11
0.1445524015748031
21
0.9057772047244095
0
LINE
8
BLACK
6
CONTINUOUS
10
0.1445524015748031
20
0.9057772047244095
11
0.1452317716535433
21
0.9066847637795276
0
LINE
8
BLACK
6
CONTINUOUS
10
0.1452317716535433
20
0.9066847637795276
11
0.1452318503937008
21
0.9066849212598425
0
LINE
8
BLACK
6
CONTINUOUS
10
0.1452318503937008
20
0.9066849212598425
11
0.1472436220472441
21
0.9120785433070866
0
LINE
8
BLACK
6
CONTINUOUS
10
0.1472436220472441
20
0.9120785433070866
11
0.1472437007874016
21
0.9120788582677165
0
LINE
8
BLACK
6
CONTINUOUS
10
0.1472437007874016
20
0.9120788582677165
11
0.1474999606299213
21
0.9144625984251968
0
LINE
8
BLACK
6
CONTINUOUS
10
0.1474999606299213
20
0.9144625984251968
11
0.1475
21
0.9144632677165354
0
LINE
8
BLACK
6
CONTINUOUS
10
0.1475
20
0.9144632677165354
11
0.1475
21
0.9655366929133858
0
LINE
8
BLACK
6
CONTINUOUS
10
0.1475
20
0.9655366929133858
11
0.1474999606299213
21
0.9655373622047244
0
LINE
8
BLACK
6
CONTINUOUS
10
0.1474999606299213
20
0.9655373622047244
11
0.1472437007874016
21
0.9679211023622047
0
LINE
8
BLACK
6
CONTINUOUS
10
0.1472437007874016
20
0.9679211023622047
11
0.1472436614173228
21
0.9679211417322835
0
LINE
8
BLACK
6
CONTINUOUS
10
0.1472436614173228
20
0.9679211417322835
11
0.1472436614173228
21
0.9679212992125984
0
LINE
8
BLACK
6
CONTINUOUS
10
0.1472436614173228
20
0.9679212992125984
11
0.1452318503937008
21
0.9733151181102362
0
LINE
8
BLACK
6
CONTINUOUS
10
0.1452318503937008
20
0.9733151181102362
11
0.1445524409448819
21
0.9742226377952755
0
LINE
8
BLACK
6
CONTINUOUS
10
0.1445524409448819
20
0.9742226377952755
11
0.1435756299212598
21
0.9768414960629921
0
LINE
8
BLACK
6
CONTINUOUS
10
0.1435756299212598
20
0.9768414960629921
11
0.1435629921259843
21
0.9771954724409448
0
LINE
8
BLACK
6
CONTINUOUS
10
0.1435629921259843
20
0.9771954724409448
11
0.1435629921259843
21
1.0828044488188977
0
LINE
8
BLACK
6
CONTINUOUS
10
0.1435629921259843
20
1.0828044488188977
11
0.1443504724409449
21
1.0854863779527559
0
LINE
8
BLACK
6
CONTINUOUS
10
0.1443504724409449
20
1.0854863779527559
11
0.1445524015748031
21
1.0857772047244094
0
LINE
8
BLACK
6
CONTINUOUS
10
0.1445524015748031
20
1.0857772047244094
11
0.1452317716535433
21
1.0866847637795276
0
LINE
8
BLACK
6
CONTINUOUS
10
0.1452317716535433
20
1.0866847637795276
11
0.1452318503937008
21
1.0866849212598424
0
LINE
8
BLACK
6
CONTINUOUS
10
0.1452318503937008
20
1.0866849212598424
11
0.1472436220472441
21
1.0920785433070865
0
LINE
8
BLACK
6
CONTINUOUS
10
0.1472436220472441
20
1.0920785433070865
11
0.1472437007874016
21
1.0920788582677166
0
LINE
8
BLACK
6
CONTINUOUS
10
0.1472437007874016
20
1.0920788582677166
11
0.1474999606299213
21
1.0944625984251968
0
LINE
8
BLACK
6
CONTINUOUS
10
0.1474999606299213
20
1.0944625984251968
11
0.1475
21
1.0944632677165353
0
LINE
8
BLACK
6
CONTINUOUS
10
0.1475
20
1.0944632677165353
11
0.1475
21
1.1455366929133859
0
LINE
8
BLACK
6
CONTINUOUS
10
0.1475
20
1.1455366929133859
11
0.1474999606299213
21
1.1455373622047245
0
LINE
8
BLACK
6
CONTINUOUS
10
0.1474999606299213
20
1.1455373622047245
11
0.1472437007874016
21
1.1479211023622047
0
LINE
8
BLACK
6
CONTINUOUS
10
0.1472437007874016
20
1.1479211023622047
11
0.1472436220472441
21
1.1479214173228347
0
LINE
8
BLACK
6
CONTINUOUS
10
0.1472436220472441
20
1.1479214173228347
11
0.1469669291338583
21
1.1486631889763779
0
LINE
8
BLACK
6
CONTINUOUS
10
0.1469669291338583
20
1.1486631889763779
11
0.1452318503937008
21
1.1533151181102361
0
LINE
8
BLACK
6
CONTINUOUS
10
0.1452318503937008
20
1.1533151181102361
11
0.1417819291338583
21
1.1579236614173227
0
LINE
8
BLACK
6
CONTINUOUS
10
0.1417819291338583
20
1.1579236614173227
11
0.1372917716535433
21
1.1612849606299211
0
LINE
8
BLACK
6
CONTINUOUS
10
0.1372917716535433
20
1.1612849606299211
11
0.1371735039370079
21
1.1613735039370079
0
LINE
8
BLACK
6
CONTINUOUS
10
0.1371735039370079
20
1.1613735039370079
11
0.1371734645669291
21
1.1613735039370079
0
LINE
8
BLACK
6
CONTINUOUS
10
0.1371734645669291
20
1.1613735039370079
11
0.1371733858267717
21
1.1613735826771654
0
LINE
8
BLACK
6
CONTINUOUS
10
0.1371733858267717
20
1.1613735826771654
11
0.1317795669291339
21
1.1633853937007874
0
LINE
8
BLACK
6
CONTINUOUS
10
0.1317795669291339
20
1.1633853937007874
11
0.1317794881889764
21
1.1633853937007874
0
LINE
8
BLACK
6
CONTINUOUS
10
0.1317794881889764
20
1.1633853937007874
11
0.1317793700787402
21
1.1633854330708662
0
LINE
8
BLACK
6
CONTINUOUS
10
0.1317793700787402
20
1.1633854330708662
11
0.1293956299212598
21
1.1636416929133857
0
LINE
8
BLACK
6
CONTINUOUS
10
0.1293956299212598
20
1.1636416929133857
11
0.1293954724409449
21
1.1636416929133857
0
LINE
8
BLACK
6
CONTINUOUS
10
0.1293954724409449
20
1.1636416929133857
11
0.1293951968503937
21
1.1636417322834645
0
LINE
8
BLACK
6
CONTINUOUS
10
0.1293951968503937
20
1.1636417322834645
11
0.1293949606299213
21
1.1636417322834645
0
LINE
8
BLACK
6
CONTINUOUS
10
0.1293949606299213
20
1.1636417322834645
11
0.1249606299212598
21
1.1636417322834645
0
LINE
8
BLACK
6
CONTINUOUS
10
0.1249606299212598
20
1.1636417322834645
11
0.1222787007874016
21
1.1644292125984252
0
LINE
8
BLACK
6
CONTINUOUS
10
0.1222787007874016
20
1.1644292125984252
11
0.1204482677165354
21
1.1665416535433071
0
LINE
8
BLACK
6
CONTINUOUS
10
0.1204482677165354
20
1.1665416535433071
11
0.12
21
1.1686023622047244
0
LINE
8
BLACK
6
CONTINUOUS
10
0.12
20
1.1686023622047244
11
0.12
21
1.2557757480314959
0
LINE
8
BLACK
6
CONTINUOUS
10
0.12
20
1.2557757480314959
11
0.1207874803149606
21
1.2584576771653544
0
LINE
8
BLACK
6
CONTINUOUS
10
0.1207874803149606
20
1.2584576771653544
11
0.1228999212598425
21
1.2602881102362204
0
LINE
8
BLACK
6
CONTINUOUS
10
0.1228999212598425
20
1.2602881102362204
11
0.1256666141732283
21
1.2606859055118109
0
LINE
8
BLACK
6
CONTINUOUS
10
0.1256666141732283
20
1.2606859055118109
11
0.1270815354330709
21
1.2602601181102362
0
LINE
8
BLACK
6
CONTINUOUS
10
0.1270815354330709
20
1.2602601181102362
11
0.1351478346456693
21
1.2564450393700788
0
LINE
8
BLACK
6
CONTINUOUS
10
0.1351478346456693
20
1.2564450393700788
11
0.1396547244094488
21
1.2543134251968504
0
LINE
8
BLACK
6
CONTINUOUS
10
0.1396547244094488
20
1.2543134251968504
11
0.1542248031496063
21
1.2491001574803149
0
LINE
8
BLACK
6
CONTINUOUS
10
0.1542248031496063
20
1.2491001574803149
11
0.1617306299212598
21
1.2472200393700787
0
LINE
8
BLACK
6
CONTINUOUS
10
0.1617306299212598
20
1.2472200393700787
11
0.1692362204724409
21
1.2453399999999999
0
LINE
8
BLACK
6
CONTINUOUS
10
0.1692362204724409
20
1.2453399999999999
11
0.1692363779527559
21
1.2453399606299211
0
LINE
8
BLACK
6
CONTINUOUS
10
0.1692363779527559
20
1.2453399606299211
11
0.1692364566929134
21
1.2453399606299211
0
LINE
8
BLACK
6
CONTINUOUS
10
0.1692364566929134
20
1.2453399606299211
11
0.1845432283464567
21
1.2430694094488188
0
LINE
8
BLACK
6
CONTINUOUS
10
0.1845432283464567
20
1.2430694094488188
11
0.1845435433070866
21
1.2430693700787401
0
LINE
8
BLACK
6
CONTINUOUS
10
0.1845435433070866
20
1.2430693700787401
11
0.1845436614173228
21
1.2430693700787401
0
LINE
8
BLACK
6
CONTINUOUS
10
0.1845436614173228
20
1.2430693700787401
11
0.1911677952755906
21
1.2427439370078739
0
LINE
8
BLACK
6
CONTINUOUS
10
0.1911677952755906
20
1.2427439370078739
11
0.199999842519685
21
1.2423100393700788
0
LINE
8
BLACK
6
CONTINUOUS
10
0.199999842519685
20
1.2423100393700788
11
0.2
21
1.2423100393700788
0
LINE
8
BLACK
6
CONTINUOUS
10
0.2
20
1.2423100393700788
11
0.200000157480315
21
1.2423100393700788
0
LINE
8
BLACK
6
CONTINUOUS
10
0.200000157480315
20
1.2423100393700788
11
0.2077281496062992
21
1.2426896850393701
0
LINE
8
BLACK
6
CONTINUOUS
10
0.2077281496062992
20
1.2426896850393701
11
0.2154563385826772
21
1.2430693700787401
0
LINE
8
BLACK
6
CONTINUOUS
10
0.2154563385826772
20
1.2430693700787401
11
0.2154564566929134
21
1.2430693700787401
0
LINE
8
BLACK
6
CONTINUOUS
10
0.2154564566929134
20
1.2430693700787401
11
0.2154567322834646
21
1.2430694094488188
0
LINE
8
BLACK
6
CONTINUOUS
10
0.2154567322834646
20
1.2430694094488188
11
0.2307635039370079
21
1.2453399606299211
0
LINE
8
BLACK
6
CONTINUOUS
10
0.2307635039370079
20
1.2453399606299211
11
0.2307637795275591
21
1.2453399999999999
0
LINE
8
BLACK
6
CONTINUOUS
10
0.2307637795275591
20
1.2453399999999999
11
0.2420076771653543
21
1.2481564566929133
0
LINE
8
BLACK
6
CONTINUOUS
10
0.2420076771653543
20
1.2481564566929133
11
0.2457751574803149
21
1.2491001574803149
0
LINE
8
BLACK
6
CONTINUOUS
10
0.2457751574803149
20
1.2491001574803149
11
0.2603452362204725
21
1.2543134251968504
0
LINE
8
BLACK
6
CONTINUOUS
10
0.2603452362204725
20
1.2543134251968504
11
0.2603453543307087
21
1.2543134645669292
0
LINE
8
BLACK
6
CONTINUOUS
10
0.2603453543307087
20
1.2543134645669292
11
0.2743345275590551
21
1.2609298818897638
0
LINE
8
BLACK
6
CONTINUOUS
10
0.2743345275590551
20
1.2609298818897638
11
0.2876078346456693
21
1.2688855905511811
0
LINE
8
BLACK
6
CONTINUOUS
10
0.2876078346456693
20
1.2688855905511811
11
0.2876079133858268
21
1.2688856299212599
0
LINE
8
BLACK
6
CONTINUOUS
10
0.2876079133858268
20
1.2688856299212599
11
0.2887145275590551
21
1.2697063385826772
0
LINE
8
BLACK
6
CONTINUOUS
10
0.2887145275590551
20
1.2697063385826772
11
0.2913377559055118
21
1.2706714173228346
0
LINE
8
BLACK
6
CONTINUOUS
10
0.2913377559055118
20
1.2706714173228346
11
0.2940663385826772
21
1.2700650787401575
0
LINE
8
BLACK
6
CONTINUOUS
10
0.5193700787401575
20
1.5237007874015747
11
0.6406299212598425
21
1.5237007874015747
0
LINE
8
BLACK
6
CONTINUOUS
10
0.6406299212598425
20
1.5237007874015747
11
0.6406299212598425
21
1.5276377952755906
0
LINE
8
BLACK
6
CONTINUOUS
10
0.6406299212598425
20
1.5276377952755906
11
0.7193700787401575
21
1.5276377952755906
0
LINE
8
BLACK
6
CONTINUOUS
10
0.7193700787401575
20
1.5276377952755906
11
0.7193700787401575
21
1.5237007874015747
0
LINE
8
BLACK
6
CONTINUOUS
10
0.7193700787401575
20
1.5237007874015747
11
0.8406299212598425
21
1.5237007874015747
0
LINE
8
BLACK
6
CONTINUOUS
10
0.8406299212598425
20
1.5237007874015747
11
0.8406299212598425
21
1.5276377952755906
0
LINE
8
BLACK
6
CONTINUOUS
10
0.8406299212598425
20
1.5276377952755906
11
0.9193700787401574
21
1.5276377952755906
0
LINE
8
BLACK
6
CONTINUOUS
10
0.9193700787401574
20
1.5276377952755906
11
0.9193700787401574
21
1.5237007874015747
0
LINE
8
BLACK
6
CONTINUOUS
10
0.9193700787401574
20
1.5237007874015747
11
1.0406299212598424
21
1.5237007874015747
0
LINE
8
BLACK
6
CONTINUOUS
10
1.0406299212598424
20
1.5237007874015747
11
1.0406299212598424
21
1.5276377952755906
0
LINE
8
BLACK
6
CONTINUOUS
10
1.0406299212598424
20
1.5276377952755906
11
1.1193700787401575
21
1.5276377952755906
0
LINE
8
BLACK
6
CONTINUOUS
10
1.1193700787401575
20
1.5276377952755906
11
1.1193700787401575
21
1.47251968503937
0
LINE
8
BLACK
6
CONTINUOUS
10
1.1193700787401575
20
1.47251968503937
11
1.0406299212598424
21
1.47251968503937
0
LINE
8
BLACK
6
CONTINUOUS
10
1.0406299212598424
20
1.47251968503937
11
1.0406299212598424
21
1.4764566929133858
0
LINE
8
BLACK
6
CONTINUOUS
10
1.0406299212598424
20
1.4764566929133858
11
0.9193700787401574
21
1.4764566929133858
0
LINE
8
BLACK
6
CONTINUOUS
10
0.9193700787401574
20
1.4764566929133858
11
0.9193700787401574
21
1.47251968503937
0
LINE
8
BLACK
6
CONTINUOUS
10
0.9193700787401574
20
1.47251968503937
11
0.8406299212598425
21
1.47251968503937
0
LINE
8
BLACK
6
CONTINUOUS
10
0.8406299212598425
20
1.47251968503937
11
0.8406299212598425
21
1.4764566929133858
0
LINE
8
BLACK
6
CONTINUOUS
10
0.8406299212598425
20
1.4764566929133858
11
0.7193700787401575
21
1.4764566929133858
0
LINE
8
BLACK
6
CONTINUOUS
10
0.7193700787401575
20
1.4764566929133858
11
0.7193700787401575
21
1.47251968503937
0
LINE
8
BLACK
6
CONTINUOUS
10
0.7193700787401575
20
1.47251968503937
11
0.6406299212598425
21
1.47251968503937
0
LINE
8
BLACK
6
CONTINUOUS
10
0.6406299212598425
20
1.47251968503937
11
0.6406299212598425
21
1.4764566929133858
0
LINE
8
BLACK
6
CONTINUOUS
10
0.6406299212598425
20
1.4764566929133858
11
0.5193700787401575
21
1.4764566929133858
0
LINE
8
BLACK
6
CONTINUOUS
10
0.5193700787401575
20
1.4764566929133858
11
0.5193700787401575
21
1.47251968503937
0
LINE
8
BLACK
6
CONTINUOUS
10
0.5193700787401575
20
1.47251968503937
11
0.5036220472440944
21
1.47251968503937
0
LINE
8
BLACK
6
CONTINUOUS
10
0.5036220472440944
20
1.47251968503937
11
0.5036220472440944
21
1.4000001181102362
0
LINE
8
BLACK
6
CONTINUOUS
10
0.5036220472440944
20
1.4000001181102362
11
0.5036220472440944
21
1.3999999999999999
0
LINE
8
BLACK
6
CONTINUOUS
10
0.5036220472440944
20
1.3999999999999999
11
0.502817125984252
21
1.3938861811023622
0
LINE
8
BLACK
6
CONTINUOUS
10
0.502817125984252
20
1.3938861811023622
11
0.500457283464567
21
1.3881889763779527
0
LINE
8
BLACK
6
CONTINUOUS
10
0.500457283464567
20
1.3881889763779527
11
0.4967033070866141
21
1.3832966929133859
0
LINE
8
BLACK
6
CONTINUOUS
10
0.4967033070866141
20
1.3832966929133859
11
0.3637007874015748
21
1.2502941732283464
0
LINE
8
BLACK
6
CONTINUOUS
10
0.3637007874015748
20
1.2502941732283464
11
0.3637007874015748
21
1.1593700787401575
0
LINE
8
BLACK
6
CONTINUOUS
10
0.3637007874015748
20
1.1593700787401575
11
0.3676377952755905
21
1.1593700787401575
0
LINE
8
BLACK
6
CONTINUOUS
10
0.3676377952755905
20
1.1593700787401575
11
0.3676377952755905
21
1.0806299212598425
0
LINE
8
BLACK
6
CONTINUOUS
10
0.3676377952755905
20
1.0806299212598425
11
0.3637007874015748
21
1.0806299212598425
0
LINE
8
BLACK
6
CONTINUOUS
10
0.3637007874015748
20
1.0806299212598425
11
0.3637007874015748
21
0.9793700787401575
0
LINE
8
BLACK
6
CONTINUOUS
10
0.3637007874015748
20
0.9793700787401575
11
0.3676377952755905
21
0.9793700787401575
0
LINE
8
BLACK
6
CONTINUOUS
10
0.3676377952755905
20
0.9793700787401575
11
0.3676377952755905
21
0.9006299212598425
0
LINE
8
BLACK
6
CONTINUOUS
10
0.3676377952755905
20
0.9006299212598425
11
0.3637007874015748
21
0.9006299212598425
0
LINE
8
BLACK
6
CONTINUOUS
10
0.3637007874015748
20
0.9006299212598425
11
0.3637007874015748
21
0.7993700787401574
0
LINE
8
BLACK
6
CONTINUOUS
10
0.3637007874015748
20
0.7993700787401574
11
0.3676377952755905
21
0.7993700787401574
0
LINE
8
BLACK
6
CONTINUOUS
10
0.3676377952755905
20
0.7993700787401574
11
0.3676377952755905
21
0.7206299212598425
0
LINE
8
BLACK
6
CONTINUOUS
10
0.3676377952755905
20
0.7206299212598425
11
0.3637007874015748
21
0.7206299212598425
0
LINE
8
BLACK
6
CONTINUOUS
10
0.3637007874015748
20
0.7206299212598425
11
0.3637007874015748
21
0.6193700787401575
0
LINE
8
BLACK
6
CONTINUOUS
10
0.3637007874015748
20
0.6193700787401575
11
0.3676377952755905
21
0.6193700787401575
0
LINE
8
BLACK
6
CONTINUOUS
10
0.3676377952755905
20
0.6193700787401575
11
0.3676377952755905
21
0.5406299212598425
0
LINE
8
BLACK
6
CONTINUOUS
10
0.3676377952755905
20
0.5406299212598425
11
0.3637007874015748
21
0.5406299212598425
0
LINE
8
BLACK
6
CONTINUOUS
10
0.3637007874015748
20
0.5406299212598425
11
0.3637007874015748
21
0.4800787401574803
0
LINE
8
BLACK
6
CONTINUOUS
10
0.3637007874015748
20
0.4800787401574803
11
0.3628958661417322
21
0.4739649212598425
0
LINE
8
BLACK
6
CONTINUOUS
10
0.3628958661417322
20
0.4739649212598425
11
0.3605360236220472
21
0.4682677165354331
0
LINE
8
BLACK
6
CONTINUOUS
10
0.3605360236220472
20
0.4682677165354331
11
0.3577825196850394
21
0.4646792913385827
0
LINE
8
BLACK
6
CONTINUOUS
10
0.3577825196850394
20
0.4646792913385827
11
0.3567820472440945
21
0.4633754330708661
0
LINE
8
BLACK
6
CONTINUOUS
10
0.3567820472440945
20
0.4633754330708661
11
0.3567033070866142
21
0.4632966929133858
0
LINE
8
BLACK
6
CONTINUOUS
10
0.3567033070866142
20
0.4632966929133858
11
0.3518110236220472
21
0.459542716535433
0
LINE
8
BLACK
6
CONTINUOUS
10
0.3518110236220472
20
0.459542716535433
11
0.3461138188976378
21
0.457182874015748
0
LINE
8
BLACK
6
CONTINUOUS
10
0.3461138188976378
20
0.457182874015748
11
0.34
21
0.4563779527559055
0
LINE
8
BLACK
6
CONTINUOUS
10
0.34
20
0.4563779527559055
11
0.3338861811023622
21
0.457182874015748
0
LINE
8
BLACK
6
CONTINUOUS
10
0.3338861811023622
20
0.457182874015748
11
0.3281889763779527
21
0.459542716535433
0
LINE
8
BLACK
6
CONTINUOUS
10
0.3281889763779527
20
0.459542716535433
11
0.3232966929133858
21
0.4632966929133858
0
LINE
8
BLACK
6
CONTINUOUS
10
0.3232966929133858
20
0.4632966929133858
11
0.3195427165354331
21
0.4681889763779528
0
LINE
8
BLACK
6
CONTINUOUS
10
0.3195427165354331
20
0.4681889763779528
11
0.317182874015748
21
0.4738861811023622
0
LINE
8
BLACK
6
CONTINUOUS
10
0.317182874015748
20
0.4738861811023622
11
0.3163779527559055
21
0.48
0
LINE
8
BLACK
6
CONTINUOUS
10
0.3163779527559055
20
0.48
11
0.3164566929133858
21
0.4805980708661417
0
LINE
8
BLACK
6
CONTINUOUS
10
0.3164566929133858
20
0.4805980708661417
11
0.3164566929133858
21
0.5406299212598425
0
LINE
8
BLACK
6
CONTINUOUS
10
0.3164566929133858
20
0.5406299212598425
11
0.3125196850393701
21
0.5406299212598425
0
LINE
8
BLACK
6
CONTINUOUS
10
0.3125196850393701
20
0.5406299212598425
11
0.3125196850393701
21
0.6193700787401575
0
LINE
8
BLACK
6
CONTINUOUS
10
0.3125196850393701
20
0.6193700787401575
11
0.3164566929133858
21
0.6193700787401575
0
LINE
8
BLACK
6
CONTINUOUS
10
0.3164566929133858
20
0.6193700787401575
11
0.3164566929133858
21
0.7206299212598425
0
LINE
8
BLACK
6
CONTINUOUS
10
0.3164566929133858
20
0.7206299212598425
11
0.3125196850393701
21
0.7206299212598425
0
LINE
8
BLACK
6
CONTINUOUS
10
0.3125196850393701
20
0.7206299212598425
11
0.3125196850393701
21
0.7993700787401574
0
LINE
8
BLACK
6
CONTINUOUS
10
0.3125196850393701
20
0.7993700787401574
11
0.3164566929133858
21
0.7993700787401574
0
LINE
8
BLACK
6
CONTINUOUS
10
0.3164566929133858
20
0.7993700787401574
11
0.3164566929133858
21
0.9006299212598425
0
LINE
8
BLACK
6
CONTINUOUS
10
0.3164566929133858
20
0.9006299212598425
11
0.3125196850393701
21
0.9006299212598425
0
LINE
8
BLACK
6
CONTINUOUS
10
0.3125196850393701
20
0.9006299212598425
11
0.3125196850393701
21
0.9793700787401575
0
LINE
8
BLACK
6
CONTINUOUS
10
0.3125196850393701
20
0.9793700787401575
11
0.3164566929133858
21
0.9793700787401575
0
LINE
8
BLACK
6
CONTINUOUS
10
0.3164566929133858
20
0.9793700787401575
11
0.3164566929133858
21
1.0806299212598425
0
LINE
8
BLACK
6
CONTINUOUS
10
0.3164566929133858
20
1.0806299212598425
11
0.3125196850393701
21
1.0806299212598425
0
LINE
8
BLACK
6
CONTINUOUS
10
0.3125196850393701
20
1.0806299212598425
11
0.3125196850393701
21
1.1593700787401575
0
LINE
8
BLACK
6
CONTINUOUS
10
0.3125196850393701
20
1.1593700787401575
11
0.3164566929133858
21
1.1593700787401575
0
LINE
8
BLACK
6
CONTINUOUS
10
0.3164566929133858
20
1.1593700787401575
11
0.3164566929133858
21
1.2600787401574802
0
LINE
8
BLACK
6
CONTINUOUS
10
0.3164566929133858
20
1.2600787401574802
11
0.3172616141732283
21
1.2661925590551182
0
LINE
8
BLACK
6
CONTINUOUS
10
0.3172616141732283
20
1.2661925590551182
11
0.3196214566929134
21
1.2718897637795274
0
LINE
8
BLACK
6
CONTINUOUS
10
0.3196214566929134
20
1.2718897637795274
11
0.3233754330708661
21
1.2767820472440945
0
LINE
8
BLACK
6
CONTINUOUS
10
0.3233754330708661
20
1.2767820472440945
11
0.4563779527559055
21
1.4097845669291338
0
LINE
8
BLACK
6
CONTINUOUS
10
0.4563779527559055
20
1.4097845669291338
11
0.4563779527559055
21
1.47251968503937
0
LINE
8
BLACK
6
CONTINUOUS
10
0.4563779527559055
20
1.47251968503937
11
0.4406299212598425
21
1.47251968503937
0
LINE
8
BLACK
6
CONTINUOUS
10
0.4406299212598425
20
1.47251968503937
11
0.4406299212598425
21
1.5276377952755906
0
LINE
8
BLACK
6
CONTINUOUS
10
0.4406299212598425
20
1.5276377952755906
11
0.5193700787401575
21
1.5276377952755906
0
LINE
8
BLACK
6
CONTINUOUS
10
0.5193700787401575
20
1.5276377952755906
11
0.5193700787401575
21
1.5237007874015747
0
LINE
8
BLACK
6
CONTINUOUS
10
1.4399212598425197
20
0.6036220472440945
11
1.4460350787401575
21
0.602817125984252
0
LINE
8
BLACK
6
CONTINUOUS
10
1.4460350787401575
20
0.602817125984252
11
1.451732283464567
21
0.6004572834645669
0
LINE
8
BLACK
6
CONTINUOUS
10
1.451732283464567
20
0.6004572834645669
11
1.4566245669291338
21
0.5967033070866141
0
LINE
8
BLACK
6
CONTINUOUS
10
1.4566245669291338
20
0.5967033070866141
11
1.4658475590551181
21
0.5874803149606299
0
LINE
8
BLACK
6
CONTINUOUS
10
1.4658475590551181
20
0.5874803149606299
11
1.4836220472440944
21
0.5874803149606299
0
LINE
8
BLACK
6
CONTINUOUS
10
1.4836220472440944
20
0.5874803149606299
11
1.4836220472440944
21
0.5323622047244094
0
LINE
8
BLACK
6
CONTINUOUS
10
1.4836220472440944
20
0.5323622047244094
11
1.4363779527559055
21
0.5323622047244094
0
LINE
8
BLACK
6
CONTINUOUS
10
1.4363779527559055
20
0.5323622047244094
11
1.4363779527559055
21
0.5501366929133858
0
LINE
8
BLACK
6
CONTINUOUS
10
1.4363779527559055
20
0.5501366929133858
11
1.4301366929133859
21
0.5563779527559055
0
LINE
8
BLACK
6
CONTINUOUS
10
1.4301366929133859
20
0.5563779527559055
11
1.3999999999999999
21
0.5563779527559055
0
LINE
8
BLACK
6
CONTINUOUS
10
1.3999999999999999
20
0.5563779527559055
11
1.3938861811023622
21
0.5571828740157481
0
LINE
8
BLACK
6
CONTINUOUS
10
1.3938861811023622
20
0.5571828740157481
11
1.3881889763779527
21
0.5595427165354331
0
LINE
8
BLACK
6
CONTINUOUS
10
1.3881889763779527
20
0.5595427165354331
11
1.3832966929133859
21
0.5632966929133858
0
LINE
8
BLACK
6
CONTINUOUS
10
1.3832966929133859
20
0.5632966929133858
11
1.379542716535433
21
0.5681889763779527
0
LINE
8
BLACK
6
CONTINUOUS
10
1.379542716535433
20
0.5681889763779527
11
1.3771828740157479
21
0.5738861811023622
0
LINE
8
BLACK
6
CONTINUOUS
10
1.3771828740157479
20
0.5738861811023622
11
1.3763779527559055
21
0.58
0
LINE
8
BLACK
6
CONTINUOUS
10
1.3763779527559055
20
0.58
11
1.3771828740157479
21
0.5861138188976378
0
LINE
8
BLACK
6
CONTINUOUS
10
1.3771828740157479
20
0.5861138188976378
11
1.379542716535433
21
0.5918110236220472
0
LINE
8
BLACK
6
CONTINUOUS
10
1.379542716535433
20
0.5918110236220472
11
1.3832966929133859
21
0.5967033070866141
0
LINE
8
BLACK
6
CONTINUOUS
10
1.3832966929133859
20
0.5967033070866141
11
1.3881889763779527
21
0.6004572834645669
0
LINE
8
BLACK
6
CONTINUOUS
10
1.3881889763779527
20
0.6004572834645669
11
1.3938861811023622
21
0.602817125984252
0
LINE
8
BLACK
6
CONTINUOUS
10
1.3938861811023622
20
0.602817125984252
11
1.3999999999999999
21
0.6036220472440945
0
LINE
8
BLACK
6
CONTINUOUS
10
1.3999999999999999
20
0.6036220472440945
11
1.4399212598425197
21
0.6036220472440945
0
LINE
8
BLACK
6
CONTINUOUS
10
1.4097383858267716
20
0.7556495275590551
11
1.410028937007874
21
0.7554477559055118
0
LINE
8
BLACK
6
CONTINUOUS
10
1.410028937007874
20
0.7554477559055118
11
1.4103178346456693
21
0.7552314960629921
0
LINE
8
BLACK
6
CONTINUOUS
10
1.4103178346456693
20
0.7552314960629921
11
1.4109368503937008
21
0.7547681102362205
0
LINE
8
BLACK
6
CONTINUOUS
10
1.4109368503937008
20
0.7547681102362205
11
1.4163305118110237
21
0.7527563385826771
0
LINE
8
BLACK
6
CONTINUOUS
10
1.4163305118110237
20
0.7527563385826771
11
1.4163308267716535
21
0.7527562598425197
0
LINE
8
BLACK
6
CONTINUOUS
10
1.4163308267716535
20
0.7527562598425197
11
1.4187145669291339
21
0.7524999999999999
0
LINE
8
BLACK
6
CONTINUOUS
10
1.4187145669291339
20
0.7524999999999999
11
1.4750393700787401
21
0.7524999999999999
0
LINE
8
BLACK
6
CONTINUOUS
10
1.4750393700787401
20
0.7524999999999999
11
1.4777212992125983
21
0.7517125196850394
0
LINE
8
BLACK
6
CONTINUOUS
10
1.4777212992125983
20
0.7517125196850394
11
1.4795517322834646
21
0.7496000787401574
0
LINE
8
BLACK
6
CONTINUOUS
10
1.4795517322834646
20
0.7496000787401574
11
1.48
21
0.7475393700787402
0
LINE
8
BLACK
6
CONTINUOUS
10
1.48
20
0.7475393700787402
11
1.48
21
0.6136698818897638
0
LINE
8
BLACK
6
CONTINUOUS
10
1.48
20
0.6136698818897638
11
1.4792125196850394
21
0.6109879527559055
0
LINE
8
BLACK
6
CONTINUOUS
10
1.4792125196850394
20
0.6109879527559055
11
1.4771000787401574
21
0.6091575196850394
0
LINE
8
BLACK
6
CONTINUOUS
10
1.4771000787401574
20
0.6091575196850394
11
1.4743333858267715
21
0.6087597244094488
0
LINE
8
BLACK
6
CONTINUOUS
10
1.4743333858267715
20
0.6087597244094488
11
1.4717908661417323
21
0.609920905511811
0
LINE
8
BLACK
6
CONTINUOUS
10
1.4717908661417323
20
0.609920905511811
11
1.4716176771653542
21
0.6100782283464566
0
LINE
8
BLACK
6
CONTINUOUS
10
1.4716176771653542
20
0.6100782283464566
11
1.4704534645669292
21
0.6111883070866142
0
LINE
8
BLACK
6
CONTINUOUS
10
1.4704534645669292
20
0.6111883070866142
11
1.4703740157480314
21
0.611265905511811
0
LINE
8
BLACK
6
CONTINUOUS
10
1.4703740157480314
20
0.611265905511811
11
1.4693106692913385
21
0.6123293307086614
0
LINE
8
BLACK
6
CONTINUOUS
10
1.4693106692913385
20
0.6123293307086614
11
1.4690456299212598
21
0.6125481102362205
0
LINE
8
BLACK
6
CONTINUOUS
10
1.4690456299212598
20
0.6125481102362205
11
1.4687811811023621
21
0.612782874015748
0
LINE
8
BLACK
6
CONTINUOUS
10
1.4687811811023621
20
0.612782874015748
11
1.4683805118110236
21
0.6131648818897638
0
LINE
8
BLACK
6
CONTINUOUS
10
1.4683805118110236
20
0.6131648818897638
11
1.4670214960629921
21
0.6144607480314961
0
LINE
8
BLACK
6
CONTINUOUS
10
1.4670214960629921
20
0.6144607480314961
11
1.4659510236220472
21
0.6151486220472441
0
LINE
8
BLACK
6
CONTINUOUS
10
1.4659510236220472
20
0.6151486220472441
11
1.4654754330708661
21
0.615495905511811
0
LINE
8
BLACK
6
CONTINUOUS
10
1.4654754330708661
20
0.615495905511811
11
1.4644940551181103
21
0.6163062598425196
0
LINE
8
BLACK
6
CONTINUOUS
10
1.4644940551181103
20
0.6163062598425196
11
1.4623592913385826
21
0.6174718503937008
0
LINE
8
BLACK
6
CONTINUOUS
10
1.4623592913385826
20
0.6174718503937008
11
1.4620560236220472
21
0.617651811023622
0
LINE
8
BLACK
6
CONTINUOUS
10
1.4620560236220472
20
0.617651811023622
11
1.46001
21
0.6189667716535433
0
LINE
8
BLACK
6
CONTINUOUS
10
1.46001
20
0.6189667716535433
11
1.4588291732283465
21
0.6194394881889763
0
LINE
8
BLACK
6
CONTINUOUS
10
1.4588291732283465
20
0.6194394881889763
11
1.4582952755905512
21
0.6196910236220472
0
LINE
8
BLACK
6
CONTINUOUS
10
1.4582952755905512
20
0.6196910236220472
11
1.4582887401574802
21
0.6196945669291338
0
LINE
8
BLACK
6
CONTINUOUS
10
1.4582887401574802
20
0.6196945669291338
11
1.4571789763779528
21
0.6203005905511811
0
LINE
8
BLACK
6
CONTINUOUS
10
1.4571789763779528
20
0.6203005905511811
11
1.4548627559055118
21
0.6210409448818898
0
LINE
8
BLACK
6
CONTINUOUS
10
1.4548627559055118
20
0.6210409448818898
11
1.4545303149606299
21
0.6211604724409449
0
LINE
8
BLACK
6
CONTINUOUS
10
1.4545303149606299
20
0.6211604724409449
11
1.4522724803149607
21
0.6220644094488189
0
LINE
8
BLACK
6
CONTINUOUS
10
1.4522724803149607
20
0.6220644094488189
11
1.4510231102362205
21
0.6223051574803149
0
LINE
8
BLACK
6
CONTINUOUS
10
1.4510231102362205
20
0.6223051574803149
11
1.450451653543307
21
0.6224510236220472
0
LINE
8
BLACK
6
CONTINUOUS
10
1.450451653543307
20
0.6224510236220472
11
1.4492401574803149
21
0.6228383464566929
0
LINE
8
BLACK
6
CONTINUOUS
10
1.4492401574803149
20
0.6228383464566929
11
1.4468256299212598
21
0.6231270078740158
0
LINE
8
BLACK
6
CONTINUOUS
10
1.4468256299212598
20
0.6231270078740158
11
1.4464772047244094
21
0.6231813385826771
0
LINE
8
BLACK
6
CONTINUOUS
10
1.4464772047244094
20
0.6231813385826771
11
1.4440885433070867
21
0.6236417322834645
0
LINE
8
BLACK
6
CONTINUOUS
10
1.4440885433070867
20
0.6236417322834645
11
1.4440883858267717
21
0.6236417322834645
0
LINE
8
BLACK
6
CONTINUOUS
10
1.4440883858267717
20
0.6236417322834645
11
1.4428162598425196
21
0.6236417322834645
0
LINE
8
BLACK
6
CONTINUOUS
10
1.4428162598425196
20
0.6236417322834645
11
1.4422274015748031
21
0.623676811023622
0
LINE
8
BLACK
6
CONTINUOUS
10
1.4422274015748031
20
0.623676811023622
11
1.4422091732283464
21
0.6236789763779528
0
LINE
8
BLACK
6
CONTINUOUS
10
1.4422091732283464
20
0.6236789763779528
11
1.4409645669291338
21
0.6238277952755905
0
LINE
8
BLACK
6
CONTINUOUS
10
1.4409645669291338
20
0.6238277952755905
11
1.4385395669291339
21
0.6236543700787401
0
LINE
8
BLACK
6
CONTINUOUS
10
1.4385395669291339
20
0.6236543700787401
11
1.4381857086614174
21
0.6236417322834645
0
LINE
8
BLACK
6
CONTINUOUS
10
1.4381857086614174
20
0.6236417322834645
11
1.3979211417322834
21
0.6236417322834645
0
LINE
8
BLACK
6
CONTINUOUS
10
1.3979211417322834
20
0.6236417322834645
11
1.391703188976378
21
0.6230479921259843
0
LINE
8
BLACK
6
CONTINUOUS
10
1.391703188976378
20
0.6230479921259843
11
1.385698031496063
21
0.6212847244094488
0
LINE
8
BLACK
6
CONTINUOUS
10
1.385698031496063
20
0.6212847244094488
11
1.3837061023622046
21
0.620699842519685
0
LINE
8
BLACK
6
CONTINUOUS
10
1.3837061023622046
20
0.620699842519685
11
1.3769086614173227
21
0.6171954724409449
0
LINE
8
BLACK
6
CONTINUOUS
10
1.3769086614173227
20
0.6171954724409449
11
1.3762981889763779
21
0.6168807480314961
0
LINE
8
BLACK
6
CONTINUOUS
10
1.3762981889763779
20
0.6168807480314961
11
1.3729180708661417
21
0.6142225984251969
0
LINE
8
BLACK
6
CONTINUOUS
10
1.3729180708661417
20
0.6142225984251969
11
1.3697466141732284
21
0.6117285433070866
0
LINE
8
BLACK
6
CONTINUOUS
10
1.3697466141732284
20
0.6117285433070866
11
1.3642888976377952
21
0.60543
0
LINE
8
BLACK
6
CONTINUOUS
10
1.3642888976377952
20
0.60543
11
1.3642885826771654
21
0.6054295669291339
0
LINE
8
BLACK
6
CONTINUOUS
10
1.3642885826771654
20
0.6054295669291339
11
1.3601216141732284
21
0.5982120866141732
0
LINE
8
BLACK
6
CONTINUOUS
10
1.3601216141732284
20
0.5982120866141732
11
1.3601214960629922
21
0.5982118110236221
0
LINE
8
BLACK
6
CONTINUOUS
10
1.3601214960629922
20
0.5982118110236221
11
1.3573182677165354
21
0.5901124015748032
0
LINE
8
BLACK
6
CONTINUOUS
10
1.3573182677165354
20
0.5901124015748032
11
1.3572252755905512
21
0.5901445669291339
0
LINE
8
BLACK
6
CONTINUOUS
10
1.3572252755905512
20
0.5901445669291339
11
1.3560417716535433
21
0.5880941338582677
0
LINE
8
BLACK
6
CONTINUOUS
10
1.3560417716535433
20
0.5880941338582677
11
1.3535574803149606
21
0.586813031496063
0
LINE
8
BLACK
6
CONTINUOUS
10
1.3535574803149606
20
0.586813031496063
11
1.3507749606299213
21
0.5870783858267716
0
LINE
8
BLACK
6
CONTINUOUS
10
1.3507749606299213
20
0.5870783858267716
11
1.3485776377952756
21
0.5888059842519685
0
LINE
8
BLACK
6
CONTINUOUS
10
1.3485776377952756
20
0.5888059842519685
11
1.3476631102362204
21
0.5914472834645669
0
LINE
8
BLACK
6
CONTINUOUS
10
1.3476631102362204
20
0.5914472834645669
11
1.3476574803149606
21
0.5916838976377953
0
LINE
8
BLACK
6
CONTINUOUS
10
1.3476574803149606
20
0.5916838976377953
11
1.3476574803149606
21
0.6212847244094488
0
LINE
8
BLACK
6
CONTINUOUS
10
1.3476574803149606
20
0.6212847244094488
11
1.3476574409448818
21
0.6212853937007874
0
LINE
8
BLACK
6
CONTINUOUS
10
1.3476574409448818
20
0.6212853937007874
11
1.3474011811023621
21
0.6236691338582677
0
LINE
8
BLACK
6
CONTINUOUS
10
1.3474011811023621
20
0.6236691338582677
11
1.3474011417322835
21
0.6236691732283465
0
LINE
8
BLACK
6
CONTINUOUS
10
1.3474011417322835
20
0.6236691732283465
11
1.3474011417322835
21
0.6236693307086614
0
LINE
8
BLACK
6
CONTINUOUS
10
1.3474011417322835
20
0.6236693307086614
11
1.3453893307086613
21
0.6290631496062992
0
LINE
8
BLACK
6
CONTINUOUS
10
1.3453893307086613
20
0.6290631496062992
11
1.3447099212598426
21
0.6299706692913386
0
LINE
8
BLACK
6
CONTINUOUS
10
1.3447099212598426
20
0.6299706692913386
11
1.3437331102362204
21
0.6325895275590551
0
LINE
8
BLACK
6
CONTINUOUS
10
1.3437331102362204
20
0.6325895275590551
11
1.3437204724409448
21
0.6329435039370078
0
LINE
8
BLACK
6
CONTINUOUS
10
1.3437204724409448
20
0.6329435039370078
11
1.3437204724409448
21
0.7070564173228346
0
LINE
8
BLACK
6
CONTINUOUS
10
1.3437204724409448
20
0.7070564173228346
11
1.3445079527559054
21
0.7097383464566929
0
LINE
8
BLACK
6
CONTINUOUS
10
1.3445079527559054
20
0.7097383464566929
11
1.3447098818897638
21
0.7100291732283465
0
LINE
8
BLACK
6
CONTINUOUS
10
1.3447098818897638
20
0.7100291732283465
11
1.345389251968504
21
0.7109367322834645
0
LINE
8
BLACK
6
CONTINUOUS
10
1.345389251968504
20
0.7109367322834645
11
1.3453893307086613
21
0.7109368897637796
0
LINE
8
BLACK
6
CONTINUOUS
10
1.3453893307086613
20
0.7109368897637796
11
1.3474011023622048
21
0.7163305118110236
0
LINE
8
BLACK
6
CONTINUOUS
10
1.3474011023622048
20
0.7163305118110236
11
1.3474011811023621
21
0.7163308267716535
0
LINE
8
BLACK
6
CONTINUOUS
10
1.3474011811023621
20
0.7163308267716535
11
1.3476574409448818
21
0.7187145669291338
0
LINE
8
BLACK
6
CONTINUOUS
10
1.3476574409448818
20
0.7187145669291338
11
1.3476574803149606
21
0.7187152362204724
0
LINE
8
BLACK
6
CONTINUOUS
10
1.3476574803149606
20
0.7187152362204724
11
1.3476574803149606
21
0.7438052755905512
0
LINE
8
BLACK
6
CONTINUOUS
10
1.3476574803149606
20
0.7438052755905512
11
1.3484449606299211
21
0.7464872047244094
0
LINE
8
BLACK
6
CONTINUOUS
10
1.3484449606299211
20
0.7464872047244094
11
1.3491104330708661
21
0.7473129527559055
0
LINE
8
BLACK
6
CONTINUOUS
10
1.3491104330708661
20
0.7473129527559055
11
1.3567815354330708
21
0.7549840551181102
0
LINE
8
BLACK
6
CONTINUOUS
10
1.3567815354330708
20
0.7549840551181102
11
1.3592347637795275
21
0.7563236614173228
0
LINE
8
BLACK
6
CONTINUOUS
10
1.3592347637795275
20
0.7563236614173228
11
1.3602892125984252
21
0.7564370078740157
0
LINE
8
BLACK
6
CONTINUOUS
10
1.3602892125984252
20
0.7564370078740157
11
1.4070564566929133
21
0.7564370078740157
0
LINE
8
BLACK
6
CONTINUOUS
10
1.4070564566929133
20
0.7564370078740157
11
1.4097383858267716
21
0.7556495275590551
0
LINE
8
BLACK
6
CONTINUOUS
10
1.4836220472440944
20
0.8923622047244094
11
1.4363779527559055
21
0.8923622047244094
0
LINE
8
BLACK
6
CONTINUOUS
10
1.4363779527559055
20
0.8923622047244094
11
1.4363779527559055
21
0.8962992125984252
0
LINE
8
BLACK
6
CONTINUOUS
10
1.4363779527559055
20
0.8962992125984252
11
1.4000787401574804
21
0.8962992125984252
0
LINE
8
BLACK
6
CONTINUOUS
10
1.4000787401574804
20
0.8962992125984252
11
1.3939648818897636
21
0.8971041338582677
0
LINE
8
BLACK
6
CONTINUOUS
10
1.3939648818897636
20
0.8971041338582677
11
1.3922962204724409
21
0.8977953149606299
0
LINE
8
BLACK
6
CONTINUOUS
10
1.3922962204724409
20
0.8977953149606299
11
1.3882677165354331
21
0.8994639763779527
0
LINE
8
BLACK
6
CONTINUOUS
10
1.3882677165354331
20
0.8994639763779527
11
1.3833754330708661
21
0.9032179527559054
0
LINE
8
BLACK
6
CONTINUOUS
10
1.3833754330708661
20
0.9032179527559054
11
1.3832966929133859
21
0.9032966929133858
0
LINE
8
BLACK
6
CONTINUOUS
10
1.3832966929133859
20
0.9032966929133858
11
1.379542716535433
21
0.9081889763779527
0
LINE
8
BLACK
6
CONTINUOUS
10
1.379542716535433
20
0.9081889763779527
11
1.3771828740157479
21
0.9138861811023622
0
LINE
8
BLACK
6
CONTINUOUS
10
1.3771828740157479
20
0.9138861811023622
11
1.3763779527559055
21
0.9199999999999999
0
LINE
8
BLACK
6
CONTINUOUS
10
1.3763779527559055
20
0.9199999999999999
11
1.3771828740157479
21
0.9261138188976378
0
LINE
8
BLACK
6
CONTINUOUS
10
1.3771828740157479
20
0.9261138188976378
11
1.379542716535433
21
0.9318110236220473
0
LINE
8
BLACK
6
CONTINUOUS
10
1.379542716535433
20
0.9318110236220473
11
1.3832966929133859
21
0.9367033070866142
0
LINE
8
BLACK
6
CONTINUOUS
10
1.3832966929133859
20
0.9367033070866142
11
1.3881889763779527
21
0.9404572834645669
0
LINE
8
BLACK
6
CONTINUOUS
10
1.3881889763779527
20
0.9404572834645669
11
1.3938861811023622
21
0.9428171259842519
0
LINE
8
BLACK
6
CONTINUOUS
10
1.3938861811023622
20
0.9428171259842519
11
1.3999999999999999
21
0.9436220472440945
0
LINE
8
BLACK
6
CONTINUOUS
10
1.3999999999999999
20
0.9436220472440945
11
1.4005980708661416
21
0.9435433070866142
0
LINE
8
BLACK
6
CONTINUOUS
10
1.4005980708661416
20
0.9435433070866142
11
1.4363779527559055
21
0.9435433070866142
0
LINE
8
BLACK
6
CONTINUOUS
10
1.4363779527559055
20
0.9435433070866142
11
1.4363779527559055
21
0.9474803149606299
0
LINE
8
BLACK
6
CONTINUOUS
10
1.4363779527559055
20
0.9474803149606299
11
1.4836220472440944
21
0.9474803149606299
0
LINE
8
BLACK
6
CONTINUOUS
10
1.4836220472440944
20
0.9474803149606299
11
1.4836220472440944
21
0.8923622047244094
0
LINE
8
BLACK
6
CONTINUOUS
10
1.4097383858267716
20
1.115649527559055
11
1.410028937007874
21
1.1154477559055118
0
LINE
8
BLACK
6
CONTINUOUS
10
1.410028937007874
20
1.1154477559055118
11
1.4103178346456693
21
1.1152314960629921
0
LINE
8
BLACK
6
CONTINUOUS
10
1.4103178346456693
20
1.1152314960629921
11
1.4109368503937008
21
1.1147681102362204
0
LINE
8
BLACK
6
CONTINUOUS
10
1.4109368503937008
20
1.1147681102362204
11
1.4163305118110237
21
1.1127563385826771
0
LINE
8
BLACK
6
CONTINUOUS
10
1.4163305118110237
20
1.1127563385826771
11
1.4163308267716535
21
1.1127562598425196
0
LINE
8
BLACK
6
CONTINUOUS
10
1.4163308267716535
20
1.1127562598425196
11
1.4187145669291339
21
1.1125
0
LINE
8
BLACK
6
CONTINUOUS
10
1.4187145669291339
20
1.1125
11
1.4750393700787401
21
1.1125
0
LINE
8
BLACK
6
CONTINUOUS
10
1.4750393700787401
20
1.1125
11
1.4777212992125983
21
1.1117125196850393
0
LINE
8
BLACK
6
CONTINUOUS
10
1.4777212992125983
20
1.1117125196850393
11
1.4795517322834646
21
1.1096000787401574
0
LINE
8
BLACK
6
CONTINUOUS
10
1.4795517322834646
20
1.1096000787401574
11
1.48
21
1.1075393700787401
0
LINE
8
BLACK
6
CONTINUOUS
10
1.48
20
1.1075393700787401
11
1.48
21
0.9724606299212598
0
LINE
8
BLACK
6
CONTINUOUS
10
1.48
20
0.9724606299212598
11
1.4792125196850394
21
0.9697787007874016
0
LINE
8
BLACK
6
CONTINUOUS
10
1.4792125196850394
20
0.9697787007874016
11
1.4771000787401574
21
0.9679482677165354
0
LINE
8
BLACK
6
CONTINUOUS
10
1.4771000787401574
20
0.9679482677165354
11
1.4750393700787401
21
0.9675
0
LINE
8
BLACK
6
CONTINUOUS
10
1.4750393700787401
20
0.9675
11
1.4344630708661417
21
0.9675
0
LINE
8
BLACK
6
CONTINUOUS
10
1.4344630708661417
20
0.9675
11
1.4344627952755906
21
0.9674999606299213
0
LINE
8
BLACK
6
CONTINUOUS
10
1.4344627952755906
20
0.9674999606299213
11
1.4344625984251969
21
0.9674999606299213
0
LINE
8
BLACK
6
CONTINUOUS
10
1.4344625984251969
20
0.9674999606299213
11
1.4320788582677164
21
0.9672437007874015
0
LINE
8
BLACK
6
CONTINUOUS
10
1.4320788582677164
20
0.9672437007874015
11
1.4320785433070866
21
0.9672436220472441
0
LINE
8
BLACK
6
CONTINUOUS
10
1.4320785433070866
20
0.9672436220472441
11
1.4290108267716535
21
0.9660993700787401
0
LINE
8
BLACK
6
CONTINUOUS
10
1.4290108267716535
20
0.9660993700787401
11
1.4266848818897637
21
0.9652318503937007
0
LINE
8
BLACK
6
CONTINUOUS
10
1.4266848818897637
20
0.9652318503937007
11
1.4257772440944882
21
0.9645524015748032
0
LINE
8
BLACK
6
CONTINUOUS
10
1.4257772440944882
20
0.9645524015748032
11
1.4231584251968503
21
0.9635756299212598
0
LINE
8
BLACK
6
CONTINUOUS
10
1.4231584251968503
20
0.9635756299212598
11
1.4228044881889763
21
0.9635629921259842
0
LINE
8
BLACK
6
CONTINUOUS
10
1.4228044881889763
20
0.9635629921259842
11
1.4035535433070865
21
0.9635629921259842
0
LINE
8
BLACK
6
CONTINUOUS
10
1.4035535433070865
20
0.9635629921259842
11
1.40296468503937
21
0.9635980314960629
0
LINE
8
BLACK
6
CONTINUOUS
10
1.40296468503937
20
0.9635980314960629
11
1.4010433070866142
21
0.9638277952755905
0
LINE
8
BLACK
6
CONTINUOUS
10
1.4010433070866142
20
0.9638277952755905
11
1.3927299606299213
21
0.9632332677165354
0
LINE
8
BLACK
6
CONTINUOUS
10
1.3927299606299213
20
0.9632332677165354
11
1.3846794094488188
21
0.9610761023622048
0
LINE
8
BLACK
6
CONTINUOUS
10
1.3846794094488188
20
0.9610761023622048
11
1.384679094488189
21
0.9610759448818897
0
LINE
8
BLACK
6
CONTINUOUS
10
1.384679094488189
20
0.9610759448818897
11
1.3846789763779528
21
0.961075905511811
0
LINE
8
BLACK
6
CONTINUOUS
10
1.3846789763779528
20
0.961075905511811
11
1.3771828346456692
21
0.9574344881889764
0
LINE
8
BLACK
6
CONTINUOUS
10
1.3771828346456692
20
0.9574344881889764
11
1.3771826771653544
21
0.9574343700787401
0
LINE
8
BLACK
6
CONTINUOUS
10
1.3771826771653544
20
0.9574343700787401
11
1.3771825590551181
21
0.9574343307086614
0
LINE
8
BLACK
6
CONTINUOUS
10
1.3771825590551181
20
0.9574343307086614
11
1.3705103937007874
21
0.9524396456692913
0
LINE
8
BLACK
6
CONTINUOUS
10
1.3705103937007874
20
0.9524396456692913
11
1.3649040551181102
21
0.9462724803149606
0
LINE
8
BLACK
6
CONTINUOUS
10
1.3649040551181102
20
0.9462724803149606
11
1.3605662204724409
21
0.939155748031496
0
LINE
8
BLACK
6
CONTINUOUS
10
1.3605662204724409
20
0.939155748031496
11
1.3580407086614172
21
0.9323846850393701
0
LINE
8
BLACK
6
CONTINUOUS
10
1.3580407086614172
20
0.9323846850393701
11
1.3576535039370079
21
0.9313464960629921
0
LINE
8
BLACK
6
CONTINUOUS
10
1.3576535039370079
20
0.9313464960629921
11
1.3575100393700787
21
0.9304931496062991
0
LINE
8
BLACK
6
CONTINUOUS
10
1.3575100393700787
20
0.9304931496062991
11
1.3562887401574804
21
0.9279789763779527
0
LINE
8
BLACK
6
CONTINUOUS
10
1.3562887401574804
20
0.9279789763779527
11
1.3539020078740158
21
0.9265241732283465
0
LINE
8
BLACK
6
CONTINUOUS
10
1.3539020078740158
20
0.9265241732283465
11
1.3511076771653543
21
0.9265907086614174
0
LINE
8
BLACK
6
CONTINUOUS
10
1.3511076771653543
20
0.9265907086614174
11
1.348792874015748
21
0.9281574015748031
0
LINE
8
BLACK
6
CONTINUOUS
10
1.348792874015748
20
0.9281574015748031
11
1.3476925590551181
21
0.9307268503937007
0
LINE
8
BLACK
6
CONTINUOUS
10
1.3476925590551181
20
0.9307268503937007
11
1.3476574803149606
21
0.9313157874015748
0
LINE
8
BLACK
6
CONTINUOUS
10
1.3476574803149606
20
0.9313157874015748
11
1.3476574803149606
21
0.9812847244094488
0
LINE
8
BLACK
6
CONTINUOUS
10
1.3476574803149606
20
0.9812847244094488
11
1.3476574409448818
21
0.9812853937007874
0
LINE
8
BLACK
6
CONTINUOUS
10
1.3476574409448818
20
0.9812853937007874
11
1.3474011811023621
21
0.9836691338582677
0
LINE
8
BLACK
6
CONTINUOUS
10
1.3474011811023621
20
0.9836691338582677
11
1.3474011417322835
21
0.9836691732283465
0
LINE
8
BLACK
6
CONTINUOUS
10
1.3474011417322835
20
0.9836691732283465
11
1.3474011417322835
21
0.9836693307086614
0
LINE
8
BLACK
6
CONTINUOUS
10
1.3474011417322835
20
0.9836693307086614
11
1.3453893307086613
21
0.9890631496062992
0
LINE
8
BLACK
6
CONTINUOUS
10
1.3453893307086613
20
0.9890631496062992
11
1.3447099212598426
21
0.9899706692913386
0
LINE
8
BLACK
6
CONTINUOUS
10
1.3447099212598426
20
0.9899706692913386
11
1.3437331102362204
21
0.9925895275590551
0
LINE
8
BLACK
6
CONTINUOUS
10
1.3437331102362204
20
0.9925895275590551
11
1.3437204724409448
21
0.9929435039370078
0
LINE
8
BLACK
6
CONTINUOUS
10
1.3437204724409448
20
0.9929435039370078
11
1.3437204724409448
21
1.0670564173228345
0
LINE
8
BLACK
6
CONTINUOUS
10
1.3437204724409448
20
1.0670564173228345
11
1.3445079527559054
21
1.069738346456693
0
LINE
8
BLACK
6
CONTINUOUS
10
1.3445079527559054
20
1.069738346456693
11
1.3447098818897638
21
1.0700291732283465
0
LINE
8
BLACK
6
CONTINUOUS
10
1.3447098818897638
20
1.0700291732283465
11
1.345389251968504
21
1.0709367322834646
0
LINE
8
BLACK
6
CONTINUOUS
10
1.345389251968504
20
1.0709367322834646
11
1.3453893307086613
21
1.0709368897637794
0
LINE
8
BLACK
6
CONTINUOUS
10
1.3453893307086613
20
1.0709368897637794
11
1.3474011023622048
21
1.0763305118110236
0
LINE
8
BLACK
6
CONTINUOUS
10
1.3474011023622048
20
1.0763305118110236
11
1.3474011811023621
21
1.0763308267716536
0
LINE
8
BLACK
6
CONTINUOUS
10
1.3474011811023621
20
1.0763308267716536
11
1.3476574409448818
21
1.0787145669291338
0
LINE
8
BLACK
6
CONTINUOUS
10
1.3476574409448818
20
1.0787145669291338
11
1.3476574803149606
21
1.0787152362204724
0
LINE
8
BLACK
6
CONTINUOUS
10
1.3476574803149606
20
1.0787152362204724
11
1.3476574803149606
21
1.1038052755905512
0
LINE
8
BLACK
6
CONTINUOUS
10
1.3476574803149606
20
1.1038052755905512
11
1.3484449606299211
21
1.1064872047244094
0
LINE
8
BLACK
6
CONTINUOUS
10
1.3484449606299211
20
1.1064872047244094
11
1.3491104330708661
21
1.1073129527559056
0
LINE
8
BLACK
6
CONTINUOUS
10
1.3491104330708661
20
1.1073129527559056
11
1.3567815354330708
21
1.1149840551181103
0
LINE
8
BLACK
6
CONTINUOUS
10
1.3567815354330708
20
1.1149840551181103
11
1.3592347637795275
21
1.1163236614173229
0
LINE
8
BLACK
6
CONTINUOUS
10
1.3592347637795275
20
1.1163236614173229
11
1.3602892125984252
21
1.1164370078740158
0
LINE
8
BLACK
6
CONTINUOUS
10
1.3602892125984252
20
1.1164370078740158
11
1.4070564566929133
21
1.1164370078740158
0
LINE
8
BLACK
6
CONTINUOUS
10
1.4070564566929133
20
1.1164370078740158
11
1.4097383858267716
21
1.115649527559055
0
LINE
8
BLACK
6
CONTINUOUS
10
1.5847488582677165
20
1.5862400787401574
11
1.5865792913385826
21
1.5841276377952755
0
LINE
8
BLACK
6
CONTINUOUS
10
1.5865792913385826
20
1.5841276377952755
11
1.5870275590551182
21
1.5820669291338583
0
LINE
8
BLACK
6
CONTINUOUS
10
1.5870275590551182
20
1.5820669291338583
11
1.5870275590551182
21
0.0179330708661417
0
LINE
8
BLACK
6
CONTINUOUS
10
1.5870275590551182
20
0.0179330708661417
11
1.5862400787401574
21
0.0152511417322835
0
LINE
8
BLACK
6
CONTINUOUS
10
1.5862400787401574
20
0.0152511417322835
11
1.5841276377952755
21
0.0134207086614173
0
LINE
8
BLACK
6
CONTINUOUS
10
1.5841276377952755
20
0.0134207086614173
11
1.5820669291338583
21
0.0129724409448819
0
LINE
8
BLACK
6
CONTINUOUS
10
1.5820669291338583
20
0.0129724409448819
11
0.0179330708661417
21
0.0129724409448819
0
LINE
8
BLACK
6
CONTINUOUS
10
0.0179330708661417
20
0.0129724409448819
11
0.0152511417322835
21
0.0137599212598425
0
LINE
8
BLACK
6
CONTINUOUS
10
0.0152511417322835
20
0.0137599212598425
11
0.0134207086614173
21
0.0158723622047244
0
LINE
8
BLACK
6
CONTINUOUS
10
0.0134207086614173
20
0.0158723622047244
11
0.0129724409448819
21
0.0179330708661417
0
LINE
8
BLACK
6
CONTINUOUS
10
0.0129724409448819
20
0.0179330708661417
11
0.0129724409448819
21
0.5544625984251969
0
LINE
8
BLACK
6
CONTINUOUS
10
0.0129724409448819
20
0.5544625984251969
11
0.0129724409448819
21
1.5820669291338583
0
LINE
8
BLACK
6
CONTINUOUS
10
0.0129724409448819
20
1.5820669291338583
11
0.0137599212598425
21
1.5847488582677165
0
LINE
8
BLACK
6
CONTINUOUS
10
0.0137599212598425
20
1.5847488582677165
11
0.0158723622047244
21
1.5865792913385826
0
LINE
8
BLACK
6
CONTINUOUS
10
0.0158723622047244
20
1.5865792913385826
11
0.0179330708661417
21
1.5870275590551182
0
LINE
8
BLACK
6
CONTINUOUS
10
0.0179330708661417
20
1.5870275590551182
11
1.5820669291338583
21
1.5870275590551182
0
LINE
8
BLACK
6
CONTINUOUS
10
1.5820669291338583
20
1.5870275590551182
11
1.5847488582677165
21
1.5862400787401574
0
LINE
8
BLACK
6
CONTINUOUS
10
0.0525987795275591
20
0.5520788582677165
11
0.0525988582677165
21
0.5520785433070866
0
LINE
8
BLACK
6
CONTINUOUS
10
0.0525988582677165
20
0.5520785433070866
11
0.0546106299212598
21
0.5466849212598425
0
LINE
8
BLACK
6
CONTINUOUS
10
0.0546106299212598
20
0.5466849212598425
11
0.0546107086614173
21
0.5466847244094488
0
LINE
8
BLACK
6
CONTINUOUS
10
0.0546107086614173
20
0.5466847244094488
11
0.0580605511811024
21
0.5420762992125984
0
LINE
8
BLACK
6
CONTINUOUS
10
0.0580605511811024
20
0.5420762992125984
11
0.0626689763779528
21
0.5386264566929134
0
LINE
8
BLACK
6
CONTINUOUS
10
0.0626689763779528
20
0.5386264566929134
11
0.0626691732283465
21
0.5386263779527559
0
LINE
8
BLACK
6
CONTINUOUS
10
0.0626691732283465
20
0.5386263779527559
11
0.0680627952755905
21
0.5366146062992125
0
LINE
8
BLACK
6
CONTINUOUS
10
0.0680627952755905
20
0.5366146062992125
11
0.0680631102362205
21
0.5366145275590551
0
LINE
8
BLACK
6
CONTINUOUS
10
0.0680631102362205
20
0.5366145275590551
11
0.0704468503937008
21
0.5363582677165354
0
LINE
8
BLACK
6
CONTINUOUS
10
0.0704468503937008
20
0.5363582677165354
11
0.0704473228346457
21
0.5363582677165354
0
LINE
8
BLACK
6
CONTINUOUS
10
0.0704473228346457
20
0.5363582677165354
11
0.0797895275590551
21
0.5363582677165354
0
LINE
8
BLACK
6
CONTINUOUS
10
0.0797895275590551
20
0.5363582677165354
11
0.0824714566929134
21
0.5355707874015748
0
LINE
8
BLACK
6
CONTINUOUS
10
0.0824714566929134
20
0.5355707874015748
11
0.0832972440944882
21
0.5349053149606299
0
LINE
8
BLACK
6
CONTINUOUS
10
0.0832972440944882
20
0.5349053149606299
11
0.1072848818897638
21
0.5109175984251968
0
LINE
8
BLACK
6
CONTINUOUS
10
0.1072848818897638
20
0.5109175984251968
11
0.1086244488188976
21
0.5084643700787401
0
LINE
8
BLACK
6
CONTINUOUS
10
0.1086244488188976
20
0.5084643700787401
11
0.1084250393700787
21
0.5056763385826771
0
LINE
8
BLACK
6
CONTINUOUS
10
0.1084250393700787
20
0.5056763385826771
11
0.1075262204724409
21
0.5041614566929133
0
LINE
8
BLACK
6
CONTINUOUS
10
0.1075262204724409
20
0.5041614566929133
11
0.1055958661417323
21
0.5019336614173229
0
LINE
8
BLACK
6
CONTINUOUS
10
0.1055958661417323
20
0.5019336614173229
11
0.1037802362204724
21
0.4998382677165354
0
LINE
8
BLACK
6
CONTINUOUS
10
0.1037802362204724
20
0.4998382677165354
11
0.1037801968503937
21
0.4998381889763779
0
LINE
8
BLACK
6
CONTINUOUS
10
0.1037801968503937
20
0.4998381889763779
11
0.1013898031496063
21
0.4946040157480315
0
LINE
8
BLACK
6
CONTINUOUS
10
0.1013898031496063
20
0.4946040157480315
11
0.1006024409448819
21
0.4919224409448819
0
LINE
8
BLACK
6
CONTINUOUS
10
0.1006024409448819
20
0.4919224409448819
11
0.1006023622047244
21
0.4919221259842519
0
LINE
8
BLACK
6
CONTINUOUS
10
0.1006023622047244
20
0.4919221259842519
11
0.0997834645669291
21
0.4862264960629921
0
LINE
8
BLACK
6
CONTINUOUS
10
0.0997834645669291
20
0.4862264960629921
11
0.0997834645669291
21
0.4862263385826772
0
LINE
8
BLACK
6
CONTINUOUS
10
0.0997834645669291
20
0.4862263385826772
11
0.0997834645669291
21
0.3442239763779528
0
LINE
8
BLACK
6
CONTINUOUS
10
0.0997834645669291
20
0.3442239763779528
11
0.1000088976377953
21
0.341213779527559
0
LINE
8
BLACK
6
CONTINUOUS
10
0.1000088976377953
20
0.341213779527559
11
0.1000089763779528
21
0.3412129133858268
0
LINE
8
BLACK
6
CONTINUOUS
10
0.1000089763779528
20
0.3412129133858268
11
0.100228937007874
21
0.3397524015748031
0
LINE
8
BLACK
6
CONTINUOUS
10
0.100228937007874
20
0.3397524015748031
11
0.1002291338582677
21
0.3397513779527559
0
LINE
8
BLACK
6
CONTINUOUS
10
0.1002291338582677
20
0.3397513779527559
11
0.1009003937007874
21
0.3368082677165354
0
LINE
8
BLACK
6
CONTINUOUS
10
0.1009003937007874
20
0.3368082677165354
11
0.1033605905511811
21
0.3316065748031496
0
LINE
8
BLACK
6
CONTINUOUS
10
0.1033605905511811
20
0.3316065748031496
11
0.1033607874015748
21
0.3316062598425197
0
LINE
8
BLACK
6
CONTINUOUS
10
0.1033607874015748
20
0.3316062598425197
11
0.104903031496063
21
0.3292756299212599
0
LINE
8
BLACK
6
CONTINUOUS
10
0.104903031496063
20
0.3292756299212599
11
0.1049039763779527
21
0.3292744881889764
0
LINE
8
BLACK
6
CONTINUOUS
10
0.1049039763779527
20
0.3292744881889764
11
0.1087294488188976
21
0.3249773622047244
0
LINE
8
BLACK
6
CONTINUOUS
10
0.1087294488188976
20
0.3249773622047244
11
0.1136113385826772
21
0.3219316535433071
0
LINE
8
BLACK
6
CONTINUOUS
10
0.1136113385826772
20
0.3219316535433071
11
0.1136114173228346
21
0.3219315748031496
0
LINE
8
BLACK
6
CONTINUOUS
10
0.1136114173228346
20
0.3219315748031496
11
0.1136114960629921
21
0.3219315748031496
0
LINE
8
BLACK
6
CONTINUOUS
10
0.1136114960629921
20
0.3219315748031496
11
0.1161693700787402
21
0.3208046062992126
0
LINE
8
BLACK
6
CONTINUOUS
10
0.1161693700787402
20
0.3208046062992126
11
0.1161694094488189
21
0.3208045669291338
0
LINE
8
BLACK
6
CONTINUOUS
10
0.1161694094488189
20
0.3208045669291338
11
0.1217114960629921
21
0.3192575984251969
0
LINE
8
BLACK
6
CONTINUOUS
10
0.1217114960629921
20
0.3192575984251969
11
0.1217115748031496
21
0.3192575984251969
0
LINE
8
BLACK
6
CONTINUOUS
10
0.1217115748031496
20
0.3192575984251969
11
0.1217116141732283
21
0.3192575984251969
0
LINE
8
BLACK
6
CONTINUOUS
10
0.1217116141732283
20
0.3192575984251969
11
0.1274653149606299
21
0.3193346456692913
0
LINE
8
BLACK
6
CONTINUOUS
10
0.1274653149606299
20
0.3193346456692913
11
0.1274653543307087
21
0.3193346456692913
0
LINE
8
BLACK
6
CONTINUOUS
10
0.1274653543307087
20
0.3193346456692913
11
0.1274657086614173
21
0.3193346850393701
0
LINE
8
BLACK
6
CONTINUOUS
10
0.1274657086614173
20
0.3193346850393701
11
0.1302261811023622
21
0.3197694094488189
0
LINE
8
BLACK
6
CONTINUOUS
10
0.1302261811023622
20
0.3197694094488189
11
0.1302264173228346
21
0.3197694488188976
0
LINE
8
BLACK
6
CONTINUOUS
10
0.1302264173228346
20
0.3197694488188976
11
0.1357253149606299
21
0.3214643700787401
0
LINE
8
BLACK
6
CONTINUOUS
10
0.1357253149606299
20
0.3214643700787401
11
0.1357254724409449
21
0.3214644488188976
0
LINE
8
BLACK
6
CONTINUOUS
10
0.1357254724409449
20
0.3214644488188976
11
0.1357258661417323
21
0.3214645669291338
0
LINE
8
BLACK
6
CONTINUOUS
10
0.1357258661417323
20
0.3214645669291338
11
0.1471802755905512
21
0.3268821653543307
0
LINE
8
BLACK
6
CONTINUOUS
10
0.1471802755905512
20
0.3268821653543307
11
0.1476300393700787
21
0.3270685039370079
0
LINE
8
BLACK
6
CONTINUOUS
10
0.1476300393700787
20
0.3270685039370079
11
0.159870905511811
21
0.3314483070866142
0
LINE
8
BLACK
6
CONTINUOUS
10
0.159870905511811
20
0.3314483070866142
11
0.1603367322834646
21
0.3315896062992126
0
LINE
8
BLACK
6
CONTINUOUS
10
0.1603367322834646
20
0.3315896062992126
11
0.1729488582677165
21
0.334748779527559
0
LINE
8
BLACK
6
CONTINUOUS
10
0.1729488582677165
20
0.334748779527559
11
0.1734263385826772
21
0.3348437401574803
0
LINE
8
BLACK
6
CONTINUOUS
10
0.1734263385826772
20
0.3348437401574803
11
0.1862866141732283
21
0.3367513779527559
0
LINE
8
BLACK
6
CONTINUOUS
10
0.1862866141732283
20
0.3367513779527559
11
0.186771062992126
21
0.336799094488189
0
LINE
8
BLACK
6
CONTINUOUS
10
0.186771062992126
20
0.336799094488189
11
0.1997564173228346
21
0.3374370866141732
0
LINE
8
BLACK
6
CONTINUOUS
10
0.1997564173228346
20
0.3374370866141732
11
0.2002432677165354
21
0.3374370866141732
0
LINE
8
BLACK
6
CONTINUOUS
10
0.2002432677165354
20
0.3374370866141732
11
0.2132288582677165
21
0.336799094488189
0
LINE
8
BLACK
6
CONTINUOUS
10
0.2132288582677165
20
0.336799094488189
11
0.2137133070866142
21
0.3367513779527559
0
LINE
8
BLACK
6
CONTINUOUS
10
0.2137133070866142
20
0.3367513779527559
11
0.2265737007874016
21
0.3348437401574803
0
LINE
8
BLACK
6
CONTINUOUS
10
0.2265737007874016
20
0.3348437401574803
11
0.2270511417322835
21
0.334748779527559
0
LINE
8
BLACK
6
CONTINUOUS
10
0.2270511417322835
20
0.334748779527559
11
0.2396628346456693
21
0.3315897244094488
0
LINE
8
BLACK
6
CONTINUOUS
10
0.2396628346456693
20
0.3315897244094488
11
0.2401287007874016
21
0.3314484251968504
0
LINE
8
BLACK
6
CONTINUOUS
10
0.2401287007874016
20
0.3314484251968504
11
0.25237
21
0.3270684251968504
0
LINE
8
BLACK
6
CONTINUOUS
10
0.25237
20
0.3270684251968504
11
0.2528197637795275
21
0.326882125984252
0
LINE
8
BLACK
6
CONTINUOUS
10
0.2528197637795275
20
0.326882125984252
11
0.2645724803149606
21
0.3213235039370079
0
LINE
8
BLACK
6
CONTINUOUS
10
0.2645724803149606
20
0.3213235039370079
11
0.265001811023622
21
0.3210940157480315
0
LINE
8
BLACK
6
CONTINUOUS
10
0.265001811023622
20
0.3210940157480315
11
0.2761537401574803
21
0.3144098031496063
0
LINE
8
BLACK
6
CONTINUOUS
10
0.2761537401574803
20
0.3144098031496063
11
0.2765585039370079
21
0.3141393307086614
0
LINE
8
BLACK
6
CONTINUOUS
10
0.2765585039370079
20
0.3141393307086614
11
0.2870007874015748
21
0.3063948031496063
0
LINE
8
BLACK
6
CONTINUOUS
10
0.2870007874015748
20
0.3063948031496063
11
0.287377125984252
21
0.3060859842519685
0
LINE
8
BLACK
6
CONTINUOUS
10
0.287377125984252
20
0.3060859842519685
11
0.2970105118110236
21
0.2973547244094488
0
LINE
8
BLACK
6
CONTINUOUS
10
0.2970105118110236
20
0.2973547244094488
11
0.2973547244094488
21
0.2970105118110236
0
LINE
8
BLACK
6
CONTINUOUS
10
0.2973547244094488
20
0.2970105118110236
11
0.3060859842519685
21
0.287377125984252
0
LINE
8
BLACK
6
CONTINUOUS
10
0.3060859842519685
20
0.287377125984252
11
0.3063948031496063
21
0.2870007874015748
0
LINE
8
BLACK
6
CONTINUOUS
10
0.3063948031496063
20
0.2870007874015748
11
0.3141393307086614
21
0.2765585039370079
0
LINE
8
BLACK
6
CONTINUOUS
10
0.3141393307086614
20
0.2765585039370079
11
0.3144098031496063
21
0.2761537401574803
0
LINE
8
BLACK
6
CONTINUOUS
10
0.3144098031496063
20
0.2761537401574803
11
0.3210940157480315
21
0.265001811023622
0
LINE
8
BLACK
6
CONTINUOUS
10
0.3210940157480315
20
0.265001811023622
11
0.3213235039370079
21
0.2645724803149606
0
LINE
8
BLACK
6
CONTINUOUS
10
0.3213235039370079
20
0.2645724803149606
11
0.326882125984252
21
0.2528197637795275
0
LINE
8
BLACK
6
CONTINUOUS
10
0.326882125984252
20
0.2528197637795275
11
0.3270684251968504
21
0.25237
0
LINE
8
BLACK
6
CONTINUOUS
10
0.3270684251968504
20
0.25237
11
0.3314484251968504
21
0.2401287007874016
0
LINE
8
BLACK
6
CONTINUOUS
10
0.3314484251968504
20
0.2401287007874016
11
0.3315897244094488
21
0.2396628346456693
0
LINE
8
BLACK
6
CONTINUOUS
10
0.3315897244094488
20
0.2396628346456693
11
0.334748779527559
21
0.2270511417322835
0
LINE
8
BLACK
6
CONTINUOUS
10
0.334748779527559
20
0.2270511417322835
11
0.3348437401574803
21
0.2265737007874016
0
LINE
8
BLACK
6
CONTINUOUS
10
0.3348437401574803
20
0.2265737007874016
11
0.3367513779527559
21
0.2137133070866142
0
LINE
8
BLACK
6
CONTINUOUS
10
0.3367513779527559
20
0.2137133070866142
11
0.336799094488189
21
0.2132288582677165
0
LINE
8
BLACK
6
CONTINUOUS
10
0.336799094488189
20
0.2132288582677165
11
0.3374370866141732
21
0.2002434251968504
0
LINE
8
BLACK
6
CONTINUOUS
10
0.3374370866141732
20
0.2002434251968504
11
0.3374370866141732
21
0.1997565748031496
0
LINE
8
BLACK
6
CONTINUOUS
10
0.3374370866141732
20
0.1997565748031496
11
0.336799094488189
21
0.186771062992126
0
LINE
8
BLACK
6
CONTINUOUS
10
0.336799094488189
20
0.186771062992126
11
0.3367513779527559
21
0.1862866141732283
0
LINE
8
BLACK
6
CONTINUOUS
10
0.3367513779527559
20
0.1862866141732283
11
0.3348437401574803
21
0.1734262204724409
0
LINE
8
BLACK
6
CONTINUOUS
10
0.3348437401574803
20
0.1734262204724409
11
0.334748779527559
21
0.172948779527559
0
LINE
8
BLACK
6
CONTINUOUS
10
0.334748779527559
20
0.172948779527559
11
0.3315897244094488
21
0.1603370866141732
0
LINE
8
BLACK
6
CONTINUOUS
10
0.3315897244094488
20
0.1603370866141732
11
0.3314484251968504
21
0.1598712204724409
0
LINE
8
BLACK
6
CONTINUOUS
10
0.3314484251968504
20
0.1598712204724409
11
0.3270686614173228
21
0.1476304330708662
0
LINE
8
BLACK
6
CONTINUOUS
10
0.3270686614173228
20
0.1476304330708662
11
0.3270685039370079
21
0.1476300393700787
0
LINE
8
BLACK
6
CONTINUOUS
10
0.3270685039370079
20
0.1476300393700787
11
0.3268822047244094
21
0.1471802755905512
0
LINE
8
BLACK
6
CONTINUOUS
10
0.3268822047244094
20
0.1471802755905512
11
0.3214642519685039
21
0.1357250393700787
0
LINE
8
BLACK
6
CONTINUOUS
10
0.3214642519685039
20
0.1357250393700787
11
0.320380905511811
21
0.1329072047244095
0
LINE
8
BLACK
6
CONTINUOUS
10
0.320380905511811
20
0.1329072047244095
11
0.319955
21
0.1314917716535433
0
LINE
8
BLACK
6
CONTINUOUS
10
0.319955
20
0.1314917716535433
11
0.3199549606299212
21
0.1314916141732284
0
LINE
8
BLACK
6
CONTINUOUS
10
0.3199549606299212
20
0.1314916141732284
11
0.3193033464566929
21
0.1285438582677165
0
LINE
8
BLACK
6
CONTINUOUS
10
0.3193033464566929
20
0.1285438582677165
11
0.3193033464566929
21
0.1227891732283465
0
LINE
8
BLACK
6
CONTINUOUS
10
0.3193033464566929
20
0.1227891732283465
11
0.3197011023622047
21
0.1200228346456693
0
LINE
8
BLACK
6
CONTINUOUS
10
0.3197011023622047
20
0.1200228346456693
11
0.3213222834645669
21
0.1145016535433071
0
LINE
8
BLACK
6
CONTINUOUS
10
0.3213222834645669
20
0.1145016535433071
11
0.3244331496062992
21
0.1096610236220472
0
LINE
8
BLACK
6
CONTINUOUS
10
0.3244331496062992
20
0.1096610236220472
11
0.3244332677165354
21
0.1096608661417323
0
LINE
8
BLACK
6
CONTINUOUS
10
0.3244332677165354
20
0.1096608661417323
11
0.326176062992126
21
0.1076495669291339
0
LINE
8
BLACK
6
CONTINUOUS
10
0.326176062992126
20
0.1076495669291339
11
0.3262476771653543
21
0.1075622047244094
0
LINE
8
BLACK
6
CONTINUOUS
10
0.3262476771653543
20
0.1075622047244094
11
0.3306123622047244
21
0.1037802755905512
0
LINE
8
BLACK
6
CONTINUOUS
10
0.3306123622047244
20
0.1037802755905512
11
0.3306124803149606
21
0.1037801968503937
0
LINE
8
BLACK
6
CONTINUOUS
10
0.3306124803149606
20
0.1037801968503937
11
0.3358466929133858
21
0.1013898031496063
0
LINE
8
BLACK
6
CONTINUOUS
10
0.3358466929133858
20
0.1013898031496063
11
0.3385282677165354
21
0.1006024409448819
0
LINE
8
BLACK
6
CONTINUOUS
10
0.3385282677165354
20
0.1006024409448819
11
0.3385285433070866
21
0.1006023622047244
0
LINE
8
BLACK
6
CONTINUOUS
10
0.3385285433070866
20
0.1006023622047244
11
0.339947874015748
21
0.1003983070866142
0
LINE
8
BLACK
6
CONTINUOUS
10
0.339947874015748
20
0.1003983070866142
11
0.3442242519685039
21
0.0997834645669291
0
LINE
8
BLACK
6
CONTINUOUS
10
0.3442242519685039
20
0.0997834645669291
11
0.3442244094488189
21
0.0997834645669291
0
LINE
8
BLACK
6
CONTINUOUS
10
0.3442244094488189
20
0.0997834645669291
11
0.4301634251968504
21
0.0997834645669291
0
LINE
8
BLACK
6
CONTINUOUS
10
0.4301634251968504
20
0.0997834645669291
11
0.4301635039370079
21
0.0997834645669291
0
LINE
8
BLACK
6
CONTINUOUS
10
0.4301635039370079
20
0.0997834645669291
11
0.4301911417322835
21
0.099783937007874
0
LINE
8
BLACK
6
CONTINUOUS
10
0.4301911417322835
20
0.099783937007874
11
0.4308847637795276
21
0.0997962992125984
0
LINE
8
BLACK
6
CONTINUOUS
10
0.4308847637795276
20
0.0997962992125984
11
0.4312383070866141
21
0.099808937007874
0
LINE
8
BLACK
6
CONTINUOUS
10
0.4312383070866141
20
0.099808937007874
11
0.4319598425196851
21
0.0998475984251968
0
LINE
8
BLACK
6
CONTINUOUS
10
0.4319598425196851
20
0.0998475984251968
11
0.4375823622047244
21
0.1010707480314961
0
LINE
8
BLACK
6
CONTINUOUS
10
0.4375823622047244
20
0.1010707480314961
11
0.4375824803149606
21
0.1010707480314961
0
LINE
8
BLACK
6
CONTINUOUS
10
0.4375824803149606
20
0.1010707480314961
11
0.4402009842519685
21
0.1020474409448819
0
LINE
8
BLACK
6
CONTINUOUS
10
0.4402009842519685
20
0.1020474409448819
11
0.4402012598425197
21
0.1020475590551181
0
LINE
8
BLACK
6
CONTINUOUS
10
0.4402012598425197
20
0.1020475590551181
11
0.4402216141732284
21
0.1020586614173228
0
LINE
8
BLACK
6
CONTINUOUS
10
0.4402216141732284
20
0.1020586614173228
11
0.4452514566929134
21
0.104805157480315
0
LINE
8
BLACK
6
CONTINUOUS
10
0.4452514566929134
20
0.104805157480315
11
0.4477853149606299
21
0.1073389763779528
0
LINE
8
BLACK
6
CONTINUOUS
10
0.4477853149606299
20
0.1073389763779528
11
0.4502385039370079
21
0.1086785039370079
0
LINE
8
BLACK
6
CONTINUOUS
10
0.4502385039370079
20
0.1086785039370079
11
0.4530264960629921
21
0.1084790551181102
0
LINE
8
BLACK
6
CONTINUOUS
10
0.4530264960629921
20
0.1084790551181102
11
0.4548005905511811
21
0.1073388976377953
0
LINE
8
BLACK
6
CONTINUOUS
10
0.4548005905511811
20
0.1073388976377953
11
0.4701293307086614
21
0.092010157480315
0
LINE
8
BLACK
6
CONTINUOUS
10
0.4701293307086614
20
0.092010157480315
11
0.470661968503937
21
0.0913805905511811
0
LINE
8
BLACK
6
CONTINUOUS
10
0.470661968503937
20
0.0913805905511811
11
0.4707257086614173
21
0.0912910236220472
0
LINE
8
BLACK
6
CONTINUOUS
10
0.4707257086614173
20
0.0912910236220472
11
0.4707258267716535
21
0.0912909448818898
0
LINE
8
BLACK
6
CONTINUOUS
10
0.4707258267716535
20
0.0912909448818898
11
0.4733242125984252
21
0.0888133070866142
0
LINE
8
BLACK
6
CONTINUOUS
10
0.4733242125984252
20
0.0888133070866142
11
0.4734084645669291
21
0.0887310236220472
0
LINE
8
BLACK
6
CONTINUOUS
10
0.4734084645669291
20
0.0887310236220472
11
0.4744687401574803
21
0.0876707874015748
0
LINE
8
BLACK
6
CONTINUOUS
10
0.4744687401574803
20
0.0876707874015748
11
0.4747337401574803
21
0.087451968503937
0
LINE
8
BLACK
6
CONTINUOUS
10
0.4747337401574803
20
0.087451968503937
11
0.474998188976378
21
0.0872172440944882
0
LINE
8
BLACK
6
CONTINUOUS
10
0.474998188976378
20
0.0872172440944882
11
0.4767579527559055
21
0.0855392913385827
0
LINE
8
BLACK
6
CONTINUOUS
10
0.4767579527559055
20
0.0855392913385827
11
0.4767579921259842
21
0.0855392519685039
0
LINE
8
BLACK
6
CONTINUOUS
10
0.4767579921259842
20
0.0855392519685039
11
0.4778281496062992
21
0.0848514960629921
0
LINE
8
BLACK
6
CONTINUOUS
10
0.4778281496062992
20
0.0848514960629921
11
0.4783044094488189
21
0.0845037401574803
0
LINE
8
BLACK
6
CONTINUOUS
10
0.4783044094488189
20
0.0845037401574803
11
0.4792855118110236
21
0.0836937007874016
0
LINE
8
BLACK
6
CONTINUOUS
10
0.4792855118110236
20
0.0836937007874016
11
0.4814196456692914
21
0.0825283464566929
0
LINE
8
BLACK
6
CONTINUOUS
10
0.4814196456692914
20
0.0825283464566929
11
0.4817240551181102
21
0.0823477165354331
0
LINE
8
BLACK
6
CONTINUOUS
10
0.4817240551181102
20
0.0823477165354331
11
0.4837694488188976
21
0.0810332283464567
0
LINE
8
BLACK
6
CONTINUOUS
10
0.4837694488188976
20
0.0810332283464567
11
0.4849505118110236
21
0.0805603937007874
0
LINE
8
BLACK
6
CONTINUOUS
10
0.4849505118110236
20
0.0805603937007874
11
0.4854838582677165
21
0.080309094488189
0
LINE
8
BLACK
6
CONTINUOUS
10
0.4854838582677165
20
0.080309094488189
11
0.4866003937007874
21
0.0796994488188976
0
LINE
8
BLACK
6
CONTINUOUS
10
0.4866003937007874
20
0.0796994488188976
11
0.4866005905511811
21
0.0796993700787402
0
LINE
8
BLACK
6
CONTINUOUS
10
0.4866005905511811
20
0.0796993700787402
11
0.4889164960629921
21
0.0789590157480315
0
LINE
8
BLACK
6
CONTINUOUS
10
0.4889164960629921
20
0.0789590157480315
11
0.4892495275590551
21
0.0788392913385827
0
LINE
8
BLACK
6
CONTINUOUS
10
0.4892495275590551
20
0.0788392913385827
11
0.4915070472440945
21
0.0779355511811024
0
LINE
8
BLACK
6
CONTINUOUS
10
0.4915070472440945
20
0.0779355511811024
11
0.4915071259842519
21
0.0779355118110236
0
LINE
8
BLACK
6
CONTINUOUS
10
0.4915071259842519
20
0.0779355118110236
11
0.4927564960629921
21
0.0776947244094488
0
LINE
8
BLACK
6
CONTINUOUS
10
0.4927564960629921
20
0.0776947244094488
11
0.4933279527559055
21
0.0775488582677165
0
LINE
8
BLACK
6
CONTINUOUS
10
0.4933279527559055
20
0.0775488582677165
11
0.4945390944881889
21
0.0771616929133858
0
LINE
8
BLACK
6
CONTINUOUS
10
0.4945390944881889
20
0.0771616929133858
11
0.4945393307086614
21
0.0771616535433071
0
LINE
8
BLACK
6
CONTINUOUS
10
0.4945393307086614
20
0.0771616535433071
11
0.4945393700787402
21
0.0771616535433071
0
LINE
8
BLACK
6
CONTINUOUS
10
0.4945393700787402
20
0.0771616535433071
11
0.4959866141732283
21
0.0769885826771654
0
LINE
8
BLACK
6
CONTINUOUS
10
0.4959866141732283
20
0.0769885826771654
11
0.4969535433070866
21
0.0768729921259843
0
LINE
8
BLACK
6
CONTINUOUS
10
0.4969535433070866
20
0.0768729921259843
11
0.4973033464566929
21
0.0768184251968504
0
LINE
8
BLACK
6
CONTINUOUS
10
0.4973033464566929
20
0.0768184251968504
11
0.4996907086614173
21
0.0763583070866142
0
LINE
8
BLACK
6
CONTINUOUS
10
0.4996907086614173
20
0.0763583070866142
11
0.4996908267716536
21
0.0763582677165354
0
LINE
8
BLACK
6
CONTINUOUS
10
0.4996908267716536
20
0.0763582677165354
11
0.4996909842519685
21
0.0763582677165354
0
LINE
8
BLACK
6
CONTINUOUS
10
0.4996909842519685
20
0.0763582677165354
11
0.5009629921259843
21
0.0763582677165354
0
LINE
8
BLACK
6
CONTINUOUS
10
0.5009629921259843
20
0.0763582677165354
11
0.5015518503937008
21
0.076323188976378
0
LINE
8
BLACK
6
CONTINUOUS
10
0.5015518503937008
20
0.076323188976378
11
0.5028149606299213
21
0.0761721653543307
0
LINE
8
BLACK
6
CONTINUOUS
10
0.5028149606299213
20
0.0761721653543307
11
0.5052403937007874
21
0.0763456299212598
0
LINE
8
BLACK
6
CONTINUOUS
10
0.5052403937007874
20
0.0763456299212598
11
0.5055942519685039
21
0.0763582677165354
0
LINE
8
BLACK
6
CONTINUOUS
10
0.5055942519685039
20
0.0763582677165354
11
0.7486978740157481
21
0.0763582677165354
0
LINE
8
BLACK
6
CONTINUOUS
10
0.7486978740157481
20
0.0763582677165354
11
0.7495203543307086
21
0.0762896062992126
0
LINE
8
BLACK
6
CONTINUOUS
10
0.7495203543307086
20
0.0762896062992126
11
0.7496283070866142
21
0.0762714173228346
0
LINE
8
BLACK
6
CONTINUOUS
10
0.7496283070866142
20
0.0762714173228346
11
0.7532156299212598
21
0.0763568503937008
0
LINE
8
BLACK
6
CONTINUOUS
10
0.7532156299212598
20
0.0763568503937008
11
0.7533337007874016
21
0.0763582677165354
0
LINE
8
BLACK
6
CONTINUOUS
10
0.7533337007874016
20
0.0763582677165354
11
0.7548351574803149
21
0.0763582677165354
0
LINE
8
BLACK
6
CONTINUOUS
10
0.7548351574803149
20
0.0763582677165354
11
0.7551768503937007
21
0.076390905511811
0
LINE
8
BLACK
6
CONTINUOUS
10
0.7551768503937007
20
0.076390905511811
11
0.7555300787401574
21
0.0764119291338583
0
LINE
8
BLACK
6
CONTINUOUS
10
0.7555300787401574
20
0.0764119291338583
11
0.7573342519685039
21
0.0764548818897638
0
LINE
8
BLACK
6
CONTINUOUS
10
0.7573342519685039
20
0.0764548818897638
11
0.757960590551181
21
0.0764698031496063
0
LINE
8
BLACK
6
CONTINUOUS
10
0.757960590551181
20
0.0764698031496063
11
0.7582343700787402
21
0.0765293307086614
0
LINE
8
BLACK
6
CONTINUOUS
10
0.7582343700787402
20
0.0765293307086614
11
0.7592038976377953
21
0.0767402362204724
0
LINE
8
BLACK
6
CONTINUOUS
10
0.7592038976377953
20
0.0767402362204724
11
0.7597865354330708
21
0.076831062992126
0
LINE
8
BLACK
6
CONTINUOUS
10
0.7597865354330708
20
0.076831062992126
11
0.7610523228346456
21
0.0769519291338583
0
LINE
8
BLACK
6
CONTINUOUS
10
0.7610523228346456
20
0.0769519291338583
11
0.7610526377952755
21
0.076951968503937
0
LINE
8
BLACK
6
CONTINUOUS
10
0.7610526377952755
20
0.076951968503937
11
0.761052716535433
21
0.0769520078740158
0
LINE
8
BLACK
6
CONTINUOUS
10
0.761052716535433
20
0.0769520078740158
11
0.7610528346456693
21
0.0769520078740158
0
LINE
8
BLACK
6
CONTINUOUS
10
0.7610528346456693
20
0.0769520078740158
11
0.761053031496063
21
0.0769520866141732
0
LINE
8
BLACK
6
CONTINUOUS
10
0.761053031496063
20
0.0769520866141732
11
0.7633858661417323
21
0.0776370472440945
0
LINE
8
BLACK
6
CONTINUOUS
10
0.7633858661417323
20
0.0776370472440945
11
0.763728937007874
21
0.0777246062992126
0
LINE
8
BLACK
6
CONTINUOUS
10
0.763728937007874
20
0.0777246062992126
11
0.7661045275590551
21
0.0782413779527559
0
LINE
8
BLACK
6
CONTINUOUS
10
0.7661045275590551
20
0.0782413779527559
11
0.76610468503937
21
0.0782414173228346
0
LINE
8
BLACK
6
CONTINUOUS
10
0.76610468503937
20
0.0782414173228346
11
0.7672739370078741
21
0.078742125984252
0
LINE
8
BLACK
6
CONTINUOUS
10
0.7672739370078741
20
0.078742125984252
11
0.7678290157480315
21
0.0789416535433071
0
LINE
8
BLACK
6
CONTINUOUS
10
0.7678290157480315
20
0.0789416535433071
11
0.7690496456692913
21
0.0793000787401575
0
LINE
8
BLACK
6
CONTINUOUS
10
0.7690496456692913
20
0.0793000787401575
11
0.7690496850393701
21
0.0793000787401575
0
LINE
8
BLACK
6
CONTINUOUS
10
0.7690496850393701
20
0.0793000787401575
11
0.7712105905511811
21
0.0804141338582677
0
LINE
8
BLACK
6
CONTINUOUS
10
0.7712105905511811
20
0.0804141338582677
11
0.7715309448818898
21
0.0805650787401575
0
LINE
8
BLACK
6
CONTINUOUS
10
0.7715309448818898
20
0.0805650787401575
11
0.7737662204724409
21
0.0815222834645669
0
LINE
8
BLACK
6
CONTINUOUS
10
0.7737662204724409
20
0.0815222834645669
11
0.7737662992125984
21
0.0815223228346457
0
LINE
8
BLACK
6
CONTINUOUS
10
0.7737662992125984
20
0.0815223228346457
11
0.774820157480315
21
0.0822355905511811
0
LINE
8
BLACK
6
CONTINUOUS
10
0.774820157480315
20
0.0822355905511811
11
0.7753271653543307
21
0.0825363779527559
0
LINE
8
BLACK
6
CONTINUOUS
10
0.7753271653543307
20
0.0825363779527559
11
0.7757461023622048
21
0.0827524015748032
0
LINE
8
BLACK
6
CONTINUOUS
10
0.7757461023622048
20
0.0827524015748032
11
0.7764575984251968
21
0.0831191732283465
0
LINE
8
BLACK
6
CONTINUOUS
10
0.7764575984251968
20
0.0831191732283465
11
0.7783689763779528
21
0.0846222834645669
0
LINE
8
BLACK
6
CONTINUOUS
10
0.7783689763779528
20
0.0846222834645669
11
0.7786546062992126
21
0.0848308661417323
0
LINE
8
BLACK
6
CONTINUOUS
10
0.7786546062992126
20
0.0848308661417323
11
0.779651811023622
21
0.0855057874015748
0
LINE
8
BLACK
6
CONTINUOUS
10
0.779651811023622
20
0.0855057874015748
11
0.7823142519685039
21
0.0863568503937008
0
LINE
8
BLACK
6
CONTINUOUS
10
0.7823142519685039
20
0.0863568503937008
11
0.7824322834645669
21
0.0863582677165354
0
LINE
8
BLACK
6
CONTINUOUS
10
0.7824322834645669
20
0.0863582677165354
11
0.7931658267716535
21
0.0863582677165354
0
LINE
8
BLACK
6
CONTINUOUS
10
0.7931658267716535
20
0.0863582677165354
11
0.7958477559055118
21
0.0855707874015748
0
LINE
8
BLACK
6
CONTINUOUS
10
0.7958477559055118
20
0.0855707874015748
11
0.7961386220472441
21
0.0853688188976378
0
LINE
8
BLACK
6
CONTINUOUS
10
0.7961386220472441
20
0.0853688188976378
11
0.8003067716535432
21
0.0822485039370079
0
LINE
8
BLACK
6
CONTINUOUS
10
0.8003067716535432
20
0.0822485039370079
11
0.800306968503937
21
0.0822484251968504
0
LINE
8
BLACK
6
CONTINUOUS
10
0.800306968503937
20
0.0822484251968504
11
0.805700590551181
21
0.0802366535433071
0
LINE
8
BLACK
6
CONTINUOUS
10
0.805700590551181
20
0.0802366535433071
11
0.8057009055118111
21
0.0802365748031496
0
LINE
8
BLACK
6
CONTINUOUS
10
0.8057009055118111
20
0.0802365748031496
11
0.8080846456692913
21
0.0799803149606299
0
LINE
8
BLACK
6
CONTINUOUS
10
0.8080846456692913
20
0.0799803149606299
11
0.8080851181102362
21
0.0799803149606299
0
LINE
8
BLACK
6
CONTINUOUS
10
0.8080851181102362
20
0.0799803149606299
11
0.8719153149606299
21
0.0799803149606299
0
LINE
8
BLACK
6
CONTINUOUS
10
0.8719153149606299
20
0.0799803149606299
11
0.8742990551181102
21
0.0802365748031496
0
LINE
8
BLACK
6
CONTINUOUS
10
0.8742990551181102
20
0.0802365748031496
11
0.8742993700787401
21
0.0802366535433071
0
LINE
8
BLACK
6
CONTINUOUS
10
0.8742993700787401
20
0.0802366535433071
11
0.8796929921259843
21
0.0822484251968504
0
LINE
8
BLACK
6
CONTINUOUS
10
0.8796929921259843
20
0.0822484251968504
11
0.8796931889763779
21
0.0822485039370079
0
LINE
8
BLACK
6
CONTINUOUS
10
0.8796931889763779
20
0.0822485039370079
11
0.8843016141732283
21
0.0856983858267717
0
LINE
8
BLACK
6
CONTINUOUS
10
0.8843016141732283
20
0.0856983858267717
11
0.8860288582677165
21
0.0880056299212598
0
LINE
8
BLACK
6
CONTINUOUS
10
0.8860288582677165
20
0.0880056299212598
11
0.8882664960629921
21
0.0896806692913386
0
LINE
8
BLACK
6
CONTINUOUS
10
0.8882664960629921
20
0.0896806692913386
11
0.8910544881889764
21
0.0898800393700787
0
LINE
8
BLACK
6
CONTINUOUS
10
0.8910544881889764
20
0.0898800393700787
11
0.893507716535433
21
0.0885404724409449
0
LINE
8
BLACK
6
CONTINUOUS
10
0.893507716535433
20
0.0885404724409449
11
0.8939711417322834
21
0.0880056299212598
0
LINE
8
BLACK
6
CONTINUOUS
10
0.8939711417322834
20
0.0880056299212598
11
0.8956983464566929
21
0.0856983858267717
0
LINE
8
BLACK
6
CONTINUOUS
10
0.8956983464566929
20
0.0856983858267717
11
0.9003067716535433
21
0.0822485039370079
0
LINE
8
BLACK
6
CONTINUOUS
10
0.9003067716535433
20
0.0822485039370079
11
0.900306968503937
21
0.0822484251968504
0
LINE
8
BLACK
6
CONTINUOUS
10
0.900306968503937
20
0.0822484251968504
11
0.9057005905511811
21
0.0802366535433071
0
LINE
8
BLACK
6
CONTINUOUS
10
0.9057005905511811
20
0.0802366535433071
11
0.905700905511811
21
0.0802365748031496
0
LINE
8
BLACK
6
CONTINUOUS
10
0.905700905511811
20
0.0802365748031496
11
0.9080846456692914
21
0.0799803149606299
0
LINE
8
BLACK
6
CONTINUOUS
10
0.9080846456692914
20
0.0799803149606299
11
0.9080851181102362
21
0.0799803149606299
0
LINE
8
BLACK
6
CONTINUOUS
10
0.9080851181102362
20
0.0799803149606299
11
0.9719153149606299
21
0.0799803149606299
0
LINE
8
BLACK
6
CONTINUOUS
10
0.9719153149606299
20
0.0799803149606299
11
0.9742990551181102
21
0.0802365748031496
0
LINE
8
BLACK
6
CONTINUOUS
10
0.9742990551181102
20
0.0802365748031496
11
0.9742993700787401
21
0.0802366535433071
0
LINE
8
BLACK
6
CONTINUOUS
10
0.9742993700787401
20
0.0802366535433071
11
0.9796929921259843
21
0.0822484251968504
0
LINE
8
BLACK
6
CONTINUOUS
10
0.9796929921259843
20
0.0822484251968504
11
0.9796931889763779
21
0.0822485039370079
0
LINE
8
BLACK
6
CONTINUOUS
10
0.9796931889763779
20
0.0822485039370079
11
0.9843016141732284
21
0.0856983858267717
0
LINE
8
BLACK
6
CONTINUOUS
10
0.9843016141732284
20
0.0856983858267717
11
0.9860288582677165
21
0.0880056299212598
0
LINE
8
BLACK
6
CONTINUOUS
10
0.9860288582677165
20
0.0880056299212598
11
0.9882664960629921
21
0.0896806692913386
0
LINE
8
BLACK
6
CONTINUOUS
10
0.9882664960629921
20
0.0896806692913386
11
0.9910544881889763
21
0.0898800393700787
0
LINE
8
BLACK
6
CONTINUOUS
10
0.9910544881889763
20
0.0898800393700787
11
0.993507716535433
21
0.0885404724409449
0
LINE
8
BLACK
6
CONTINUOUS
10
0.993507716535433
20
0.0885404724409449
11
0.9939711417322834
21
0.0880056299212598
0
LINE
8
BLACK
6
CONTINUOUS
10
0.9939711417322834
20
0.0880056299212598
11
0.9956983464566929
21
0.0856983858267717
0
LINE
8
BLACK
6
CONTINUOUS
10
0.9956983464566929
20
0.0856983858267717
11
1.0003067716535432
21
0.0822485039370079
0
LINE
8
BLACK
6
CONTINUOUS
10
1.0003067716535432
20
0.0822485039370079
11
1.000306968503937
21
0.0822484251968504
0
LINE
8
BLACK
6
CONTINUOUS
10
1.000306968503937
20
0.0822484251968504
11
1.0057005905511811
21
0.0802366535433071
0
LINE
8
BLACK
6
CONTINUOUS
10
1.0057005905511811
20
0.0802366535433071
11
1.0057009055118109
21
0.0802365748031496
0
LINE
8
BLACK
6
CONTINUOUS
10
1.0057009055118109
20
0.0802365748031496
11
1.0080846456692913
21
0.0799803149606299
0
LINE
8
BLACK
6
CONTINUOUS
10
1.0080846456692913
20
0.0799803149606299
11
1.0080851181102362
21
0.0799803149606299
0
LINE
8
BLACK
6
CONTINUOUS
10
1.0080851181102362
20
0.0799803149606299
11
1.07191531496063
21
0.0799803149606299
0
LINE
8
BLACK
6
CONTINUOUS
10
1.07191531496063
20
0.0799803149606299
11
1.0742990551181102
21
0.0802365748031496
0
LINE
8
BLACK
6
CONTINUOUS
10
1.0742990551181102
20
0.0802365748031496
11
1.0742993700787402
21
0.0802366535433071
0
LINE
8
BLACK
6
CONTINUOUS
10
1.0742993700787402
20
0.0802366535433071
11
1.0796929921259841
21
0.0822484251968504
0
LINE
8
BLACK
6
CONTINUOUS
10
1.0796929921259841
20
0.0822484251968504
11
1.0796931889763779
21
0.0822485039370079
0
LINE
8
BLACK
6
CONTINUOUS
10
1.0796931889763779
20
0.0822485039370079
11
1.0843016141732282
21
0.0856983464566929
0
LINE
8
BLACK
6
CONTINUOUS
10
1.0843016141732282
20
0.0856983464566929
11
1.0877514566929134
21
0.0903067716535433
0
LINE
8
BLACK
6
CONTINUOUS
10
1.0877514566929134
20
0.0903067716535433
11
1.0877515354330709
21
0.090306968503937
0
LINE
8
BLACK
6
CONTINUOUS
10
1.0877515354330709
20
0.090306968503937
11
1.0881185039370078
21
0.0912907480314961
0
LINE
8
BLACK
6
CONTINUOUS
10
1.0881185039370078
20
0.0912907480314961
11
1.0897633464566929
21
0.0957007480314961
0
LINE
8
BLACK
6
CONTINUOUS
10
1.0897633464566929
20
0.0957007480314961
11
1.0897633858267717
21
0.095700905511811
0
LINE
8
BLACK
6
CONTINUOUS
10
1.0897633858267717
20
0.095700905511811
11
1.0899193700787402
21
0.097151968503937
0
LINE
8
BLACK
6
CONTINUOUS
10
1.0899193700787402
20
0.097151968503937
11
1.0909889763779528
21
0.0997343307086614
0
LINE
8
BLACK
6
CONTINUOUS
10
1.0909889763779528
20
0.0997343307086614
11
1.0932849212598426
21
0.1013285039370079
0
LINE
8
BLACK
6
CONTINUOUS
10
1.0932849212598426
20
0.1013285039370079
11
1.0932850000000001
21
0.1013285433070866
0
LINE
8
BLACK
6
CONTINUOUS
10
1.0932850000000001
20
0.1013285433070866
11
1.0954785039370079
21
0.1020585826771653
0
LINE
8
BLACK
6
CONTINUOUS
10
1.0954785039370079
20
0.1020585826771653
11
1.0957832677165353
21
0.1022544488188976
0
LINE
8
BLACK
6
CONTINUOUS
10
1.0957832677165353
20
0.1022544488188976
11
1.1003193700787401
21
0.1051696062992126
0
LINE
8
BLACK
6
CONTINUOUS
10
1.1003193700787401
20
0.1051696062992126
11
1.1003195669291339
21
0.1051697637795276
0
LINE
8
BLACK
6
CONTINUOUS
10
1.1003195669291339
20
0.1051697637795276
11
1.1003197244094487
21
0.1051698818897638
0
LINE
8
BLACK
6
CONTINUOUS
10
1.1003197244094487
20
0.1051698818897638
11
1.1023307086614174
21
0.1069124015748032
0
LINE
8
BLACK
6
CONTINUOUS
10
1.1023307086614174
20
0.1069124015748032
11
1.1024181102362205
21
0.106984094488189
0
LINE
8
BLACK
6
CONTINUOUS
10
1.1024181102362205
20
0.106984094488189
11
1.1062000000000001
21
0.1113487401574803
0
LINE
8
BLACK
6
CONTINUOUS
10
1.1062000000000001
20
0.1113487401574803
11
1.1062000787401574
21
0.1113488582677165
0
LINE
8
BLACK
6
CONTINUOUS
10
1.1062000787401574
20
0.1113488582677165
11
1.1085904724409448
21
0.1165830708661417
0
LINE
8
BLACK
6
CONTINUOUS
10
1.1085904724409448
20
0.1165830708661417
11
1.1091833464566929
21
0.1186022834645669
0
LINE
8
BLACK
6
CONTINUOUS
10
1.1091833464566929
20
0.1186022834645669
11
1.1093779527559056
21
0.119265
0
LINE
8
BLACK
6
CONTINUOUS
10
1.1093779527559056
20
0.119265
11
1.1099999999999999
21
0.1235914566929134
0
LINE
8
BLACK
6
CONTINUOUS
10
1.1099999999999999
20
0.1235914566929134
11
1.1099999999999999
21
0.16
0
LINE
8
BLACK
6
CONTINUOUS
10
1.1099999999999999
20
0.16
11
1.1107009055118109
21
0.16
0
LINE
8
BLACK
6
CONTINUOUS
10
1.1107009055118109
20
0.16
11
1.1109843307086613
21
0.1609652755905512
0
LINE
8
BLACK
6
CONTINUOUS
10
1.1109843307086613
20
0.1609652755905512
11
1.1111861811023622
21
0.1612560236220472
0
LINE
8
BLACK
6
CONTINUOUS
10
1.1111861811023622
20
0.1612560236220472
11
1.1115529527559054
21
0.1617459842519685
0
LINE
8
BLACK
6
CONTINUOUS
10
1.1115529527559054
20
0.1617459842519685
11
1.1119749999999999
21
0.1623312992125984
0
LINE
8
BLACK
6
CONTINUOUS
10
1.1119749999999999
20
0.1623312992125984
11
1.1121770472440944
21
0.1626222440944882
0
LINE
8
BLACK
6
CONTINUOUS
10
1.1121770472440944
20
0.1626222440944882
11
1.1125779527559054
21
0.1632222440944882
0
LINE
8
BLACK
6
CONTINUOUS
10
1.1125779527559054
20
0.1632222440944882
11
1.1125779921259842
21
0.1632223228346457
0
LINE
8
BLACK
6
CONTINUOUS
10
1.1125779921259842
20
0.1632223228346457
11
1.1149683858267716
21
0.1684564960629921
0
LINE
8
BLACK
6
CONTINUOUS
10
1.1149683858267716
20
0.1684564960629921
11
1.1157557874015749
21
0.1711381889763779
0
LINE
8
BLACK
6
CONTINUOUS
10
1.1157557874015749
20
0.1711381889763779
11
1.1157558661417322
21
0.1711384645669291
0
LINE
8
BLACK
6
CONTINUOUS
10
1.1157558661417322
20
0.1711384645669291
11
1.1157559055118109
21
0.1711385433070866
0
LINE
8
BLACK
6
CONTINUOUS
10
1.1157559055118109
20
0.1711385433070866
11
1.1163779527559055
21
0.175465
0
LINE
8
BLACK
6
CONTINUOUS
10
1.1163779527559055
20
0.175465
11
1.1163779527559055
21
0.1855720866141732
0
LINE
8
BLACK
6
CONTINUOUS
10
1.1163779527559055
20
0.1855720866141732
11
1.1152874803149606
21
0.1905847637795275
0
LINE
8
BLACK
6
CONTINUOUS
10
1.1152874803149606
20
0.1905847637795275
11
1.1144075984251969
21
0.1929437007874016
0
LINE
8
BLACK
6
CONTINUOUS
10
1.1144075984251969
20
0.1929437007874016
11
1.1143898818897637
21
0.1930008661417323
0
LINE
8
BLACK
6
CONTINUOUS
10
1.1143898818897637
20
0.1930008661417323
11
1.1143111417322835
21
0.1932022834645669
0
LINE
8
BLACK
6
CONTINUOUS
10
1.1143111417322835
20
0.1932022834645669
11
1.1143106692913385
21
0.1932036614173228
0
LINE
8
BLACK
6
CONTINUOUS
10
1.1143106692913385
20
0.1932036614173228
11
1.1143106299212597
21
0.1932038188976378
0
LINE
8
BLACK
6
CONTINUOUS
10
1.1143106299212597
20
0.1932038188976378
11
1.1115528346456693
21
0.1982541338582677
0
LINE
8
BLACK
6
CONTINUOUS
10
1.1115528346456693
20
0.1982541338582677
11
1.111186377952756
21
0.1987436614173228
0
LINE
8
BLACK
6
CONTINUOUS
10
1.111186377952756
20
0.1987436614173228
11
1.1107177559055117
21
0.2
0
LINE
8
BLACK
6
CONTINUOUS
10
1.1107177559055117
20
0.2
11
1.1099999999999999
21
0.2
0
LINE
8
BLACK
6
CONTINUOUS
10
1.1099999999999999
20
0.2
11
1.1099999999999999
21
0.26
0
LINE
8
BLACK
6
CONTINUOUS
10
1.1099999999999999
20
0.26
11
1.1699999999999999
21
0.26
0
LINE
8
BLACK
6
CONTINUOUS
10
1.1699999999999999
20
0.26
11
1.1699999999999999
21
0.2
0
LINE
8
BLACK
6
CONTINUOUS
10
1.1699999999999999
20
0.2
11
1.1692990944881889
21
0.2
0
LINE
8
BLACK
6
CONTINUOUS
10
1.1692990944881889
20
0.2
11
1.1690156299212597
21
0.1990345669291338
0
LINE
8
BLACK
6
CONTINUOUS
10
1.1690156299212597
20
0.1990345669291338
11
1.168813622047244
21
0.1987436614173228
0
LINE
8
BLACK
6
CONTINUOUS
10
1.168813622047244
20
0.1987436614173228
11
1.1684472047244094
21
0.1982542125984252
0
LINE
8
BLACK
6
CONTINUOUS
10
1.1684472047244094
20
0.1982542125984252
11
1.1680255905511812
21
0.1976695275590551
0
LINE
8
BLACK
6
CONTINUOUS
10
1.1680255905511812
20
0.1976695275590551
11
1.1678230314960629
21
0.197377874015748
0
LINE
8
BLACK
6
CONTINUOUS
10
1.1678230314960629
20
0.197377874015748
11
1.1674220078740156
21
0.1967777165354331
0
LINE
8
BLACK
6
CONTINUOUS
10
1.1674220078740156
20
0.1967777165354331
11
1.1674219685039371
21
0.1967776377952756
0
LINE
8
BLACK
6
CONTINUOUS
10
1.1674219685039371
20
0.1967776377952756
11
1.1650315748031497
21
0.1915434645669291
0
LINE
8
BLACK
6
CONTINUOUS
10
1.1650315748031497
20
0.1915434645669291
11
1.1642441732283464
21
0.1888617716535433
0
LINE
8
BLACK
6
CONTINUOUS
10
1.1642441732283464
20
0.1888617716535433
11
1.1642440944881889
21
0.1888614566929134
0
LINE
8
BLACK
6
CONTINUOUS
10
1.1642440944881889
20
0.1888614566929134
11
1.1636220472440946
21
0.1845349606299213
0
LINE
8
BLACK
6
CONTINUOUS
10
1.1636220472440946
20
0.1845349606299213
11
1.1636220472440946
21
0.1744277165354331
0
LINE
8
BLACK
6
CONTINUOUS
10
1.1636220472440946
20
0.1744277165354331
11
1.1647124803149607
21
0.1694152755905512
0
LINE
8
BLACK
6
CONTINUOUS
10
1.1647124803149607
20
0.1694152755905512
11
1.1647124803149607
21
0.169415157480315
0
LINE
8
BLACK
6
CONTINUOUS
10
1.1647124803149607
20
0.169415157480315
11
1.1656891732283465
21
0.1667966535433071
0
LINE
8
BLACK
6
CONTINUOUS
10
1.1656891732283465
20
0.1667966535433071
11
1.1656893700787401
21
0.1667961811023622
0
LINE
8
BLACK
6
CONTINUOUS
10
1.1656893700787401
20
0.1667961811023622
11
1.1684469291338582
21
0.1617461417322835
0
LINE
8
BLACK
6
CONTINUOUS
10
1.1684469291338582
20
0.1617461417322835
11
1.1688138188976378
21
0.1612560236220472
0
LINE
8
BLACK
6
CONTINUOUS
10
1.1688138188976378
20
0.1612560236220472
11
1.1692822047244094
21
0.16
0
LINE
8
BLACK
6
CONTINUOUS
10
1.1692822047244094
20
0.16
11
1.1699999999999999
21
0.16
0
LINE
8
BLACK
6
CONTINUOUS
10
1.1699999999999999
20
0.16
11
1.1699999999999999
21
0.1231292913385827
0
LINE
8
BLACK
6
CONTINUOUS
10
1.1699999999999999
20
0.1231292913385827
11
1.1702651574803149
21
0.1206631496062992
0
LINE
8
BLACK
6
CONTINUOUS
10
1.1702651574803149
20
0.1206631496062992
11
1.1702651574803149
21
0.1206629921259842
0
LINE
8
BLACK
6
CONTINUOUS
10
1.1702651574803149
20
0.1206629921259842
11
1.1707132677165355
21
0.1186031102362205
0
LINE
8
BLACK
6
CONTINUOUS
10
1.1707132677165355
20
0.1186031102362205
11
1.1707135039370078
21
0.1186022834645669
0
LINE
8
BLACK
6
CONTINUOUS
10
1.1707135039370078
20
0.1186022834645669
11
1.1720782677165353
21
0.1145017716535433
0
LINE
8
BLACK
6
CONTINUOUS
10
1.1720782677165353
20
0.1145017716535433
11
1.1751893700787401
21
0.1096608267716535
0
LINE
8
BLACK
6
CONTINUOUS
10
1.1751893700787401
20
0.1096608267716535
11
1.176932125984252
21
0.1076495669291339
0
LINE
8
BLACK
6
CONTINUOUS
10
1.176932125984252
20
0.1076495669291339
11
1.1770037401574802
21
0.1075622047244094
0
LINE
8
BLACK
6
CONTINUOUS
10
1.1770037401574802
20
0.1075622047244094
11
1.1813684251968504
21
0.1037802755905512
0
LINE
8
BLACK
6
CONTINUOUS
10
1.1813684251968504
20
0.1037802755905512
11
1.1813685433070866
21
0.1037801968503937
0
LINE
8
BLACK
6
CONTINUOUS
10
1.1813685433070866
20
0.1037801968503937
11
1.1866027559055117
21
0.1013898031496063
0
LINE
8
BLACK
6
CONTINUOUS
10
1.1866027559055117
20
0.1013898031496063
11
1.1892843307086614
21
0.1006024409448819
0
LINE
8
BLACK
6
CONTINUOUS
10
1.1892843307086614
20
0.1006024409448819
11
1.1892846062992126
21
0.1006023622047244
0
LINE
8
BLACK
6
CONTINUOUS
10
1.1892846062992126
20
0.1006023622047244
11
1.190703937007874
21
0.1003983070866142
0
LINE
8
BLACK
6
CONTINUOUS
10
1.190703937007874
20
0.1003983070866142
11
1.19498031496063
21
0.0997834645669291
0
LINE
8
BLACK
6
CONTINUOUS
10
1.19498031496063
20
0.0997834645669291
11
1.194980472440945
21
0.0997834645669291
0
LINE
8
BLACK
6
CONTINUOUS
10
1.194980472440945
20
0.0997834645669291
11
1.2557759448818897
21
0.0997834645669291
0
LINE
8
BLACK
6
CONTINUOUS
10
1.2557759448818897
20
0.0997834645669291
11
1.2580406299212599
21
0.099953031496063
0
LINE
8
BLACK
6
CONTINUOUS
10
1.2580406299212599
20
0.099953031496063
11
1.2587867322834645
21
0.100008937007874
0
LINE
8
BLACK
6
CONTINUOUS
10
1.2587867322834645
20
0.100008937007874
11
1.2587870078740158
21
0.1000089763779528
0
LINE
8
BLACK
6
CONTINUOUS
10
1.2587870078740158
20
0.1000089763779528
11
1.2602475196850393
21
0.100228937007874
0
LINE
8
BLACK
6
CONTINUOUS
10
1.2602475196850393
20
0.100228937007874
11
1.2602485433070867
21
0.1002291338582677
0
LINE
8
BLACK
6
CONTINUOUS
10
1.2602485433070867
20
0.1002291338582677
11
1.263191653543307
21
0.1009003937007874
0
LINE
8
BLACK
6
CONTINUOUS
10
1.263191653543307
20
0.1009003937007874
11
1.268393346456693
21
0.1033605905511811
0
LINE
8
BLACK
6
CONTINUOUS
10
1.268393346456693
20
0.1033605905511811
11
1.2683936614173228
21
0.1033607874015748
0
LINE
8
BLACK
6
CONTINUOUS
10
1.2683936614173228
20
0.1033607874015748
11
1.2707242913385826
21
0.104903031496063
0
LINE
8
BLACK
6
CONTINUOUS
10
1.2707242913385826
20
0.104903031496063
11
1.2707254330708662
21
0.1049039763779527
0
LINE
8
BLACK
6
CONTINUOUS
10
1.2707254330708662
20
0.1049039763779527
11
1.2750225590551181
21
0.1087294488188976
0
LINE
8
BLACK
6
CONTINUOUS
10
1.2750225590551181
20
0.1087294488188976
11
1.2767066141732284
21
0.1114287795275591
0
LINE
8
BLACK
6
CONTINUOUS
10
1.2767066141732284
20
0.1114287795275591
11
1.2780683858267716
21
0.1136114960629921
0
LINE
8
BLACK
6
CONTINUOUS
10
1.2780683858267716
20
0.1136114960629921
11
1.2791953543307086
21
0.1161693700787402
0
LINE
8
BLACK
6
CONTINUOUS
10
1.2791953543307086
20
0.1161693700787402
11
1.2807423228346457
21
0.1217112992125984
0
LINE
8
BLACK
6
CONTINUOUS
10
1.2807423228346457
20
0.1217112992125984
11
1.2806653543307087
21
0.1274650393700787
0
LINE
8
BLACK
6
CONTINUOUS
10
1.2806653543307087
20
0.1274650393700787
11
1.280230590551181
21
0.1302261417322835
0
LINE
8
BLACK
6
CONTINUOUS
10
1.280230590551181
20
0.1302261417322835
11
1.2802305511811023
21
0.1302263779527559
0
LINE
8
BLACK
6
CONTINUOUS
10
1.2802305511811023
20
0.1302263779527559
11
1.2785356299212598
21
0.1357253149606299
0
LINE
8
BLACK
6
CONTINUOUS
10
1.2785356299212598
20
0.1357253149606299
11
1.278535590551181
21
0.1357253149606299
0
LINE
8
BLACK
6
CONTINUOUS
10
1.278535590551181
20
0.1357253149606299
11
1.278535590551181
21
0.1357254724409449
0
LINE
8
BLACK
6
CONTINUOUS
10
1.278535590551181
20
0.1357254724409449
11
1.2731176377952755
21
0.1471806692913386
0
LINE
8
BLACK
6
CONTINUOUS
10
1.2731176377952755
20
0.1471806692913386
11
1.272931338582677
21
0.1476304330708662
0
LINE
8
BLACK
6
CONTINUOUS
10
1.272931338582677
20
0.1476304330708662
11
1.2685516141732283
21
0.1598708661417323
0
LINE
8
BLACK
6
CONTINUOUS
10
1.2685516141732283
20
0.1598708661417323
11
1.2684102755905511
21
0.1603366929133858
0
LINE
8
BLACK
6
CONTINUOUS
10
1.2684102755905511
20
0.1603366929133858
11
1.2652509842519686
21
0.1729492913385827
0
LINE
8
BLACK
6
CONTINUOUS
10
1.2652509842519686
20
0.1729492913385827
11
1.2651562598425197
21
0.1734256299212598
0
LINE
8
BLACK
6
CONTINUOUS
10
1.2651562598425197
20
0.1734256299212598
11
1.2632485039370078
21
0.1862866141732283
0
LINE
8
BLACK
6
CONTINUOUS
10
1.2632485039370078
20
0.1862866141732283
11
1.2632008267716535
21
0.1867707480314961
0
LINE
8
BLACK
6
CONTINUOUS
10
1.2632008267716535
20
0.1867707480314961
11
1.2630981102362204
21
0.1888614566929134
0
LINE
8
BLACK
6
CONTINUOUS
10
1.2630981102362204
20
0.1888614566929134
11
1.2626797244094488
21
0.1973783464566929
0
LINE
8
BLACK
6
CONTINUOUS
10
1.2626797244094488
20
0.1973783464566929
11
1.2625629133858267
21
0.1997566141732283
0
LINE
8
BLACK
6
CONTINUOUS
10
1.2625629133858267
20
0.1997566141732283
11
1.2625629133858267
21
0.2002433858267716
0
LINE
8
BLACK
6
CONTINUOUS
10
1.2625629133858267
20
0.2002433858267716
11
1.2632008267716535
21
0.2132287401574803
0
LINE
8
BLACK
6
CONTINUOUS
10
1.2632008267716535
20
0.2132287401574803
11
1.2632485433070866
21
0.2137132283464567
0
LINE
8
BLACK
6
CONTINUOUS
10
1.2632485433070866
20
0.2137132283464567
11
1.2651561811023622
21
0.2265738582677165
0
LINE
8
BLACK
6
CONTINUOUS
10
1.2651561811023622
20
0.2265738582677165
11
1.2652511023622046
21
0.2270509448818898
0
LINE
8
BLACK
6
CONTINUOUS
10
1.2652511023622046
20
0.2270509448818898
11
1.2684102755905511
21
0.2396631889763779
0
LINE
8
BLACK
6
CONTINUOUS
10
1.2684102755905511
20
0.2396631889763779
11
1.2685513385826772
21
0.2401282283464567
0
LINE
8
BLACK
6
CONTINUOUS
10
1.2685513385826772
20
0.2401282283464567
11
1.2729316535433071
21
0.2523703937007874
0
LINE
8
BLACK
6
CONTINUOUS
10
1.2729316535433071
20
0.2523703937007874
11
1.273117559055118
21
0.2528191732283465
0
LINE
8
BLACK
6
CONTINUOUS
10
1.273117559055118
20
0.2528191732283465
11
1.2772949212598426
21
0.2616515354330708
0
LINE
8
BLACK
6
CONTINUOUS
10
1.2772949212598426
20
0.2616515354330708
11
1.2786765354330709
21
0.2645726771653543
0
LINE
8
BLACK
6
CONTINUOUS
10
1.2786765354330709
20
0.2645726771653543
11
1.2789060236220473
21
0.2650020078740157
0
LINE
8
BLACK
6
CONTINUOUS
10
1.2789060236220473
20
0.2650020078740157
11
1.2809337007874015
21
0.268385
0
LINE
8
BLACK
6
CONTINUOUS
10
1.2809337007874015
20
0.268385
11
1.2855904330708661
21
0.2761543307086614
0
LINE
8
BLACK
6
CONTINUOUS
10
1.2855904330708661
20
0.2761543307086614
11
1.2858605511811023
21
0.2765585039370079
0
LINE
8
BLACK
6
CONTINUOUS
10
1.2858605511811023
20
0.2765585039370079
11
1.2936046456692913
21
0.2870002362204724
0
LINE
8
BLACK
6
CONTINUOUS
10
1.2936046456692913
20
0.2870002362204724
11
1.293913464566929
21
0.2873765748031496
0
LINE
8
BLACK
6
CONTINUOUS
10
1.293913464566929
20
0.2873765748031496
11
1.3026451968503936
21
0.2970105118110236
0
LINE
8
BLACK
6
CONTINUOUS
10
1.3026451968503936
20
0.2970105118110236
11
1.3029894094488188
21
0.2973547244094488
0
LINE
8
BLACK
6
CONTINUOUS
10
1.3029894094488188
20
0.2973547244094488
11
1.3126228346456692
21
0.3060859842519685
0
LINE
8
BLACK
6
CONTINUOUS
10
1.3126228346456692
20
0.3060859842519685
11
1.3129988582677166
21
0.3063945669291339
0
LINE
8
BLACK
6
CONTINUOUS
10
1.3129988582677166
20
0.3063945669291339
11
1.3244351181102363
21
0.3148763385826772
0
LINE
8
BLACK
6
CONTINUOUS
10
1.3244351181102363
20
0.3148763385826772
11
1.3244350787401575
21
0.3148763385826772
0
LINE
8
BLACK
6
CONTINUOUS
10
1.3244350787401575
20
0.3148763385826772
11
1.3250993307086614
21
0.3153690157480315
0
LINE
8
BLACK
6
CONTINUOUS
10
1.3250993307086614
20
0.3153690157480315
11
1.3251744488188977
21
0.3154236220472441
0
LINE
8
BLACK
6
CONTINUOUS
10
1.3251744488188977
20
0.3154236220472441
11
1.325496496062992
21
0.3156531102362204
0
LINE
8
BLACK
6
CONTINUOUS
10
1.325496496062992
20
0.3156531102362204
11
1.3258584645669291
21
0.315911062992126
0
LINE
8
BLACK
6
CONTINUOUS
10
1.3258584645669291
20
0.315911062992126
11
1.3270572047244094
21
0.3169174409448819
0
LINE
8
BLACK
6
CONTINUOUS
10
1.3270572047244094
20
0.3169174409448819
11
1.3270574015748031
21
0.3169175984251968
0
LINE
8
BLACK
6
CONTINUOUS
10
1.3270574015748031
20
0.3169175984251968
11
1.3293369685039369
21
0.3191618503937008
0
LINE
8
BLACK
6
CONTINUOUS
10
1.3293369685039369
20
0.3191618503937008
11
1.3293370078740157
21
0.3191619291338583
0
LINE
8
BLACK
6
CONTINUOUS
10
1.3293370078740157
20
0.3191619291338583
11
1.3293371259842519
21
0.3191620472440945
0
LINE
8
BLACK
6
CONTINUOUS
10
1.3293371259842519
20
0.3191620472440945
11
1.3324478740157479
21
0.3240023228346456
0
LINE
8
BLACK
6
CONTINUOUS
10
1.3324478740157479
20
0.3240023228346456
11
1.3324479133858267
21
0.3240024409448819
0
LINE
8
BLACK
6
CONTINUOUS
10
1.3324479133858267
20
0.3240024409448819
11
1.3324479921259842
21
0.3240025590551181
0
LINE
8
BLACK
6
CONTINUOUS
10
1.3324479921259842
20
0.3240025590551181
11
1.3335732283464568
21
0.3264664173228347
0
LINE
8
BLACK
6
CONTINUOUS
10
1.3335732283464568
20
0.3264664173228347
11
1.3336016535433071
21
0.3265257874015748
0
LINE
8
BLACK
6
CONTINUOUS
10
1.3336016535433071
20
0.3265257874015748
11
1.3336092913385826
21
0.3265452755905512
0
LINE
8
BLACK
6
CONTINUOUS
10
1.3336092913385826
20
0.3265452755905512
11
1.3337388188976378
21
0.3269863385826772
0
LINE
8
BLACK
6
CONTINUOUS
10
1.3337388188976378
20
0.3269863385826772
11
1.3345802755905511
21
0.3298521653543307
0
LINE
8
BLACK
6
CONTINUOUS
10
1.3345802755905511
20
0.3298521653543307
11
1.3360914173228347
21
0.3322036220472441
0
LINE
8
BLACK
6
CONTINUOUS
10
1.3360914173228347
20
0.3322036220472441
11
1.3386339370078739
21
0.3333647637795276
0
LINE
8
BLACK
6
CONTINUOUS
10
1.3386339370078739
20
0.3333647637795276
11
1.3411355118110235
21
0.3330788976377952
0
LINE
8
BLACK
6
CONTINUOUS
10
1.3411355118110235
20
0.3330788976377952
11
1.3466163779527558
21
0.3309507086614173
0
LINE
8
BLACK
6
CONTINUOUS
10
1.3466163779527558
20
0.3309507086614173
11
1.3466166929133858
21
0.3309506299212598
0
LINE
8
BLACK
6
CONTINUOUS
10
1.3466166929133858
20
0.3309506299212598
11
1.3523497244094489
21
0.3304634251968504
0
LINE
8
BLACK
6
CONTINUOUS
10
1.3523497244094489
20
0.3304634251968504
11
1.3523501181102362
21
0.3304633858267716
0
LINE
8
BLACK
6
CONTINUOUS
10
1.3523501181102362
20
0.3304633858267716
11
1.3548341338582677
21
0.3306076771653543
0
LINE
8
BLACK
6
CONTINUOUS
10
1.3548341338582677
20
0.3306076771653543
11
1.3551405905511811
21
0.3306255118110236
0
LINE
8
BLACK
6
CONTINUOUS
10
1.3551405905511811
20
0.3306255118110236
11
1.3570630708661418
21
0.3310167716535433
0
LINE
8
BLACK
6
CONTINUOUS
10
1.3570630708661418
20
0.3310167716535433
11
1.3577998818897636
21
0.3309541338582677
0
LINE
8
BLACK
6
CONTINUOUS
10
1.3577998818897636
20
0.3309541338582677
11
1.3729489763779528
21
0.3347488188976378
0
LINE
8
BLACK
6
CONTINUOUS
10
1.3729489763779528
20
0.3347488188976378
11
1.3734264566929133
21
0.3348437795275591
0
LINE
8
BLACK
6
CONTINUOUS
10
1.3734264566929133
20
0.3348437795275591
11
1.3862866141732284
21
0.3367513779527559
0
LINE
8
BLACK
6
CONTINUOUS
10
1.3862866141732284
20
0.3367513779527559
11
1.3867710629921259
21
0.336799094488189
0
LINE
8
BLACK
6
CONTINUOUS
10
1.3867710629921259
20
0.336799094488189
11
1.3997564173228345
21
0.3374370866141732
0
LINE
8
BLACK
6
CONTINUOUS
10
1.3997564173228345
20
0.3374370866141732
11
1.4002432677165355
21
0.3374370866141732
0
LINE
8
BLACK
6
CONTINUOUS
10
1.4002432677165355
20
0.3374370866141732
11
1.4132288582677166
21
0.336799094488189
0
LINE
8
BLACK
6
CONTINUOUS
10
1.4132288582677166
20
0.336799094488189
11
1.4137133070866141
21
0.3367513779527559
0
LINE
8
BLACK
6
CONTINUOUS
10
1.4137133070866141
20
0.3367513779527559
11
1.4265737007874015
21
0.3348437401574803
0
LINE
8
BLACK
6
CONTINUOUS
10
1.4265737007874015
20
0.3348437401574803
11
1.4270511417322835
21
0.334748779527559
0
LINE
8
BLACK
6
CONTINUOUS
10
1.4270511417322835
20
0.334748779527559
11
1.4396628346456692
21
0.3315897244094488
0
LINE
8
BLACK
6
CONTINUOUS
10
1.4396628346456692
20
0.3315897244094488
11
1.4401287007874015
21
0.3314484251968504
0
LINE
8
BLACK
6
CONTINUOUS
10
1.4401287007874015
20
0.3314484251968504
11
1.4523698818897637
21
0.3270685039370079
0
LINE
8
BLACK
6
CONTINUOUS
10
1.4523698818897637
20
0.3270685039370079
11
1.4528196456692912
21
0.3268822047244094
0
LINE
8
BLACK
6
CONTINUOUS
10
1.4528196456692912
20
0.3268822047244094
11
1.4642747637795275
21
0.3214643307086614
0
LINE
8
BLACK
6
CONTINUOUS
10
1.4642747637795275
20
0.3214643307086614
11
1.4670923622047243
21
0.3203809842519685
0
LINE
8
BLACK
6
CONTINUOUS
10
1.4670923622047243
20
0.3203809842519685
11
1.4685073622047244
21
0.3199551181102362
0
LINE
8
BLACK
6
CONTINUOUS
10
1.4685073622047244
20
0.3199551181102362
11
1.4714561023622046
21
0.3193033070866141
0
LINE
8
BLACK
6
CONTINUOUS
10
1.4714561023622046
20
0.3193033070866141
11
1.4714562992125984
21
0.3193033070866141
0
LINE
8
BLACK
6
CONTINUOUS
10
1.4714562992125984
20
0.3193033070866141
11
1.4772107874015747
21
0.3193033070866141
0
LINE
8
BLACK
6
CONTINUOUS
10
1.4772107874015747
20
0.3193033070866141
11
1.479977125984252
21
0.319701062992126
0
LINE
8
BLACK
6
CONTINUOUS
10
1.479977125984252
20
0.319701062992126
11
1.4854983070866141
21
0.3213222440944882
0
LINE
8
BLACK
6
CONTINUOUS
10
1.4854983070866141
20
0.3213222440944882
11
1.4903389370078739
21
0.3244331102362205
0
LINE
8
BLACK
6
CONTINUOUS
10
1.4903389370078739
20
0.3244331102362205
11
1.4903394094488189
21
0.3244334645669291
0
LINE
8
BLACK
6
CONTINUOUS
10
1.4903394094488189
20
0.3244334645669291
11
1.4923503937007874
21
0.3261759842519685
0
LINE
8
BLACK
6
CONTINUOUS
10
1.4923503937007874
20
0.3261759842519685
11
1.4924377952755905
21
0.3262476771653543
0
LINE
8
BLACK
6
CONTINUOUS
10
1.4924377952755905
20
0.3262476771653543
11
1.4962196850393701
21
0.3306123228346456
0
LINE
8
BLACK
6
CONTINUOUS
10
1.4962196850393701
20
0.3306123228346456
11
1.4962197637795276
21
0.3306124409448819
0
LINE
8
BLACK
6
CONTINUOUS
10
1.4962197637795276
20
0.3306124409448819
11
1.498610157480315
21
0.3358466535433071
0
LINE
8
BLACK
6
CONTINUOUS
10
1.498610157480315
20
0.3358466535433071
11
1.4989977165354331
21
0.3371665748031496
0
LINE
8
BLACK
6
CONTINUOUS
10
1.4989977165354331
20
0.3371665748031496
11
1.4993976377952756
21
0.3385285826771653
0
LINE
8
BLACK
6
CONTINUOUS
10
1.4993976377952756
20
0.3385285826771653
11
1.5002165354330708
21
0.3442242125984252
0
LINE
8
BLACK
6
CONTINUOUS
10
1.5002165354330708
20
0.3442242125984252
11
1.5002165354330708
21
0.5073818897637795
0
LINE
8
BLACK
6
CONTINUOUS
10
1.5002165354330708
20
0.5073818897637795
11
1.4997545669291339
21
0.5116790944881889
0
LINE
8
BLACK
6
CONTINUOUS
10
1.4997545669291339
20
0.5116790944881889
11
1.4993062992125983
21
0.5137398031496063
0
LINE
8
BLACK
6
CONTINUOUS
10
1.4993062992125983
20
0.5137398031496063
11
1.4987046850393702
21
0.5155472047244094
0
LINE
8
BLACK
6
CONTINUOUS
10
1.4987046850393702
20
0.5155472047244094
11
1.4986049606299212
21
0.5183405118110236
0
LINE
8
BLACK
6
CONTINUOUS
10
1.4986049606299212
20
0.5183405118110236
11
1.4994403149606299
21
0.5200865748031496
0
LINE
8
BLACK
6
CONTINUOUS
10
1.4994403149606299
20
0.5200865748031496
11
1.5013735039370077
21
0.5226689763779527
0
LINE
8
BLACK
6
CONTINUOUS
10
1.5013735039370077
20
0.5226689763779527
11
1.5013735826771653
21
0.5226691732283465
0
LINE
8
BLACK
6
CONTINUOUS
10
1.5013735826771653
20
0.5226691732283465
11
1.5033853543307085
21
0.5280627952755905
0
LINE
8
BLACK
6
CONTINUOUS
10
1.5033853543307085
20
0.5280627952755905
11
1.503385433070866
21
0.5280631102362204
0
LINE
8
BLACK
6
CONTINUOUS
10
1.503385433070866
20
0.5280631102362204
11
1.5036416929133858
21
0.5304468503937008
0
LINE
8
BLACK
6
CONTINUOUS
10
1.5036416929133858
20
0.5304468503937008
11
1.5036417322834645
21
0.5304475196850393
0
LINE
8
BLACK
6
CONTINUOUS
10
1.5036417322834645
20
0.5304475196850393
11
1.5036417322834645
21
0.5558632283464566
0
LINE
8
BLACK
6
CONTINUOUS
10
1.5036417322834645
20
0.5558632283464566
11
1.5037103937007874
21
0.5566857086614173
0
LINE
8
BLACK
6
CONTINUOUS
10
1.5037103937007874
20
0.5566857086614173
11
1.5037285433070866
21
0.5567936614173228
0
LINE
8
BLACK
6
CONTINUOUS
10
1.5037285433070866
20
0.5567936614173228
11
1.5036431496062992
21
0.5603809448818897
0
LINE
8
BLACK
6
CONTINUOUS
10
1.5036431496062992
20
0.5603809448818897
11
1.5036417322834645
21
0.5604990157480315
0
LINE
8
BLACK
6
CONTINUOUS
10
1.5036417322834645
20
0.5604990157480315
11
1.5036417322834645
21
0.5893949606299212
0
LINE
8
BLACK
6
CONTINUOUS
10
1.5036417322834645
20
0.5893949606299212
11
1.5036416929133858
21
0.5893956299212598
0
LINE
8
BLACK
6
CONTINUOUS
10
1.5036416929133858
20
0.5893956299212598
11
1.503385433070866
21
0.5917793700787402
0
LINE
8
BLACK
6
CONTINUOUS
10
1.503385433070866
20
0.5917793700787402
11
1.5033853543307085
21
0.5917796850393701
0
LINE
8
BLACK
6
CONTINUOUS
10
1.5033853543307085
20
0.5917796850393701
11
1.5031086614173228
21
0.5925214566929133
0
LINE
8
BLACK
6
CONTINUOUS
10
1.5031086614173228
20
0.5925214566929133
11
1.5013735826771653
21
0.5971733858267716
0
LINE
8
BLACK
6
CONTINUOUS
10
1.5013735826771653
20
0.5971733858267716
11
1.5013735039370077
21
0.5971735039370079
0
LINE
8
BLACK
6
CONTINUOUS
10
1.5013735039370077
20
0.5971735039370079
11
1.4991181889763778
21
0.6001862598425197
0
LINE
8
BLACK
6
CONTINUOUS
10
1.4991181889763778
20
0.6001862598425197
11
1.4981413779527559
21
0.6028051574803149
0
LINE
8
BLACK
6
CONTINUOUS
10
1.4981413779527559
20
0.6028051574803149
11
1.4985593700787401
21
0.6051219291338582
0
LINE
8
BLACK
6
CONTINUOUS
10
1.4985593700787401
20
0.6051219291338582
11
1.4985481889763779
21
0.6051261417322834
0
LINE
8
BLACK
6
CONTINUOUS
10
1.4985481889763779
20
0.6051261417322834
11
1.4985713385826771
21
0.6051881889763779
0
LINE
8
BLACK
6
CONTINUOUS
10
1.4985713385826771
20
0.6051881889763779
11
1.4985770472440945
21
0.6052198425196851
0
LINE
8
BLACK
6
CONTINUOUS
10
1.4985770472440945
20
0.6052198425196851
11
1.498610157480315
21
0.6052923228346456
0
LINE
8
BLACK
6
CONTINUOUS
10
1.498610157480315
20
0.6052923228346456
11
1.498681968503937
21
0.6055369291338583
0
LINE
8
BLACK
6
CONTINUOUS
10
1.498681968503937
20
0.6055369291338583
11
1.4993976377952756
21
0.607974251968504
0
LINE
8
BLACK
6
CONTINUOUS
10
1.4993976377952756
20
0.607974251968504
11
1.5002165354330708
21
0.6136698818897638
0
LINE
8
BLACK
6
CONTINUOUS
10
1.5002165354330708
20
0.6136698818897638
11
1.5002165354330708
21
0.7475393700787402
0
LINE
8
BLACK
6
CONTINUOUS
10
1.5002165354330708
20
0.7475393700787402
11
1.500216496062992
21
0.7475395669291338
0
LINE
8
BLACK
6
CONTINUOUS
10
1.500216496062992
20
0.7475395669291338
11
1.5002094094488188
21
0.7476721653543307
0
LINE
8
BLACK
6
CONTINUOUS
10
1.5002094094488188
20
0.7476721653543307
11
1.5002565354330708
21
0.7476746850393701
0
LINE
8
BLACK
6
CONTINUOUS
10
1.5002565354330708
20
0.7476746850393701
11
1.5007184251968504
21
0.7502359448818897
0
LINE
8
BLACK
6
CONTINUOUS
10
1.5007184251968504
20
0.7502359448818897
11
1.5026229133858267
21
0.7522818503937008
0
LINE
8
BLACK
6
CONTINUOUS
10
1.5026229133858267
20
0.7522818503937008
11
1.5034209448818898
21
0.7526636614173228
0
LINE
8
BLACK
6
CONTINUOUS
10
1.5034209448818898
20
0.7526636614173228
11
1.5090630708661417
21
0.7547681102362205
0
LINE
8
BLACK
6
CONTINUOUS
10
1.5090630708661417
20
0.7547681102362205
11
1.5090632677165354
21
0.754768188976378
0
LINE
8
BLACK
6
CONTINUOUS
10
1.5090632677165354
20
0.754768188976378
11
1.5136716929133858
21
0.7582180314960629
0
LINE
8
BLACK
6
CONTINUOUS
10
1.5136716929133858
20
0.7582180314960629
11
1.5171215354330709
21
0.7628264566929134
0
LINE
8
BLACK
6
CONTINUOUS
10
1.5171215354330709
20
0.7628264566929134
11
1.5171216141732282
21
0.762826653543307
0
LINE
8
BLACK
6
CONTINUOUS
10
1.5171216141732282
20
0.762826653543307
11
1.5191333858267717
21
0.7682202755905512
0
LINE
8
BLACK
6
CONTINUOUS
10
1.5191333858267717
20
0.7682202755905512
11
1.519133464566929
21
0.7682205905511811
0
LINE
8
BLACK
6
CONTINUOUS
10
1.519133464566929
20
0.7682205905511811
11
1.5193897244094487
21
0.7706043307086614
0
LINE
8
BLACK
6
CONTINUOUS
10
1.5193897244094487
20
0.7706043307086614
11
1.5193897637795275
21
0.770605
0
LINE
8
BLACK
6
CONTINUOUS
10
1.5193897637795275
20
0.770605
11
1.5193897637795275
21
0.8295524409448819
0
LINE
8
BLACK
6
CONTINUOUS
10
1.5193897637795275
20
0.8295524409448819
11
1.5193897244094487
21
0.8295531102362205
0
LINE
8
BLACK
6
CONTINUOUS
10
1.5193897244094487
20
0.8295531102362205
11
1.519133464566929
21
0.8319368503937008
0
LINE
8
BLACK
6
CONTINUOUS
10
1.519133464566929
20
0.8319368503937008
11
1.5191333858267717
21
0.8319371653543307
0
LINE
8
BLACK
6
CONTINUOUS
10
1.5191333858267717
20
0.8319371653543307
11
1.5188566929133858
21
0.832678937007874
0
LINE
8
BLACK
6
CONTINUOUS
10
1.5188566929133858
20
0.832678937007874
11
1.5171216141732282
21
0.8373308661417322
0
LINE
8
BLACK
6
CONTINUOUS
10
1.5171216141732282
20
0.8373308661417322
11
1.5136716929133858
21
0.8419394094488188
0
LINE
8
BLACK
6
CONTINUOUS
10
1.5136716929133858
20
0.8419394094488188
11
1.5090631496062992
21
0.8453893307086614
0
LINE
8
BLACK
6
CONTINUOUS
10
1.5090631496062992
20
0.8453893307086614
11
1.5036693307086615
21
0.8474011417322834
0
LINE
8
BLACK
6
CONTINUOUS
10
1.5036693307086615
20
0.8474011417322834
11
1.5036691732283465
21
0.8474011417322834
0
LINE
8
BLACK
6
CONTINUOUS
10
1.5036691732283465
20
0.8474011417322834
11
1.503422125984252
21
0.8474933070866142
0
LINE
8
BLACK
6
CONTINUOUS
10
1.503422125984252
20
0.8474933070866142
11
1.5011845275590552
21
0.8491683858267717
0
LINE
8
BLACK
6
CONTINUOUS
10
1.5011845275590552
20
0.8491683858267717
11
1.5002077165354331
21
0.8517873228346456
0
LINE
8
BLACK
6
CONTINUOUS
10
1.5002077165354331
20
0.8517873228346456
11
1.5002077559055118
21
0.8524953543307087
0
LINE
8
BLACK
6
CONTINUOUS
10
1.5002077559055118
20
0.8524953543307087
11
1.5002165354330708
21
0.8526179921259842
0
LINE
8
BLACK
6
CONTINUOUS
10
1.5002165354330708
20
0.8526179921259842
11
1.5002165354330708
21
0.8673816535433071
0
LINE
8
BLACK
6
CONTINUOUS
10
1.5002165354330708
20
0.8673816535433071
11
1.500216496062992
21
0.8673822440944882
0
LINE
8
BLACK
6
CONTINUOUS
10
1.500216496062992
20
0.8673822440944882
11
1.4997545669291339
21
0.8716790944881889
0
LINE
8
BLACK
6
CONTINUOUS
10
1.4997545669291339
20
0.8716790944881889
11
1.4993062992125983
21
0.8737398031496063
0
LINE
8
BLACK
6
CONTINUOUS
10
1.4993062992125983
20
0.8737398031496063
11
1.4987046850393702
21
0.8755472047244094
0
LINE
8
BLACK
6
CONTINUOUS
10
1.4987046850393702
20
0.8755472047244094
11
1.4986049606299212
21
0.8783405118110236
0
LINE
8
BLACK
6
CONTINUOUS
10
1.4986049606299212
20
0.8783405118110236
11
1.4994403149606299
21
0.8800865748031496
0
LINE
8
BLACK
6
CONTINUOUS
10
1.4994403149606299
20
0.8800865748031496
11
1.5013735039370077
21
0.8826689763779527
0
LINE
8
BLACK
6
CONTINUOUS
10
1.5013735039370077
20
0.8826689763779527
11
1.5013735826771653
21
0.8826691732283465
0
LINE
8
BLACK
6
CONTINUOUS
10
1.5013735826771653
20
0.8826691732283465
11
1.5033853543307085
21
0.8880627952755905
0
LINE
8
BLACK
6
CONTINUOUS
10
1.5033853543307085
20
0.8880627952755905
11
1.503385433070866
21
0.8880631102362204
0
LINE
8
BLACK
6
CONTINUOUS
10
1.503385433070866
20
0.8880631102362204
11
1.5036416929133858
21
0.8904468503937008
0
LINE
8
BLACK
6
CONTINUOUS
10
1.5036416929133858
20
0.8904468503937008
11
1.5036417322834645
21
0.8904475196850393
0
LINE
8
BLACK
6
CONTINUOUS
10
1.5036417322834645
20
0.8904475196850393
11
1.5036417322834645
21
0.9164450393700787
0
LINE
8
BLACK
6
CONTINUOUS
10
1.5036417322834645
20
0.9164450393700787
11
1.5036922047244095
21
0.9171509842519685
0
LINE
8
BLACK
6
CONTINUOUS
10
1.5036922047244095
20
0.9171509842519685
11
1.503790590551181
21
0.9178353543307086
0
LINE
8
BLACK
6
CONTINUOUS
10
1.503790590551181
20
0.9178353543307086
11
1.5036473622047244
21
0.9208419291338582
0
LINE
8
BLACK
6
CONTINUOUS
10
1.5036473622047244
20
0.9208419291338582
11
1.5036417322834645
21
0.9210779921259842
0
LINE
8
BLACK
6
CONTINUOUS
10
1.5036417322834645
20
0.9210779921259842
11
1.5036417322834645
21
0.9493949606299212
0
LINE
8
BLACK
6
CONTINUOUS
10
1.5036417322834645
20
0.9493949606299212
11
1.5036416929133858
21
0.9493956299212598
0
LINE
8
BLACK
6
CONTINUOUS
10
1.5036416929133858
20
0.9493956299212598
11
1.503385433070866
21
0.9517793700787401
0
LINE
8
BLACK
6
CONTINUOUS
10
1.503385433070866
20
0.9517793700787401
11
1.5033853543307085
21
0.95177968503937
0
LINE
8
BLACK
6
CONTINUOUS
10
1.5033853543307085
20
0.95177968503937
11
1.5031086614173228
21
0.9525214566929133
0
LINE
8
BLACK
6
CONTINUOUS
10
1.5031086614173228
20
0.9525214566929133
11
1.5013735826771653
21
0.9571733858267716
0
LINE
8
BLACK
6
CONTINUOUS
10
1.5013735826771653
20
0.9571733858267716
11
1.4994194881889764
21
0.9597837007874016
0
LINE
8
BLACK
6
CONTINUOUS
10
1.4994194881889764
20
0.9597837007874016
11
1.4984426771653543
21
0.9624025196850393
0
LINE
8
BLACK
6
CONTINUOUS
10
1.4984426771653543
20
0.9624025196850393
11
1.4986309448818897
21
0.964153937007874
0
LINE
8
BLACK
6
CONTINUOUS
10
1.4986309448818897
20
0.964153937007874
11
1.4993976377952756
21
0.966765
0
LINE
8
BLACK
6
CONTINUOUS
10
1.4993976377952756
20
0.966765
11
1.5002165354330708
21
0.9724606299212598
0
LINE
8
BLACK
6
CONTINUOUS
10
1.5002165354330708
20
0.9724606299212598
11
1.5002165354330708
21
1.1075393700787401
0
LINE
8
BLACK
6
CONTINUOUS
10
1.5002165354330708
20
1.1075393700787401
11
1.500216496062992
21
1.1075395669291339
0
LINE
8
BLACK
6
CONTINUOUS
10
1.500216496062992
20
1.1075395669291339
11
1.5002094094488188
21
1.1076721653543307
0
LINE
8
BLACK
6
CONTINUOUS
10
1.5002094094488188
20
1.1076721653543307
11
1.5002565354330708
21
1.1076746850393699
0
LINE
8
BLACK
6
CONTINUOUS
10
1.5002565354330708
20
1.1076746850393699
11
1.5007184251968504
21
1.1102359448818897
0
LINE
8
BLACK
6
CONTINUOUS
10
1.5007184251968504
20
1.1102359448818897
11
1.5026229133858267
21
1.1122818503937009
0
LINE
8
BLACK
6
CONTINUOUS
10
1.5026229133858267
20
1.1122818503937009
11
1.5034209448818898
21
1.1126636614173229
0
LINE
8
BLACK
6
CONTINUOUS
10
1.5034209448818898
20
1.1126636614173229
11
1.5090630708661417
21
1.1147681102362204
0
LINE
8
BLACK
6
CONTINUOUS
10
1.5090630708661417
20
1.1147681102362204
11
1.5090632677165354
21
1.1147681889763779
0
LINE
8
BLACK
6
CONTINUOUS
10
1.5090632677165354
20
1.1147681889763779
11
1.5136716929133858
21
1.118218031496063
0
LINE
8
BLACK
6
CONTINUOUS
10
1.5136716929133858
20
1.118218031496063
11
1.5171215354330709
21
1.1228264566929134
0
LINE
8
BLACK
6
CONTINUOUS
10
1.5171215354330709
20
1.1228264566929134
11
1.5171216141732282
21
1.1228266535433071
0
LINE
8
BLACK
6
CONTINUOUS
10
1.5171216141732282
20
1.1228266535433071
11
1.5191333858267717
21
1.128220275590551
0
LINE
8
BLACK
6
CONTINUOUS
10
1.5191333858267717
20
1.128220275590551
11
1.519133464566929
21
1.1282205905511811
0
LINE
8
BLACK
6
CONTINUOUS
10
1.519133464566929
20
1.1282205905511811
11
1.5193897244094487
21
1.1306043307086613
0
LINE
8
BLACK
6
CONTINUOUS
10
1.5193897244094487
20
1.1306043307086613
11
1.5193897637795275
21
1.1306050000000001
0
LINE
8
BLACK
6
CONTINUOUS
10
1.5193897637795275
20
1.1306050000000001
11
1.5193897637795275
21
1.1895524409448819
0
LINE
8
BLACK
6
CONTINUOUS
10
1.5193897637795275
20
1.1895524409448819
11
1.5193897244094487
21
1.1895531102362205
0
LINE
8
BLACK
6
CONTINUOUS
10
1.5193897244094487
20
1.1895531102362205
11
1.519133464566929
21
1.1919368503937007
0
LINE
8
BLACK
6
CONTINUOUS
10
1.519133464566929
20
1.1919368503937007
11
1.5191333858267717
21
1.1919371653543307
0
LINE
8
BLACK
6
CONTINUOUS
10
1.5191333858267717
20
1.1919371653543307
11
1.5188566929133858
21
1.1926789370078741
0
LINE
8
BLACK
6
CONTINUOUS
10
1.5188566929133858
20
1.1926789370078741
11
1.5171216141732282
21
1.1973308661417323
0
LINE
8
BLACK
6
CONTINUOUS
10
1.5171216141732282
20
1.1973308661417323
11
1.5136716929133858
21
1.2019394094488189
0
LINE
8
BLACK
6
CONTINUOUS
10
1.5136716929133858
20
1.2019394094488189
11
1.5090631496062992
21
1.2053893307086614
0
LINE
8
BLACK
6
CONTINUOUS
10
1.5090631496062992
20
1.2053893307086614
11
1.5036693307086615
21
1.2074011417322834
0
LINE
8
BLACK
6
CONTINUOUS
10
1.5036693307086615
20
1.2074011417322834
11
1.5036691732283465
21
1.2074011417322834
0
LINE
8
BLACK
6
CONTINUOUS
10
1.5036691732283465
20
1.2074011417322834
11
1.503422125984252
21
1.2074933070866141
0
LINE
8
BLACK
6
CONTINUOUS
10
1.503422125984252
20
1.2074933070866141
11
1.5011845275590552
21
1.2091683858267717
0
LINE
8
BLACK
6
CONTINUOUS
10
1.5011845275590552
20
1.2091683858267717
11
1.5002077165354331
21
1.2117873228346456
0
LINE
8
BLACK
6
CONTINUOUS
10
1.5002077165354331
20
1.2117873228346456
11
1.5002077559055118
21
1.2124953543307087
0
LINE
8
BLACK
6
CONTINUOUS
10
1.5002077559055118
20
1.2124953543307087
11
1.5002165354330708
21
1.2126179921259843
0
LINE
8
BLACK
6
CONTINUOUS
10
1.5002165354330708
20
1.2126179921259843
11
1.5002165354330708
21
1.2557757086614172
0
LINE
8
BLACK
6
CONTINUOUS
10
1.5002165354330708
20
1.2557757086614172
11
1.5002165354330708
21
1.2557757480314959
0
LINE
8
BLACK
6
CONTINUOUS
10
1.5002165354330708
20
1.2557757480314959
11
1.499991062992126
21
1.2587867322834645
0
LINE
8
BLACK
6
CONTINUOUS
10
1.499991062992126
20
1.2587867322834645
11
1.4997709842519684
21
1.2602479133858266
0
LINE
8
BLACK
6
CONTINUOUS
10
1.4997709842519684
20
1.2602479133858266
11
1.4990995275590551
21
1.263191811023622
0
LINE
8
BLACK
6
CONTINUOUS
10
1.4990995275590551
20
1.263191811023622
11
1.4966392913385826
21
1.2683935433070865
0
LINE
8
BLACK
6
CONTINUOUS
10
1.4966392913385826
20
1.2683935433070865
11
1.4950967716535433
21
1.2707245275590551
0
LINE
8
BLACK
6
CONTINUOUS
10
1.4950967716535433
20
1.2707245275590551
11
1.495096653543307
21
1.2707246850393701
0
LINE
8
BLACK
6
CONTINUOUS
10
1.495096653543307
20
1.2707246850393701
11
1.4912705118110237
21
1.2750225590551181
0
LINE
8
BLACK
6
CONTINUOUS
10
1.4912705118110237
20
1.2750225590551181
11
1.4863885039370079
21
1.2780683858267716
0
LINE
8
BLACK
6
CONTINUOUS
10
1.4863885039370079
20
1.2780683858267716
11
1.4838306299212598
21
1.2791953543307086
0
LINE
8
BLACK
6
CONTINUOUS
10
1.4838306299212598
20
1.2791953543307086
11
1.4782887007874015
21
1.2807423228346457
0
LINE
8
BLACK
6
CONTINUOUS
10
1.4782887007874015
20
1.2807423228346457
11
1.4725349606299212
21
1.2806653543307087
0
LINE
8
BLACK
6
CONTINUOUS
10
1.4725349606299212
20
1.2806653543307087
11
1.4697738582677164
21
1.280230590551181
0
LINE
8
BLACK
6
CONTINUOUS
10
1.4697738582677164
20
1.280230590551181
11
1.4697736220472442
21
1.2802305511811023
0
LINE
8
BLACK
6
CONTINUOUS
10
1.4697736220472442
20
1.2802305511811023
11
1.4642748031496062
21
1.2785356692913386
0
LINE
8
BLACK
6
CONTINUOUS
10
1.4642748031496062
20
1.2785356692913386
11
1.46427468503937
21
1.2785356299212598
0
LINE
8
BLACK
6
CONTINUOUS
10
1.46427468503937
20
1.2785356299212598
11
1.4642744881889764
21
1.278535590551181
0
LINE
8
BLACK
6
CONTINUOUS
10
1.4642744881889764
20
1.278535590551181
11
1.4528194094488189
21
1.2731176771653543
0
LINE
8
BLACK
6
CONTINUOUS
10
1.4528194094488189
20
1.2731176771653543
11
1.4523706692913385
21
1.2729317322834646
0
LINE
8
BLACK
6
CONTINUOUS
10
1.4523706692913385
20
1.2729317322834646
11
1.440128622047244
21
1.2685514566929132
0
LINE
8
BLACK
6
CONTINUOUS
10
1.440128622047244
20
1.2685514566929132
11
1.4396632283464568
21
1.2684102755905511
0
LINE
8
BLACK
6
CONTINUOUS
10
1.4396632283464568
20
1.2684102755905511
11
1.427050748031496
21
1.2652510236220471
0
LINE
8
BLACK
6
CONTINUOUS
10
1.427050748031496
20
1.2652510236220471
11
1.4265740944881888
21
1.2651562204724409
0
LINE
8
BLACK
6
CONTINUOUS
10
1.4265740944881888
20
1.2651562204724409
11
1.4137134645669291
21
1.2632485039370078
0
LINE
8
BLACK
6
CONTINUOUS
10
1.4137134645669291
20
1.2632485039370078
11
1.4132294488188977
21
1.2632008267716535
0
LINE
8
BLACK
6
CONTINUOUS
10
1.4132294488188977
20
1.2632008267716535
11
1.400242874015748
21
1.2625628346456692
0
LINE
8
BLACK
6
CONTINUOUS
10
1.400242874015748
20
1.2625628346456692
11
1.3997572834645668
21
1.2625628346456692
0
LINE
8
BLACK
6
CONTINUOUS
10
1.3997572834645668
20
1.2625628346456692
11
1.3867707480314961
21
1.2632008267716535
0
LINE
8
BLACK
6
CONTINUOUS
10
1.3867707480314961
20
1.2632008267716535
11
1.3862868503937007
21
1.2632485039370078
0
LINE
8
BLACK
6
CONTINUOUS
10
1.3862868503937007
20
1.2632485039370078
11
1.3734257874015747
21
1.2651562204724409
0
LINE
8
BLACK
6
CONTINUOUS
10
1.3734257874015747
20
1.2651562204724409
11
1.3729493307086613
21
1.2652509842519686
0
LINE
8
BLACK
6
CONTINUOUS
10
1.3729493307086613
20
1.2652509842519686
11
1.360336496062992
21
1.2684103149606298
0
LINE
8
BLACK
6
CONTINUOUS
10
1.360336496062992
20
1.2684103149606298
11
1.3598719291338581
21
1.2685511811023622
0
LINE
8
BLACK
6
CONTINUOUS
10
1.3598719291338581
20
1.2685511811023622
11
1.3476288976377953
21
1.2729318503937008
0
LINE
8
BLACK
6
CONTINUOUS
10
1.3476288976377953
20
1.2729318503937008
11
1.3471804330708661
21
1.2731176771653543
0
LINE
8
BLACK
6
CONTINUOUS
10
1.3471804330708661
20
1.2731176771653543
11
1.3354272440944881
21
1.2786765748031497
0
LINE
8
BLACK
6
CONTINUOUS
10
1.3354272440944881
20
1.2786765748031497
11
1.3349979527559055
21
1.2789060236220473
0
LINE
8
BLACK
6
CONTINUOUS
10
1.3349979527559055
20
1.2789060236220473
11
1.3315247244094488
21
1.2809877165354331
0
LINE
8
BLACK
6
CONTINUOUS
10
1.3315247244094488
20
1.2809877165354331
11
1.3238455118110235
21
1.2855904724409448
0
LINE
8
BLACK
6
CONTINUOUS
10
1.3238455118110235
20
1.2855904724409448
11
1.3234418897637794
21
1.2858601181102363
0
LINE
8
BLACK
6
CONTINUOUS
10
1.3234418897637794
20
1.2858601181102363
11
1.3129992125984251
21
1.2936049606299211
0
LINE
8
BLACK
6
CONTINUOUS
10
1.3129992125984251
20
1.2936049606299211
11
1.3126233070866142
21
1.2939135039370078
0
LINE
8
BLACK
6
CONTINUOUS
10
1.3126233070866142
20
1.2939135039370078
11
1.3029894094488188
21
1.3026452362204723
0
LINE
8
BLACK
6
CONTINUOUS
10
1.3029894094488188
20
1.3026452362204723
11
1.3026452362204723
21
1.3029894094488188
0
LINE
8
BLACK
6
CONTINUOUS
10
1.3026452362204723
20
1.3029894094488188
11
1.2939135039370078
21
1.3126233070866142
0
LINE
8
BLACK
6
CONTINUOUS
10
1.2939135039370078
20
1.3126233070866142
11
1.2936049606299211
21
1.3129992125984251
0
LINE
8
BLACK
6
CONTINUOUS
10
1.2936049606299211
20
1.3129992125984251
11
1.2858601181102363
21
1.3234418897637794
0
LINE
8
BLACK
6
CONTINUOUS
10
1.2858601181102363
20
1.3234418897637794
11
1.2855904724409448
21
1.3238455118110235
0
LINE
8
BLACK
6
CONTINUOUS
10
1.2855904724409448
20
1.3238455118110235
11
1.2789061811023621
21
1.3349976771653542
0
LINE
8
BLACK
6
CONTINUOUS
10
1.2789061811023621
20
1.3349976771653542
11
1.2786767322834645
21
1.3354269685039371
0
LINE
8
BLACK
6
CONTINUOUS
10
1.2786767322834645
20
1.3354269685039371
11
1.2731176377952755
21
1.3471805905511811
0
LINE
8
BLACK
6
CONTINUOUS
10
1.2731176377952755
20
1.3471805905511811
11
1.2729318110236221
21
1.3476290551181103
0
LINE
8
BLACK
6
CONTINUOUS
10
1.2729318110236221
20
1.3476290551181103
11
1.2685512992125985
21
1.3598716535433071
0
LINE
8
BLACK
6
CONTINUOUS
10
1.2685512992125985
20
1.3598716535433071
11
1.2684102755905511
21
1.3603366929133858
0
LINE
8
BLACK
6
CONTINUOUS
10
1.2684102755905511
20
1.3603366929133858
11
1.2652509842519686
21
1.3729492913385826
0
LINE
8
BLACK
6
CONTINUOUS
10
1.2652509842519686
20
1.3729492913385826
11
1.2651562598425197
21
1.3734256299212597
0
LINE
8
BLACK
6
CONTINUOUS
10
1.2651562598425197
20
1.3734256299212597
11
1.2632485039370078
21
1.3862866141732284
0
LINE
8
BLACK
6
CONTINUOUS
10
1.2632485039370078
20
1.3862866141732284
11
1.2632008267716535
21
1.3867707480314961
0
LINE
8
BLACK
6
CONTINUOUS
10
1.2632008267716535
20
1.3867707480314961
11
1.2625629133858267
21
1.3997566141732283
0
LINE
8
BLACK
6
CONTINUOUS
10
1.2625629133858267
20
1.3997566141732283
11
1.2625629133858267
21
1.4002433858267715
0
LINE
8
BLACK
6
CONTINUOUS
10
1.2625629133858267
20
1.4002433858267715
11
1.2632008267716535
21
1.4132287401574803
0
LINE
8
BLACK
6
CONTINUOUS
10
1.2632008267716535
20
1.4132287401574803
11
1.2632485433070866
21
1.4137132283464566
0
LINE
8
BLACK
6
CONTINUOUS
10
1.2632485433070866
20
1.4137132283464566
11
1.2651561811023622
21
1.4265738582677165
0
LINE
8
BLACK
6
CONTINUOUS
10
1.2651561811023622
20
1.4265738582677165
11
1.2652511023622046
21
1.4270509448818898
0
LINE
8
BLACK
6
CONTINUOUS
10
1.2652511023622046
20
1.4270509448818898
11
1.2684102755905511
21
1.439663188976378
0
LINE
8
BLACK
6
CONTINUOUS
10
1.2684102755905511
20
1.439663188976378
11
1.2685513385826772
21
1.4401282283464567
0
LINE
8
BLACK
6
CONTINUOUS
10
1.2685513385826772
20
1.4401282283464567
11
1.2729316535433071
21
1.4523703937007875
0
LINE
8
BLACK
6
CONTINUOUS
10
1.2729316535433071
20
1.4523703937007875
11
1.2731175196850393
21
1.4528191732283464
0
LINE
8
BLACK
6
CONTINUOUS
10
1.2731175196850393
20
1.4528191732283464
11
1.2785356299212598
21
1.4642747244094487
0
LINE
8
BLACK
6
CONTINUOUS
10
1.2785356299212598
20
1.4642747244094487
11
1.2796191338582676
21
1.4670929527559056
0
LINE
8
BLACK
6
CONTINUOUS
10
1.2796191338582676
20
1.4670929527559056
11
1.2800449212598426
21
1.4685079133858268
0
LINE
8
BLACK
6
CONTINUOUS
10
1.2800449212598426
20
1.4685079133858268
11
1.2806966535433071
21
1.4714562992125984
0
LINE
8
BLACK
6
CONTINUOUS
10
1.2806966535433071
20
1.4714562992125984
11
1.2806966535433071
21
1.4772105511811022
0
LINE
8
BLACK
6
CONTINUOUS
10
1.2806966535433071
20
1.4772105511811022
11
1.2802988582677166
21
1.4799772440944881
0
LINE
8
BLACK
6
CONTINUOUS
10
1.2802988582677166
20
1.4799772440944881
11
1.2786777165354331
21
1.4854983070866141
0
LINE
8
BLACK
6
CONTINUOUS
10
1.2786777165354331
20
1.4854983070866141
11
1.2755667716535433
21
1.4903390551181102
0
LINE
8
BLACK
6
CONTINUOUS
10
1.2755667716535433
20
1.4903390551181102
11
1.273823188976378
21
1.492351220472441
0
LINE
8
BLACK
6
CONTINUOUS
10
1.273823188976378
20
1.492351220472441
11
1.2737520472440944
21
1.4924379527559055
0
LINE
8
BLACK
6
CONTINUOUS
10
1.2737520472440944
20
1.4924379527559055
11
1.2693875984251968
21
1.4962196850393701
0
LINE
8
BLACK
6
CONTINUOUS
10
1.2693875984251968
20
1.4962196850393701
11
1.2693875196850393
21
1.4962197637795276
0
LINE
8
BLACK
6
CONTINUOUS
10
1.2693875196850393
20
1.4962197637795276
11
1.2641533070866142
21
1.498610157480315
0
LINE
8
BLACK
6
CONTINUOUS
10
1.2641533070866142
20
1.498610157480315
11
1.2614713779527558
21
1.4993976377952756
0
LINE
8
BLACK
6
CONTINUOUS
10
1.2614713779527558
20
1.4993976377952756
11
1.2557757480314959
21
1.5002165354330708
0
LINE
8
BLACK
6
CONTINUOUS
10
1.2557757480314959
20
1.5002165354330708
11
1.1443503937007873
21
1.5002165354330708
0
LINE
8
BLACK
6
CONTINUOUS
10
1.1443503937007873
20
1.5002165354330708
11
1.1416684645669291
21
1.5010040157480316
0
LINE
8
BLACK
6
CONTINUOUS
10
1.1416684645669291
20
1.5010040157480316
11
1.139838031496063
21
1.5031164566929134
0
LINE
8
BLACK
6
CONTINUOUS
10
1.139838031496063
20
1.5031164566929134
11
1.1393897637795276
21
1.5051771653543307
0
LINE
8
BLACK
6
CONTINUOUS
10
1.1393897637795276
20
1.5051771653543307
11
1.1393897637795276
21
1.529552440944882
0
LINE
8
BLACK
6
CONTINUOUS
10
1.1393897637795276
20
1.529552440944882
11
1.1393897244094489
21
1.5295531102362205
0
LINE
8
BLACK
6
CONTINUOUS
10
1.1393897244094489
20
1.5295531102362205
11
1.1391334645669291
21
1.5319368503937008
0
LINE
8
BLACK
6
CONTINUOUS
10
1.1391334645669291
20
1.5319368503937008
11
1.1391333858267716
21
1.5319371653543308
0
LINE
8
BLACK
6
CONTINUOUS
10
1.1391333858267716
20
1.5319371653543308
11
1.1388566929133859
21
1.5326789370078739
0
LINE
8
BLACK
6
CONTINUOUS
10
1.1388566929133859
20
1.5326789370078739
11
1.1371216141732283
21
1.5373308661417322
0
LINE
8
BLACK
6
CONTINUOUS
10
1.1371216141732283
20
1.5373308661417322
11
1.1336716929133859
21
1.5419394094488188
0
LINE
8
BLACK
6
CONTINUOUS
10
1.1336716929133859
20
1.5419394094488188
11
1.1312755905511811
21
1.5437331102362204
0
LINE
8
BLACK
6
CONTINUOUS
10
1.1312755905511811
20
1.5437331102362204
11
1.1290632677165353
21
1.545389251968504
0
LINE
8
BLACK
6
CONTINUOUS
10
1.1290632677165353
20
1.545389251968504
11
1.1290632283464566
21
1.545389251968504
0
LINE
8
BLACK
6
CONTINUOUS
10
1.1290632283464566
20
1.545389251968504
11
1.1290631496062993
21
1.5453893307086615
0
LINE
8
BLACK
6
CONTINUOUS
10
1.1290631496062993
20
1.5453893307086615
11
1.1236693307086614
21
1.5474011417322835
0
LINE
8
BLACK
6
CONTINUOUS
10
1.1236693307086614
20
1.5474011417322835
11
1.1236692519685039
21
1.5474011417322835
0
LINE
8
BLACK
6
CONTINUOUS
10
1.1236692519685039
20
1.5474011417322835
11
1.1236691338582676
21
1.5474011811023622
0
LINE
8
BLACK
6
CONTINUOUS
10
1.1236691338582676
20
1.5474011811023622
11
1.1212853937007874
21
1.5476574409448818
0
LINE
8
BLACK
6
CONTINUOUS
10
1.1212853937007874
20
1.5476574409448818
11
1.1212852362204724
21
1.5476574409448818
0
LINE
8
BLACK
6
CONTINUOUS
10
1.1212852362204724
20
1.5476574409448818
11
1.1212849606299213
21
1.5476574803149605
0
LINE
8
BLACK
6
CONTINUOUS
10
1.1212849606299213
20
1.5476574803149605
11
1.0387150393700788
21
1.5476574803149605
0
LINE
8
BLACK
6
CONTINUOUS
10
1.0387150393700788
20
1.5476574803149605
11
1.0387147637795275
21
1.5476574409448818
0
LINE
8
BLACK
6
CONTINUOUS
10
1.0387147637795275
20
1.5476574409448818
11
1.0387145669291338
21
1.5476574409448818
0
LINE
8
BLACK
6
CONTINUOUS
10
1.0387145669291338
20
1.5476574409448818
11
1.0363308267716536
21
1.5474011811023622
0
LINE
8
BLACK
6
CONTINUOUS
10
1.0363308267716536
20
1.5474011811023622
11
1.0363305118110235
21
1.5474011023622047
0
LINE
8
BLACK
6
CONTINUOUS
10
1.0363305118110235
20
1.5474011023622047
11
1.0332627952755906
21
1.5462568503937006
0
LINE
8
BLACK
6
CONTINUOUS
10
1.0332627952755906
20
1.5462568503937006
11
1.0309368503937009
21
1.5453893307086615
0
LINE
8
BLACK
6
CONTINUOUS
10
1.0309368503937009
20
1.5453893307086615
11
1.0300292125984252
21
1.5447098818897638
0
LINE
8
BLACK
6
CONTINUOUS
10
1.0300292125984252
20
1.5447098818897638
11
1.0274103937007875
21
1.5437331102362204
0
LINE
8
BLACK
6
CONTINUOUS
10
1.0274103937007875
20
1.5437331102362204
11
1.0270564566929135
21
1.5437204724409448
0
LINE
8
BLACK
6
CONTINUOUS
10
1.0270564566929135
20
1.5437204724409448
11
0.9329435433070866
21
1.5437204724409448
0
LINE
8
BLACK
6
CONTINUOUS
10
0.9329435433070866
20
1.5437204724409448
11
0.9302616141732283
21
1.5445079527559056
0
LINE
8
BLACK
6
CONTINUOUS
10
0.9302616141732283
20
1.5445079527559056
11
0.9299710236220472
21
1.54470968503937
0
LINE
8
BLACK
6
CONTINUOUS
10
0.9299710236220472
20
1.54470968503937
11
0.9290631496062992
21
1.5453893307086615
0
LINE
8
BLACK
6
CONTINUOUS
10
0.9290631496062992
20
1.5453893307086615
11
0.9236693307086614
21
1.5474011417322835
0
LINE
8
BLACK
6
CONTINUOUS
10
0.9236693307086614
20
1.5474011417322835
11
0.9236692519685039
21
1.5474011417322835
0
LINE
8
BLACK
6
CONTINUOUS
10
0.9236692519685039
20
1.5474011417322835
11
0.9236691338582677
21
1.5474011811023622
0
LINE
8
BLACK
6
CONTINUOUS
10
0.9236691338582677
20
1.5474011811023622
11
0.9212853937007874
21
1.5476574409448818
0
LINE
8
BLACK
6
CONTINUOUS
10
0.9212853937007874
20
1.5476574409448818
11
0.9212852362204724
21
1.5476574409448818
0
LINE
8
BLACK
6
CONTINUOUS
10
0.9212852362204724
20
1.5476574409448818
11
0.9212849606299213
21
1.5476574803149605
0
LINE
8
BLACK
6
CONTINUOUS
10
0.9212849606299213
20
1.5476574803149605
11
0.8387150393700787
21
1.5476574803149605
0
LINE
8
BLACK
6
CONTINUOUS
10
0.8387150393700787
20
1.5476574803149605
11
0.8387147637795276
21
1.5476574409448818
0
LINE
8
BLACK
6
CONTINUOUS
10
0.8387147637795276
20
1.5476574409448818
11
0.8387145669291338
21
1.5476574409448818
0
LINE
8
BLACK
6
CONTINUOUS
10
0.8387145669291338
20
1.5476574409448818
11
0.8363308267716535
21
1.5474011811023622
0
LINE
8
BLACK
6
CONTINUOUS
10
0.8363308267716535
20
1.5474011811023622
11
0.8363305118110236
21
1.5474011023622047
0
LINE
8
BLACK
6
CONTINUOUS
10
0.8363305118110236
20
1.5474011023622047
11
0.8332627952755906
21
1.5462568503937006
0
LINE
8
BLACK
6
CONTINUOUS
10
0.8332627952755906
20
1.5462568503937006
11
0.8309368503937008
21
1.5453893307086615
0
LINE
8
BLACK
6
CONTINUOUS
10
0.8309368503937008
20
1.5453893307086615
11
0.8300292125984252
21
1.5447098818897638
0
LINE
8
BLACK
6
CONTINUOUS
10
0.8300292125984252
20
1.5447098818897638
11
0.8274103937007874
21
1.5437331102362204
0
LINE
8
BLACK
6
CONTINUOUS
10
0.8274103937007874
20
1.5437331102362204
11
0.8270564566929134
21
1.5437204724409448
0
LINE
8
BLACK
6
CONTINUOUS
10
0.8270564566929134
20
1.5437204724409448
11
0.7329435433070866
21
1.5437204724409448
0
LINE
8
BLACK
6
CONTINUOUS
10
0.7329435433070866
20
1.5437204724409448
11
0.7302616141732283
21
1.5445079527559056
0
LINE
8
BLACK
6
CONTINUOUS
10
0.7302616141732283
20
1.5445079527559056
11
0.7299710236220472
21
1.54470968503937
0
LINE
8
BLACK
6
CONTINUOUS
10
0.7299710236220472
20
1.54470968503937
11
0.7290631496062991
21
1.5453893307086615
0
LINE
8
BLACK
6
CONTINUOUS
10
0.7290631496062991
20
1.5453893307086615
11
0.7236693307086614
21
1.5474011417322835
0
LINE
8
BLACK
6
CONTINUOUS
10
0.7236693307086614
20
1.5474011417322835
11
0.723669251968504
21
1.5474011417322835
0
LINE
8
BLACK
6
CONTINUOUS
10
0.723669251968504
20
1.5474011417322835
11
0.7236691338582677
21
1.5474011811023622
0
LINE
8
BLACK
6
CONTINUOUS
10
0.7236691338582677
20
1.5474011811023622
11
0.7212853937007874
21
1.5476574409448818
0
LINE
8
BLACK
6
CONTINUOUS
10
0.7212853937007874
20
1.5476574409448818
11
0.7212852362204725
21
1.5476574409448818
0
LINE
8
BLACK
6
CONTINUOUS
10
0.7212852362204725
20
1.5476574409448818
11
0.7212849606299212
21
1.5476574803149605
0
LINE
8
BLACK
6
CONTINUOUS
10
0.7212849606299212
20
1.5476574803149605
11
0.6387150393700787
21
1.5476574803149605
0
LINE
8
BLACK
6
CONTINUOUS
10
0.6387150393700787
20
1.5476574803149605
11
0.6387147637795275
21
1.5476574409448818
0
LINE
8
BLACK
6
CONTINUOUS
10
0.6387147637795275
20
1.5476574409448818
11
0.6387145669291339
21
1.5476574409448818
0
LINE
8
BLACK
6
CONTINUOUS
10
0.6387145669291339
20
1.5476574409448818
11
0.6363308267716535
21
1.5474011811023622
0
LINE
8
BLACK
6
CONTINUOUS
10
0.6363308267716535
20
1.5474011811023622
11
0.6363305118110236
21
1.5474011023622047
0
LINE
8
BLACK
6
CONTINUOUS
10
0.6363305118110236
20
1.5474011023622047
11
0.6332627952755905
21
1.5462568503937006
0
LINE
8
BLACK
6
CONTINUOUS
10
0.6332627952755905
20
1.5462568503937006
11
0.6309368503937007
21
1.5453893307086615
0
LINE
8
BLACK
6
CONTINUOUS
10
0.6309368503937007
20
1.5453893307086615
11
0.6300292125984251
21
1.5447098818897638
0
LINE
8
BLACK
6
CONTINUOUS
10
0.6300292125984251
20
1.5447098818897638
11
0.6274103937007874
21
1.5437331102362204
0
LINE
8
BLACK
6
CONTINUOUS
10
0.6274103937007874
20
1.5437331102362204
11
0.6270564566929133
21
1.5437204724409448
0
LINE
8
BLACK
6
CONTINUOUS
10
0.6270564566929133
20
1.5437204724409448
11
0.5329435433070866
21
1.5437204724409448
0
LINE
8
BLACK
6
CONTINUOUS
10
0.5329435433070866
20
1.5437204724409448
11
0.5302616141732284
21
1.5445079527559056
0
LINE
8
BLACK
6
CONTINUOUS
10
0.5302616141732284
20
1.5445079527559056
11
0.5299710236220472
21
1.54470968503937
0
LINE
8
BLACK
6
CONTINUOUS
10
0.5299710236220472
20
1.54470968503937
11
0.5290631496062992
21
1.5453893307086615
0
LINE
8
BLACK
6
CONTINUOUS
10
0.5290631496062992
20
1.5453893307086615
11
0.5236693307086614
21
1.5474011417322835
0
LINE
8
BLACK
6
CONTINUOUS
10
0.5236693307086614
20
1.5474011417322835
11
0.5236692519685039
21
1.5474011417322835
0
LINE
8
BLACK
6
CONTINUOUS
10
0.5236692519685039
20
1.5474011417322835
11
0.5236691338582677
21
1.5474011811023622
0
LINE
8
BLACK
6
CONTINUOUS
10
0.5236691338582677
20
1.5474011811023622
11
0.5212853937007874
21
1.5476574409448818
0
LINE
8
BLACK
6
CONTINUOUS
10
0.5212853937007874
20
1.5476574409448818
11
0.5212852362204724
21
1.5476574409448818
0
LINE
8
BLACK
6
CONTINUOUS
10
0.5212852362204724
20
1.5476574409448818
11
0.5212849606299212
21
1.5476574803149605
0
LINE
8
BLACK
6
CONTINUOUS
10
0.5212849606299212
20
1.5476574803149605
11
0.4387150393700787
21
1.5476574803149605
0
LINE
8
BLACK
6
CONTINUOUS
10
0.4387150393700787
20
1.5476574803149605
11
0.4387147637795276
21
1.5476574409448818
0
LINE
8
BLACK
6
CONTINUOUS
10
0.4387147637795276
20
1.5476574409448818
11
0.4387145669291339
21
1.5476574409448818
0
LINE
8
BLACK
6
CONTINUOUS
10
0.4387145669291339
20
1.5476574409448818
11
0.4363308267716535
21
1.5474011811023622
0
LINE
8
BLACK
6
CONTINUOUS
10
0.4363308267716535
20
1.5474011811023622
11
0.4363305118110236
21
1.5474011023622047
0
LINE
8
BLACK
6
CONTINUOUS
10
0.4363305118110236
20
1.5474011023622047
11
0.4332627952755905
21
1.5462568503937006
0
LINE
8
BLACK
6
CONTINUOUS
10
0.4332627952755905
20
1.5462568503937006
11
0.4309368503937008
21
1.5453893307086615
0
LINE
8
BLACK
6
CONTINUOUS
10
0.4309368503937008
20
1.5453893307086615
11
0.4309367716535433
21
1.5453892913385827
0
LINE
8
BLACK
6
CONTINUOUS
10
0.4309367716535433
20
1.5453892913385827
11
0.4309366929133858
21
1.545389251968504
0
LINE
8
BLACK
6
CONTINUOUS
10
0.4309366929133858
20
1.545389251968504
11
0.4263282677165354
21
1.5419394094488188
0
LINE
8
BLACK
6
CONTINUOUS
10
0.4263282677165354
20
1.5419394094488188
11
0.4228784251968504
21
1.5373309842519685
0
LINE
8
BLACK
6
CONTINUOUS
10
0.4228784251968504
20
1.5373309842519685
11
0.4228783464566929
21
1.5373307874015747
0
LINE
8
BLACK
6
CONTINUOUS
10
0.4228783464566929
20
1.5373307874015747
11
0.4208665748031496
21
1.5319371653543308
0
LINE
8
BLACK
6
CONTINUOUS
10
0.4208665748031496
20
1.5319371653543308
11
0.4208664960629921
21
1.5319368503937008
0
LINE
8
BLACK
6
CONTINUOUS
10
0.4208664960629921
20
1.5319368503937008
11
0.4206102362204724
21
1.5295531102362205
0
LINE
8
BLACK
6
CONTINUOUS
10
0.4206102362204724
20
1.5295531102362205
11
0.4206102362204724
21
1.5051771653543307
0
LINE
8
BLACK
6
CONTINUOUS
10
0.4206102362204724
20
1.5051771653543307
11
0.4198227559055118
21
1.5024952362204724
0
LINE
8
BLACK
6
CONTINUOUS
10
0.4198227559055118
20
1.5024952362204724
11
0.4177103149606299
21
1.5006648031496064
0
LINE
8
BLACK
6
CONTINUOUS
10
0.4177103149606299
20
1.5006648031496064
11
0.4156496062992126
21
1.5002165354330708
0
LINE
8
BLACK
6
CONTINUOUS
10
0.4156496062992126
20
1.5002165354330708
11
0.3442242519685039
21
1.5002165354330708
0
LINE
8
BLACK
6
CONTINUOUS
10
0.3442242519685039
20
1.5002165354330708
11
0.3412132677165354
21
1.499991062992126
0
LINE
8
BLACK
6
CONTINUOUS
10
0.3412132677165354
20
1.499991062992126
11
0.3397520866141732
21
1.4997709842519684
0
LINE
8
BLACK
6
CONTINUOUS
10
0.3397520866141732
20
1.4997709842519684
11
0.3396801181102362
21
1.4997545669291339
0
LINE
8
BLACK
6
CONTINUOUS
10
0.3396801181102362
20
1.4997545669291339
11
0.3368083070866142
21
1.4990995669291338
0
LINE
8
BLACK
6
CONTINUOUS
10
0.3368083070866142
20
1.4990995669291338
11
0.3368082283464567
21
1.4990995275590551
0
LINE
8
BLACK
6
CONTINUOUS
10
0.3368082283464567
20
1.4990995275590551
11
0.3368081889763779
21
1.4990995275590551
0
LINE
8
BLACK
6
CONTINUOUS
10
0.3368081889763779
20
1.4990995275590551
11
0.3316064566929134
21
1.4966392913385826
0
LINE
8
BLACK
6
CONTINUOUS
10
0.3316064566929134
20
1.4966392913385826
11
0.3309724803149606
21
1.4962197637795276
0
LINE
8
BLACK
6
CONTINUOUS
10
0.3309724803149606
20
1.4962197637795276
11
0.3292756692913386
21
1.4950969291338583
0
LINE
8
BLACK
6
CONTINUOUS
10
0.3292756692913386
20
1.4950969291338583
11
0.3292754724409448
21
1.4950967716535433
0
LINE
8
BLACK
6
CONTINUOUS
10
0.3292754724409448
20
1.4950967716535433
11
0.3292753149606299
21
1.495096653543307
0
LINE
8
BLACK
6
CONTINUOUS
10
0.3292753149606299
20
1.495096653543307
11
0.329275
21
1.495096377952756
0
LINE
8
BLACK
6
CONTINUOUS
10
0.329275
20
1.495096377952756
11
0.3292745275590551
21
1.4950959842519684
0
LINE
8
BLACK
6
CONTINUOUS
10
0.3292745275590551
20
1.4950959842519684
11
0.3249774015748031
21
1.4912705118110237
0
LINE
8
BLACK
6
CONTINUOUS
10
0.3249774015748031
20
1.4912705118110237
11
0.3222780708661417
21
1.4869438582677166
0
LINE
8
BLACK
6
CONTINUOUS
10
0.3222780708661417
20
1.4869438582677166
11
0.3219316141732284
21
1.4863885039370079
0
LINE
8
BLACK
6
CONTINUOUS
10
0.3219316141732284
20
1.4863885039370079
11
0.3215394094488189
21
1.4854983070866141
0
LINE
8
BLACK
6
CONTINUOUS
10
0.3215394094488189
20
1.4854983070866141
11
0.3208046062992126
21
1.4838305511811023
0
LINE
8
BLACK
6
CONTINUOUS
10
0.3208046062992126
20
1.4838305511811023
11
0.3192576771653543
21
1.4782890157480315
0
LINE
8
BLACK
6
CONTINUOUS
10
0.3192576771653543
20
1.4782890157480315
11
0.3193345669291339
21
1.4725353149606299
0
LINE
8
BLACK
6
CONTINUOUS
10
0.3193345669291339
20
1.4725353149606299
11
0.3193346062992126
21
1.4725350393700787
0
LINE
8
BLACK
6
CONTINUOUS
10
0.3193346062992126
20
1.4725350393700787
11
0.3197638582677165
21
1.4698087401574802
0
LINE
8
BLACK
6
CONTINUOUS
10
0.3197638582677165
20
1.4698087401574802
11
0.3197685433070866
21
1.4697774015748031
0
LINE
8
BLACK
6
CONTINUOUS
10
0.3197685433070866
20
1.4697774015748031
11
0.3197694488188976
21
1.4697734645669291
0
LINE
8
BLACK
6
CONTINUOUS
10
0.3197694488188976
20
1.4697734645669291
11
0.3214643700787401
21
1.4642745669291337
0
LINE
8
BLACK
6
CONTINUOUS
10
0.3214643700787401
20
1.4642745669291337
11
0.326882125984252
21
1.4528197637795275
0
LINE
8
BLACK
6
CONTINUOUS
10
0.326882125984252
20
1.4528197637795275
11
0.3270684251968504
21
1.4523699999999999
0
LINE
8
BLACK
6
CONTINUOUS
10
0.3270684251968504
20
1.4523699999999999
11
0.3314484251968504
21
1.4401287007874015
0
LINE
8
BLACK
6
CONTINUOUS
10
0.3314484251968504
20
1.4401287007874015
11
0.3315897244094488
21
1.4396628346456692
0
LINE
8
BLACK
6
CONTINUOUS
10
0.3315897244094488
20
1.4396628346456692
11
0.334748779527559
21
1.4270511417322835
0
LINE
8
BLACK
6
CONTINUOUS
10
0.334748779527559
20
1.4270511417322835
11
0.3348437401574803
21
1.4265737007874015
0
LINE
8
BLACK
6
CONTINUOUS
10
0.3348437401574803
20
1.4265737007874015
11
0.3367513779527559
21
1.4137133070866141
0
LINE
8
BLACK
6
CONTINUOUS
10
0.3367513779527559
20
1.4137133070866141
11
0.336799094488189
21
1.4132288582677166
0
LINE
8
BLACK
6
CONTINUOUS
10
0.336799094488189
20
1.4132288582677166
11
0.3374370866141732
21
1.4002434251968503
0
LINE
8
BLACK
6
CONTINUOUS
10
0.3374370866141732
20
1.4002434251968503
11
0.3374370866141732
21
1.3997565748031495
0
LINE
8
BLACK
6
CONTINUOUS
10
0.3374370866141732
20
1.3997565748031495
11
0.336799094488189
21
1.3867710629921259
0
LINE
8
BLACK
6
CONTINUOUS
10
0.336799094488189
20
1.3867710629921259
11
0.3367513779527559
21
1.3862866141732284
0
LINE
8
BLACK
6
CONTINUOUS
10
0.3367513779527559
20
1.3862866141732284
11
0.3348437401574803
21
1.373426220472441
0
LINE
8
BLACK
6
CONTINUOUS
10
0.3348437401574803
20
1.373426220472441
11
0.334748779527559
21
1.372948779527559
0
LINE
8
BLACK
6
CONTINUOUS
10
0.334748779527559
20
1.372948779527559
11
0.3315897637795275
21
1.3603372440944881
0
LINE
8
BLACK
6
CONTINUOUS
10
0.3315897637795275
20
1.3603372440944881
11
0.3314484645669291
21
1.3598713779527558
0
LINE
8
BLACK
6
CONTINUOUS
10
0.3314484645669291
20
1.3598713779527558
11
0.3272688188976378
21
1.3481899606299212
0
LINE
8
BLACK
6
CONTINUOUS
10
0.3272688188976378
20
1.3481899606299212
11
0.3272687795275591
21
1.3481899212598425
0
LINE
8
BLACK
6
CONTINUOUS
10
0.3272687795275591
20
1.3481899212598425
11
0.3262741732283465
21
1.344122716535433
0
LINE
8
BLACK
6
CONTINUOUS
10
0.3262741732283465
20
1.344122716535433
11
0.3262739763779527
21
1.3441216929133859
0
LINE
8
BLACK
6
CONTINUOUS
10
0.3262739763779527
20
1.3441216929133859
11
0.325996811023622
21
1.3420974015748031
0
LINE
8
BLACK
6
CONTINUOUS
10
0.325996811023622
20
1.3420974015748031
11
0.3258613385826772
21
1.3379124409448819
0
LINE
8
BLACK
6
CONTINUOUS
10
0.3258613385826772
20
1.3379124409448819
11
0.3258613779527559
21
1.3379122440944882
0
LINE
8
BLACK
6
CONTINUOUS
10
0.3258613779527559
20
1.3379122440944882
11
0.3270845275590551
21
1.3322896062992127
0
LINE
8
BLACK
6
CONTINUOUS
10
0.3270845275590551
20
1.3322896062992127
11
0.3270845275590551
21
1.3322894881889764
0
LINE
8
BLACK
6
CONTINUOUS
10
0.3270845275590551
20
1.3322894881889764
11
0.328061220472441
21
1.3296709842519685
0
LINE
8
BLACK
6
CONTINUOUS
10
0.328061220472441
20
1.3296709842519685
11
0.3280613385826772
21
1.3296707086614172
0
LINE
8
BLACK
6
CONTINUOUS
10
0.3280613385826772
20
1.3296707086614172
11
0.3308188976377953
21
1.3246205511811022
0
LINE
8
BLACK
6
CONTINUOUS
10
0.3308188976377953
20
1.3246205511811022
11
0.3333527165354331
21
1.3220866929133859
0
LINE
8
BLACK
6
CONTINUOUS
10
0.3333527165354331
20
1.3220866929133859
11
0.3346922440944882
21
1.3196334251968505
0
LINE
8
BLACK
6
CONTINUOUS
10
0.3346922440944882
20
1.3196334251968505
11
0.3344927952755906
21
1.3168453937007873
0
LINE
8
BLACK
6
CONTINUOUS
10
0.3344927952755906
20
1.3168453937007873
11
0.3333526377952756
21
1.3150713779527559
0
LINE
8
BLACK
6
CONTINUOUS
10
0.3333526377952756
20
1.3150713779527559
11
0.3120888188976378
21
1.2938075590551181
0
LINE
8
BLACK
6
CONTINUOUS
10
0.3120888188976378
20
1.2938075590551181
11
0.3114586614173228
21
1.2932744881889764
0
LINE
8
BLACK
6
CONTINUOUS
10
0.3114586614173228
20
1.2932744881889764
11
0.3113694881889764
21
1.2932109842519686
0
LINE
8
BLACK
6
CONTINUOUS
10
0.3113694881889764
20
1.2932109842519686
11
0.3113693307086614
21
1.2932108267716536
0
LINE
8
BLACK
6
CONTINUOUS
10
0.3113693307086614
20
1.2932108267716536
11
0.3088920866141732
21
1.2906127559055118
0
LINE
8
BLACK
6
CONTINUOUS
10
0.3088920866141732
20
1.2906127559055118
11
0.3088111417322835
21
1.2905298818897637
0
LINE
8
BLACK
6
CONTINUOUS
10
0.3088111417322835
20
1.2905298818897637
11
0.3080815354330709
21
1.2898002755905511
0
LINE
8
BLACK
6
CONTINUOUS
10
0.3080815354330709
20
1.2898002755905511
11
0.3077048425196851
21
1.2894235826771654
0
LINE
8
BLACK
6
CONTINUOUS
10
0.3077048425196851
20
1.2894235826771654
11
0.3052515748031496
21
1.2880840551181103
0
LINE
8
BLACK
6
CONTINUOUS
10
0.3052515748031496
20
1.2880840551181103
11
0.3024635433070866
21
1.2882835039370077
0
LINE
8
BLACK
6
CONTINUOUS
10
0.3024635433070866
20
1.2882835039370077
11
0.3024599212598425
21
1.2882848425196851
0
LINE
8
BLACK
6
CONTINUOUS
10
0.3024599212598425
20
1.2882848425196851
11
0.2984518110236221
21
1.2898002362204724
0
LINE
8
BLACK
6
CONTINUOUS
10
0.2984518110236221
20
1.2898002362204724
11
0.2957232283464567
21
1.2904065748031497
0
LINE
8
BLACK
6
CONTINUOUS
10
0.2957232283464567
20
1.2904065748031497
11
0.2899856692913386
21
1.2908426771653543
0
LINE
8
BLACK
6
CONTINUOUS
10
0.2899856692913386
20
1.2908426771653543
11
0.2843575590551181
21
1.2896446850393701
0
LINE
8
BLACK
6
CONTINUOUS
10
0.2843575590551181
20
1.2896446850393701
11
0.2819786220472441
21
1.2887694488188977
0
LINE
8
BLACK
6
CONTINUOUS
10
0.2819786220472441
20
1.2887694488188977
11
0.281796062992126
21
1.2887129921259841
0
LINE
8
BLACK
6
CONTINUOUS
10
0.281796062992126
20
1.2887129921259841
11
0.2810011023622047
21
1.2882835039370077
0
LINE
8
BLACK
6
CONTINUOUS
10
0.2810011023622047
20
1.2882835039370077
11
0.2766716535433071
21
1.2859444881889763
0
LINE
8
BLACK
6
CONTINUOUS
10
0.2766716535433071
20
1.2859444881889763
11
0.2765583070866142
21
1.2858604330708661
0
LINE
8
BLACK
6
CONTINUOUS
10
0.2765583070866142
20
1.2858604330708661
11
0.2761543700787402
21
1.2855904724409448
0
LINE
8
BLACK
6
CONTINUOUS
10
0.2761543700787402
20
1.2855904724409448
11
0.2650015748031496
21
1.278905748031496
0
LINE
8
BLACK
6
CONTINUOUS
10
0.2650015748031496
20
1.278905748031496
11
0.2645731496062992
21
1.2786767322834645
0
LINE
8
BLACK
6
CONTINUOUS
10
0.2645731496062992
20
1.2786767322834645
11
0.2528196850393701
21
1.2731177559055118
0
LINE
8
BLACK
6
CONTINUOUS
10
0.2528196850393701
20
1.2731177559055118
11
0.2523703543307086
21
1.2729316141732283
0
LINE
8
BLACK
6
CONTINUOUS
10
0.2523703543307086
20
1.2729316141732283
11
0.2401282677165354
21
1.2685513385826772
0
LINE
8
BLACK
6
CONTINUOUS
10
0.2401282677165354
20
1.2685513385826772
11
0.2396631889763779
21
1.2684102755905511
0
LINE
8
BLACK
6
CONTINUOUS
10
0.2396631889763779
20
1.2684102755905511
11
0.2270508661417323
21
1.2652510629921259
0
LINE
8
BLACK
6
CONTINUOUS
10
0.2270508661417323
20
1.2652510629921259
11
0.226574094488189
21
1.2651562204724409
0
LINE
8
BLACK
6
CONTINUOUS
10
0.226574094488189
20
1.2651562204724409
11
0.2137134645669291
21
1.2632485039370078
0
LINE
8
BLACK
6
CONTINUOUS
10
0.2137134645669291
20
1.2632485039370078
11
0.2132294488188976
21
1.2632008267716535
0
LINE
8
BLACK
6
CONTINUOUS
10
0.2132294488188976
20
1.2632008267716535
11
0.200242874015748
21
1.2625628346456692
0
LINE
8
BLACK
6
CONTINUOUS
10
0.200242874015748
20
1.2625628346456692
11
0.1997572834645669
21
1.2625628346456692
0
LINE
8
BLACK
6
CONTINUOUS
10
0.1997572834645669
20
1.2625628346456692
11
0.1867707480314961
21
1.2632008267716535
0
LINE
8
BLACK
6
CONTINUOUS
10
0.1867707480314961
20
1.2632008267716535
11
0.1862868503937008
21
1.2632485039370078
0
LINE
8
BLACK
6
CONTINUOUS
10
0.1862868503937008
20
1.2632485039370078
11
0.1734257874015748
21
1.2651562204724409
0
LINE
8
BLACK
6
CONTINUOUS
10
0.1734257874015748
20
1.2651562204724409
11
0.1729493307086614
21
1.2652509842519686
0
LINE
8
BLACK
6
CONTINUOUS
10
0.1729493307086614
20
1.2652509842519686
11
0.1603364960629921
21
1.2684103149606298
0
LINE
8
BLACK
6
CONTINUOUS
10
0.1603364960629921
20
1.2684103149606298
11
0.1598719291338583
21
1.2685511811023622
0
LINE
8
BLACK
6
CONTINUOUS
10
0.1598719291338583
20
1.2685511811023622
11
0.1476286614173228
21
1.2729319291338583
0
LINE
8
BLACK
6
CONTINUOUS
10
0.1476286614173228
20
1.2729319291338583
11
0.1471808661417323
21
1.2731174409448818
0
LINE
8
BLACK
6
CONTINUOUS
10
0.1471808661417323
20
1.2731174409448818
11
0.1357252362204724
21
1.2785356299212598
0
LINE
8
BLACK
6
CONTINUOUS
10
0.1357252362204724
20
1.2785356299212598
11
0.1329071653543307
21
1.2796190944881889
0
LINE
8
BLACK
6
CONTINUOUS
10
0.1329071653543307
20
1.2796190944881889
11
0.1314922440944882
21
1.2800448818897638
0
LINE
8
BLACK
6
CONTINUOUS
10
0.1314922440944882
20
1.2800448818897638
11
0.1285437007874016
21
1.2806966535433071
0
LINE
8
BLACK
6
CONTINUOUS
10
0.1285437007874016
20
1.2806966535433071
11
0.1227894488188976
21
1.2806966535433071
0
LINE
8
BLACK
6
CONTINUOUS
10
0.1227894488188976
20
1.2806966535433071
11
0.1227893700787401
21
1.2806966535433071
0
LINE
8
BLACK
6
CONTINUOUS
10
0.1227893700787401
20
1.2806966535433071
11
0.1227891732283465
21
1.2806966141732283
0
LINE
8
BLACK
6
CONTINUOUS
10
0.1227891732283465
20
1.2806966141732283
11
0.1200227559055118
21
1.2802988582677166
0
LINE
8
BLACK
6
CONTINUOUS
10
0.1200227559055118
20
1.2802988582677166
11
0.1145016929133858
21
1.2786777165354331
0
LINE
8
BLACK
6
CONTINUOUS
10
0.1145016929133858
20
1.2786777165354331
11
0.1135533858267717
21
1.2780682677165354
0
LINE
8
BLACK
6
CONTINUOUS
10
0.1135533858267717
20
1.2780682677165354
11
0.1096610236220472
21
1.275566811023622
0
LINE
8
BLACK
6
CONTINUOUS
10
0.1096610236220472
20
1.275566811023622
11
0.1096608267716535
21
1.2755666929133858
0
LINE
8
BLACK
6
CONTINUOUS
10
0.1096608267716535
20
1.2755666929133858
11
0.1076496062992126
21
1.2738239370078739
0
LINE
8
BLACK
6
CONTINUOUS
10
0.1076496062992126
20
1.2738239370078739
11
0.1075620866141732
21
1.2737521259842519
0
LINE
8
BLACK
6
CONTINUOUS
10
0.1075620866141732
20
1.2737521259842519
11
0.1037802755905512
21
1.2693875984251968
0
LINE
8
BLACK
6
CONTINUOUS
10
0.1037802755905512
20
1.2693875984251968
11
0.1037801968503937
21
1.2693874803149605
0
LINE
8
BLACK
6
CONTINUOUS
10
0.1037801968503937
20
1.2693874803149605
11
0.1013898031496063
21
1.2641532677165355
0
LINE
8
BLACK
6
CONTINUOUS
10
0.1013898031496063
20
1.2641532677165355
11
0.1009228346456693
21
1.2625628346456692
0
LINE
8
BLACK
6
CONTINUOUS
10
0.1009228346456693
20
1.2625628346456692
11
0.1006023622047244
21
1.2614713779527558
0
LINE
8
BLACK
6
CONTINUOUS
10
0.1006023622047244
20
1.2614713779527558
11
0.0997834645669291
21
1.2557757480314959
0
LINE
8
BLACK
6
CONTINUOUS
10
0.0997834645669291
20
1.2557757480314959
11
0.0997834645669291
21
1.2557757086614172
0
LINE
8
BLACK
6
CONTINUOUS
10
0.0997834645669291
20
1.2557757086614172
11
0.0997834645669291
21
1.2557755905511812
0
LINE
8
BLACK
6
CONTINUOUS
10
0.0997834645669291
20
1.2557755905511812
11
0.0997834645669291
21
1.1686023622047244
0
LINE
8
BLACK
6
CONTINUOUS
10
0.0997834645669291
20
1.1686023622047244
11
0.0989959842519685
21
1.1659204330708661
0
LINE
8
BLACK
6
CONTINUOUS
10
0.0989959842519685
20
1.1659204330708661
11
0.0968835433070866
21
1.1640900000000001
0
LINE
8
BLACK
6
CONTINUOUS
10
0.0968835433070866
20
1.1640900000000001
11
0.0948228346456693
21
1.1636417322834645
0
LINE
8
BLACK
6
CONTINUOUS
10
0.0948228346456693
20
1.1636417322834645
11
0.0704473228346457
21
1.1636417322834645
0
LINE
8
BLACK
6
CONTINUOUS
10
0.0704473228346457
20
1.1636417322834645
11
0.0704470472440945
21
1.1636416929133857
0
LINE
8
BLACK
6
CONTINUOUS
10
0.0704470472440945
20
1.1636416929133857
11
0.0704468503937008
21
1.1636416929133857
0
LINE
8
BLACK
6
CONTINUOUS
10
0.0704468503937008
20
1.1636416929133857
11
0.0680631102362205
21
1.1633854330708662
0
LINE
8
BLACK
6
CONTINUOUS
10
0.0680631102362205
20
1.1633854330708662
11
0.0680627952755905
21
1.1633853543307087
0
LINE
8
BLACK
6
CONTINUOUS
10
0.0680627952755905
20
1.1633853543307087
11
0.0649950787401575
21
1.1622411023622048
0
LINE
8
BLACK
6
CONTINUOUS
10
0.0649950787401575
20
1.1622411023622048
11
0.0626691338582677
21
1.1613735826771654
0
LINE
8
BLACK
6
CONTINUOUS
10
0.0626691338582677
20
1.1613735826771654
11
0.0626690551181102
21
1.1613735433070866
0
LINE
8
BLACK
6
CONTINUOUS
10
0.0626690551181102
20
1.1613735433070866
11
0.0626689763779528
21
1.1613735039370079
0
LINE
8
BLACK
6
CONTINUOUS
10
0.0626689763779528
20
1.1613735039370079
11
0.0580605511811024
21
1.1579236614173227
0
LINE
8
BLACK
6
CONTINUOUS
10
0.0580605511811024
20
1.1579236614173227
11
0.0546107086614173
21
1.1533152362204724
0
LINE
8
BLACK
6
CONTINUOUS
10
0.0546107086614173
20
1.1533152362204724
11
0.0546106299212598
21
1.1533150393700786
0
LINE
8
BLACK
6
CONTINUOUS
10
0.0546106299212598
20
1.1533150393700786
11
0.0525988582677165
21
1.1479214173228347
0
LINE
8
BLACK
6
CONTINUOUS
10
0.0525988582677165
20
1.1479214173228347
11
0.0525987795275591
21
1.1479211023622047
0
LINE
8
BLACK
6
CONTINUOUS
10
0.0525987795275591
20
1.1479211023622047
11
0.0523425196850394
21
1.1455373622047245
0
LINE
8
BLACK
6
CONTINUOUS
10
0.0523425196850394
20
1.1455373622047245
11
0.0523425196850394
21
1.0944625984251968
0
LINE
8
BLACK
6
CONTINUOUS
10
0.0523425196850394
20
1.0944625984251968
11
0.0525987795275591
21
1.0920788582677166
0
LINE
8
BLACK
6
CONTINUOUS
10
0.0525987795275591
20
1.0920788582677166
11
0.0525988582677165
21
1.0920785433070865
0
LINE
8
BLACK
6
CONTINUOUS
10
0.0525988582677165
20
1.0920785433070865
11
0.0546106299212598
21
1.0866849212598424
0
LINE
8
BLACK
6
CONTINUOUS
10
0.0546106299212598
20
1.0866849212598424
11
0.0546107086614173
21
1.0866847637795276
0
LINE
8
BLACK
6
CONTINUOUS
10
0.0546107086614173
20
1.0866847637795276
11
0.0552901181102362
21
1.0857772047244094
0
LINE
8
BLACK
6
CONTINUOUS
10
0.0552901181102362
20
1.0857772047244094
11
0.0562668897637795
21
1.0831583070866142
0
LINE
8
BLACK
6
CONTINUOUS
10
0.0562668897637795
20
1.0831583070866142
11
0.0562795275590551
21
1.0828044488188977
0
LINE
8
BLACK
6
CONTINUOUS
10
0.0562795275590551
20
1.0828044488188977
11
0.0562795275590551
21
0.9771954724409448
0
LINE
8
BLACK
6
CONTINUOUS
10
0.0562795275590551
20
0.9771954724409448
11
0.0554920472440945
21
0.9745135433070866
0
LINE
8
BLACK
6
CONTINUOUS
10
0.0554920472440945
20
0.9745135433070866
11
0.0552903543307087
21
0.9742230708661417
0
LINE
8
BLACK
6
CONTINUOUS
10
0.0552903543307087
20
0.9742230708661417
11
0.0546106692913386
21
0.9733151181102362
0
LINE
8
BLACK
6
CONTINUOUS
10
0.0546106692913386
20
0.9733151181102362
11
0.0525987795275591
21
0.9679211023622047
0
LINE
8
BLACK
6
CONTINUOUS
10
0.0525987795275591
20
0.9679211023622047
11
0.0523425590551181
21
0.9655374409448819
0
LINE
8
BLACK
6
CONTINUOUS
10
0.0523425590551181
20
0.9655374409448819
11
0.0523425196850394
21
0.9655366929133858
0
LINE
8
BLACK
6
CONTINUOUS
10
0.0523425196850394
20
0.9655366929133858
11
0.0523425196850394
21
0.9144625984251968
0
LINE
8
BLACK
6
CONTINUOUS
10
0.0523425196850394
20
0.9144625984251968
11
0.0525987795275591
21
0.9120788582677165
0
LINE
8
BLACK
6
CONTINUOUS
10
0.0525987795275591
20
0.9120788582677165
11
0.0525988582677165
21
0.9120785433070866
0
LINE
8
BLACK
6
CONTINUOUS
10
0.0525988582677165
20
0.9120785433070866
11
0.0546106299212598
21
0.9066849212598425
0
LINE
8
BLACK
6
CONTINUOUS
10
0.0546106299212598
20
0.9066849212598425
11
0.0546107086614173
21
0.9066847637795276
0
LINE
8
BLACK
6
CONTINUOUS
10
0.0546107086614173
20
0.9066847637795276
11
0.0552901181102362
21
0.9057772047244095
0
LINE
8
BLACK
6
CONTINUOUS
10
0.0552901181102362
20
0.9057772047244095
11
0.0562668897637795
21
0.9031583070866142
0
LINE
8
BLACK
6
CONTINUOUS
10
0.0562668897637795
20
0.9031583070866142
11
0.0562795275590551
21
0.9028044488188977
0
LINE
8
BLACK
6
CONTINUOUS
10
0.0562795275590551
20
0.9028044488188977
11
0.0562795275590551
21
0.7971954724409449
0
LINE
8
BLACK
6
CONTINUOUS
10
0.0562795275590551
20
0.7971954724409449
11
0.0554920472440945
21
0.7945135433070866
0
LINE
8
BLACK
6
CONTINUOUS
10
0.0554920472440945
20
0.7945135433070866
11
0.0552903543307087
21
0.7942230708661417
0
LINE
8
BLACK
6
CONTINUOUS
10
0.0552903543307087
20
0.7942230708661417
11
0.0546106692913386
21
0.7933151181102363
0
LINE
8
BLACK
6
CONTINUOUS
10
0.0546106692913386
20
0.7933151181102363
11
0.0525987795275591
21
0.7879211023622047
0
LINE
8
BLACK
6
CONTINUOUS
10
0.0525987795275591
20
0.7879211023622047
11
0.0523425196850394
21
0.7855373622047244
0
LINE
8
BLACK
6
CONTINUOUS
10
0.0523425196850394
20
0.7855373622047244
11
0.0523425196850394
21
0.7344625984251968
0
LINE
8
BLACK
6
CONTINUOUS
10
0.0523425196850394
20
0.7344625984251968
11
0.0525987795275591
21
0.7320788582677166
0
LINE
8
BLACK
6
CONTINUOUS
10
0.0525987795275591
20
0.7320788582677166
11
0.0525988582677165
21
0.7320785433070865
0
LINE
8
BLACK
6
CONTINUOUS
10
0.0525988582677165
20
0.7320785433070865
11
0.0546106299212598
21
0.7266849212598425
0
LINE
8
BLACK
6
CONTINUOUS
10
0.0546106299212598
20
0.7266849212598425
11
0.0546107086614173
21
0.7266847637795275
0
LINE
8
BLACK
6
CONTINUOUS
10
0.0546107086614173
20
0.7266847637795275
11
0.0552901181102362
21
0.7257772047244094
0
LINE
8
BLACK
6
CONTINUOUS
10
0.0552901181102362
20
0.7257772047244094
11
0.0562668897637795
21
0.7231583070866141
0
LINE
8
BLACK
6
CONTINUOUS
10
0.0562668897637795
20
0.7231583070866141
11
0.0562795275590551
21
0.7228044488188976
0
LINE
8
BLACK
6
CONTINUOUS
10
0.0562795275590551
20
0.7228044488188976
11
0.0562795275590551
21
0.6171954724409449
0
LINE
8
BLACK
6
CONTINUOUS
10
0.0562795275590551
20
0.6171954724409449
11
0.0554920472440945
21
0.6145135433070866
0
LINE
8
BLACK
6
CONTINUOUS
10
0.0554920472440945
20
0.6145135433070866
11
0.0552903543307087
21
0.6142230708661417
0
LINE
8
BLACK
6
CONTINUOUS
10
0.0552903543307087
20
0.6142230708661417
11
0.0548763385826772
21
0.6136699999999999
0
LINE
8
BLACK
6
CONTINUOUS
10
0.0548763385826772
20
0.6136699999999999
11
0.0546106692913386
21
0.6133151181102362
0
LINE
8
BLACK
6
CONTINUOUS
10
0.0546106692913386
20
0.6133151181102362
11
0.0525987795275591
21
0.6079211023622048
0
LINE
8
BLACK
6
CONTINUOUS
10
0.0525987795275591
20
0.6079211023622048
11
0.0523425196850394
21
0.6055373622047244
0
LINE
8
BLACK
6
CONTINUOUS
10
0.0523425196850394
20
0.6055373622047244
11
0.0523425196850394
21
0.5544625984251969
0
LINE
8
BLACK
6
CONTINUOUS
10
0.0523425196850394
20
0.5544625984251969
11
0.0525987795275591
21
0.5520788582677165
0
CIRCLE
8
BLACK
10
0.84
20
0.13
40
0.0068897637795276
0
CIRCLE
8
BLACK
10
0.84
20
0.23
40
0.0068897637795276
0
CIRCLE
8
BLACK
10
0.9399999999999999
20
0.13
40
0.0068897637795276
0
CIRCLE
8
BLACK
10
0.9399999999999999
20
0.23
40
0.0068897637795276
0
CIRCLE
8
BLACK
10
1.04
20
0.13
40
0.0068897637795276
0
CIRCLE
8
BLACK
10
1.04
20
0.23
40
0.0068897637795276
0
CIRCLE
8
BLACK
10
1.1399999999999999
20
0.13
40
0.0068897637795276
0
CIRCLE
8
BLACK
10
1.1399999999999999
20
0.23
40
0.0068897637795276
0
CIRCLE
8
BLACK
10
1.3999999999999999
20
0.2
40
0.0068897637795276
0
CIRCLE
8
BLACK
10
0.2
20
1.3999999999999999
40
0.0068897637795276
0
CIRCLE
8
BLACK
10
0.2
20
0.2
40
0.0068897637795276
0
CIRCLE
8
BLACK
10
1.3999999999999999
20
1.3999999999999999
40
0.0068897637795276
0
CIRCLE
8
BLACK
10
0.6600787401574802
20
0.34
40
0.0078740157480315
0
CIRCLE
8
BLACK
10
1.22
20
0.4
40
0.0078740157480315
0
CIRCLE
8
BLACK
10
0.34
20
0.48
40
0.0078740157480315
0
CIRCLE
8
BLACK
10
1.3999999999999999
20
0.58
40
0.0078740157480315
0
CIRCLE
8
BLACK
10
1.1199999999999999
20
0.58
40
0.0078740157480315
0
CIRCLE
8
BLACK
10
0.82
20
0.58
40
0.0078740157480315
0
CIRCLE
8
BLACK
10
1.3999999999999999
20
0.9199999999999999
40
0.0078740157480315
0
CIRCLE
8
BLACK
10
0.54
20
0.58
40
0.0078740157480315
0
CIRCLE
8
BLACK
10
1.1799999999999999
20
0.74
40
0.0078740157480315
0
CIRCLE
8
BLACK
10
1.1799999999999999
20
0.9399999999999999
40
0.0078740157480315
0
CIRCLE
8
BLACK
10
0.86
20
0.9399999999999999
40
0.0078740157480315
0
CIRCLE
8
BLACK
10
0.96
20
1.3599999999999999
40
0.0078740157480315
0
CIRCLE
8
BLACK
10
0.54
20
0.22
40
0.0078740157480315
0
CIRCLE
8
BLACK
10
0.34
20
0.34
40
0.0078740157480315
0
CIRCLE
8
BLACK
10
0.48
20
0.24
40
0.0078740157480315
0
CIRCLE
8
BLACK
10
0.86
20
0.76
40
0.0078740157480315
0
CIRCLE
8
BLACK
10
1.04
20
0.307244094488189
40
0.0078740157480315
0
CIRCLE
8
BLACK
10
0.22
20
0.58
40
0.0078740157480315
0
CIRCLE
8
BLACK
10
0.22
20
0.76
40
0.0078740157480315
0
CIRCLE
8
BLACK
10
1.4199999999999999
20
0.44
40
0.0078740157480315
0
CIRCLE
8
BLACK
10
1.46
20
0.66
40
0.0078740157480315
0
CIRCLE
8
BLACK
10
0.22
20
1.1199999999999999
40
0.0078740157480315
0
CIRCLE
8
BLACK
10
0.78
20
1.3599999999999999
40
0.0078740157480315
0
CIRCLE
8
BLACK
10
0.54
20
0.9399999999999999
40
0.0078740157480315
0
CIRCLE
8
BLACK
10
1.4399999999999999
20
1.04
40
0.0078740157480315
0
CIRCLE
8
BLACK
10
0.58
20
1.3599999999999999
40
0.0078740157480315
0
CIRCLE
8
BLACK
10
1.1399999999999999
20
0.34
40
0.0078740157480315
0
CIRCLE
8
BLACK
10
0.86
20
1.1199999999999999
40
0.0078740157480315
0
CIRCLE
8
BLACK
10
1.1799999999999999
20
1.1199999999999999
40
0.0078740157480315
0
CIRCLE
8
BLACK
10
1.1799999999999999
20
1.3599999999999999
40
0.0078740157480315
0
CIRCLE
8
BLACK
10
0.54
20
1.1199999999999999
40
0.0078740157480315
0
CIRCLE
8
BLACK
10
1.1799999999999999
20
0.5
40
0.0078740157480315
0
CIRCLE
8
BLACK
10
0.54
20
0.76
40
0.0078740157480315
0
CIRCLE
8
BLACK
10
0.22
20
0.9399999999999999
40
0.0078740157480315
  0
ENDSEC
  0
EOF
