  0
SECTION
  2
HEADER
  9
$ANGBASE
  50
0.0
  9
$ANGDIR
  70
1
  9
$MEASUREMENT
  70
0
  0
ENDSEC
  0
SECTION
  2
TABLES
  0
TABLE
  2
LTYPE
  70
4
  0
LTYPE
  5
40F
  2
CONTINUOUS
  70
0
  3
Solid line
  72
65
  73
0
  40
0.0
  0
LTYPE
  5
410
  2
DASHDOT
 70
0
  3
Dash Dot ____ _ ____ _
 72
65
 73
4
 40
2.0
 49
1.25
 49
-0.25
 49
0.25
 49
-0.25
  0
LTYPE
  5
411
  2
DASHED
 70
0
  3
Dashed __ __ __ __ __
 72
65
 73
2
 40
0.75
 49
0.5
 49
-0.25
  0
LTYPE
  5
43B
  2
DOTTED
 70
0
  3
Dotted .  .  .  .
 72
65
 73
2
 40
0.2
 49
0.0
 49
-0.2
  0
ENDTAB
  0
TABLE
  2
STYLE
  70
4
  0
STYLE
  2
KICAD
  70
0
  40
0
  41
1
  42
1
  50
0
  71
0
  3
isocp.shx
  0
STYLE
  2
KICADB
  70
0
  40
0
  41
1
  42
1
  50
0
  71
0
  3
isocp.shx
  0
STYLE
  2
KICADI
  70
0
  40
0
  41
1
  42
1
  50
15
  71
0
  3
isocp.shx
  0
STYLE
  2
KICADBI
  70
0
  40
0
  41
1
  42
1
  50
15
  71
0
  3
isocp.shx
  0
ENDTAB
  0
TABLE
  2
LAYER
  70
1
  0
LAYER
  2
BLACK
  70
0
  62
7
  6
CONTINUOUS
  0
ENDTAB
  0
ENDSEC
  0
SECTION
  2
ENTITIES
0
LINE
8
BLACK
6
CONTINUOUS
10
0.2033930708661417
20
0.3257937007874016
11
0.2068202362204724
21
0.3257937007874016
0
LINE
8
BLACK
6
CONTINUOUS
10
0.2068202362204724
20
0.3257937007874016
11
0.2104794094488189
21
0.3253957086614173
0
LINE
8
BLACK
6
CONTINUOUS
10
0.2104794094488189
20
0.3253957086614173
11
0.2141057480314961
21
0.3251920866141732
0
LINE
8
BLACK
6
CONTINUOUS
10
0.2141057480314961
20
0.3251920866141732
11
0.2172249212598425
21
0.3246620866141732
0
LINE
8
BLACK
6
CONTINUOUS
10
0.2172249212598425
20
0.3246620866141732
11
0.2203811023622047
21
0.3243188582677165
0
LINE
8
BLACK
6
CONTINUOUS
10
0.2203811023622047
20
0.3243188582677165
11
0.2242248818897638
21
0.3234727559055118
0
LINE
8
BLACK
6
CONTINUOUS
10
0.2242248818897638
20
0.3234727559055118
11
0.2280341338582677
21
0.3228255511811023
0
LINE
8
BLACK
6
CONTINUOUS
10
0.2280341338582677
20
0.3228255511811023
11
0.2308478346456693
21
0.3220149212598425
0
LINE
8
BLACK
6
CONTINUOUS
10
0.2308478346456693
20
0.3220149212598425
11
0.233702874015748
21
0.3213864960629921
0
LINE
8
BLACK
6
CONTINUOUS
10
0.233702874015748
20
0.3213864960629921
11
0.2376761023622047
21
0.3200477559055118
0
LINE
8
BLACK
6
CONTINUOUS
10
0.2376761023622047
20
0.3200477559055118
11
0.2416099606299213
21
0.3189144488188976
0
LINE
8
BLACK
6
CONTINUOUS
10
0.2416099606299213
20
0.3189144488188976
11
0.2440963779527559
21
0.3178845275590551
0
LINE
8
BLACK
6
CONTINUOUS
10
0.2440963779527559
20
0.3178845275590551
11
0.2466292913385827
21
0.3170311023622047
0
LINE
8
BLACK
6
CONTINUOUS
10
0.2466292913385827
20
0.3170311023622047
11
0.2506707874015748
21
0.3151612992125984
0
LINE
8
BLACK
6
CONTINUOUS
10
0.2506707874015748
20
0.3151612992125984
11
0.2546625196850394
21
0.313507874015748
0
LINE
8
BLACK
6
CONTINUOUS
10
0.2546625196850394
20
0.313507874015748
11
0.2568098031496063
21
0.312321062992126
0
LINE
8
BLACK
6
CONTINUOUS
10
0.2568098031496063
20
0.312321062992126
11
0.2590093307086614
21
0.3113035039370078
0
LINE
8
BLACK
6
CONTINUOUS
10
0.2590093307086614
20
0.3113035039370078
11
0.2630505511811024
21
0.308871968503937
0
LINE
8
BLACK
6
CONTINUOUS
10
0.2630505511811024
20
0.308871968503937
11
0.2670276771653543
21
0.3066738976377953
0
LINE
8
BLACK
6
CONTINUOUS
10
0.2670276771653543
20
0.3066738976377953
11
0.2688345669291339
21
0.3053918110236221
0
LINE
8
BLACK
6
CONTINUOUS
10
0.2688345669291339
20
0.3053918110236221
11
0.2706976377952756
21
0.3042708661417323
0
LINE
8
BLACK
6
CONTINUOUS
10
0.2706976377952756
20
0.3042708661417323
11
0.2746654724409449
21
0.3012545669291338
0
LINE
8
BLACK
6
CONTINUOUS
10
0.2746654724409449
20
0.3012545669291338
11
0.2785498818897638
21
0.2984984645669291
0
LINE
8
BLACK
6
CONTINUOUS
10
0.2785498818897638
20
0.2984984645669291
11
0.2800237007874016
21
0.2971813779527559
0
LINE
8
BLACK
6
CONTINUOUS
10
0.2800237007874016
20
0.2971813779527559
11
0.2815566535433071
21
0.296016062992126
0
LINE
8
BLACK
6
CONTINUOUS
10
0.2815566535433071
20
0.296016062992126
11
0.285373937007874
21
0.2924000787401575
0
LINE
8
BLACK
6
CONTINUOUS
10
0.285373937007874
20
0.2924000787401575
11
0.2890843307086614
21
0.2890843307086614
0
LINE
8
BLACK
6
CONTINUOUS
10
0.2890843307086614
20
0.2890843307086614
11
0.2902422440944882
21
0.2877885826771653
0
LINE
8
BLACK
6
CONTINUOUS
10
0.2902422440944882
20
0.2877885826771653
11
0.2914596456692913
21
0.2866354330708661
0
LINE
8
BLACK
6
CONTINUOUS
10
0.2914596456692913
20
0.2866354330708661
11
0.2950464960629921
21
0.2824126377952756
0
LINE
8
BLACK
6
CONTINUOUS
10
0.2950464960629921
20
0.2824126377952756
11
0.2984984645669291
21
0.2785498818897638
0
LINE
8
BLACK
6
CONTINUOUS
10
0.2984984645669291
20
0.2785498818897638
11
0.2993655118110236
21
0.2773278346456693
0
LINE
8
BLACK
6
CONTINUOUS
10
0.2993655118110236
20
0.2773278346456693
11
0.3002906692913386
21
0.2762387007874016
0
LINE
8
BLACK
6
CONTINUOUS
10
0.3002906692913386
20
0.2762387007874016
11
0.303567874015748
21
0.271405157480315
0
LINE
8
BLACK
6
CONTINUOUS
10
0.303567874015748
20
0.271405157480315
11
0.3066738976377953
21
0.2670276771653543
0
LINE
8
BLACK
6
CONTINUOUS
10
0.3066738976377953
20
0.2670276771653543
11
0.3072822047244094
21
0.2659269291338582
0
LINE
8
BLACK
6
CONTINUOUS
10
0.3072822047244094
20
0.2659269291338582
11
0.3079456299212598
21
0.2649485433070866
0
LINE
8
BLACK
6
CONTINUOUS
10
0.3079456299212598
20
0.2649485433070866
11
0.3108335433070866
21
0.2595013385826772
0
LINE
8
BLACK
6
CONTINUOUS
10
0.3108335433070866
20
0.2595013385826772
11
0.313507874015748
21
0.2546625196850394
0
LINE
8
BLACK
6
CONTINUOUS
10
0.313507874015748
20
0.2546625196850394
11
0.3138970078740158
21
0.2537229527559055
0
LINE
8
BLACK
6
CONTINUOUS
10
0.3138970078740158
20
0.2537229527559055
11
0.3143348031496063
21
0.2528972834645669
0
LINE
8
BLACK
6
CONTINUOUS
10
0.3143348031496063
20
0.2528972834645669
11
0.3167526377952756
21
0.2468289763779528
0
LINE
8
BLACK
6
CONTINUOUS
10
0.3167526377952756
20
0.2468289763779528
11
0.3189144488188976
21
0.2416099606299213
0
LINE
8
BLACK
6
CONTINUOUS
10
0.3189144488188976
20
0.2416099606299213
11
0.3191294094488189
21
0.2408637401574803
0
LINE
8
BLACK
6
CONTINUOUS
10
0.3191294094488189
20
0.2408637401574803
11
0.3193839763779527
21
0.2402248818897638
0
LINE
8
BLACK
6
CONTINUOUS
10
0.3193839763779527
20
0.2402248818897638
11
0.3212576771653543
21
0.2334763385826772
0
LINE
8
BLACK
6
CONTINUOUS
10
0.3212576771653543
20
0.2334763385826772
11
0.3228255511811023
21
0.2280341338582677
0
LINE
8
BLACK
6
CONTINUOUS
10
0.3228255511811023
20
0.2280341338582677
11
0.3229151968503937
21
0.2275064566929134
0
LINE
8
BLACK
6
CONTINUOUS
10
0.3229151968503937
20
0.2275064566929134
11
0.3230331102362204
21
0.227081811023622
0
LINE
8
BLACK
6
CONTINUOUS
10
0.3230331102362204
20
0.227081811023622
11
0.3242899212598425
21
0.2194154724409449
0
LINE
8
BLACK
6
CONTINUOUS
10
0.3242899212598425
20
0.2194154724409449
11
0.3251920866141732
21
0.2141057480314961
0
LINE
8
BLACK
6
CONTINUOUS
10
0.3251920866141732
20
0.2141057480314961
11
0.3252085826771653
21
0.2138117322834646
0
LINE
8
BLACK
6
CONTINUOUS
10
0.3252085826771653
20
0.2138117322834646
11
0.3252399606299213
21
0.2136204330708661
0
LINE
8
BLACK
6
CONTINUOUS
10
0.3252399606299213
20
0.2136204330708661
11
0.3258165748031496
21
0.2029851181102362
0
LINE
8
BLACK
6
CONTINUOUS
10
0.3258165748031496
20
0.2029851181102362
11
0.3259842519685039
21
0.2
0
LINE
8
BLACK
6
CONTINUOUS
10
0.3259842519685039
20
0.2
11
0.3258166141732283
21
0.1970151181102362
0
LINE
8
BLACK
6
CONTINUOUS
10
0.3258166141732283
20
0.1970151181102362
11
0.3252399606299213
21
0.1863795275590551
0
LINE
8
BLACK
6
CONTINUOUS
10
0.3252399606299213
20
0.1863795275590551
11
0.3252085826771653
21
0.186188188976378
0
LINE
8
BLACK
6
CONTINUOUS
10
0.3252085826771653
20
0.186188188976378
11
0.3251920866141732
21
0.1858942519685039
0
LINE
8
BLACK
6
CONTINUOUS
10
0.3251920866141732
20
0.1858942519685039
11
0.3242900787401575
21
0.1805855905511811
0
LINE
8
BLACK
6
CONTINUOUS
10
0.3242900787401575
20
0.1805855905511811
11
0.3230331102362204
21
0.1729181496062992
0
LINE
8
BLACK
6
CONTINUOUS
10
0.3230331102362204
20
0.1729181496062992
11
0.322915157480315
21
0.1724934251968504
0
LINE
8
BLACK
6
CONTINUOUS
10
0.322915157480315
20
0.1724934251968504
11
0.3228255511811023
21
0.1719658661417323
0
LINE
8
BLACK
6
CONTINUOUS
10
0.3228255511811023
20
0.1719658661417323
11
0.3212579527559055
21
0.1665246456692913
0
LINE
8
BLACK
6
CONTINUOUS
10
0.3212579527559055
20
0.1665246456692913
11
0.3193839763779527
21
0.1597750787401575
0
LINE
8
BLACK
6
CONTINUOUS
10
0.3193839763779527
20
0.1597750787401575
11
0.3191293700787401
21
0.1591361023622047
0
LINE
8
BLACK
6
CONTINUOUS
10
0.3191293700787401
20
0.1591361023622047
11
0.3189144488188976
21
0.1583900393700787
0
LINE
8
BLACK
6
CONTINUOUS
10
0.3189144488188976
20
0.1583900393700787
11
0.316753031496063
21
0.1531720078740157
0
LINE
8
BLACK
6
CONTINUOUS
10
0.316753031496063
20
0.1531720078740157
11
0.3143348031496063
21
0.1471026771653543
0
LINE
8
BLACK
6
CONTINUOUS
10
0.3143348031496063
20
0.1471026771653543
11
0.313896968503937
21
0.1462768110236221
0
LINE
8
BLACK
6
CONTINUOUS
10
0.313896968503937
20
0.1462768110236221
11
0.313507874015748
21
0.1453374803149606
0
LINE
8
BLACK
6
CONTINUOUS
10
0.313507874015748
20
0.1453374803149606
11
0.3108340551181102
21
0.1404995669291338
0
LINE
8
BLACK
6
CONTINUOUS
10
0.3108340551181102
20
0.1404995669291338
11
0.3079456299212598
21
0.1350514173228347
0
LINE
8
BLACK
6
CONTINUOUS
10
0.3079456299212598
20
0.1350514173228347
11
0.3072820866141732
21
0.1340727952755905
0
LINE
8
BLACK
6
CONTINUOUS
10
0.3072820866141732
20
0.1340727952755905
11
0.3066738976377953
21
0.1329723228346457
0
LINE
8
BLACK
6
CONTINUOUS
10
0.3066738976377953
20
0.1329723228346457
11
0.3035684645669292
21
0.1285956299212598
0
LINE
8
BLACK
6
CONTINUOUS
10
0.3035684645669292
20
0.1285956299212598
11
0.3002906692913386
21
0.1237612598425197
0
LINE
8
BLACK
6
CONTINUOUS
10
0.3002906692913386
20
0.1237612598425197
11
0.2993653543307087
21
0.1226718897637795
0
LINE
8
BLACK
6
CONTINUOUS
10
0.2993653543307087
20
0.1226718897637795
11
0.2984984645669291
21
0.1214501181102362
0
LINE
8
BLACK
6
CONTINUOUS
10
0.2984984645669291
20
0.1214501181102362
11
0.2950471653543307
21
0.1175881102362205
0
LINE
8
BLACK
6
CONTINUOUS
10
0.2950471653543307
20
0.1175881102362205
11
0.2914596456692913
21
0.1133645275590551
0
LINE
8
BLACK
6
CONTINUOUS
10
0.2914596456692913
20
0.1133645275590551
11
0.2902420078740157
21
0.1122111023622047
0
LINE
8
BLACK
6
CONTINUOUS
10
0.2902420078740157
20
0.1122111023622047
11
0.2890843307086614
21
0.1109156692913386
0
LINE
8
BLACK
6
CONTINUOUS
10
0.2890843307086614
20
0.1109156692913386
11
0.2853746850393701
21
0.1076005118110236
0
LINE
8
BLACK
6
CONTINUOUS
10
0.2853746850393701
20
0.1076005118110236
11
0.2815566535433071
21
0.1039838976377953
0
LINE
8
BLACK
6
CONTINUOUS
10
0.2815566535433071
20
0.1039838976377953
11
0.2800233858267717
21
0.1028183464566929
0
LINE
8
BLACK
6
CONTINUOUS
10
0.2800233858267717
20
0.1028183464566929
11
0.2785498818897638
21
0.1015015354330709
0
LINE
8
BLACK
6
CONTINUOUS
10
0.2785498818897638
20
0.1015015354330709
11
0.2746662598425197
21
0.0987459448818898
0
LINE
8
BLACK
6
CONTINUOUS
10
0.2746662598425197
20
0.0987459448818898
11
0.2706976377952756
21
0.095729094488189
0
LINE
8
BLACK
6
CONTINUOUS
10
0.2706976377952756
20
0.095729094488189
11
0.2688341732283465
21
0.094607874015748
0
LINE
8
BLACK
6
CONTINUOUS
10
0.2688341732283465
20
0.094607874015748
11
0.2670276771653543
21
0.0933261023622047
0
LINE
8
BLACK
6
CONTINUOUS
10
0.2670276771653543
20
0.0933261023622047
11
0.2630513385826772
21
0.0911284645669291
0
LINE
8
BLACK
6
CONTINUOUS
10
0.2630513385826772
20
0.0911284645669291
11
0.2590093307086614
21
0.0886964566929134
0
LINE
8
BLACK
6
CONTINUOUS
10
0.2590093307086614
20
0.0886964566929134
11
0.2568093700787402
21
0.0876786220472441
0
LINE
8
BLACK
6
CONTINUOUS
10
0.2568093700787402
20
0.0876786220472441
11
0.2546625196850394
21
0.086492125984252
0
LINE
8
BLACK
6
CONTINUOUS
10
0.2546625196850394
20
0.086492125984252
11
0.2506716141732284
21
0.0848390157480315
0
LINE
8
BLACK
6
CONTINUOUS
10
0.2506716141732284
20
0.0848390157480315
11
0.2466292913385827
21
0.0829688582677165
0
LINE
8
BLACK
6
CONTINUOUS
10
0.2466292913385827
20
0.0829688582677165
11
0.2440958661417323
21
0.0821152362204724
0
LINE
8
BLACK
6
CONTINUOUS
10
0.2440958661417323
20
0.0821152362204724
11
0.2416099606299213
21
0.0810855511811024
0
LINE
8
BLACK
6
CONTINUOUS
10
0.2416099606299213
20
0.0810855511811024
11
0.2376768897637795
21
0.0799524409448819
0
LINE
8
BLACK
6
CONTINUOUS
10
0.2376768897637795
20
0.0799524409448819
11
0.233702874015748
21
0.0786134645669291
0
LINE
8
BLACK
6
CONTINUOUS
10
0.233702874015748
20
0.0786134645669291
11
0.2308472440944882
21
0.0779848818897638
0
LINE
8
BLACK
6
CONTINUOUS
10
0.2308472440944882
20
0.0779848818897638
11
0.2280341338582677
21
0.0771744488188976
0
LINE
8
BLACK
6
CONTINUOUS
10
0.2280341338582677
20
0.0771744488188976
11
0.2242256692913386
21
0.0765273622047244
0
LINE
8
BLACK
6
CONTINUOUS
10
0.2242256692913386
20
0.0765273622047244
11
0.2203811023622047
21
0.0756811023622047
0
LINE
8
BLACK
6
CONTINUOUS
10
0.2203811023622047
20
0.0756811023622047
11
0.2172244094488189
21
0.0753377952755905
0
LINE
8
BLACK
6
CONTINUOUS
10
0.2172244094488189
20
0.0753377952755905
11
0.2141057480314961
21
0.0748079133858268
0
LINE
8
BLACK
6
CONTINUOUS
10
0.2141057480314961
20
0.0748079133858268
11
0.2104796062992126
21
0.0746042519685039
0
LINE
8
BLACK
6
CONTINUOUS
10
0.2104796062992126
20
0.0746042519685039
11
0.2068202362204724
21
0.0742062992125984
0
LINE
8
BLACK
6
CONTINUOUS
10
0.2068202362204724
20
0.0742062992125984
11
0.2033930708661417
21
0.0742062992125984
0
LINE
8
BLACK
6
CONTINUOUS
10
0.2033930708661417
20
0.0742062992125984
11
0.2
21
0.0740157480314961
0
LINE
8
BLACK
6
CONTINUOUS
10
0.2
20
0.0740157480314961
11
0.1966069291338583
21
0.0742062992125984
0
LINE
8
BLACK
6
CONTINUOUS
10
0.1966069291338583
20
0.0742062992125984
11
0.1931797637795276
21
0.0742062992125984
0
LINE
8
BLACK
6
CONTINUOUS
10
0.1931797637795276
20
0.0742062992125984
11
0.1895203149606299
21
0.0746042519685039
0
LINE
8
BLACK
6
CONTINUOUS
10
0.1895203149606299
20
0.0746042519685039
11
0.1858942519685039
21
0.0748079133858268
0
LINE
8
BLACK
6
CONTINUOUS
10
0.1858942519685039
20
0.0748079133858268
11
0.1827755905511811
21
0.0753377559055118
0
LINE
8
BLACK
6
CONTINUOUS
10
0.1827755905511811
20
0.0753377559055118
11
0.1796188582677165
21
0.0756811023622047
0
LINE
8
BLACK
6
CONTINUOUS
10
0.1796188582677165
20
0.0756811023622047
11
0.175774094488189
21
0.0765273622047244
0
LINE
8
BLACK
6
CONTINUOUS
10
0.175774094488189
20
0.0765273622047244
11
0.1719658661417323
21
0.0771744488188976
0
LINE
8
BLACK
6
CONTINUOUS
10
0.1719658661417323
20
0.0771744488188976
11
0.1691528346456693
21
0.077984842519685
0
LINE
8
BLACK
6
CONTINUOUS
10
0.1691528346456693
20
0.077984842519685
11
0.1662970866141732
21
0.0786134645669291
0
LINE
8
BLACK
6
CONTINUOUS
10
0.1662970866141732
20
0.0786134645669291
11
0.1623227952755905
21
0.0799525196850394
0
LINE
8
BLACK
6
CONTINUOUS
10
0.1623227952755905
20
0.0799525196850394
11
0.1583900393700787
21
0.0810855511811024
0
LINE
8
BLACK
6
CONTINUOUS
10
0.1583900393700787
20
0.0810855511811024
11
0.1559042913385827
21
0.082115157480315
0
LINE
8
BLACK
6
CONTINUOUS
10
0.1559042913385827
20
0.082115157480315
11
0.1533706692913386
21
0.0829688582677165
0
LINE
8
BLACK
6
CONTINUOUS
10
0.1533706692913386
20
0.0829688582677165
11
0.1493279921259842
21
0.0848391732283465
0
LINE
8
BLACK
6
CONTINUOUS
10
0.1493279921259842
20
0.0848391732283465
11
0.1453374803149606
21
0.086492125984252
0
LINE
8
BLACK
6
CONTINUOUS
10
0.1453374803149606
20
0.086492125984252
11
0.1431907874015748
21
0.0876785433070866
0
LINE
8
BLACK
6
CONTINUOUS
10
0.1431907874015748
20
0.0876785433070866
11
0.1409906299212599
21
0.0886964566929134
0
LINE
8
BLACK
6
CONTINUOUS
10
0.1409906299212599
20
0.0886964566929134
11
0.1369481496062992
21
0.0911287401574803
0
LINE
8
BLACK
6
CONTINUOUS
10
0.1369481496062992
20
0.0911287401574803
11
0.1329723228346457
21
0.0933261023622047
0
LINE
8
BLACK
6
CONTINUOUS
10
0.1329723228346457
20
0.0933261023622047
11
0.1311659842519685
21
0.0946077165354331
0
LINE
8
BLACK
6
CONTINUOUS
10
0.1311659842519685
20
0.0946077165354331
11
0.1293023228346457
21
0.095729094488189
0
LINE
8
BLACK
6
CONTINUOUS
10
0.1293023228346457
20
0.095729094488189
11
0.1253331102362205
21
0.0987463779527559
0
LINE
8
BLACK
6
CONTINUOUS
10
0.1253331102362205
20
0.0987463779527559
11
0.1214501181102362
21
0.1015015354330709
0
LINE
8
BLACK
6
CONTINUOUS
10
0.1214501181102362
20
0.1015015354330709
11
0.1199768110236221
21
0.1028181496062992
0
LINE
8
BLACK
6
CONTINUOUS
10
0.1199768110236221
20
0.1028181496062992
11
0.1184433070866142
21
0.1039838976377953
0
LINE
8
BLACK
6
CONTINUOUS
10
0.1184433070866142
20
0.1039838976377953
11
0.1146246062992126
21
0.1076011417322835
0
LINE
8
BLACK
6
CONTINUOUS
10
0.1146246062992126
20
0.1076011417322835
11
0.1109156692913386
21
0.1109156692913386
0
LINE
8
BLACK
6
CONTINUOUS
10
0.1109156692913386
20
0.1109156692913386
11
0.1097581496062992
21
0.1122108661417323
0
LINE
8
BLACK
6
CONTINUOUS
10
0.1097581496062992
20
0.1122108661417323
11
0.1085403149606299
21
0.1133645275590551
0
LINE
8
BLACK
6
CONTINUOUS
10
0.1085403149606299
20
0.1133645275590551
11
0.1049520078740157
21
0.1175889763779528
0
LINE
8
BLACK
6
CONTINUOUS
10
0.1049520078740157
20
0.1175889763779528
11
0.1015015354330709
21
0.1214501181102362
0
LINE
8
BLACK
6
CONTINUOUS
10
0.1015015354330709
20
0.1214501181102362
11
0.1006348031496063
21
0.1226716141732283
0
LINE
8
BLACK
6
CONTINUOUS
10
0.1006348031496063
20
0.1226716141732283
11
0.0997092913385827
21
0.1237612598425197
0
LINE
8
BLACK
6
CONTINUOUS
10
0.0997092913385827
20
0.1237612598425197
11
0.0964305905511811
21
0.1285968897637795
0
LINE
8
BLACK
6
CONTINUOUS
10
0.0964305905511811
20
0.1285968897637795
11
0.0933261023622047
21
0.1329723228346457
0
LINE
8
BLACK
6
CONTINUOUS
10
0.0933261023622047
20
0.1329723228346457
11
0.092718031496063
21
0.1340724803149606
0
LINE
8
BLACK
6
CONTINUOUS
10
0.092718031496063
20
0.1340724803149606
11
0.0920543307086614
21
0.1350514173228347
0
LINE
8
BLACK
6
CONTINUOUS
10
0.0920543307086614
20
0.1350514173228347
11
0.0891649606299213
21
0.1405012992125984
0
LINE
8
BLACK
6
CONTINUOUS
10
0.0891649606299213
20
0.1405012992125984
11
0.086492125984252
21
0.1453374803149606
0
LINE
8
BLACK
6
CONTINUOUS
10
0.086492125984252
20
0.1453374803149606
11
0.0861031496062992
21
0.1462764960629921
0
LINE
8
BLACK
6
CONTINUOUS
10
0.0861031496062992
20
0.1462764960629921
11
0.085665157480315
21
0.1471026771653543
0
LINE
8
BLACK
6
CONTINUOUS
10
0.085665157480315
20
0.1471026771653543
11
0.0832458661417323
21
0.1531744881889764
0
LINE
8
BLACK
6
CONTINUOUS
10
0.0832458661417323
20
0.1531744881889764
11
0.0810855511811024
21
0.1583900393700787
0
LINE
8
BLACK
6
CONTINUOUS
10
0.0810855511811024
20
0.1583900393700787
11
0.0808707086614173
21
0.159135748031496
0
LINE
8
BLACK
6
CONTINUOUS
10
0.0808707086614173
20
0.159135748031496
11
0.0806159842519685
21
0.1597750787401575
0
LINE
8
BLACK
6
CONTINUOUS
10
0.0806159842519685
20
0.1597750787401575
11
0.078740905511811
21
0.1665284251968504
0
LINE
8
BLACK
6
CONTINUOUS
10
0.078740905511811
20
0.1665284251968504
11
0.0771744488188976
21
0.1719658661417323
0
LINE
8
BLACK
6
CONTINUOUS
10
0.0771744488188976
20
0.1719658661417323
11
0.077084842519685
21
0.172493031496063
0
LINE
8
BLACK
6
CONTINUOUS
10
0.077084842519685
20
0.172493031496063
11
0.0769668503937008
21
0.1729181496062992
0
LINE
8
BLACK
6
CONTINUOUS
10
0.0769668503937008
20
0.1729181496062992
11
0.0757087401574803
21
0.1805921653543307
0
LINE
8
BLACK
6
CONTINUOUS
10
0.0757087401574803
20
0.1805921653543307
11
0.0748079133858268
21
0.1858942519685039
0
LINE
8
BLACK
6
CONTINUOUS
10
0.0748079133858268
20
0.1858942519685039
11
0.0747914173228346
21
0.1861877952755905
0
LINE
8
BLACK
6
CONTINUOUS
10
0.0747914173228346
20
0.1861877952755905
11
0.07476
21
0.1863795275590551
0
LINE
8
BLACK
6
CONTINUOUS
10
0.07476
20
0.1863795275590551
11
0.0741822047244095
21
0.1970353937007874
0
LINE
8
BLACK
6
CONTINUOUS
10
0.0741822047244095
20
0.1970353937007874
11
0.0740157480314961
21
0.2
0
LINE
8
BLACK
6
CONTINUOUS
10
0.0740157480314961
20
0.2
11
0.0741822440944882
21
0.2029648031496063
0
LINE
8
BLACK
6
CONTINUOUS
10
0.0741822440944882
20
0.2029648031496063
11
0.07476
21
0.2136204330708661
0
LINE
8
BLACK
6
CONTINUOUS
10
0.07476
20
0.2136204330708661
11
0.0747914173228346
21
0.2138120866141732
0
LINE
8
BLACK
6
CONTINUOUS
10
0.0747914173228346
20
0.2138120866141732
11
0.0748079133858268
21
0.2141057480314961
0
LINE
8
BLACK
6
CONTINUOUS
10
0.0748079133858268
20
0.2141057480314961
11
0.075708937007874
21
0.2194088582677165
0
LINE
8
BLACK
6
CONTINUOUS
10
0.075708937007874
20
0.2194088582677165
11
0.0769668503937008
21
0.227081811023622
0
LINE
8
BLACK
6
CONTINUOUS
10
0.0769668503937008
20
0.227081811023622
11
0.077084842519685
21
0.2275068110236221
0
LINE
8
BLACK
6
CONTINUOUS
10
0.077084842519685
20
0.2275068110236221
11
0.0771744488188976
21
0.2280341338582677
0
LINE
8
BLACK
6
CONTINUOUS
10
0.0771744488188976
20
0.2280341338582677
11
0.0787412204724409
21
0.2334725984251969
0
LINE
8
BLACK
6
CONTINUOUS
10
0.0787412204724409
20
0.2334725984251969
11
0.0806159842519685
21
0.2402248818897638
0
LINE
8
BLACK
6
CONTINUOUS
10
0.0806159842519685
20
0.2402248818897638
11
0.0808706692913386
21
0.240864094488189
0
LINE
8
BLACK
6
CONTINUOUS
10
0.0808706692913386
20
0.240864094488189
11
0.0810855511811024
21
0.2416099606299213
0
LINE
8
BLACK
6
CONTINUOUS
10
0.0810855511811024
20
0.2416099606299213
11
0.0832462992125984
21
0.2468264566929134
0
LINE
8
BLACK
6
CONTINUOUS
10
0.0832462992125984
20
0.2468264566929134
11
0.085665157480315
21
0.2528972834645669
0
LINE
8
BLACK
6
CONTINUOUS
10
0.085665157480315
20
0.2528972834645669
11
0.0861030708661417
21
0.2537233070866142
0
LINE
8
BLACK
6
CONTINUOUS
10
0.0861030708661417
20
0.2537233070866142
11
0.086492125984252
21
0.2546625196850394
0
LINE
8
BLACK
6
CONTINUOUS
10
0.086492125984252
20
0.2546625196850394
11
0.0891654724409449
21
0.2594995669291338
0
LINE
8
BLACK
6
CONTINUOUS
10
0.0891654724409449
20
0.2594995669291338
11
0.0920543307086614
21
0.2649485433070866
0
LINE
8
BLACK
6
CONTINUOUS
10
0.0920543307086614
20
0.2649485433070866
11
0.0927179133858268
21
0.2659272440944882
0
LINE
8
BLACK
6
CONTINUOUS
10
0.0927179133858268
20
0.2659272440944882
11
0.0933261023622047
21
0.2670276771653543
0
LINE
8
BLACK
6
CONTINUOUS
10
0.0933261023622047
20
0.2670276771653543
11
0.0964311811023622
21
0.2714038976377953
0
LINE
8
BLACK
6
CONTINUOUS
10
0.0964311811023622
20
0.2714038976377953
11
0.0997092913385827
21
0.2762387007874016
0
LINE
8
BLACK
6
CONTINUOUS
10
0.0997092913385827
20
0.2762387007874016
11
0.1006346456692913
21
0.2773281102362204
0
LINE
8
BLACK
6
CONTINUOUS
10
0.1006346456692913
20
0.2773281102362204
11
0.1015015354330709
21
0.2785498818897638
0
LINE
8
BLACK
6
CONTINUOUS
10
0.1015015354330709
20
0.2785498818897638
11
0.1049526771653543
21
0.2824117322834646
0
LINE
8
BLACK
6
CONTINUOUS
10
0.1049526771653543
20
0.2824117322834646
11
0.1085403149606299
21
0.2866354330708661
0
LINE
8
BLACK
6
CONTINUOUS
10
0.1085403149606299
20
0.2866354330708661
11
0.1097579527559055
21
0.2877888188976378
0
LINE
8
BLACK
6
CONTINUOUS
10
0.1097579527559055
20
0.2877888188976378
11
0.1109156692913386
21
0.2890843307086614
0
LINE
8
BLACK
6
CONTINUOUS
10
0.1109156692913386
20
0.2890843307086614
11
0.1146253149606299
21
0.2923994881889764
0
LINE
8
BLACK
6
CONTINUOUS
10
0.1146253149606299
20
0.2923994881889764
11
0.1184433070866142
21
0.296016062992126
0
LINE
8
BLACK
6
CONTINUOUS
10
0.1184433070866142
20
0.296016062992126
11
0.1199764960629921
21
0.2971815748031496
0
LINE
8
BLACK
6
CONTINUOUS
10
0.1199764960629921
20
0.2971815748031496
11
0.1214501181102362
21
0.2984984645669291
0
LINE
8
BLACK
6
CONTINUOUS
10
0.1214501181102362
20
0.2984984645669291
11
0.1253338976377953
21
0.3012541338582677
0
LINE
8
BLACK
6
CONTINUOUS
10
0.1253338976377953
20
0.3012541338582677
11
0.1293023228346457
21
0.3042708661417323
0
LINE
8
BLACK
6
CONTINUOUS
10
0.1293023228346457
20
0.3042708661417323
11
0.1311656299212599
21
0.305391968503937
0
LINE
8
BLACK
6
CONTINUOUS
10
0.1311656299212599
20
0.305391968503937
11
0.1329723228346457
21
0.3066738976377953
0
LINE
8
BLACK
6
CONTINUOUS
10
0.1329723228346457
20
0.3066738976377953
11
0.136948937007874
21
0.3088716929133858
0
LINE
8
BLACK
6
CONTINUOUS
10
0.136948937007874
20
0.3088716929133858
11
0.1409906299212599
21
0.3113035039370078
0
LINE
8
BLACK
6
CONTINUOUS
10
0.1409906299212599
20
0.3113035039370078
11
0.1431903543307086
21
0.3123211811023622
0
LINE
8
BLACK
6
CONTINUOUS
10
0.1431903543307086
20
0.3123211811023622
11
0.1453374803149606
21
0.313507874015748
0
LINE
8
BLACK
6
CONTINUOUS
10
0.1453374803149606
20
0.313507874015748
11
0.1493288188976378
21
0.3151611417322834
0
LINE
8
BLACK
6
CONTINUOUS
10
0.1493288188976378
20
0.3151611417322834
11
0.1533706692913386
21
0.3170311023622047
0
LINE
8
BLACK
6
CONTINUOUS
10
0.1533706692913386
20
0.3170311023622047
11
0.155903779527559
21
0.3178846062992126
0
LINE
8
BLACK
6
CONTINUOUS
10
0.155903779527559
20
0.3178846062992126
11
0.1583900393700787
21
0.3189144488188976
0
LINE
8
BLACK
6
CONTINUOUS
10
0.1583900393700787
20
0.3189144488188976
11
0.1623235826771653
21
0.3200476771653543
0
LINE
8
BLACK
6
CONTINUOUS
10
0.1623235826771653
20
0.3200476771653543
11
0.1662970866141732
21
0.3213864960629921
0
LINE
8
BLACK
6
CONTINUOUS
10
0.1662970866141732
20
0.3213864960629921
11
0.1691522440944882
21
0.3220149606299212
0
LINE
8
BLACK
6
CONTINUOUS
10
0.1691522440944882
20
0.3220149606299212
11
0.1719658661417323
21
0.3228255511811023
0
LINE
8
BLACK
6
CONTINUOUS
10
0.1719658661417323
20
0.3228255511811023
11
0.1757748818897638
21
0.3234727165354331
0
LINE
8
BLACK
6
CONTINUOUS
10
0.1757748818897638
20
0.3234727165354331
11
0.1796188582677165
21
0.3243188582677165
0
LINE
8
BLACK
6
CONTINUOUS
10
0.1796188582677165
20
0.3243188582677165
11
0.1827751181102362
21
0.3246620866141732
0
LINE
8
BLACK
6
CONTINUOUS
10
0.1827751181102362
20
0.3246620866141732
11
0.1858942519685039
21
0.3251920866141732
0
LINE
8
BLACK
6
CONTINUOUS
10
0.1858942519685039
20
0.3251920866141732
11
0.1895205511811024
21
0.3253957086614173
0
LINE
8
BLACK
6
CONTINUOUS
10
0.1895205511811024
20
0.3253957086614173
11
0.1931797637795276
21
0.3257937007874016
0
LINE
8
BLACK
6
CONTINUOUS
10
0.1931797637795276
20
0.3257937007874016
11
0.1966069291338583
21
0.3257937007874016
0
LINE
8
BLACK
6
CONTINUOUS
10
0.1966069291338583
20
0.3257937007874016
11
0.2
21
0.3259842519685039
0
LINE
8
BLACK
6
CONTINUOUS
10
0.2
20
0.3259842519685039
11
0.2033930708661417
21
0.3257937007874016
0
LINE
8
BLACK
6
CONTINUOUS
10
1.4033930708661417
20
0.3257937007874016
11
1.4068202362204725
21
0.3257937007874016
0
LINE
8
BLACK
6
CONTINUOUS
10
1.4068202362204725
20
0.3257937007874016
11
1.4104794094488189
21
0.3253957086614173
0
LINE
8
BLACK
6
CONTINUOUS
10
1.4104794094488189
20
0.3253957086614173
11
1.414105748031496
21
0.3251920866141732
0
LINE
8
BLACK
6
CONTINUOUS
10
1.414105748031496
20
0.3251920866141732
11
1.4172249212598425
21
0.3246620866141732
0
LINE
8
BLACK
6
CONTINUOUS
10
1.4172249212598425
20
0.3246620866141732
11
1.4203811023622046
21
0.3243188582677165
0
LINE
8
BLACK
6
CONTINUOUS
10
1.4203811023622046
20
0.3243188582677165
11
1.4242248818897638
21
0.3234727559055118
0
LINE
8
BLACK
6
CONTINUOUS
10
1.4242248818897638
20
0.3234727559055118
11
1.4280341338582676
21
0.3228255511811023
0
LINE
8
BLACK
6
CONTINUOUS
10
1.4280341338582676
20
0.3228255511811023
11
1.4308478346456692
21
0.3220149212598425
0
LINE
8
BLACK
6
CONTINUOUS
10
1.4308478346456692
20
0.3220149212598425
11
1.433702874015748
21
0.3213864960629921
0
LINE
8
BLACK
6
CONTINUOUS
10
1.433702874015748
20
0.3213864960629921
11
1.4376761023622047
21
0.3200477559055118
0
LINE
8
BLACK
6
CONTINUOUS
10
1.4376761023622047
20
0.3200477559055118
11
1.4416099606299213
21
0.3189144488188976
0
LINE
8
BLACK
6
CONTINUOUS
10
1.4416099606299213
20
0.3189144488188976
11
1.4440963779527558
21
0.3178845275590551
0
LINE
8
BLACK
6
CONTINUOUS
10
1.4440963779527558
20
0.3178845275590551
11
1.4466292913385825
21
0.3170311023622047
0
LINE
8
BLACK
6
CONTINUOUS
10
1.4466292913385825
20
0.3170311023622047
11
1.4506707874015747
21
0.3151612992125984
0
LINE
8
BLACK
6
CONTINUOUS
10
1.4506707874015747
20
0.3151612992125984
11
1.4546625196850393
21
0.313507874015748
0
LINE
8
BLACK
6
CONTINUOUS
10
1.4546625196850393
20
0.313507874015748
11
1.4568098031496062
21
0.312321062992126
0
LINE
8
BLACK
6
CONTINUOUS
10
1.4568098031496062
20
0.312321062992126
11
1.4590093307086613
21
0.3113035039370078
0
LINE
8
BLACK
6
CONTINUOUS
10
1.4590093307086613
20
0.3113035039370078
11
1.4630505511811023
21
0.308871968503937
0
LINE
8
BLACK
6
CONTINUOUS
10
1.4630505511811023
20
0.308871968503937
11
1.4670276771653543
21
0.3066738976377953
0
LINE
8
BLACK
6
CONTINUOUS
10
1.4670276771653543
20
0.3066738976377953
11
1.4688345669291338
21
0.3053918110236221
0
LINE
8
BLACK
6
CONTINUOUS
10
1.4688345669291338
20
0.3053918110236221
11
1.4706976377952756
21
0.3042708661417323
0
LINE
8
BLACK
6
CONTINUOUS
10
1.4706976377952756
20
0.3042708661417323
11
1.4746654724409449
21
0.3012545669291338
0
LINE
8
BLACK
6
CONTINUOUS
10
1.4746654724409449
20
0.3012545669291338
11
1.4785498818897638
21
0.2984984645669291
0
LINE
8
BLACK
6
CONTINUOUS
10
1.4785498818897638
20
0.2984984645669291
11
1.4800237007874015
21
0.2971813779527559
0
LINE
8
BLACK
6
CONTINUOUS
10
1.4800237007874015
20
0.2971813779527559
11
1.4815566535433071
21
0.296016062992126
0
LINE
8
BLACK
6
CONTINUOUS
10
1.4815566535433071
20
0.296016062992126
11
1.485373937007874
21
0.2924000787401575
0
LINE
8
BLACK
6
CONTINUOUS
10
1.485373937007874
20
0.2924000787401575
11
1.4890843307086614
21
0.2890843307086614
0
LINE
8
BLACK
6
CONTINUOUS
10
1.4890843307086614
20
0.2890843307086614
11
1.4902422440944882
21
0.2877885826771653
0
LINE
8
BLACK
6
CONTINUOUS
10
1.4902422440944882
20
0.2877885826771653
11
1.4914596456692912
21
0.2866354330708661
0
LINE
8
BLACK
6
CONTINUOUS
10
1.4914596456692912
20
0.2866354330708661
11
1.4950464960629921
21
0.2824126377952756
0
LINE
8
BLACK
6
CONTINUOUS
10
1.4950464960629921
20
0.2824126377952756
11
1.498498464566929
21
0.2785498818897638
0
LINE
8
BLACK
6
CONTINUOUS
10
1.498498464566929
20
0.2785498818897638
11
1.4993655118110236
21
0.2773278346456693
0
LINE
8
BLACK
6
CONTINUOUS
10
1.4993655118110236
20
0.2773278346456693
11
1.5002906692913385
21
0.2762387007874016
0
LINE
8
BLACK
6
CONTINUOUS
10
1.5002906692913385
20
0.2762387007874016
11
1.5035678740157481
21
0.271405157480315
0
LINE
8
BLACK
6
CONTINUOUS
10
1.5035678740157481
20
0.271405157480315
11
1.5066738976377951
21
0.2670276771653543
0
LINE
8
BLACK
6
CONTINUOUS
10
1.5066738976377951
20
0.2670276771653543
11
1.5072822047244094
21
0.2659269291338582
0
LINE
8
BLACK
6
CONTINUOUS
10
1.5072822047244094
20
0.2659269291338582
11
1.5079456299212599
21
0.2649485433070866
0
LINE
8
BLACK
6
CONTINUOUS
10
1.5079456299212599
20
0.2649485433070866
11
1.5108335433070865
21
0.2595013385826772
0
LINE
8
BLACK
6
CONTINUOUS
10
1.5108335433070865
20
0.2595013385826772
11
1.5135078740157479
21
0.2546625196850394
0
LINE
8
BLACK
6
CONTINUOUS
10
1.5135078740157479
20
0.2546625196850394
11
1.5138970078740157
21
0.2537229527559055
0
LINE
8
BLACK
6
CONTINUOUS
10
1.5138970078740157
20
0.2537229527559055
11
1.5143348031496062
21
0.2528972834645669
0
LINE
8
BLACK
6
CONTINUOUS
10
1.5143348031496062
20
0.2528972834645669
11
1.5167526377952756
21
0.2468289763779528
0
LINE
8
BLACK
6
CONTINUOUS
10
1.5167526377952756
20
0.2468289763779528
11
1.5189144488188977
21
0.2416099606299213
0
LINE
8
BLACK
6
CONTINUOUS
10
1.5189144488188977
20
0.2416099606299213
11
1.5191294094488188
21
0.2408637401574803
0
LINE
8
BLACK
6
CONTINUOUS
10
1.5191294094488188
20
0.2408637401574803
11
1.5193839763779526
21
0.2402248818897638
0
LINE
8
BLACK
6
CONTINUOUS
10
1.5193839763779526
20
0.2402248818897638
11
1.5212576771653543
21
0.2334763385826772
0
LINE
8
BLACK
6
CONTINUOUS
10
1.5212576771653543
20
0.2334763385826772
11
1.5228255511811024
21
0.2280341338582677
0
LINE
8
BLACK
6
CONTINUOUS
10
1.5228255511811024
20
0.2280341338582677
11
1.5229151968503936
21
0.2275064566929134
0
LINE
8
BLACK
6
CONTINUOUS
10
1.5229151968503936
20
0.2275064566929134
11
1.5230331102362205
21
0.227081811023622
0
LINE
8
BLACK
6
CONTINUOUS
10
1.5230331102362205
20
0.227081811023622
11
1.5242899212598424
21
0.2194154724409449
0
LINE
8
BLACK
6
CONTINUOUS
10
1.5242899212598424
20
0.2194154724409449
11
1.5251920866141733
21
0.2141057480314961
0
LINE
8
BLACK
6
CONTINUOUS
10
1.5251920866141733
20
0.2141057480314961
11
1.5252085826771653
21
0.2138117322834646
0
LINE
8
BLACK
6
CONTINUOUS
10
1.5252085826771653
20
0.2138117322834646
11
1.5252399606299212
21
0.2136204330708661
0
LINE
8
BLACK
6
CONTINUOUS
10
1.5252399606299212
20
0.2136204330708661
11
1.5258165748031496
21
0.2029851181102362
0
LINE
8
BLACK
6
CONTINUOUS
10
1.5258165748031496
20
0.2029851181102362
11
1.5259842519685038
21
0.2
0
LINE
8
BLACK
6
CONTINUOUS
10
1.5259842519685038
20
0.2
11
1.5258166141732283
21
0.1970151181102362
0
LINE
8
BLACK
6
CONTINUOUS
10
1.5258166141732283
20
0.1970151181102362
11
1.5252399606299212
21
0.1863795275590551
0
LINE
8
BLACK
6
CONTINUOUS
10
1.5252399606299212
20
0.1863795275590551
11
1.5252085826771653
21
0.186188188976378
0
LINE
8
BLACK
6
CONTINUOUS
10
1.5252085826771653
20
0.186188188976378
11
1.5251920866141733
21
0.1858942519685039
0
LINE
8
BLACK
6
CONTINUOUS
10
1.5251920866141733
20
0.1858942519685039
11
1.5242900787401574
21
0.1805855905511811
0
LINE
8
BLACK
6
CONTINUOUS
10
1.5242900787401574
20
0.1805855905511811
11
1.5230331102362205
21
0.1729181496062992
0
LINE
8
BLACK
6
CONTINUOUS
10
1.5230331102362205
20
0.1729181496062992
11
1.522915157480315
21
0.1724934251968504
0
LINE
8
BLACK
6
CONTINUOUS
10
1.522915157480315
20
0.1724934251968504
11
1.5228255511811024
21
0.1719658661417323
0
LINE
8
BLACK
6
CONTINUOUS
10
1.5228255511811024
20
0.1719658661417323
11
1.5212579527559056
21
0.1665246456692913
0
LINE
8
BLACK
6
CONTINUOUS
10
1.5212579527559056
20
0.1665246456692913
11
1.5193839763779526
21
0.1597750787401575
0
LINE
8
BLACK
6
CONTINUOUS
10
1.5193839763779526
20
0.1597750787401575
11
1.51912937007874
21
0.1591361023622047
0
LINE
8
BLACK
6
CONTINUOUS
10
1.51912937007874
20
0.1591361023622047
11
1.5189144488188977
21
0.1583900393700787
0
LINE
8
BLACK
6
CONTINUOUS
10
1.5189144488188977
20
0.1583900393700787
11
1.5167530314960629
21
0.1531720078740157
0
LINE
8
BLACK
6
CONTINUOUS
10
1.5167530314960629
20
0.1531720078740157
11
1.5143348031496062
21
0.1471026771653543
0
LINE
8
BLACK
6
CONTINUOUS
10
1.5143348031496062
20
0.1471026771653543
11
1.513896968503937
21
0.1462768110236221
0
LINE
8
BLACK
6
CONTINUOUS
10
1.513896968503937
20
0.1462768110236221
11
1.5135078740157479
21
0.1453374803149606
0
LINE
8
BLACK
6
CONTINUOUS
10
1.5135078740157479
20
0.1453374803149606
11
1.5108340551181103
21
0.1404995669291338
0
LINE
8
BLACK
6
CONTINUOUS
10
1.5108340551181103
20
0.1404995669291338
11
1.5079456299212599
21
0.1350514173228347
0
LINE
8
BLACK
6
CONTINUOUS
10
1.5079456299212599
20
0.1350514173228347
11
1.5072820866141732
21
0.1340727952755905
0
LINE
8
BLACK
6
CONTINUOUS
10
1.5072820866141732
20
0.1340727952755905
11
1.5066738976377951
21
0.1329723228346457
0
LINE
8
BLACK
6
CONTINUOUS
10
1.5066738976377951
20
0.1329723228346457
11
1.5035684645669292
21
0.1285956299212598
0
LINE
8
BLACK
6
CONTINUOUS
10
1.5035684645669292
20
0.1285956299212598
11
1.5002906692913385
21
0.1237612598425197
0
LINE
8
BLACK
6
CONTINUOUS
10
1.5002906692913385
20
0.1237612598425197
11
1.4993653543307086
21
0.1226718897637795
0
LINE
8
BLACK
6
CONTINUOUS
10
1.4993653543307086
20
0.1226718897637795
11
1.498498464566929
21
0.1214501181102362
0
LINE
8
BLACK
6
CONTINUOUS
10
1.498498464566929
20
0.1214501181102362
11
1.4950471653543307
21
0.1175881102362205
0
LINE
8
BLACK
6
CONTINUOUS
10
1.4950471653543307
20
0.1175881102362205
11
1.4914596456692912
21
0.1133645275590551
0
LINE
8
BLACK
6
CONTINUOUS
10
1.4914596456692912
20
0.1133645275590551
11
1.4902420078740157
21
0.1122111023622047
0
LINE
8
BLACK
6
CONTINUOUS
10
1.4902420078740157
20
0.1122111023622047
11
1.4890843307086614
21
0.1109156692913386
0
LINE
8
BLACK
6
CONTINUOUS
10
1.4890843307086614
20
0.1109156692913386
11
1.4853746850393701
21
0.1076005118110236
0
LINE
8
BLACK
6
CONTINUOUS
10
1.4853746850393701
20
0.1076005118110236
11
1.4815566535433071
21
0.1039838976377953
0
LINE
8
BLACK
6
CONTINUOUS
10
1.4815566535433071
20
0.1039838976377953
11
1.4800233858267715
21
0.1028183464566929
0
LINE
8
BLACK
6
CONTINUOUS
10
1.4800233858267715
20
0.1028183464566929
11
1.4785498818897638
21
0.1015015354330709
0
LINE
8
BLACK
6
CONTINUOUS
10
1.4785498818897638
20
0.1015015354330709
11
1.4746662598425198
21
0.0987459448818898
0
LINE
8
BLACK
6
CONTINUOUS
10
1.4746662598425198
20
0.0987459448818898
11
1.4706976377952756
21
0.095729094488189
0
LINE
8
BLACK
6
CONTINUOUS
10
1.4706976377952756
20
0.095729094488189
11
1.4688341732283465
21
0.094607874015748
0
LINE
8
BLACK
6
CONTINUOUS
10
1.4688341732283465
20
0.094607874015748
11
1.4670276771653543
21
0.0933261023622047
0
LINE
8
BLACK
6
CONTINUOUS
10
1.4670276771653543
20
0.0933261023622047
11
1.4630513385826771
21
0.0911284645669291
0
LINE
8
BLACK
6
CONTINUOUS
10
1.4630513385826771
20
0.0911284645669291
11
1.4590093307086613
21
0.0886964566929134
0
LINE
8
BLACK
6
CONTINUOUS
10
1.4590093307086613
20
0.0886964566929134
11
1.4568093700787401
21
0.0876786220472441
0
LINE
8
BLACK
6
CONTINUOUS
10
1.4568093700787401
20
0.0876786220472441
11
1.4546625196850393
21
0.086492125984252
0
LINE
8
BLACK
6
CONTINUOUS
10
1.4546625196850393
20
0.086492125984252
11
1.4506716141732283
21
0.0848390157480315
0
LINE
8
BLACK
6
CONTINUOUS
10
1.4506716141732283
20
0.0848390157480315
11
1.4466292913385825
21
0.0829688582677165
0
LINE
8
BLACK
6
CONTINUOUS
10
1.4466292913385825
20
0.0829688582677165
11
1.4440958661417322
21
0.0821152362204724
0
LINE
8
BLACK
6
CONTINUOUS
10
1.4440958661417322
20
0.0821152362204724
11
1.4416099606299213
21
0.0810855511811024
0
LINE
8
BLACK
6
CONTINUOUS
10
1.4416099606299213
20
0.0810855511811024
11
1.4376768897637795
21
0.0799524409448819
0
LINE
8
BLACK
6
CONTINUOUS
10
1.4376768897637795
20
0.0799524409448819
11
1.433702874015748
21
0.0786134645669291
0
LINE
8
BLACK
6
CONTINUOUS
10
1.433702874015748
20
0.0786134645669291
11
1.4308472440944882
21
0.0779848818897638
0
LINE
8
BLACK
6
CONTINUOUS
10
1.4308472440944882
20
0.0779848818897638
11
1.4280341338582676
21
0.0771744488188976
0
LINE
8
BLACK
6
CONTINUOUS
10
1.4280341338582676
20
0.0771744488188976
11
1.4242256692913386
21
0.0765273622047244
0
LINE
8
BLACK
6
CONTINUOUS
10
1.4242256692913386
20
0.0765273622047244
11
1.4203811023622046
21
0.0756811023622047
0
LINE
8
BLACK
6
CONTINUOUS
10
1.4203811023622046
20
0.0756811023622047
11
1.4172244094488189
21
0.0753377952755905
0
LINE
8
BLACK
6
CONTINUOUS
10
1.4172244094488189
20
0.0753377952755905
11
1.414105748031496
21
0.0748079133858268
0
LINE
8
BLACK
6
CONTINUOUS
10
1.414105748031496
20
0.0748079133858268
11
1.4104796062992127
21
0.0746042519685039
0
LINE
8
BLACK
6
CONTINUOUS
10
1.4104796062992127
20
0.0746042519685039
11
1.4068202362204725
21
0.0742062992125984
0
LINE
8
BLACK
6
CONTINUOUS
10
1.4068202362204725
20
0.0742062992125984
11
1.4033930708661417
21
0.0742062992125984
0
LINE
8
BLACK
6
CONTINUOUS
10
1.4033930708661417
20
0.0742062992125984
11
1.3999999999999999
21
0.0740157480314961
0
LINE
8
BLACK
6
CONTINUOUS
10
1.3999999999999999
20
0.0740157480314961
11
1.3966069291338583
21
0.0742062992125984
0
LINE
8
BLACK
6
CONTINUOUS
10
1.3966069291338583
20
0.0742062992125984
11
1.3931797637795276
21
0.0742062992125984
0
LINE
8
BLACK
6
CONTINUOUS
10
1.3931797637795276
20
0.0742062992125984
11
1.3895203149606299
21
0.0746042519685039
0
LINE
8
BLACK
6
CONTINUOUS
10
1.3895203149606299
20
0.0746042519685039
11
1.3858942519685038
21
0.0748079133858268
0
LINE
8
BLACK
6
CONTINUOUS
10
1.3858942519685038
20
0.0748079133858268
11
1.3827755905511812
21
0.0753377559055118
0
LINE
8
BLACK
6
CONTINUOUS
10
1.3827755905511812
20
0.0753377559055118
11
1.3796188582677165
21
0.0756811023622047
0
LINE
8
BLACK
6
CONTINUOUS
10
1.3796188582677165
20
0.0756811023622047
11
1.3757740944881889
21
0.0765273622047244
0
LINE
8
BLACK
6
CONTINUOUS
10
1.3757740944881889
20
0.0765273622047244
11
1.3719658661417322
21
0.0771744488188976
0
LINE
8
BLACK
6
CONTINUOUS
10
1.3719658661417322
20
0.0771744488188976
11
1.3691528346456692
21
0.077984842519685
0
LINE
8
BLACK
6
CONTINUOUS
10
1.3691528346456692
20
0.077984842519685
11
1.3662970866141733
21
0.0786134645669291
0
LINE
8
BLACK
6
CONTINUOUS
10
1.3662970866141733
20
0.0786134645669291
11
1.3623227952755905
21
0.0799525196850394
0
LINE
8
BLACK
6
CONTINUOUS
10
1.3623227952755905
20
0.0799525196850394
11
1.3583900393700787
21
0.0810855511811024
0
LINE
8
BLACK
6
CONTINUOUS
10
1.3583900393700787
20
0.0810855511811024
11
1.3559042913385826
21
0.082115157480315
0
LINE
8
BLACK
6
CONTINUOUS
10
1.3559042913385826
20
0.082115157480315
11
1.3533706692913385
21
0.0829688582677165
0
LINE
8
BLACK
6
CONTINUOUS
10
1.3533706692913385
20
0.0829688582677165
11
1.3493279921259842
21
0.0848391732283465
0
LINE
8
BLACK
6
CONTINUOUS
10
1.3493279921259842
20
0.0848391732283465
11
1.3453374803149607
21
0.086492125984252
0
LINE
8
BLACK
6
CONTINUOUS
10
1.3453374803149607
20
0.086492125984252
11
1.3431907874015747
21
0.0876785433070866
0
LINE
8
BLACK
6
CONTINUOUS
10
1.3431907874015747
20
0.0876785433070866
11
1.3409906299212597
21
0.0886964566929134
0
LINE
8
BLACK
6
CONTINUOUS
10
1.3409906299212597
20
0.0886964566929134
11
1.3369481496062992
21
0.0911287401574803
0
LINE
8
BLACK
6
CONTINUOUS
10
1.3369481496062992
20
0.0911287401574803
11
1.3329723228346457
21
0.0933261023622047
0
LINE
8
BLACK
6
CONTINUOUS
10
1.3329723228346457
20
0.0933261023622047
11
1.3311659842519685
21
0.0946077165354331
0
LINE
8
BLACK
6
CONTINUOUS
10
1.3311659842519685
20
0.0946077165354331
11
1.3293023228346457
21
0.095729094488189
0
LINE
8
BLACK
6
CONTINUOUS
10
1.3293023228346457
20
0.095729094488189
11
1.3253331102362205
21
0.0987463779527559
0
LINE
8
BLACK
6
CONTINUOUS
10
1.3253331102362205
20
0.0987463779527559
11
1.3214501181102363
21
0.1015015354330709
0
LINE
8
BLACK
6
CONTINUOUS
10
1.3214501181102363
20
0.1015015354330709
11
1.3199768110236221
21
0.1028181496062992
0
LINE
8
BLACK
6
CONTINUOUS
10
1.3199768110236221
20
0.1028181496062992
11
1.3184433070866142
21
0.1039838976377953
0
LINE
8
BLACK
6
CONTINUOUS
10
1.3184433070866142
20
0.1039838976377953
11
1.3146246062992126
21
0.1076011417322835
0
LINE
8
BLACK
6
CONTINUOUS
10
1.3146246062992126
20
0.1076011417322835
11
1.3109156692913386
21
0.1109156692913386
0
LINE
8
BLACK
6
CONTINUOUS
10
1.3109156692913386
20
0.1109156692913386
11
1.3097581496062991
21
0.1122108661417323
0
LINE
8
BLACK
6
CONTINUOUS
10
1.3097581496062991
20
0.1122108661417323
11
1.3085403149606298
21
0.1133645275590551
0
LINE
8
BLACK
6
CONTINUOUS
10
1.3085403149606298
20
0.1133645275590551
11
1.3049520078740158
21
0.1175889763779528
0
LINE
8
BLACK
6
CONTINUOUS
10
1.3049520078740158
20
0.1175889763779528
11
1.3015015354330708
21
0.1214501181102362
0
LINE
8
BLACK
6
CONTINUOUS
10
1.3015015354330708
20
0.1214501181102362
11
1.3006348031496062
21
0.1226716141732283
0
LINE
8
BLACK
6
CONTINUOUS
10
1.3006348031496062
20
0.1226716141732283
11
1.2997092913385826
21
0.1237612598425197
0
LINE
8
BLACK
6
CONTINUOUS
10
1.2997092913385826
20
0.1237612598425197
11
1.296430590551181
21
0.1285968897637795
0
LINE
8
BLACK
6
CONTINUOUS
10
1.296430590551181
20
0.1285968897637795
11
1.2933261023622047
21
0.1329723228346457
0
LINE
8
BLACK
6
CONTINUOUS
10
1.2933261023622047
20
0.1329723228346457
11
1.2927180314960629
21
0.1340724803149606
0
LINE
8
BLACK
6
CONTINUOUS
10
1.2927180314960629
20
0.1340724803149606
11
1.2920543307086614
21
0.1350514173228347
0
LINE
8
BLACK
6
CONTINUOUS
10
1.2920543307086614
20
0.1350514173228347
11
1.2891649606299211
21
0.1405012992125984
0
LINE
8
BLACK
6
CONTINUOUS
10
1.2891649606299211
20
0.1405012992125984
11
1.2864921259842519
21
0.1453374803149606
0
LINE
8
BLACK
6
CONTINUOUS
10
1.2864921259842519
20
0.1453374803149606
11
1.2861031496062991
21
0.1462764960629921
0
LINE
8
BLACK
6
CONTINUOUS
10
1.2861031496062991
20
0.1462764960629921
11
1.2856651574803148
21
0.1471026771653543
0
LINE
8
BLACK
6
CONTINUOUS
10
1.2856651574803148
20
0.1471026771653543
11
1.2832458661417323
21
0.1531744881889764
0
LINE
8
BLACK
6
CONTINUOUS
10
1.2832458661417323
20
0.1531744881889764
11
1.2810855511811023
21
0.1583900393700787
0
LINE
8
BLACK
6
CONTINUOUS
10
1.2810855511811023
20
0.1583900393700787
11
1.2808707086614173
21
0.159135748031496
0
LINE
8
BLACK
6
CONTINUOUS
10
1.2808707086614173
20
0.159135748031496
11
1.2806159842519684
21
0.1597750787401575
0
LINE
8
BLACK
6
CONTINUOUS
10
1.2806159842519684
20
0.1597750787401575
11
1.2787409055118111
21
0.1665284251968504
0
LINE
8
BLACK
6
CONTINUOUS
10
1.2787409055118111
20
0.1665284251968504
11
1.2771744488188976
21
0.1719658661417323
0
LINE
8
BLACK
6
CONTINUOUS
10
1.2771744488188976
20
0.1719658661417323
11
1.277084842519685
21
0.172493031496063
0
LINE
8
BLACK
6
CONTINUOUS
10
1.277084842519685
20
0.172493031496063
11
1.2769668503937008
21
0.1729181496062992
0
LINE
8
BLACK
6
CONTINUOUS
10
1.2769668503937008
20
0.1729181496062992
11
1.2757087401574803
21
0.1805921653543307
0
LINE
8
BLACK
6
CONTINUOUS
10
1.2757087401574803
20
0.1805921653543307
11
1.2748079133858268
21
0.1858942519685039
0
LINE
8
BLACK
6
CONTINUOUS
10
1.2748079133858268
20
0.1858942519685039
11
1.2747914173228345
21
0.1861877952755905
0
LINE
8
BLACK
6
CONTINUOUS
10
1.2747914173228345
20
0.1861877952755905
11
1.2747599999999999
21
0.1863795275590551
0
LINE
8
BLACK
6
CONTINUOUS
10
1.2747599999999999
20
0.1863795275590551
11
1.2741822047244094
21
0.1970353937007874
0
LINE
8
BLACK
6
CONTINUOUS
10
1.2741822047244094
20
0.1970353937007874
11
1.274015748031496
21
0.2
0
LINE
8
BLACK
6
CONTINUOUS
10
1.274015748031496
20
0.2
11
1.2741822440944881
21
0.2029648031496063
0
LINE
8
BLACK
6
CONTINUOUS
10
1.2741822440944881
20
0.2029648031496063
11
1.2747599999999999
21
0.2136204330708661
0
LINE
8
BLACK
6
CONTINUOUS
10
1.2747599999999999
20
0.2136204330708661
11
1.2747914173228345
21
0.2138120866141732
0
LINE
8
BLACK
6
CONTINUOUS
10
1.2747914173228345
20
0.2138120866141732
11
1.2748079133858268
21
0.2141057480314961
0
LINE
8
BLACK
6
CONTINUOUS
10
1.2748079133858268
20
0.2141057480314961
11
1.275708937007874
21
0.2194088582677165
0
LINE
8
BLACK
6
CONTINUOUS
10
1.275708937007874
20
0.2194088582677165
11
1.2769668503937008
21
0.227081811023622
0
LINE
8
BLACK
6
CONTINUOUS
10
1.2769668503937008
20
0.227081811023622
11
1.277084842519685
21
0.2275068110236221
0
LINE
8
BLACK
6
CONTINUOUS
10
1.277084842519685
20
0.2275068110236221
11
1.2771744488188976
21
0.2280341338582677
0
LINE
8
BLACK
6
CONTINUOUS
10
1.2771744488188976
20
0.2280341338582677
11
1.2787412204724409
21
0.2334725984251969
0
LINE
8
BLACK
6
CONTINUOUS
10
1.2787412204724409
20
0.2334725984251969
11
1.2806159842519684
21
0.2402248818897638
0
LINE
8
BLACK
6
CONTINUOUS
10
1.2806159842519684
20
0.2402248818897638
11
1.2808706692913385
21
0.240864094488189
0
LINE
8
BLACK
6
CONTINUOUS
10
1.2808706692913385
20
0.240864094488189
11
1.2810855511811023
21
0.2416099606299213
0
LINE
8
BLACK
6
CONTINUOUS
10
1.2810855511811023
20
0.2416099606299213
11
1.2832462992125984
21
0.2468264566929134
0
LINE
8
BLACK
6
CONTINUOUS
10
1.2832462992125984
20
0.2468264566929134
11
1.2856651574803148
21
0.2528972834645669
0
LINE
8
BLACK
6
CONTINUOUS
10
1.2856651574803148
20
0.2528972834645669
11
1.2861030708661416
21
0.2537233070866142
0
LINE
8
BLACK
6
CONTINUOUS
10
1.2861030708661416
20
0.2537233070866142
11
1.2864921259842519
21
0.2546625196850394
0
LINE
8
BLACK
6
CONTINUOUS
10
1.2864921259842519
20
0.2546625196850394
11
1.2891654724409449
21
0.2594995669291338
0
LINE
8
BLACK
6
CONTINUOUS
10
1.2891654724409449
20
0.2594995669291338
11
1.2920543307086614
21
0.2649485433070866
0
LINE
8
BLACK
6
CONTINUOUS
10
1.2920543307086614
20
0.2649485433070866
11
1.2927179133858266
21
0.2659272440944882
0
LINE
8
BLACK
6
CONTINUOUS
10
1.2927179133858266
20
0.2659272440944882
11
1.2933261023622047
21
0.2670276771653543
0
LINE
8
BLACK
6
CONTINUOUS
10
1.2933261023622047
20
0.2670276771653543
11
1.2964311811023621
21
0.2714038976377953
0
LINE
8
BLACK
6
CONTINUOUS
10
1.2964311811023621
20
0.2714038976377953
11
1.2997092913385826
21
0.2762387007874016
0
LINE
8
BLACK
6
CONTINUOUS
10
1.2997092913385826
20
0.2762387007874016
11
1.3006346456692912
21
0.2773281102362204
0
LINE
8
BLACK
6
CONTINUOUS
10
1.3006346456692912
20
0.2773281102362204
11
1.3015015354330708
21
0.2785498818897638
0
LINE
8
BLACK
6
CONTINUOUS
10
1.3015015354330708
20
0.2785498818897638
11
1.3049526771653543
21
0.2824117322834646
0
LINE
8
BLACK
6
CONTINUOUS
10
1.3049526771653543
20
0.2824117322834646
11
1.3085403149606298
21
0.2866354330708661
0
LINE
8
BLACK
6
CONTINUOUS
10
1.3085403149606298
20
0.2866354330708661
11
1.3097579527559056
21
0.2877888188976378
0
LINE
8
BLACK
6
CONTINUOUS
10
1.3097579527559056
20
0.2877888188976378
11
1.3109156692913386
21
0.2890843307086614
0
LINE
8
BLACK
6
CONTINUOUS
10
1.3109156692913386
20
0.2890843307086614
11
1.31462531496063
21
0.2923994881889764
0
LINE
8
BLACK
6
CONTINUOUS
10
1.31462531496063
20
0.2923994881889764
11
1.3184433070866142
21
0.296016062992126
0
LINE
8
BLACK
6
CONTINUOUS
10
1.3184433070866142
20
0.296016062992126
11
1.3199764960629921
21
0.2971815748031496
0
LINE
8
BLACK
6
CONTINUOUS
10
1.3199764960629921
20
0.2971815748031496
11
1.3214501181102363
21
0.2984984645669291
0
LINE
8
BLACK
6
CONTINUOUS
10
1.3214501181102363
20
0.2984984645669291
11
1.3253338976377953
21
0.3012541338582677
0
LINE
8
BLACK
6
CONTINUOUS
10
1.3253338976377953
20
0.3012541338582677
11
1.3293023228346457
21
0.3042708661417323
0
LINE
8
BLACK
6
CONTINUOUS
10
1.3293023228346457
20
0.3042708661417323
11
1.3311656299212598
21
0.305391968503937
0
LINE
8
BLACK
6
CONTINUOUS
10
1.3311656299212598
20
0.305391968503937
11
1.3329723228346457
21
0.3066738976377953
0
LINE
8
BLACK
6
CONTINUOUS
10
1.3329723228346457
20
0.3066738976377953
11
1.336948937007874
21
0.3088716929133858
0
LINE
8
BLACK
6
CONTINUOUS
10
1.336948937007874
20
0.3088716929133858
11
1.3409906299212597
21
0.3113035039370078
0
LINE
8
BLACK
6
CONTINUOUS
10
1.3409906299212597
20
0.3113035039370078
11
1.3431903543307087
21
0.3123211811023622
0
LINE
8
BLACK
6
CONTINUOUS
10
1.3431903543307087
20
0.3123211811023622
11
1.3453374803149607
21
0.313507874015748
0
LINE
8
BLACK
6
CONTINUOUS
10
1.3453374803149607
20
0.313507874015748
11
1.3493288188976378
21
0.3151611417322834
0
LINE
8
BLACK
6
CONTINUOUS
10
1.3493288188976378
20
0.3151611417322834
11
1.3533706692913385
21
0.3170311023622047
0
LINE
8
BLACK
6
CONTINUOUS
10
1.3533706692913385
20
0.3170311023622047
11
1.355903779527559
21
0.3178846062992126
0
LINE
8
BLACK
6
CONTINUOUS
10
1.355903779527559
20
0.3178846062992126
11
1.3583900393700787
21
0.3189144488188976
0
LINE
8
BLACK
6
CONTINUOUS
10
1.3583900393700787
20
0.3189144488188976
11
1.3623235826771654
21
0.3200476771653543
0
LINE
8
BLACK
6
CONTINUOUS
10
1.3623235826771654
20
0.3200476771653543
11
1.3662970866141733
21
0.3213864960629921
0
LINE
8
BLACK
6
CONTINUOUS
10
1.3662970866141733
20
0.3213864960629921
11
1.3691522440944881
21
0.3220149606299212
0
LINE
8
BLACK
6
CONTINUOUS
10
1.3691522440944881
20
0.3220149606299212
11
1.3719658661417322
21
0.3228255511811023
0
LINE
8
BLACK
6
CONTINUOUS
10
1.3719658661417322
20
0.3228255511811023
11
1.3757748818897637
21
0.3234727165354331
0
LINE
8
BLACK
6
CONTINUOUS
10
1.3757748818897637
20
0.3234727165354331
11
1.3796188582677165
21
0.3243188582677165
0
LINE
8
BLACK
6
CONTINUOUS
10
1.3796188582677165
20
0.3243188582677165
11
1.3827751181102361
21
0.3246620866141732
0
LINE
8
BLACK
6
CONTINUOUS
10
1.3827751181102361
20
0.3246620866141732
11
1.3858942519685038
21
0.3251920866141732
0
LINE
8
BLACK
6
CONTINUOUS
10
1.3858942519685038
20
0.3251920866141732
11
1.3895205511811024
21
0.3253957086614173
0
LINE
8
BLACK
6
CONTINUOUS
10
1.3895205511811024
20
0.3253957086614173
11
1.3931797637795276
21
0.3257937007874016
0
LINE
8
BLACK
6
CONTINUOUS
10
1.3931797637795276
20
0.3257937007874016
11
1.3966069291338583
21
0.3257937007874016
0
LINE
8
BLACK
6
CONTINUOUS
10
1.3966069291338583
20
0.3257937007874016
11
1.3999999999999999
21
0.3259842519685039
0
LINE
8
BLACK
6
CONTINUOUS
10
1.3999999999999999
20
0.3259842519685039
11
1.4033930708661417
21
0.3257937007874016
0
LINE
8
BLACK
6
CONTINUOUS
10
0.8703191732283464
20
0.1678105118110236
11
0.8716588188976377
21
0.1676551181102362
0
LINE
8
BLACK
6
CONTINUOUS
10
0.8716588188976377
20
0.1676551181102362
11
0.8721164960629921
21
0.1674529921259842
0
LINE
8
BLACK
6
CONTINUOUS
10
0.8721164960629921
20
0.1674529921259842
11
0.8730132677165354
21
0.1672746456692913
0
LINE
8
BLACK
6
CONTINUOUS
10
0.8730132677165354
20
0.1672746456692913
11
0.8739732677165354
21
0.1666331496062992
0
LINE
8
BLACK
6
CONTINUOUS
10
0.8739732677165354
20
0.1666331496062992
11
0.8744112992125984
21
0.1664397637795275
0
LINE
8
BLACK
6
CONTINUOUS
10
0.8744112992125984
20
0.1664397637795275
11
0.8747104724409449
21
0.1661405511811024
0
LINE
8
BLACK
6
CONTINUOUS
10
0.8747104724409449
20
0.1661405511811024
11
0.8755677559055118
21
0.1655677559055118
0
LINE
8
BLACK
6
CONTINUOUS
10
0.8755677559055118
20
0.1655677559055118
11
0.8761405511811023
21
0.1647104724409449
0
LINE
8
BLACK
6
CONTINUOUS
10
0.8761405511811023
20
0.1647104724409449
11
0.8764397637795276
21
0.1644112992125984
0
LINE
8
BLACK
6
CONTINUOUS
10
0.8764397637795276
20
0.1644112992125984
11
0.8766331496062992
21
0.1639732677165354
0
LINE
8
BLACK
6
CONTINUOUS
10
0.8766331496062992
20
0.1639732677165354
11
0.8772746456692914
21
0.1630132677165354
0
LINE
8
BLACK
6
CONTINUOUS
10
0.8772746456692914
20
0.1630132677165354
11
0.8774529921259843
21
0.1621164960629921
0
LINE
8
BLACK
6
CONTINUOUS
10
0.8774529921259843
20
0.1621164960629921
11
0.8776551181102362
21
0.1616588188976378
0
LINE
8
BLACK
6
CONTINUOUS
10
0.8776551181102362
20
0.1616588188976378
11
0.8778105118110237
21
0.160319094488189
0
LINE
8
BLACK
6
CONTINUOUS
10
0.8778105118110237
20
0.160319094488189
11
0.8778740157480315
21
0.16
0
LINE
8
BLACK
6
CONTINUOUS
10
0.8778740157480315
20
0.16
11
0.8778740157480315
21
0.1
0
LINE
8
BLACK
6
CONTINUOUS
10
0.8778740157480315
20
0.1
11
0.8778105118110237
21
0.0996808661417323
0
LINE
8
BLACK
6
CONTINUOUS
10
0.8778105118110237
20
0.0996808661417323
11
0.8776551181102362
21
0.0983411417322835
0
LINE
8
BLACK
6
CONTINUOUS
10
0.8776551181102362
20
0.0983411417322835
11
0.8774529921259843
21
0.0978833858267717
0
LINE
8
BLACK
6
CONTINUOUS
10
0.8774529921259843
20
0.0978833858267717
11
0.8772746456692914
21
0.0969867322834646
0
LINE
8
BLACK
6
CONTINUOUS
10
0.8772746456692914
20
0.0969867322834646
11
0.876633188976378
21
0.0960267716535433
0
LINE
8
BLACK
6
CONTINUOUS
10
0.876633188976378
20
0.0960267716535433
11
0.8764397637795276
21
0.0955886614173228
0
LINE
8
BLACK
6
CONTINUOUS
10
0.8764397637795276
20
0.0955886614173228
11
0.8761404724409448
21
0.0952893700787402
0
LINE
8
BLACK
6
CONTINUOUS
10
0.8761404724409448
20
0.0952893700787402
11
0.8755677559055118
21
0.0944322440944882
0
LINE
8
BLACK
6
CONTINUOUS
10
0.8755677559055118
20
0.0944322440944882
11
0.8747105905511811
21
0.0938594881889764
0
LINE
8
BLACK
6
CONTINUOUS
10
0.8747105905511811
20
0.0938594881889764
11
0.8744112992125984
21
0.0935601968503937
0
LINE
8
BLACK
6
CONTINUOUS
10
0.8744112992125984
20
0.0935601968503937
11
0.8739731102362205
21
0.0933666929133858
0
LINE
8
BLACK
6
CONTINUOUS
10
0.8739731102362205
20
0.0933666929133858
11
0.8730132677165354
21
0.0927253543307087
0
LINE
8
BLACK
6
CONTINUOUS
10
0.8730132677165354
20
0.0927253543307087
11
0.8721166929133858
21
0.0925470078740157
0
LINE
8
BLACK
6
CONTINUOUS
10
0.8721166929133858
20
0.0925470078740157
11
0.8716588188976377
21
0.092344842519685
0
LINE
8
BLACK
6
CONTINUOUS
10
0.8716588188976377
20
0.092344842519685
11
0.8703186220472441
21
0.0921893307086614
0
LINE
8
BLACK
6
CONTINUOUS
10
0.8703186220472441
20
0.0921893307086614
11
0.87
21
0.0921259842519685
0
LINE
8
BLACK
6
CONTINUOUS
10
0.87
20
0.0921259842519685
11
0.8697723228346457
21
0.0921259842519685
0
LINE
8
BLACK
6
CONTINUOUS
10
0.8697723228346457
20
0.0921259842519685
11
0.810227716535433
21
0.0921259842519685
0
LINE
8
BLACK
6
CONTINUOUS
10
0.810227716535433
20
0.0921259842519685
11
0.8099999999999999
21
0.0921259842519685
0
LINE
8
BLACK
6
CONTINUOUS
10
0.8099999999999999
20
0.0921259842519685
11
0.8096813385826771
21
0.0921893307086614
0
LINE
8
BLACK
6
CONTINUOUS
10
0.8096813385826771
20
0.0921893307086614
11
0.8083411417322834
21
0.092344842519685
0
LINE
8
BLACK
6
CONTINUOUS
10
0.8083411417322834
20
0.092344842519685
11
0.8078832283464566
21
0.0925470078740157
0
LINE
8
BLACK
6
CONTINUOUS
10
0.8078832283464566
20
0.0925470078740157
11
0.8069867322834645
21
0.0927253543307087
0
LINE
8
BLACK
6
CONTINUOUS
10
0.8069867322834645
20
0.0927253543307087
11
0.8060269291338582
21
0.0933666535433071
0
LINE
8
BLACK
6
CONTINUOUS
10
0.8060269291338582
20
0.0933666535433071
11
0.8055886614173228
21
0.0935601968503937
0
LINE
8
BLACK
6
CONTINUOUS
10
0.8055886614173228
20
0.0935601968503937
11
0.8052892519685039
21
0.0938595669291339
0
LINE
8
BLACK
6
CONTINUOUS
10
0.8052892519685039
20
0.0938595669291339
11
0.8044322440944882
21
0.0944322440944882
0
LINE
8
BLACK
6
CONTINUOUS
10
0.8044322440944882
20
0.0944322440944882
11
0.8038595669291339
21
0.0952892519685039
0
LINE
8
BLACK
6
CONTINUOUS
10
0.8038595669291339
20
0.0952892519685039
11
0.8035601968503937
21
0.0955886614173228
0
LINE
8
BLACK
6
CONTINUOUS
10
0.8035601968503937
20
0.0955886614173228
11
0.8033666535433071
21
0.0960269291338583
0
LINE
8
BLACK
6
CONTINUOUS
10
0.8033666535433071
20
0.0960269291338583
11
0.8027253543307087
21
0.0969867322834646
0
LINE
8
BLACK
6
CONTINUOUS
10
0.8027253543307087
20
0.0969867322834646
11
0.8025470078740158
21
0.0978832283464567
0
LINE
8
BLACK
6
CONTINUOUS
10
0.8025470078740158
20
0.0978832283464567
11
0.8023448425196851
21
0.0983411417322835
0
LINE
8
BLACK
6
CONTINUOUS
10
0.8023448425196851
20
0.0983411417322835
11
0.8021893307086614
21
0.0996814173228346
0
LINE
8
BLACK
6
CONTINUOUS
10
0.8021893307086614
20
0.0996814173228346
11
0.8021259842519685
21
0.1
0
LINE
8
BLACK
6
CONTINUOUS
10
0.8021259842519685
20
0.1
11
0.8021259842519685
21
0.16
0
LINE
8
BLACK
6
CONTINUOUS
10
0.8021259842519685
20
0.16
11
0.8021893700787401
21
0.1603187007874016
0
LINE
8
BLACK
6
CONTINUOUS
10
0.8021893700787401
20
0.1603187007874016
11
0.8023448425196851
21
0.1616588188976378
0
LINE
8
BLACK
6
CONTINUOUS
10
0.8023448425196851
20
0.1616588188976378
11
0.8025470078740158
21
0.1621166929133858
0
LINE
8
BLACK
6
CONTINUOUS
10
0.8025470078740158
20
0.1621166929133858
11
0.8027253543307087
21
0.1630132677165354
0
LINE
8
BLACK
6
CONTINUOUS
10
0.8027253543307087
20
0.1630132677165354
11
0.8033666929133858
21
0.1639731102362205
0
LINE
8
BLACK
6
CONTINUOUS
10
0.8033666929133858
20
0.1639731102362205
11
0.8035601968503937
21
0.1644112992125984
0
LINE
8
BLACK
6
CONTINUOUS
10
0.8035601968503937
20
0.1644112992125984
11
0.8038594881889763
21
0.1647105905511811
0
LINE
8
BLACK
6
CONTINUOUS
10
0.8038594881889763
20
0.1647105905511811
11
0.8044322440944882
21
0.1655677559055118
0
LINE
8
BLACK
6
CONTINUOUS
10
0.8044322440944882
20
0.1655677559055118
11
0.8052893700787401
21
0.1661404724409449
0
LINE
8
BLACK
6
CONTINUOUS
10
0.8052893700787401
20
0.1661404724409449
11
0.8055886614173228
21
0.1664397637795275
0
LINE
8
BLACK
6
CONTINUOUS
10
0.8055886614173228
20
0.1664397637795275
11
0.8060267716535433
21
0.1666331889763779
0
LINE
8
BLACK
6
CONTINUOUS
10
0.8060267716535433
20
0.1666331889763779
11
0.8069867322834645
21
0.1672746456692913
0
LINE
8
BLACK
6
CONTINUOUS
10
0.8069867322834645
20
0.1672746456692913
11
0.8078833858267717
21
0.1674529921259842
0
LINE
8
BLACK
6
CONTINUOUS
10
0.8078833858267717
20
0.1674529921259842
11
0.8083411417322834
21
0.1676551181102362
0
LINE
8
BLACK
6
CONTINUOUS
10
0.8083411417322834
20
0.1676551181102362
11
0.8096809448818898
21
0.1678105511811024
0
LINE
8
BLACK
6
CONTINUOUS
10
0.8096809448818898
20
0.1678105511811024
11
0.8099999999999999
21
0.1678740157480315
0
LINE
8
BLACK
6
CONTINUOUS
10
0.8099999999999999
20
0.1678740157480315
11
0.87
21
0.1678740157480315
0
LINE
8
BLACK
6
CONTINUOUS
10
0.87
20
0.1678740157480315
11
0.8703191732283464
21
0.1678105118110236
0
LINE
8
BLACK
6
CONTINUOUS
10
0.9703191732283465
20
0.1678105118110236
11
0.9716588188976377
21
0.1676551181102362
0
LINE
8
BLACK
6
CONTINUOUS
10
0.9716588188976377
20
0.1676551181102362
11
0.9721164960629921
21
0.1674529921259842
0
LINE
8
BLACK
6
CONTINUOUS
10
0.9721164960629921
20
0.1674529921259842
11
0.9730132677165354
21
0.1672746456692913
0
LINE
8
BLACK
6
CONTINUOUS
10
0.9730132677165354
20
0.1672746456692913
11
0.9739732677165354
21
0.1666331496062992
0
LINE
8
BLACK
6
CONTINUOUS
10
0.9739732677165354
20
0.1666331496062992
11
0.9744112992125984
21
0.1664397637795275
0
LINE
8
BLACK
6
CONTINUOUS
10
0.9744112992125984
20
0.1664397637795275
11
0.9747104724409449
21
0.1661405511811024
0
LINE
8
BLACK
6
CONTINUOUS
10
0.9747104724409449
20
0.1661405511811024
11
0.9755677559055118
21
0.1655677559055118
0
LINE
8
BLACK
6
CONTINUOUS
10
0.9755677559055118
20
0.1655677559055118
11
0.9761405511811023
21
0.1647104724409449
0
LINE
8
BLACK
6
CONTINUOUS
10
0.9761405511811023
20
0.1647104724409449
11
0.9764397637795276
21
0.1644112992125984
0
LINE
8
BLACK
6
CONTINUOUS
10
0.9764397637795276
20
0.1644112992125984
11
0.9766331496062992
21
0.1639732677165354
0
LINE
8
BLACK
6
CONTINUOUS
10
0.9766331496062992
20
0.1639732677165354
11
0.9772746456692913
21
0.1630132677165354
0
LINE
8
BLACK
6
CONTINUOUS
10
0.9772746456692913
20
0.1630132677165354
11
0.9774529921259842
21
0.1621164960629921
0
LINE
8
BLACK
6
CONTINUOUS
10
0.9774529921259842
20
0.1621164960629921
11
0.9776551181102362
21
0.1616588188976378
0
LINE
8
BLACK
6
CONTINUOUS
10
0.9776551181102362
20
0.1616588188976378
11
0.9778105118110236
21
0.160319094488189
0
LINE
8
BLACK
6
CONTINUOUS
10
0.9778105118110236
20
0.160319094488189
11
0.9778740157480315
21
0.16
0
LINE
8
BLACK
6
CONTINUOUS
10
0.9778740157480315
20
0.16
11
0.9778740157480315
21
0.1
0
LINE
8
BLACK
6
CONTINUOUS
10
0.9778740157480315
20
0.1
11
0.9778105118110236
21
0.0996808661417323
0
LINE
8
BLACK
6
CONTINUOUS
10
0.9778105118110236
20
0.0996808661417323
11
0.9776551181102362
21
0.0983411417322835
0
LINE
8
BLACK
6
CONTINUOUS
10
0.9776551181102362
20
0.0983411417322835
11
0.9774529921259842
21
0.0978833858267717
0
LINE
8
BLACK
6
CONTINUOUS
10
0.9774529921259842
20
0.0978833858267717
11
0.9772746456692913
21
0.0969867322834646
0
LINE
8
BLACK
6
CONTINUOUS
10
0.9772746456692913
20
0.0969867322834646
11
0.976633188976378
21
0.0960267716535433
0
LINE
8
BLACK
6
CONTINUOUS
10
0.976633188976378
20
0.0960267716535433
11
0.9764397637795276
21
0.0955886614173228
0
LINE
8
BLACK
6
CONTINUOUS
10
0.9764397637795276
20
0.0955886614173228
11
0.9761404724409448
21
0.0952893700787402
0
LINE
8
BLACK
6
CONTINUOUS
10
0.9761404724409448
20
0.0952893700787402
11
0.9755677559055118
21
0.0944322440944882
0
LINE
8
BLACK
6
CONTINUOUS
10
0.9755677559055118
20
0.0944322440944882
11
0.974710590551181
21
0.0938594881889764
0
LINE
8
BLACK
6
CONTINUOUS
10
0.974710590551181
20
0.0938594881889764
11
0.9744112992125984
21
0.0935601968503937
0
LINE
8
BLACK
6
CONTINUOUS
10
0.9744112992125984
20
0.0935601968503937
11
0.9739731102362205
21
0.0933666929133858
0
LINE
8
BLACK
6
CONTINUOUS
10
0.9739731102362205
20
0.0933666929133858
11
0.9730132677165354
21
0.0927253543307087
0
LINE
8
BLACK
6
CONTINUOUS
10
0.9730132677165354
20
0.0927253543307087
11
0.9721166929133858
21
0.0925470078740157
0
LINE
8
BLACK
6
CONTINUOUS
10
0.9721166929133858
20
0.0925470078740157
11
0.9716588188976377
21
0.092344842519685
0
LINE
8
BLACK
6
CONTINUOUS
10
0.9716588188976377
20
0.092344842519685
11
0.9703186220472441
21
0.0921893307086614
0
LINE
8
BLACK
6
CONTINUOUS
10
0.9703186220472441
20
0.0921893307086614
11
0.97
21
0.0921259842519685
0
LINE
8
BLACK
6
CONTINUOUS
10
0.97
20
0.0921259842519685
11
0.9697723228346457
21
0.0921259842519685
0
LINE
8
BLACK
6
CONTINUOUS
10
0.9697723228346457
20
0.0921259842519685
11
0.910227716535433
21
0.0921259842519685
0
LINE
8
BLACK
6
CONTINUOUS
10
0.910227716535433
20
0.0921259842519685
11
0.91
21
0.0921259842519685
0
LINE
8
BLACK
6
CONTINUOUS
10
0.91
20
0.0921259842519685
11
0.9096813385826772
21
0.0921893307086614
0
LINE
8
BLACK
6
CONTINUOUS
10
0.9096813385826772
20
0.0921893307086614
11
0.9083411417322834
21
0.092344842519685
0
LINE
8
BLACK
6
CONTINUOUS
10
0.9083411417322834
20
0.092344842519685
11
0.9078832283464566
21
0.0925470078740157
0
LINE
8
BLACK
6
CONTINUOUS
10
0.9078832283464566
20
0.0925470078740157
11
0.9069867322834645
21
0.0927253543307087
0
LINE
8
BLACK
6
CONTINUOUS
10
0.9069867322834645
20
0.0927253543307087
11
0.9060269291338583
21
0.0933666535433071
0
LINE
8
BLACK
6
CONTINUOUS
10
0.9060269291338583
20
0.0933666535433071
11
0.9055886614173229
21
0.0935601968503937
0
LINE
8
BLACK
6
CONTINUOUS
10
0.9055886614173229
20
0.0935601968503937
11
0.905289251968504
21
0.0938595669291339
0
LINE
8
BLACK
6
CONTINUOUS
10
0.905289251968504
20
0.0938595669291339
11
0.9044322440944882
21
0.0944322440944882
0
LINE
8
BLACK
6
CONTINUOUS
10
0.9044322440944882
20
0.0944322440944882
11
0.9038595669291338
21
0.0952892519685039
0
LINE
8
BLACK
6
CONTINUOUS
10
0.9038595669291338
20
0.0952892519685039
11
0.9035601968503937
21
0.0955886614173228
0
LINE
8
BLACK
6
CONTINUOUS
10
0.9035601968503937
20
0.0955886614173228
11
0.903366653543307
21
0.0960269291338583
0
LINE
8
BLACK
6
CONTINUOUS
10
0.903366653543307
20
0.0960269291338583
11
0.9027253543307087
21
0.0969867322834646
0
LINE
8
BLACK
6
CONTINUOUS
10
0.9027253543307087
20
0.0969867322834646
11
0.9025470078740158
21
0.0978832283464567
0
LINE
8
BLACK
6
CONTINUOUS
10
0.9025470078740158
20
0.0978832283464567
11
0.9023448425196851
21
0.0983411417322835
0
LINE
8
BLACK
6
CONTINUOUS
10
0.9023448425196851
20
0.0983411417322835
11
0.9021893307086614
21
0.0996814173228346
0
LINE
8
BLACK
6
CONTINUOUS
10
0.9021893307086614
20
0.0996814173228346
11
0.9021259842519684
21
0.1
0
LINE
8
BLACK
6
CONTINUOUS
10
0.9021259842519684
20
0.1
11
0.9021259842519684
21
0.16
0
LINE
8
BLACK
6
CONTINUOUS
10
0.9021259842519684
20
0.16
11
0.9021893700787401
21
0.1603187007874016
0
LINE
8
BLACK
6
CONTINUOUS
10
0.9021893700787401
20
0.1603187007874016
11
0.9023448425196851
21
0.1616588188976378
0
LINE
8
BLACK
6
CONTINUOUS
10
0.9023448425196851
20
0.1616588188976378
11
0.9025470078740158
21
0.1621166929133858
0
LINE
8
BLACK
6
CONTINUOUS
10
0.9025470078740158
20
0.1621166929133858
11
0.9027253543307087
21
0.1630132677165354
0
LINE
8
BLACK
6
CONTINUOUS
10
0.9027253543307087
20
0.1630132677165354
11
0.9033666929133858
21
0.1639731102362205
0
LINE
8
BLACK
6
CONTINUOUS
10
0.9033666929133858
20
0.1639731102362205
11
0.9035601968503937
21
0.1644112992125984
0
LINE
8
BLACK
6
CONTINUOUS
10
0.9035601968503937
20
0.1644112992125984
11
0.9038594881889763
21
0.1647105905511811
0
LINE
8
BLACK
6
CONTINUOUS
10
0.9038594881889763
20
0.1647105905511811
11
0.9044322440944882
21
0.1655677559055118
0
LINE
8
BLACK
6
CONTINUOUS
10
0.9044322440944882
20
0.1655677559055118
11
0.9052893700787401
21
0.1661404724409449
0
LINE
8
BLACK
6
CONTINUOUS
10
0.9052893700787401
20
0.1661404724409449
11
0.9055886614173229
21
0.1664397637795275
0
LINE
8
BLACK
6
CONTINUOUS
10
0.9055886614173229
20
0.1664397637795275
11
0.9060267716535433
21
0.1666331889763779
0
LINE
8
BLACK
6
CONTINUOUS
10
0.9060267716535433
20
0.1666331889763779
11
0.9069867322834645
21
0.1672746456692913
0
LINE
8
BLACK
6
CONTINUOUS
10
0.9069867322834645
20
0.1672746456692913
11
0.9078833858267716
21
0.1674529921259842
0
LINE
8
BLACK
6
CONTINUOUS
10
0.9078833858267716
20
0.1674529921259842
11
0.9083411417322834
21
0.1676551181102362
0
LINE
8
BLACK
6
CONTINUOUS
10
0.9083411417322834
20
0.1676551181102362
11
0.9096809448818898
21
0.1678105511811024
0
LINE
8
BLACK
6
CONTINUOUS
10
0.9096809448818898
20
0.1678105511811024
11
0.91
21
0.1678740157480315
0
LINE
8
BLACK
6
CONTINUOUS
10
0.91
20
0.1678740157480315
11
0.97
21
0.1678740157480315
0
LINE
8
BLACK
6
CONTINUOUS
10
0.97
20
0.1678740157480315
11
0.9703191732283465
21
0.1678105118110236
0
LINE
8
BLACK
6
CONTINUOUS
10
1.0703191732283464
20
0.1678105118110236
11
1.0716588188976377
21
0.1676551181102362
0
LINE
8
BLACK
6
CONTINUOUS
10
1.0716588188976377
20
0.1676551181102362
11
1.0721164960629921
21
0.1674529921259842
0
LINE
8
BLACK
6
CONTINUOUS
10
1.0721164960629921
20
0.1674529921259842
11
1.0730132677165354
21
0.1672746456692913
0
LINE
8
BLACK
6
CONTINUOUS
10
1.0730132677165354
20
0.1672746456692913
11
1.0739732677165355
21
0.1666331496062992
0
LINE
8
BLACK
6
CONTINUOUS
10
1.0739732677165355
20
0.1666331496062992
11
1.0744112992125985
21
0.1664397637795275
0
LINE
8
BLACK
6
CONTINUOUS
10
1.0744112992125985
20
0.1664397637795275
11
1.0747104724409449
21
0.1661405511811024
0
LINE
8
BLACK
6
CONTINUOUS
10
1.0747104724409449
20
0.1661405511811024
11
1.0755677559055117
21
0.1655677559055118
0
LINE
8
BLACK
6
CONTINUOUS
10
1.0755677559055117
20
0.1655677559055118
11
1.0761405511811024
21
0.1647104724409449
0
LINE
8
BLACK
6
CONTINUOUS
10
1.0761405511811024
20
0.1647104724409449
11
1.0764397637795275
21
0.1644112992125984
0
LINE
8
BLACK
6
CONTINUOUS
10
1.0764397637795275
20
0.1644112992125984
11
1.0766331496062991
21
0.1639732677165354
0
LINE
8
BLACK
6
CONTINUOUS
10
1.0766331496062991
20
0.1639732677165354
11
1.0772746456692912
21
0.1630132677165354
0
LINE
8
BLACK
6
CONTINUOUS
10
1.0772746456692912
20
0.1630132677165354
11
1.0774529921259843
21
0.1621164960629921
0
LINE
8
BLACK
6
CONTINUOUS
10
1.0774529921259843
20
0.1621164960629921
11
1.0776551181102363
21
0.1616588188976378
0
LINE
8
BLACK
6
CONTINUOUS
10
1.0776551181102363
20
0.1616588188976378
11
1.0778105118110235
21
0.160319094488189
0
LINE
8
BLACK
6
CONTINUOUS
10
1.0778105118110235
20
0.160319094488189
11
1.0778740157480315
21
0.16
0
LINE
8
BLACK
6
CONTINUOUS
10
1.0778740157480315
20
0.16
11
1.0778740157480315
21
0.1
0
LINE
8
BLACK
6
CONTINUOUS
10
1.0778740157480315
20
0.1
11
1.0778105118110235
21
0.0996808661417323
0
LINE
8
BLACK
6
CONTINUOUS
10
1.0778105118110235
20
0.0996808661417323
11
1.0776551181102363
21
0.0983411417322835
0
LINE
8
BLACK
6
CONTINUOUS
10
1.0776551181102363
20
0.0983411417322835
11
1.0774529921259843
21
0.0978833858267717
0
LINE
8
BLACK
6
CONTINUOUS
10
1.0774529921259843
20
0.0978833858267717
11
1.0772746456692912
21
0.0969867322834646
0
LINE
8
BLACK
6
CONTINUOUS
10
1.0772746456692912
20
0.0969867322834646
11
1.0766331889763778
21
0.0960267716535433
0
LINE
8
BLACK
6
CONTINUOUS
10
1.0766331889763778
20
0.0960267716535433
11
1.0764397637795275
21
0.0955886614173228
0
LINE
8
BLACK
6
CONTINUOUS
10
1.0764397637795275
20
0.0955886614173228
11
1.0761404724409449
21
0.0952893700787402
0
LINE
8
BLACK
6
CONTINUOUS
10
1.0761404724409449
20
0.0952893700787402
11
1.0755677559055117
21
0.0944322440944882
0
LINE
8
BLACK
6
CONTINUOUS
10
1.0755677559055117
20
0.0944322440944882
11
1.0747105905511811
21
0.0938594881889764
0
LINE
8
BLACK
6
CONTINUOUS
10
1.0747105905511811
20
0.0938594881889764
11
1.0744112992125985
21
0.0935601968503937
0
LINE
8
BLACK
6
CONTINUOUS
10
1.0744112992125985
20
0.0935601968503937
11
1.0739731102362204
21
0.0933666929133858
0
LINE
8
BLACK
6
CONTINUOUS
10
1.0739731102362204
20
0.0933666929133858
11
1.0730132677165354
21
0.0927253543307087
0
LINE
8
BLACK
6
CONTINUOUS
10
1.0730132677165354
20
0.0927253543307087
11
1.0721166929133858
21
0.0925470078740157
0
LINE
8
BLACK
6
CONTINUOUS
10
1.0721166929133858
20
0.0925470078740157
11
1.0716588188976377
21
0.092344842519685
0
LINE
8
BLACK
6
CONTINUOUS
10
1.0716588188976377
20
0.092344842519685
11
1.070318622047244
21
0.0921893307086614
0
LINE
8
BLACK
6
CONTINUOUS
10
1.070318622047244
20
0.0921893307086614
11
1.0700000000000001
21
0.0921259842519685
0
LINE
8
BLACK
6
CONTINUOUS
10
1.0700000000000001
20
0.0921259842519685
11
1.0697723228346456
21
0.0921259842519685
0
LINE
8
BLACK
6
CONTINUOUS
10
1.0697723228346456
20
0.0921259842519685
11
1.010227716535433
21
0.0921259842519685
0
LINE
8
BLACK
6
CONTINUOUS
10
1.010227716535433
20
0.0921259842519685
11
1.01
21
0.0921259842519685
0
LINE
8
BLACK
6
CONTINUOUS
10
1.01
20
0.0921259842519685
11
1.0096813385826771
21
0.0921893307086614
0
LINE
8
BLACK
6
CONTINUOUS
10
1.0096813385826771
20
0.0921893307086614
11
1.0083411417322834
21
0.092344842519685
0
LINE
8
BLACK
6
CONTINUOUS
10
1.0083411417322834
20
0.092344842519685
11
1.0078832283464567
21
0.0925470078740157
0
LINE
8
BLACK
6
CONTINUOUS
10
1.0078832283464567
20
0.0925470078740157
11
1.0069867322834645
21
0.0927253543307087
0
LINE
8
BLACK
6
CONTINUOUS
10
1.0069867322834645
20
0.0927253543307087
11
1.0060269291338582
21
0.0933666535433071
0
LINE
8
BLACK
6
CONTINUOUS
10
1.0060269291338582
20
0.0933666535433071
11
1.0055886614173228
21
0.0935601968503937
0
LINE
8
BLACK
6
CONTINUOUS
10
1.0055886614173228
20
0.0935601968503937
11
1.0052892519685039
21
0.0938595669291339
0
LINE
8
BLACK
6
CONTINUOUS
10
1.0052892519685039
20
0.0938595669291339
11
1.0044322440944882
21
0.0944322440944882
0
LINE
8
BLACK
6
CONTINUOUS
10
1.0044322440944882
20
0.0944322440944882
11
1.0038595669291339
21
0.0952892519685039
0
LINE
8
BLACK
6
CONTINUOUS
10
1.0038595669291339
20
0.0952892519685039
11
1.0035601968503938
21
0.0955886614173228
0
LINE
8
BLACK
6
CONTINUOUS
10
1.0035601968503938
20
0.0955886614173228
11
1.003366653543307
21
0.0960269291338583
0
LINE
8
BLACK
6
CONTINUOUS
10
1.003366653543307
20
0.0960269291338583
11
1.0027253543307086
21
0.0969867322834646
0
LINE
8
BLACK
6
CONTINUOUS
10
1.0027253543307086
20
0.0969867322834646
11
1.0025470078740157
21
0.0978832283464567
0
LINE
8
BLACK
6
CONTINUOUS
10
1.0025470078740157
20
0.0978832283464567
11
1.002344842519685
21
0.0983411417322835
0
LINE
8
BLACK
6
CONTINUOUS
10
1.002344842519685
20
0.0983411417322835
11
1.0021893307086613
21
0.0996814173228346
0
LINE
8
BLACK
6
CONTINUOUS
10
1.0021893307086613
20
0.0996814173228346
11
1.0021259842519685
21
0.1
0
LINE
8
BLACK
6
CONTINUOUS
10
1.0021259842519685
20
0.1
11
1.0021259842519685
21
0.16
0
LINE
8
BLACK
6
CONTINUOUS
10
1.0021259842519685
20
0.16
11
1.0021893700787401
21
0.1603187007874016
0
LINE
8
BLACK
6
CONTINUOUS
10
1.0021893700787401
20
0.1603187007874016
11
1.002344842519685
21
0.1616588188976378
0
LINE
8
BLACK
6
CONTINUOUS
10
1.002344842519685
20
0.1616588188976378
11
1.0025470078740157
21
0.1621166929133858
0
LINE
8
BLACK
6
CONTINUOUS
10
1.0025470078740157
20
0.1621166929133858
11
1.0027253543307086
21
0.1630132677165354
0
LINE
8
BLACK
6
CONTINUOUS
10
1.0027253543307086
20
0.1630132677165354
11
1.0033666929133858
21
0.1639731102362205
0
LINE
8
BLACK
6
CONTINUOUS
10
1.0033666929133858
20
0.1639731102362205
11
1.0035601968503938
21
0.1644112992125984
0
LINE
8
BLACK
6
CONTINUOUS
10
1.0035601968503938
20
0.1644112992125984
11
1.0038594881889764
21
0.1647105905511811
0
LINE
8
BLACK
6
CONTINUOUS
10
1.0038594881889764
20
0.1647105905511811
11
1.0044322440944882
21
0.1655677559055118
0
LINE
8
BLACK
6
CONTINUOUS
10
1.0044322440944882
20
0.1655677559055118
11
1.0052893700787402
21
0.1661404724409449
0
LINE
8
BLACK
6
CONTINUOUS
10
1.0052893700787402
20
0.1661404724409449
11
1.0055886614173228
21
0.1664397637795275
0
LINE
8
BLACK
6
CONTINUOUS
10
1.0055886614173228
20
0.1664397637795275
11
1.0060267716535434
21
0.1666331889763779
0
LINE
8
BLACK
6
CONTINUOUS
10
1.0060267716535434
20
0.1666331889763779
11
1.0069867322834645
21
0.1672746456692913
0
LINE
8
BLACK
6
CONTINUOUS
10
1.0069867322834645
20
0.1672746456692913
11
1.0078833858267717
21
0.1674529921259842
0
LINE
8
BLACK
6
CONTINUOUS
10
1.0078833858267717
20
0.1674529921259842
11
1.0083411417322834
21
0.1676551181102362
0
LINE
8
BLACK
6
CONTINUOUS
10
1.0083411417322834
20
0.1676551181102362
11
1.0096809448818898
21
0.1678105511811024
0
LINE
8
BLACK
6
CONTINUOUS
10
1.0096809448818898
20
0.1678105511811024
11
1.01
21
0.1678740157480315
0
LINE
8
BLACK
6
CONTINUOUS
10
1.01
20
0.1678740157480315
11
1.0700000000000001
21
0.1678740157480315
0
LINE
8
BLACK
6
CONTINUOUS
10
1.0700000000000001
20
0.1678740157480315
11
1.0703191732283464
21
0.1678105118110236
0
LINE
8
BLACK
6
CONTINUOUS
10
1.1703191732283464
20
0.1678105118110236
11
1.1716588188976378
21
0.1676551181102362
0
LINE
8
BLACK
6
CONTINUOUS
10
1.1716588188976378
20
0.1676551181102362
11
1.1721164960629922
21
0.1674529921259842
0
LINE
8
BLACK
6
CONTINUOUS
10
1.1721164960629922
20
0.1674529921259842
11
1.1730132677165355
21
0.1672746456692913
0
LINE
8
BLACK
6
CONTINUOUS
10
1.1730132677165355
20
0.1672746456692913
11
1.1739732677165353
21
0.1666331496062992
0
LINE
8
BLACK
6
CONTINUOUS
10
1.1739732677165353
20
0.1666331496062992
11
1.1744112992125983
21
0.1664397637795275
0
LINE
8
BLACK
6
CONTINUOUS
10
1.1744112992125983
20
0.1664397637795275
11
1.174710472440945
21
0.1661405511811024
0
LINE
8
BLACK
6
CONTINUOUS
10
1.174710472440945
20
0.1661405511811024
11
1.1755677559055118
21
0.1655677559055118
0
LINE
8
BLACK
6
CONTINUOUS
10
1.1755677559055118
20
0.1655677559055118
11
1.1761405511811023
21
0.1647104724409449
0
LINE
8
BLACK
6
CONTINUOUS
10
1.1761405511811023
20
0.1647104724409449
11
1.1764397637795276
21
0.1644112992125984
0
LINE
8
BLACK
6
CONTINUOUS
10
1.1764397637795276
20
0.1644112992125984
11
1.1766331496062992
21
0.1639732677165354
0
LINE
8
BLACK
6
CONTINUOUS
10
1.1766331496062992
20
0.1639732677165354
11
1.1772746456692913
21
0.1630132677165354
0
LINE
8
BLACK
6
CONTINUOUS
10
1.1772746456692913
20
0.1630132677165354
11
1.1774529921259842
21
0.1621164960629921
0
LINE
8
BLACK
6
CONTINUOUS
10
1.1774529921259842
20
0.1621164960629921
11
1.1776551181102362
21
0.1616588188976378
0
LINE
8
BLACK
6
CONTINUOUS
10
1.1776551181102362
20
0.1616588188976378
11
1.1778105118110236
21
0.160319094488189
0
LINE
8
BLACK
6
CONTINUOUS
10
1.1778105118110236
20
0.160319094488189
11
1.1778740157480314
21
0.16
0
LINE
8
BLACK
6
CONTINUOUS
10
1.1778740157480314
20
0.16
11
1.1778740157480314
21
0.1
0
LINE
8
BLACK
6
CONTINUOUS
10
1.1778740157480314
20
0.1
11
1.1778105118110236
21
0.0996808661417323
0
LINE
8
BLACK
6
CONTINUOUS
10
1.1778105118110236
20
0.0996808661417323
11
1.1776551181102362
21
0.0983411417322835
0
LINE
8
BLACK
6
CONTINUOUS
10
1.1776551181102362
20
0.0983411417322835
11
1.1774529921259842
21
0.0978833858267717
0
LINE
8
BLACK
6
CONTINUOUS
10
1.1774529921259842
20
0.0978833858267717
11
1.1772746456692913
21
0.0969867322834646
0
LINE
8
BLACK
6
CONTINUOUS
10
1.1772746456692913
20
0.0969867322834646
11
1.1766331889763779
21
0.0960267716535433
0
LINE
8
BLACK
6
CONTINUOUS
10
1.1766331889763779
20
0.0960267716535433
11
1.1764397637795276
21
0.0955886614173228
0
LINE
8
BLACK
6
CONTINUOUS
10
1.1764397637795276
20
0.0955886614173228
11
1.1761404724409448
21
0.0952893700787402
0
LINE
8
BLACK
6
CONTINUOUS
10
1.1761404724409448
20
0.0952893700787402
11
1.1755677559055118
21
0.0944322440944882
0
LINE
8
BLACK
6
CONTINUOUS
10
1.1755677559055118
20
0.0944322440944882
11
1.174710590551181
21
0.0938594881889764
0
LINE
8
BLACK
6
CONTINUOUS
10
1.174710590551181
20
0.0938594881889764
11
1.1744112992125983
21
0.0935601968503937
0
LINE
8
BLACK
6
CONTINUOUS
10
1.1744112992125983
20
0.0935601968503937
11
1.1739731102362205
21
0.0933666929133858
0
LINE
8
BLACK
6
CONTINUOUS
10
1.1739731102362205
20
0.0933666929133858
11
1.1730132677165355
21
0.0927253543307087
0
LINE
8
BLACK
6
CONTINUOUS
10
1.1730132677165355
20
0.0927253543307087
11
1.1721166929133857
21
0.0925470078740157
0
LINE
8
BLACK
6
CONTINUOUS
10
1.1721166929133857
20
0.0925470078740157
11
1.1716588188976378
21
0.092344842519685
0
LINE
8
BLACK
6
CONTINUOUS
10
1.1716588188976378
20
0.092344842519685
11
1.1703186220472441
21
0.0921893307086614
0
LINE
8
BLACK
6
CONTINUOUS
10
1.1703186220472441
20
0.0921893307086614
11
1.1699999999999999
21
0.0921259842519685
0
LINE
8
BLACK
6
CONTINUOUS
10
1.1699999999999999
20
0.0921259842519685
11
1.1697723228346457
21
0.0921259842519685
0
LINE
8
BLACK
6
CONTINUOUS
10
1.1697723228346457
20
0.0921259842519685
11
1.1102277165354331
21
0.0921259842519685
0
LINE
8
BLACK
6
CONTINUOUS
10
1.1102277165354331
20
0.0921259842519685
11
1.1099999999999999
21
0.0921259842519685
0
LINE
8
BLACK
6
CONTINUOUS
10
1.1099999999999999
20
0.0921259842519685
11
1.1096813385826771
21
0.0921893307086614
0
LINE
8
BLACK
6
CONTINUOUS
10
1.1096813385826771
20
0.0921893307086614
11
1.1083411417322835
21
0.092344842519685
0
LINE
8
BLACK
6
CONTINUOUS
10
1.1083411417322835
20
0.092344842519685
11
1.1078832283464566
21
0.0925470078740157
0
LINE
8
BLACK
6
CONTINUOUS
10
1.1078832283464566
20
0.0925470078740157
11
1.1069867322834646
21
0.0927253543307087
0
LINE
8
BLACK
6
CONTINUOUS
10
1.1069867322834646
20
0.0927253543307087
11
1.1060269291338582
21
0.0933666535433071
0
LINE
8
BLACK
6
CONTINUOUS
10
1.1060269291338582
20
0.0933666535433071
11
1.1055886614173227
21
0.0935601968503937
0
LINE
8
BLACK
6
CONTINUOUS
10
1.1055886614173227
20
0.0935601968503937
11
1.1052892519685038
21
0.0938595669291339
0
LINE
8
BLACK
6
CONTINUOUS
10
1.1052892519685038
20
0.0938595669291339
11
1.1044322440944883
21
0.0944322440944882
0
LINE
8
BLACK
6
CONTINUOUS
10
1.1044322440944883
20
0.0944322440944882
11
1.1038595669291338
21
0.0952892519685039
0
LINE
8
BLACK
6
CONTINUOUS
10
1.1038595669291338
20
0.0952892519685039
11
1.1035601968503936
21
0.0955886614173228
0
LINE
8
BLACK
6
CONTINUOUS
10
1.1035601968503936
20
0.0955886614173228
11
1.1033666535433071
21
0.0960269291338583
0
LINE
8
BLACK
6
CONTINUOUS
10
1.1033666535433071
20
0.0960269291338583
11
1.1027253543307087
21
0.0969867322834646
0
LINE
8
BLACK
6
CONTINUOUS
10
1.1027253543307087
20
0.0969867322834646
11
1.1025470078740158
21
0.0978832283464567
0
LINE
8
BLACK
6
CONTINUOUS
10
1.1025470078740158
20
0.0978832283464567
11
1.1023448425196851
21
0.0983411417322835
0
LINE
8
BLACK
6
CONTINUOUS
10
1.1023448425196851
20
0.0983411417322835
11
1.1021893307086614
21
0.0996814173228346
0
LINE
8
BLACK
6
CONTINUOUS
10
1.1021893307086614
20
0.0996814173228346
11
1.1021259842519684
21
0.1
0
LINE
8
BLACK
6
CONTINUOUS
10
1.1021259842519684
20
0.1
11
1.1021259842519684
21
0.16
0
LINE
8
BLACK
6
CONTINUOUS
10
1.1021259842519684
20
0.16
11
1.1021893700787402
21
0.1603187007874016
0
LINE
8
BLACK
6
CONTINUOUS
10
1.1021893700787402
20
0.1603187007874016
11
1.1023448425196851
21
0.1616588188976378
0
LINE
8
BLACK
6
CONTINUOUS
10
1.1023448425196851
20
0.1616588188976378
11
1.1025470078740158
21
0.1621166929133858
0
LINE
8
BLACK
6
CONTINUOUS
10
1.1025470078740158
20
0.1621166929133858
11
1.1027253543307087
21
0.1630132677165354
0
LINE
8
BLACK
6
CONTINUOUS
10
1.1027253543307087
20
0.1630132677165354
11
1.1033666929133858
21
0.1639731102362205
0
LINE
8
BLACK
6
CONTINUOUS
10
1.1033666929133858
20
0.1639731102362205
11
1.1035601968503936
21
0.1644112992125984
0
LINE
8
BLACK
6
CONTINUOUS
10
1.1035601968503936
20
0.1644112992125984
11
1.1038594881889763
21
0.1647105905511811
0
LINE
8
BLACK
6
CONTINUOUS
10
1.1038594881889763
20
0.1647105905511811
11
1.1044322440944883
21
0.1655677559055118
0
LINE
8
BLACK
6
CONTINUOUS
10
1.1044322440944883
20
0.1655677559055118
11
1.1052893700787401
21
0.1661404724409449
0
LINE
8
BLACK
6
CONTINUOUS
10
1.1052893700787401
20
0.1661404724409449
11
1.1055886614173227
21
0.1664397637795275
0
LINE
8
BLACK
6
CONTINUOUS
10
1.1055886614173227
20
0.1664397637795275
11
1.1060267716535432
21
0.1666331889763779
0
LINE
8
BLACK
6
CONTINUOUS
10
1.1060267716535432
20
0.1666331889763779
11
1.1069867322834646
21
0.1672746456692913
0
LINE
8
BLACK
6
CONTINUOUS
10
1.1069867322834646
20
0.1672746456692913
11
1.1078833858267716
21
0.1674529921259842
0
LINE
8
BLACK
6
CONTINUOUS
10
1.1078833858267716
20
0.1674529921259842
11
1.1083411417322835
21
0.1676551181102362
0
LINE
8
BLACK
6
CONTINUOUS
10
1.1083411417322835
20
0.1676551181102362
11
1.1096809448818898
21
0.1678105511811024
0
LINE
8
BLACK
6
CONTINUOUS
10
1.1096809448818898
20
0.1678105511811024
11
1.1099999999999999
21
0.1678740157480315
0
LINE
8
BLACK
6
CONTINUOUS
10
1.1099999999999999
20
0.1678740157480315
11
1.1699999999999999
21
0.1678740157480315
0
LINE
8
BLACK
6
CONTINUOUS
10
1.1699999999999999
20
0.1678740157480315
11
1.1703191732283464
21
0.1678105118110236
0
LINE
8
BLACK
6
CONTINUOUS
10
0.6879569685039369
20
0.2471805905511811
11
0.6892966141732283
21
0.2470251968503937
0
LINE
8
BLACK
6
CONTINUOUS
10
0.6892966141732283
20
0.2470251968503937
11
0.6897542913385827
21
0.2468230708661417
0
LINE
8
BLACK
6
CONTINUOUS
10
0.6897542913385827
20
0.2468230708661417
11
0.690651062992126
21
0.2466447244094488
0
LINE
8
BLACK
6
CONTINUOUS
10
0.690651062992126
20
0.2466447244094488
11
0.6916110629921259
21
0.2460032283464567
0
LINE
8
BLACK
6
CONTINUOUS
10
0.6916110629921259
20
0.2460032283464567
11
0.692049094488189
21
0.245809842519685
0
LINE
8
BLACK
6
CONTINUOUS
10
0.692049094488189
20
0.245809842519685
11
0.6923482677165355
21
0.2455106299212598
0
LINE
8
BLACK
6
CONTINUOUS
10
0.6923482677165355
20
0.2455106299212598
11
0.6932055511811024
21
0.2449378346456693
0
LINE
8
BLACK
6
CONTINUOUS
10
0.6932055511811024
20
0.2449378346456693
11
0.6937783464566929
21
0.2440805511811024
0
LINE
8
BLACK
6
CONTINUOUS
10
0.6937783464566929
20
0.2440805511811024
11
0.6940775590551181
21
0.2437813779527559
0
LINE
8
BLACK
6
CONTINUOUS
10
0.6940775590551181
20
0.2437813779527559
11
0.6942709448818898
21
0.2433433464566929
0
LINE
8
BLACK
6
CONTINUOUS
10
0.6942709448818898
20
0.2433433464566929
11
0.6949124409448819
21
0.2423833464566929
0
LINE
8
BLACK
6
CONTINUOUS
10
0.6949124409448819
20
0.2423833464566929
11
0.6950907874015748
21
0.2414865748031496
0
LINE
8
BLACK
6
CONTINUOUS
10
0.6950907874015748
20
0.2414865748031496
11
0.6952929133858268
21
0.2410288976377953
0
LINE
8
BLACK
6
CONTINUOUS
10
0.6952929133858268
20
0.2410288976377953
11
0.6954483070866142
21
0.2396891732283465
0
LINE
8
BLACK
6
CONTINUOUS
10
0.6954483070866142
20
0.2396891732283465
11
0.695511811023622
21
0.2393700787401575
0
LINE
8
BLACK
6
CONTINUOUS
10
0.695511811023622
20
0.2393700787401575
11
0.695511811023622
21
0.1606299212598425
0
LINE
8
BLACK
6
CONTINUOUS
10
0.695511811023622
20
0.1606299212598425
11
0.6954483070866142
21
0.1603107874015748
0
LINE
8
BLACK
6
CONTINUOUS
10
0.6954483070866142
20
0.1603107874015748
11
0.6952929133858268
21
0.158971062992126
0
LINE
8
BLACK
6
CONTINUOUS
10
0.6952929133858268
20
0.158971062992126
11
0.6950907874015748
21
0.1585133070866142
0
LINE
8
BLACK
6
CONTINUOUS
10
0.6950907874015748
20
0.1585133070866142
11
0.6949124409448819
21
0.1576166535433071
0
LINE
8
BLACK
6
CONTINUOUS
10
0.6949124409448819
20
0.1576166535433071
11
0.6942709842519685
21
0.1566566929133858
0
LINE
8
BLACK
6
CONTINUOUS
10
0.6942709842519685
20
0.1566566929133858
11
0.6940775590551181
21
0.1562185826771653
0
LINE
8
BLACK
6
CONTINUOUS
10
0.6940775590551181
20
0.1562185826771653
11
0.6937782677165354
21
0.1559192913385827
0
LINE
8
BLACK
6
CONTINUOUS
10
0.6937782677165354
20
0.1559192913385827
11
0.6932055511811024
21
0.1550621653543307
0
LINE
8
BLACK
6
CONTINUOUS
10
0.6932055511811024
20
0.1550621653543307
11
0.6923483858267716
21
0.1544894094488189
0
LINE
8
BLACK
6
CONTINUOUS
10
0.6923483858267716
20
0.1544894094488189
11
0.692049094488189
21
0.1541901181102362
0
LINE
8
BLACK
6
CONTINUOUS
10
0.692049094488189
20
0.1541901181102362
11
0.691610905511811
21
0.1539966141732284
0
LINE
8
BLACK
6
CONTINUOUS
10
0.691610905511811
20
0.1539966141732284
11
0.690651062992126
21
0.1533552755905512
0
LINE
8
BLACK
6
CONTINUOUS
10
0.690651062992126
20
0.1533552755905512
11
0.6897544881889763
21
0.1531769291338583
0
LINE
8
BLACK
6
CONTINUOUS
10
0.6897544881889763
20
0.1531769291338583
11
0.6892966141732283
21
0.1529747637795276
0
LINE
8
BLACK
6
CONTINUOUS
10
0.6892966141732283
20
0.1529747637795276
11
0.6879564173228346
21
0.1528192519685039
0
LINE
8
BLACK
6
CONTINUOUS
10
0.6879564173228346
20
0.1528192519685039
11
0.6876377952755905
21
0.152755905511811
0
LINE
8
BLACK
6
CONTINUOUS
10
0.6876377952755905
20
0.152755905511811
11
0.6874101181102362
21
0.152755905511811
0
LINE
8
BLACK
6
CONTINUOUS
10
0.6874101181102362
20
0.152755905511811
11
0.6327474015748031
21
0.152755905511811
0
LINE
8
BLACK
6
CONTINUOUS
10
0.6327474015748031
20
0.152755905511811
11
0.6325196850393701
21
0.152755905511811
0
LINE
8
BLACK
6
CONTINUOUS
10
0.6325196850393701
20
0.152755905511811
11
0.6322010236220472
21
0.1528192519685039
0
LINE
8
BLACK
6
CONTINUOUS
10
0.6322010236220472
20
0.1528192519685039
11
0.6308608267716536
21
0.1529747637795276
0
LINE
8
BLACK
6
CONTINUOUS
10
0.6308608267716536
20
0.1529747637795276
11
0.6304029133858268
21
0.1531769291338583
0
LINE
8
BLACK
6
CONTINUOUS
10
0.6304029133858268
20
0.1531769291338583
11
0.6295064173228346
21
0.1533552755905512
0
LINE
8
BLACK
6
CONTINUOUS
10
0.6295064173228346
20
0.1533552755905512
11
0.6285466141732283
21
0.1539965748031496
0
LINE
8
BLACK
6
CONTINUOUS
10
0.6285466141732283
20
0.1539965748031496
11
0.6281083464566929
21
0.1541901181102362
0
LINE
8
BLACK
6
CONTINUOUS
10
0.6281083464566929
20
0.1541901181102362
11
0.627808937007874
21
0.1544894881889764
0
LINE
8
BLACK
6
CONTINUOUS
10
0.627808937007874
20
0.1544894881889764
11
0.6269519291338582
21
0.1550621653543307
0
LINE
8
BLACK
6
CONTINUOUS
10
0.6269519291338582
20
0.1550621653543307
11
0.626379251968504
21
0.1559191732283464
0
LINE
8
BLACK
6
CONTINUOUS
10
0.626379251968504
20
0.1559191732283464
11
0.6260798818897637
21
0.1562185826771653
0
LINE
8
BLACK
6
CONTINUOUS
10
0.6260798818897637
20
0.1562185826771653
11
0.6258863385826772
21
0.1566568503937008
0
LINE
8
BLACK
6
CONTINUOUS
10
0.6258863385826772
20
0.1566568503937008
11
0.6252450393700787
21
0.1576166535433071
0
LINE
8
BLACK
6
CONTINUOUS
10
0.6252450393700787
20
0.1576166535433071
11
0.6250666929133858
21
0.1585131496062992
0
LINE
8
BLACK
6
CONTINUOUS
10
0.6250666929133858
20
0.1585131496062992
11
0.6248645275590551
21
0.158971062992126
0
LINE
8
BLACK
6
CONTINUOUS
10
0.6248645275590551
20
0.158971062992126
11
0.6247090157480315
21
0.1603113385826772
0
LINE
8
BLACK
6
CONTINUOUS
10
0.6247090157480315
20
0.1603113385826772
11
0.6246456692913386
21
0.1606299212598425
0
LINE
8
BLACK
6
CONTINUOUS
10
0.6246456692913386
20
0.1606299212598425
11
0.6246456692913386
21
0.2393700787401575
0
LINE
8
BLACK
6
CONTINUOUS
10
0.6246456692913386
20
0.2393700787401575
11
0.6247090551181103
21
0.239688779527559
0
LINE
8
BLACK
6
CONTINUOUS
10
0.6247090551181103
20
0.239688779527559
11
0.6248645275590551
21
0.2410288976377953
0
LINE
8
BLACK
6
CONTINUOUS
10
0.6248645275590551
20
0.2410288976377953
11
0.6250666929133858
21
0.2414867716535433
0
LINE
8
BLACK
6
CONTINUOUS
10
0.6250666929133858
20
0.2414867716535433
11
0.6252450393700787
21
0.2423833464566929
0
LINE
8
BLACK
6
CONTINUOUS
10
0.6252450393700787
20
0.2423833464566929
11
0.6258863779527559
21
0.2433431889763779
0
LINE
8
BLACK
6
CONTINUOUS
10
0.6258863779527559
20
0.2433431889763779
11
0.6260798818897637
21
0.2437813779527559
0
LINE
8
BLACK
6
CONTINUOUS
10
0.6260798818897637
20
0.2437813779527559
11
0.6263791732283465
21
0.2440806692913386
0
LINE
8
BLACK
6
CONTINUOUS
10
0.6263791732283465
20
0.2440806692913386
11
0.6269519291338582
21
0.2449378346456693
0
LINE
8
BLACK
6
CONTINUOUS
10
0.6269519291338582
20
0.2449378346456693
11
0.6278090551181102
21
0.2455105511811023
0
LINE
8
BLACK
6
CONTINUOUS
10
0.6278090551181102
20
0.2455105511811023
11
0.6281083464566929
21
0.245809842519685
0
LINE
8
BLACK
6
CONTINUOUS
10
0.6281083464566929
20
0.245809842519685
11
0.6285464566929134
21
0.2460032677165354
0
LINE
8
BLACK
6
CONTINUOUS
10
0.6285464566929134
20
0.2460032677165354
11
0.6295064173228346
21
0.2466447244094488
0
LINE
8
BLACK
6
CONTINUOUS
10
0.6295064173228346
20
0.2466447244094488
11
0.6304030708661417
21
0.2468230708661417
0
LINE
8
BLACK
6
CONTINUOUS
10
0.6304030708661417
20
0.2468230708661417
11
0.6308608267716536
21
0.2470251968503937
0
LINE
8
BLACK
6
CONTINUOUS
10
0.6308608267716536
20
0.2470251968503937
11
0.6322006299212598
21
0.2471806299212598
0
LINE
8
BLACK
6
CONTINUOUS
10
0.6322006299212598
20
0.2471806299212598
11
0.6325196850393701
21
0.247244094488189
0
LINE
8
BLACK
6
CONTINUOUS
10
0.6325196850393701
20
0.247244094488189
11
0.6876377952755905
21
0.247244094488189
0
LINE
8
BLACK
6
CONTINUOUS
10
0.6876377952755905
20
0.247244094488189
11
0.6879569685039369
21
0.2471805905511811
0
LINE
8
BLACK
6
CONTINUOUS
10
0.4477994881889764
20
0.2314325590551181
11
0.4491391338582677
21
0.2312771653543307
0
LINE
8
BLACK
6
CONTINUOUS
10
0.4491391338582677
20
0.2312771653543307
11
0.449596811023622
21
0.2310750393700787
0
LINE
8
BLACK
6
CONTINUOUS
10
0.449596811023622
20
0.2310750393700787
11
0.4504935826771653
21
0.2308966929133858
0
LINE
8
BLACK
6
CONTINUOUS
10
0.4504935826771653
20
0.2308966929133858
11
0.4514535826771653
21
0.2302551968503937
0
LINE
8
BLACK
6
CONTINUOUS
10
0.4514535826771653
20
0.2302551968503937
11
0.4518916141732283
21
0.2300618110236221
0
LINE
8
BLACK
6
CONTINUOUS
10
0.4518916141732283
20
0.2300618110236221
11
0.4521907874015748
21
0.2297625984251968
0
LINE
8
BLACK
6
CONTINUOUS
10
0.4521907874015748
20
0.2297625984251968
11
0.4530480708661417
21
0.2291898031496063
0
LINE
8
BLACK
6
CONTINUOUS
10
0.4530480708661417
20
0.2291898031496063
11
0.4536208661417322
21
0.2283325196850394
0
LINE
8
BLACK
6
CONTINUOUS
10
0.4536208661417322
20
0.2283325196850394
11
0.4539200787401575
21
0.2280333464566929
0
LINE
8
BLACK
6
CONTINUOUS
10
0.4539200787401575
20
0.2280333464566929
11
0.4541134645669291
21
0.2275953149606299
0
LINE
8
BLACK
6
CONTINUOUS
10
0.4541134645669291
20
0.2275953149606299
11
0.4547549606299213
21
0.2266353149606299
0
LINE
8
BLACK
6
CONTINUOUS
10
0.4547549606299213
20
0.2266353149606299
11
0.4549333070866142
21
0.2257385433070866
0
LINE
8
BLACK
6
CONTINUOUS
10
0.4549333070866142
20
0.2257385433070866
11
0.4551354330708661
21
0.2252808661417323
0
LINE
8
BLACK
6
CONTINUOUS
10
0.4551354330708661
20
0.2252808661417323
11
0.4552908267716536
21
0.2239411417322835
0
LINE
8
BLACK
6
CONTINUOUS
10
0.4552908267716536
20
0.2239411417322835
11
0.4553543307086614
21
0.2236220472440945
0
LINE
8
BLACK
6
CONTINUOUS
10
0.4553543307086614
20
0.2236220472440945
11
0.4553543307086614
21
0.1763779527559055
0
LINE
8
BLACK
6
CONTINUOUS
10
0.4553543307086614
20
0.1763779527559055
11
0.4552908267716536
21
0.1760588188976378
0
LINE
8
BLACK
6
CONTINUOUS
10
0.4552908267716536
20
0.1760588188976378
11
0.4551354330708661
21
0.174719094488189
0
LINE
8
BLACK
6
CONTINUOUS
10
0.4551354330708661
20
0.174719094488189
11
0.4549333070866142
21
0.1742613385826772
0
LINE
8
BLACK
6
CONTINUOUS
10
0.4549333070866142
20
0.1742613385826772
11
0.4547549606299213
21
0.1733646850393701
0
LINE
8
BLACK
6
CONTINUOUS
10
0.4547549606299213
20
0.1733646850393701
11
0.4541135039370079
21
0.1724047244094488
0
LINE
8
BLACK
6
CONTINUOUS
10
0.4541135039370079
20
0.1724047244094488
11
0.4539200787401575
21
0.1719666141732283
0
LINE
8
BLACK
6
CONTINUOUS
10
0.4539200787401575
20
0.1719666141732283
11
0.4536207874015748
21
0.1716673228346457
0
LINE
8
BLACK
6
CONTINUOUS
10
0.4536207874015748
20
0.1716673228346457
11
0.4530480708661417
21
0.1708101968503937
0
LINE
8
BLACK
6
CONTINUOUS
10
0.4530480708661417
20
0.1708101968503937
11
0.452190905511811
21
0.1702374409448819
0
LINE
8
BLACK
6
CONTINUOUS
10
0.452190905511811
20
0.1702374409448819
11
0.4518916141732283
21
0.1699381496062992
0
LINE
8
BLACK
6
CONTINUOUS
10
0.4518916141732283
20
0.1699381496062992
11
0.4514534251968504
21
0.1697446456692913
0
LINE
8
BLACK
6
CONTINUOUS
10
0.4514534251968504
20
0.1697446456692913
11
0.4504935826771653
21
0.1691033070866142
0
LINE
8
BLACK
6
CONTINUOUS
10
0.4504935826771653
20
0.1691033070866142
11
0.4495970078740157
21
0.1689249606299213
0
LINE
8
BLACK
6
CONTINUOUS
10
0.4495970078740157
20
0.1689249606299213
11
0.4491391338582677
21
0.1687227952755906
0
LINE
8
BLACK
6
CONTINUOUS
10
0.4491391338582677
20
0.1687227952755906
11
0.447798937007874
21
0.1685672834645669
0
LINE
8
BLACK
6
CONTINUOUS
10
0.447798937007874
20
0.1685672834645669
11
0.4474803149606299
21
0.168503937007874
0
LINE
8
BLACK
6
CONTINUOUS
10
0.4474803149606299
20
0.168503937007874
11
0.4472526377952756
21
0.168503937007874
0
LINE
8
BLACK
6
CONTINUOUS
10
0.4472526377952756
20
0.168503937007874
11
0.3925899212598425
21
0.168503937007874
0
LINE
8
BLACK
6
CONTINUOUS
10
0.3925899212598425
20
0.168503937007874
11
0.3923622047244094
21
0.168503937007874
0
LINE
8
BLACK
6
CONTINUOUS
10
0.3923622047244094
20
0.168503937007874
11
0.3920435433070866
21
0.1685672834645669
0
LINE
8
BLACK
6
CONTINUOUS
10
0.3920435433070866
20
0.1685672834645669
11
0.3907033464566929
21
0.1687227952755906
0
LINE
8
BLACK
6
CONTINUOUS
10
0.3907033464566929
20
0.1687227952755906
11
0.3902454330708661
21
0.1689249606299213
0
LINE
8
BLACK
6
CONTINUOUS
10
0.3902454330708661
20
0.1689249606299213
11
0.389348937007874
21
0.1691033070866142
0
LINE
8
BLACK
6
CONTINUOUS
10
0.389348937007874
20
0.1691033070866142
11
0.3883891338582677
21
0.1697446062992126
0
LINE
8
BLACK
6
CONTINUOUS
10
0.3883891338582677
20
0.1697446062992126
11
0.3879508661417323
21
0.1699381496062992
0
LINE
8
BLACK
6
CONTINUOUS
10
0.3879508661417323
20
0.1699381496062992
11
0.3876514566929134
21
0.1702375196850394
0
LINE
8
BLACK
6
CONTINUOUS
10
0.3876514566929134
20
0.1702375196850394
11
0.3867944488188976
21
0.1708101968503937
0
LINE
8
BLACK
6
CONTINUOUS
10
0.3867944488188976
20
0.1708101968503937
11
0.3862217716535433
21
0.1716672047244094
0
LINE
8
BLACK
6
CONTINUOUS
10
0.3862217716535433
20
0.1716672047244094
11
0.3859224015748031
21
0.1719666141732283
0
LINE
8
BLACK
6
CONTINUOUS
10
0.3859224015748031
20
0.1719666141732283
11
0.3857288582677165
21
0.1724048818897638
0
LINE
8
BLACK
6
CONTINUOUS
10
0.3857288582677165
20
0.1724048818897638
11
0.3850875590551181
21
0.1733646850393701
0
LINE
8
BLACK
6
CONTINUOUS
10
0.3850875590551181
20
0.1733646850393701
11
0.3849092125984252
21
0.1742611811023622
0
LINE
8
BLACK
6
CONTINUOUS
10
0.3849092125984252
20
0.1742611811023622
11
0.3847070472440945
21
0.174719094488189
0
LINE
8
BLACK
6
CONTINUOUS
10
0.3847070472440945
20
0.174719094488189
11
0.3845515354330709
21
0.1760593700787401
0
LINE
8
BLACK
6
CONTINUOUS
10
0.3845515354330709
20
0.1760593700787401
11
0.3844881889763779
21
0.1763779527559055
0
LINE
8
BLACK
6
CONTINUOUS
10
0.3844881889763779
20
0.1763779527559055
11
0.3844881889763779
21
0.2236220472440945
0
LINE
8
BLACK
6
CONTINUOUS
10
0.3844881889763779
20
0.2236220472440945
11
0.3845515748031496
21
0.2239407480314961
0
LINE
8
BLACK
6
CONTINUOUS
10
0.3845515748031496
20
0.2239407480314961
11
0.3847070472440945
21
0.2252808661417323
0
LINE
8
BLACK
6
CONTINUOUS
10
0.3847070472440945
20
0.2252808661417323
11
0.3849092125984252
21
0.2257387401574803
0
LINE
8
BLACK
6
CONTINUOUS
10
0.3849092125984252
20
0.2257387401574803
11
0.3850875590551181
21
0.2266353149606299
0
LINE
8
BLACK
6
CONTINUOUS
10
0.3850875590551181
20
0.2266353149606299
11
0.3857288976377953
21
0.2275951574803149
0
LINE
8
BLACK
6
CONTINUOUS
10
0.3857288976377953
20
0.2275951574803149
11
0.3859224015748031
21
0.2280333464566929
0
LINE
8
BLACK
6
CONTINUOUS
10
0.3859224015748031
20
0.2280333464566929
11
0.3862216929133858
21
0.2283326377952756
0
LINE
8
BLACK
6
CONTINUOUS
10
0.3862216929133858
20
0.2283326377952756
11
0.3867944488188976
21
0.2291898031496063
0
LINE
8
BLACK
6
CONTINUOUS
10
0.3867944488188976
20
0.2291898031496063
11
0.3876515748031496
21
0.2297625196850394
0
LINE
8
BLACK
6
CONTINUOUS
10
0.3876515748031496
20
0.2297625196850394
11
0.3879508661417323
21
0.2300618110236221
0
LINE
8
BLACK
6
CONTINUOUS
10
0.3879508661417323
20
0.2300618110236221
11
0.3883889763779527
21
0.2302552362204724
0
LINE
8
BLACK
6
CONTINUOUS
10
0.3883889763779527
20
0.2302552362204724
11
0.389348937007874
21
0.2308966929133858
0
LINE
8
BLACK
6
CONTINUOUS
10
0.389348937007874
20
0.2308966929133858
11
0.3902455905511811
21
0.2310750393700787
0
LINE
8
BLACK
6
CONTINUOUS
10
0.3902455905511811
20
0.2310750393700787
11
0.3907033464566929
21
0.2312771653543307
0
LINE
8
BLACK
6
CONTINUOUS
10
0.3907033464566929
20
0.2312771653543307
11
0.3920431496062992
21
0.2314325984251968
0
LINE
8
BLACK
6
CONTINUOUS
10
0.3920431496062992
20
0.2314325984251968
11
0.3923622047244094
21
0.231496062992126
0
LINE
8
BLACK
6
CONTINUOUS
10
0.3923622047244094
20
0.231496062992126
11
0.4474803149606299
21
0.231496062992126
0
LINE
8
BLACK
6
CONTINUOUS
10
0.4474803149606299
20
0.231496062992126
11
0.4477994881889764
21
0.2314325590551181
0
LINE
8
BLACK
6
CONTINUOUS
10
0.8703191732283464
20
0.2678105118110236
11
0.8716588188976377
21
0.2676551181102362
0
LINE
8
BLACK
6
CONTINUOUS
10
0.8716588188976377
20
0.2676551181102362
11
0.8721164960629921
21
0.2674529921259842
0
LINE
8
BLACK
6
CONTINUOUS
10
0.8721164960629921
20
0.2674529921259842
11
0.8730132677165354
21
0.2672746456692913
0
LINE
8
BLACK
6
CONTINUOUS
10
0.8730132677165354
20
0.2672746456692913
11
0.8739732677165354
21
0.2666331496062992
0
LINE
8
BLACK
6
CONTINUOUS
10
0.8739732677165354
20
0.2666331496062992
11
0.8744112992125984
21
0.2664397637795275
0
LINE
8
BLACK
6
CONTINUOUS
10
0.8744112992125984
20
0.2664397637795275
11
0.8747104724409449
21
0.2661405511811024
0
LINE
8
BLACK
6
CONTINUOUS
10
0.8747104724409449
20
0.2661405511811024
11
0.8755677559055118
21
0.2655677559055118
0
LINE
8
BLACK
6
CONTINUOUS
10
0.8755677559055118
20
0.2655677559055118
11
0.8761405511811023
21
0.2647104724409449
0
LINE
8
BLACK
6
CONTINUOUS
10
0.8761405511811023
20
0.2647104724409449
11
0.8764397637795276
21
0.2644112992125984
0
LINE
8
BLACK
6
CONTINUOUS
10
0.8764397637795276
20
0.2644112992125984
11
0.8766331496062992
21
0.2639732677165355
0
LINE
8
BLACK
6
CONTINUOUS
10
0.8766331496062992
20
0.2639732677165355
11
0.8772746456692914
21
0.2630132677165354
0
LINE
8
BLACK
6
CONTINUOUS
10
0.8772746456692914
20
0.2630132677165354
11
0.8774529921259843
21
0.2621164960629921
0
LINE
8
BLACK
6
CONTINUOUS
10
0.8774529921259843
20
0.2621164960629921
11
0.8776551181102362
21
0.2616588188976378
0
LINE
8
BLACK
6
CONTINUOUS
10
0.8776551181102362
20
0.2616588188976378
11
0.8778105118110237
21
0.260319094488189
0
LINE
8
BLACK
6
CONTINUOUS
10
0.8778105118110237
20
0.260319094488189
11
0.8778740157480315
21
0.26
0
LINE
8
BLACK
6
CONTINUOUS
10
0.8778740157480315
20
0.26
11
0.8778740157480315
21
0.2
0
LINE
8
BLACK
6
CONTINUOUS
10
0.8778740157480315
20
0.2
11
0.8778105118110237
21
0.1996808661417323
0
LINE
8
BLACK
6
CONTINUOUS
10
0.8778105118110237
20
0.1996808661417323
11
0.8776551181102362
21
0.1983411417322835
0
LINE
8
BLACK
6
CONTINUOUS
10
0.8776551181102362
20
0.1983411417322835
11
0.8774529921259843
21
0.1978833858267716
0
LINE
8
BLACK
6
CONTINUOUS
10
0.8774529921259843
20
0.1978833858267716
11
0.8772746456692914
21
0.1969867322834646
0
LINE
8
BLACK
6
CONTINUOUS
10
0.8772746456692914
20
0.1969867322834646
11
0.876633188976378
21
0.1960267716535433
0
LINE
8
BLACK
6
CONTINUOUS
10
0.876633188976378
20
0.1960267716535433
11
0.8764397637795276
21
0.1955886614173228
0
LINE
8
BLACK
6
CONTINUOUS
10
0.8764397637795276
20
0.1955886614173228
11
0.8761404724409448
21
0.1952893700787401
0
LINE
8
BLACK
6
CONTINUOUS
10
0.8761404724409448
20
0.1952893700787401
11
0.8755677559055118
21
0.1944322440944882
0
LINE
8
BLACK
6
CONTINUOUS
10
0.8755677559055118
20
0.1944322440944882
11
0.8747105905511811
21
0.1938594881889764
0
LINE
8
BLACK
6
CONTINUOUS
10
0.8747105905511811
20
0.1938594881889764
11
0.8744112992125984
21
0.1935601968503937
0
LINE
8
BLACK
6
CONTINUOUS
10
0.8744112992125984
20
0.1935601968503937
11
0.8739731102362205
21
0.1933666929133858
0
LINE
8
BLACK
6
CONTINUOUS
10
0.8739731102362205
20
0.1933666929133858
11
0.8730132677165354
21
0.1927253543307087
0
LINE
8
BLACK
6
CONTINUOUS
10
0.8730132677165354
20
0.1927253543307087
11
0.8721166929133858
21
0.1925470078740157
0
LINE
8
BLACK
6
CONTINUOUS
10
0.8721166929133858
20
0.1925470078740157
11
0.8716588188976377
21
0.192344842519685
0
LINE
8
BLACK
6
CONTINUOUS
10
0.8716588188976377
20
0.192344842519685
11
0.8703186220472441
21
0.1921893307086614
0
LINE
8
BLACK
6
CONTINUOUS
10
0.8703186220472441
20
0.1921893307086614
11
0.87
21
0.1921259842519685
0
LINE
8
BLACK
6
CONTINUOUS
10
0.87
20
0.1921259842519685
11
0.8697723228346457
21
0.1921259842519685
0
LINE
8
BLACK
6
CONTINUOUS
10
0.8697723228346457
20
0.1921259842519685
11
0.810227716535433
21
0.1921259842519685
0
LINE
8
BLACK
6
CONTINUOUS
10
0.810227716535433
20
0.1921259842519685
11
0.8099999999999999
21
0.1921259842519685
0
LINE
8
BLACK
6
CONTINUOUS
10
0.8099999999999999
20
0.1921259842519685
11
0.8096813385826771
21
0.1921893307086614
0
LINE
8
BLACK
6
CONTINUOUS
10
0.8096813385826771
20
0.1921893307086614
11
0.8083411417322834
21
0.192344842519685
0
LINE
8
BLACK
6
CONTINUOUS
10
0.8083411417322834
20
0.192344842519685
11
0.8078832283464566
21
0.1925470078740157
0
LINE
8
BLACK
6
CONTINUOUS
10
0.8078832283464566
20
0.1925470078740157
11
0.8069867322834645
21
0.1927253543307087
0
LINE
8
BLACK
6
CONTINUOUS
10
0.8069867322834645
20
0.1927253543307087
11
0.8060269291338582
21
0.1933666535433071
0
LINE
8
BLACK
6
CONTINUOUS
10
0.8060269291338582
20
0.1933666535433071
11
0.8055886614173228
21
0.1935601968503937
0
LINE
8
BLACK
6
CONTINUOUS
10
0.8055886614173228
20
0.1935601968503937
11
0.8052892519685039
21
0.1938595669291339
0
LINE
8
BLACK
6
CONTINUOUS
10
0.8052892519685039
20
0.1938595669291339
11
0.8044322440944882
21
0.1944322440944882
0
LINE
8
BLACK
6
CONTINUOUS
10
0.8044322440944882
20
0.1944322440944882
11
0.8038595669291339
21
0.1952892519685039
0
LINE
8
BLACK
6
CONTINUOUS
10
0.8038595669291339
20
0.1952892519685039
11
0.8035601968503937
21
0.1955886614173228
0
LINE
8
BLACK
6
CONTINUOUS
10
0.8035601968503937
20
0.1955886614173228
11
0.8033666535433071
21
0.1960269291338583
0
LINE
8
BLACK
6
CONTINUOUS
10
0.8033666535433071
20
0.1960269291338583
11
0.8027253543307087
21
0.1969867322834646
0
LINE
8
BLACK
6
CONTINUOUS
10
0.8027253543307087
20
0.1969867322834646
11
0.8025470078740158
21
0.1978832283464567
0
LINE
8
BLACK
6
CONTINUOUS
10
0.8025470078740158
20
0.1978832283464567
11
0.8023448425196851
21
0.1983411417322835
0
LINE
8
BLACK
6
CONTINUOUS
10
0.8023448425196851
20
0.1983411417322835
11
0.8021893307086614
21
0.1996814173228346
0
LINE
8
BLACK
6
CONTINUOUS
10
0.8021893307086614
20
0.1996814173228346
11
0.8021259842519685
21
0.2
0
LINE
8
BLACK
6
CONTINUOUS
10
0.8021259842519685
20
0.2
11
0.8021259842519685
21
0.26
0
LINE
8
BLACK
6
CONTINUOUS
10
0.8021259842519685
20
0.26
11
0.8021893700787401
21
0.2603187007874015
0
LINE
8
BLACK
6
CONTINUOUS
10
0.8021893700787401
20
0.2603187007874015
11
0.8023448425196851
21
0.2616588188976378
0
LINE
8
BLACK
6
CONTINUOUS
10
0.8023448425196851
20
0.2616588188976378
11
0.8025470078740158
21
0.2621166929133858
0
LINE
8
BLACK
6
CONTINUOUS
10
0.8025470078740158
20
0.2621166929133858
11
0.8027253543307087
21
0.2630132677165354
0
LINE
8
BLACK
6
CONTINUOUS
10
0.8027253543307087
20
0.2630132677165354
11
0.8033666929133858
21
0.2639731102362204
0
LINE
8
BLACK
6
CONTINUOUS
10
0.8033666929133858
20
0.2639731102362204
11
0.8035601968503937
21
0.2644112992125984
0
LINE
8
BLACK
6
CONTINUOUS
10
0.8035601968503937
20
0.2644112992125984
11
0.8038594881889763
21
0.2647105905511811
0
LINE
8
BLACK
6
CONTINUOUS
10
0.8038594881889763
20
0.2647105905511811
11
0.8044322440944882
21
0.2655677559055118
0
LINE
8
BLACK
6
CONTINUOUS
10
0.8044322440944882
20
0.2655677559055118
11
0.8052893700787401
21
0.2661404724409449
0
LINE
8
BLACK
6
CONTINUOUS
10
0.8052893700787401
20
0.2661404724409449
11
0.8055886614173228
21
0.2664397637795275
0
LINE
8
BLACK
6
CONTINUOUS
10
0.8055886614173228
20
0.2664397637795275
11
0.8060267716535433
21
0.2666331889763779
0
LINE
8
BLACK
6
CONTINUOUS
10
0.8060267716535433
20
0.2666331889763779
11
0.8069867322834645
21
0.2672746456692913
0
LINE
8
BLACK
6
CONTINUOUS
10
0.8069867322834645
20
0.2672746456692913
11
0.8078833858267717
21
0.2674529921259842
0
LINE
8
BLACK
6
CONTINUOUS
10
0.8078833858267717
20
0.2674529921259842
11
0.8083411417322834
21
0.2676551181102362
0
LINE
8
BLACK
6
CONTINUOUS
10
0.8083411417322834
20
0.2676551181102362
11
0.8096809448818898
21
0.2678105511811024
0
LINE
8
BLACK
6
CONTINUOUS
10
0.8096809448818898
20
0.2678105511811024
11
0.8099999999999999
21
0.2678740157480315
0
LINE
8
BLACK
6
CONTINUOUS
10
0.8099999999999999
20
0.2678740157480315
11
0.87
21
0.2678740157480315
0
LINE
8
BLACK
6
CONTINUOUS
10
0.87
20
0.2678740157480315
11
0.8703191732283464
21
0.2678105118110236
0
LINE
8
BLACK
6
CONTINUOUS
10
0.9703191732283465
20
0.2678105118110236
11
0.9716588188976377
21
0.2676551181102362
0
LINE
8
BLACK
6
CONTINUOUS
10
0.9716588188976377
20
0.2676551181102362
11
0.9721164960629921
21
0.2674529921259842
0
LINE
8
BLACK
6
CONTINUOUS
10
0.9721164960629921
20
0.2674529921259842
11
0.9730132677165354
21
0.2672746456692913
0
LINE
8
BLACK
6
CONTINUOUS
10
0.9730132677165354
20
0.2672746456692913
11
0.9739732677165354
21
0.2666331496062992
0
LINE
8
BLACK
6
CONTINUOUS
10
0.9739732677165354
20
0.2666331496062992
11
0.9744112992125984
21
0.2664397637795275
0
LINE
8
BLACK
6
CONTINUOUS
10
0.9744112992125984
20
0.2664397637795275
11
0.9747104724409449
21
0.2661405511811024
0
LINE
8
BLACK
6
CONTINUOUS
10
0.9747104724409449
20
0.2661405511811024
11
0.9755677559055118
21
0.2655677559055118
0
LINE
8
BLACK
6
CONTINUOUS
10
0.9755677559055118
20
0.2655677559055118
11
0.9761405511811023
21
0.2647104724409449
0
LINE
8
BLACK
6
CONTINUOUS
10
0.9761405511811023
20
0.2647104724409449
11
0.9764397637795276
21
0.2644112992125984
0
LINE
8
BLACK
6
CONTINUOUS
10
0.9764397637795276
20
0.2644112992125984
11
0.9766331496062992
21
0.2639732677165355
0
LINE
8
BLACK
6
CONTINUOUS
10
0.9766331496062992
20
0.2639732677165355
11
0.9772746456692913
21
0.2630132677165354
0
LINE
8
BLACK
6
CONTINUOUS
10
0.9772746456692913
20
0.2630132677165354
11
0.9774529921259842
21
0.2621164960629921
0
LINE
8
BLACK
6
CONTINUOUS
10
0.9774529921259842
20
0.2621164960629921
11
0.9776551181102362
21
0.2616588188976378
0
LINE
8
BLACK
6
CONTINUOUS
10
0.9776551181102362
20
0.2616588188976378
11
0.9778105118110236
21
0.260319094488189
0
LINE
8
BLACK
6
CONTINUOUS
10
0.9778105118110236
20
0.260319094488189
11
0.9778740157480315
21
0.26
0
LINE
8
BLACK
6
CONTINUOUS
10
0.9778740157480315
20
0.26
11
0.9778740157480315
21
0.2
0
LINE
8
BLACK
6
CONTINUOUS
10
0.9778740157480315
20
0.2
11
0.9778105118110236
21
0.1996808661417323
0
LINE
8
BLACK
6
CONTINUOUS
10
0.9778105118110236
20
0.1996808661417323
11
0.9776551181102362
21
0.1983411417322835
0
LINE
8
BLACK
6
CONTINUOUS
10
0.9776551181102362
20
0.1983411417322835
11
0.9774529921259842
21
0.1978833858267716
0
LINE
8
BLACK
6
CONTINUOUS
10
0.9774529921259842
20
0.1978833858267716
11
0.9772746456692913
21
0.1969867322834646
0
LINE
8
BLACK
6
CONTINUOUS
10
0.9772746456692913
20
0.1969867322834646
11
0.976633188976378
21
0.1960267716535433
0
LINE
8
BLACK
6
CONTINUOUS
10
0.976633188976378
20
0.1960267716535433
11
0.9764397637795276
21
0.1955886614173228
0
LINE
8
BLACK
6
CONTINUOUS
10
0.9764397637795276
20
0.1955886614173228
11
0.9761404724409448
21
0.1952893700787401
0
LINE
8
BLACK
6
CONTINUOUS
10
0.9761404724409448
20
0.1952893700787401
11
0.9755677559055118
21
0.1944322440944882
0
LINE
8
BLACK
6
CONTINUOUS
10
0.9755677559055118
20
0.1944322440944882
11
0.974710590551181
21
0.1938594881889764
0
LINE
8
BLACK
6
CONTINUOUS
10
0.974710590551181
20
0.1938594881889764
11
0.9744112992125984
21
0.1935601968503937
0
LINE
8
BLACK
6
CONTINUOUS
10
0.9744112992125984
20
0.1935601968503937
11
0.9739731102362205
21
0.1933666929133858
0
LINE
8
BLACK
6
CONTINUOUS
10
0.9739731102362205
20
0.1933666929133858
11
0.9730132677165354
21
0.1927253543307087
0
LINE
8
BLACK
6
CONTINUOUS
10
0.9730132677165354
20
0.1927253543307087
11
0.9721166929133858
21
0.1925470078740157
0
LINE
8
BLACK
6
CONTINUOUS
10
0.9721166929133858
20
0.1925470078740157
11
0.9716588188976377
21
0.192344842519685
0
LINE
8
BLACK
6
CONTINUOUS
10
0.9716588188976377
20
0.192344842519685
11
0.9703186220472441
21
0.1921893307086614
0
LINE
8
BLACK
6
CONTINUOUS
10
0.9703186220472441
20
0.1921893307086614
11
0.97
21
0.1921259842519685
0
LINE
8
BLACK
6
CONTINUOUS
10
0.97
20
0.1921259842519685
11
0.9697723228346457
21
0.1921259842519685
0
LINE
8
BLACK
6
CONTINUOUS
10
0.9697723228346457
20
0.1921259842519685
11
0.910227716535433
21
0.1921259842519685
0
LINE
8
BLACK
6
CONTINUOUS
10
0.910227716535433
20
0.1921259842519685
11
0.91
21
0.1921259842519685
0
LINE
8
BLACK
6
CONTINUOUS
10
0.91
20
0.1921259842519685
11
0.9096813385826772
21
0.1921893307086614
0
LINE
8
BLACK
6
CONTINUOUS
10
0.9096813385826772
20
0.1921893307086614
11
0.9083411417322834
21
0.192344842519685
0
LINE
8
BLACK
6
CONTINUOUS
10
0.9083411417322834
20
0.192344842519685
11
0.9078832283464566
21
0.1925470078740157
0
LINE
8
BLACK
6
CONTINUOUS
10
0.9078832283464566
20
0.1925470078740157
11
0.9069867322834645
21
0.1927253543307087
0
LINE
8
BLACK
6
CONTINUOUS
10
0.9069867322834645
20
0.1927253543307087
11
0.9060269291338583
21
0.1933666535433071
0
LINE
8
BLACK
6
CONTINUOUS
10
0.9060269291338583
20
0.1933666535433071
11
0.9055886614173229
21
0.1935601968503937
0
LINE
8
BLACK
6
CONTINUOUS
10
0.9055886614173229
20
0.1935601968503937
11
0.905289251968504
21
0.1938595669291339
0
LINE
8
BLACK
6
CONTINUOUS
10
0.905289251968504
20
0.1938595669291339
11
0.9044322440944882
21
0.1944322440944882
0
LINE
8
BLACK
6
CONTINUOUS
10
0.9044322440944882
20
0.1944322440944882
11
0.9038595669291338
21
0.1952892519685039
0
LINE
8
BLACK
6
CONTINUOUS
10
0.9038595669291338
20
0.1952892519685039
11
0.9035601968503937
21
0.1955886614173228
0
LINE
8
BLACK
6
CONTINUOUS
10
0.9035601968503937
20
0.1955886614173228
11
0.903366653543307
21
0.1960269291338583
0
LINE
8
BLACK
6
CONTINUOUS
10
0.903366653543307
20
0.1960269291338583
11
0.9027253543307087
21
0.1969867322834646
0
LINE
8
BLACK
6
CONTINUOUS
10
0.9027253543307087
20
0.1969867322834646
11
0.9025470078740158
21
0.1978832283464567
0
LINE
8
BLACK
6
CONTINUOUS
10
0.9025470078740158
20
0.1978832283464567
11
0.9023448425196851
21
0.1983411417322835
0
LINE
8
BLACK
6
CONTINUOUS
10
0.9023448425196851
20
0.1983411417322835
11
0.9021893307086614
21
0.1996814173228346
0
LINE
8
BLACK
6
CONTINUOUS
10
0.9021893307086614
20
0.1996814173228346
11
0.9021259842519684
21
0.2
0
LINE
8
BLACK
6
CONTINUOUS
10
0.9021259842519684
20
0.2
11
0.9021259842519684
21
0.26
0
LINE
8
BLACK
6
CONTINUOUS
10
0.9021259842519684
20
0.26
11
0.9021893700787401
21
0.2603187007874015
0
LINE
8
BLACK
6
CONTINUOUS
10
0.9021893700787401
20
0.2603187007874015
11
0.9023448425196851
21
0.2616588188976378
0
LINE
8
BLACK
6
CONTINUOUS
10
0.9023448425196851
20
0.2616588188976378
11
0.9025470078740158
21
0.2621166929133858
0
LINE
8
BLACK
6
CONTINUOUS
10
0.9025470078740158
20
0.2621166929133858
11
0.9027253543307087
21
0.2630132677165354
0
LINE
8
BLACK
6
CONTINUOUS
10
0.9027253543307087
20
0.2630132677165354
11
0.9033666929133858
21
0.2639731102362204
0
LINE
8
BLACK
6
CONTINUOUS
10
0.9033666929133858
20
0.2639731102362204
11
0.9035601968503937
21
0.2644112992125984
0
LINE
8
BLACK
6
CONTINUOUS
10
0.9035601968503937
20
0.2644112992125984
11
0.9038594881889763
21
0.2647105905511811
0
LINE
8
BLACK
6
CONTINUOUS
10
0.9038594881889763
20
0.2647105905511811
11
0.9044322440944882
21
0.2655677559055118
0
LINE
8
BLACK
6
CONTINUOUS
10
0.9044322440944882
20
0.2655677559055118
11
0.9052893700787401
21
0.2661404724409449
0
LINE
8
BLACK
6
CONTINUOUS
10
0.9052893700787401
20
0.2661404724409449
11
0.9055886614173229
21
0.2664397637795275
0
LINE
8
BLACK
6
CONTINUOUS
10
0.9055886614173229
20
0.2664397637795275
11
0.9060267716535433
21
0.2666331889763779
0
LINE
8
BLACK
6
CONTINUOUS
10
0.9060267716535433
20
0.2666331889763779
11
0.9069867322834645
21
0.2672746456692913
0
LINE
8
BLACK
6
CONTINUOUS
10
0.9069867322834645
20
0.2672746456692913
11
0.9078833858267716
21
0.2674529921259842
0
LINE
8
BLACK
6
CONTINUOUS
10
0.9078833858267716
20
0.2674529921259842
11
0.9083411417322834
21
0.2676551181102362
0
LINE
8
BLACK
6
CONTINUOUS
10
0.9083411417322834
20
0.2676551181102362
11
0.9096809448818898
21
0.2678105511811024
0
LINE
8
BLACK
6
CONTINUOUS
10
0.9096809448818898
20
0.2678105511811024
11
0.91
21
0.2678740157480315
0
LINE
8
BLACK
6
CONTINUOUS
10
0.91
20
0.2678740157480315
11
0.97
21
0.2678740157480315
0
LINE
8
BLACK
6
CONTINUOUS
10
0.97
20
0.2678740157480315
11
0.9703191732283465
21
0.2678105118110236
0
LINE
8
BLACK
6
CONTINUOUS
10
1.0703191732283464
20
0.2678105118110236
11
1.0716588188976377
21
0.2676551181102362
0
LINE
8
BLACK
6
CONTINUOUS
10
1.0716588188976377
20
0.2676551181102362
11
1.0721164960629921
21
0.2674529921259842
0
LINE
8
BLACK
6
CONTINUOUS
10
1.0721164960629921
20
0.2674529921259842
11
1.0730132677165354
21
0.2672746456692913
0
LINE
8
BLACK
6
CONTINUOUS
10
1.0730132677165354
20
0.2672746456692913
11
1.0739732677165355
21
0.2666331496062992
0
LINE
8
BLACK
6
CONTINUOUS
10
1.0739732677165355
20
0.2666331496062992
11
1.0744112992125985
21
0.2664397637795275
0
LINE
8
BLACK
6
CONTINUOUS
10
1.0744112992125985
20
0.2664397637795275
11
1.0747104724409449
21
0.2661405511811024
0
LINE
8
BLACK
6
CONTINUOUS
10
1.0747104724409449
20
0.2661405511811024
11
1.0755677559055117
21
0.2655677559055118
0
LINE
8
BLACK
6
CONTINUOUS
10
1.0755677559055117
20
0.2655677559055118
11
1.0761405511811024
21
0.2647104724409449
0
LINE
8
BLACK
6
CONTINUOUS
10
1.0761405511811024
20
0.2647104724409449
11
1.0764397637795275
21
0.2644112992125984
0
LINE
8
BLACK
6
CONTINUOUS
10
1.0764397637795275
20
0.2644112992125984
11
1.0766331496062991
21
0.2639732677165355
0
LINE
8
BLACK
6
CONTINUOUS
10
1.0766331496062991
20
0.2639732677165355
11
1.0772746456692912
21
0.2630132677165354
0
LINE
8
BLACK
6
CONTINUOUS
10
1.0772746456692912
20
0.2630132677165354
11
1.0774529921259843
21
0.2621164960629921
0
LINE
8
BLACK
6
CONTINUOUS
10
1.0774529921259843
20
0.2621164960629921
11
1.0776551181102363
21
0.2616588188976378
0
LINE
8
BLACK
6
CONTINUOUS
10
1.0776551181102363
20
0.2616588188976378
11
1.0778105118110235
21
0.260319094488189
0
LINE
8
BLACK
6
CONTINUOUS
10
1.0778105118110235
20
0.260319094488189
11
1.0778740157480315
21
0.26
0
LINE
8
BLACK
6
CONTINUOUS
10
1.0778740157480315
20
0.26
11
1.0778740157480315
21
0.2
0
LINE
8
BLACK
6
CONTINUOUS
10
1.0778740157480315
20
0.2
11
1.0778105118110235
21
0.1996808661417323
0
LINE
8
BLACK
6
CONTINUOUS
10
1.0778105118110235
20
0.1996808661417323
11
1.0776551181102363
21
0.1983411417322835
0
LINE
8
BLACK
6
CONTINUOUS
10
1.0776551181102363
20
0.1983411417322835
11
1.0774529921259843
21
0.1978833858267716
0
LINE
8
BLACK
6
CONTINUOUS
10
1.0774529921259843
20
0.1978833858267716
11
1.0772746456692912
21
0.1969867322834646
0
LINE
8
BLACK
6
CONTINUOUS
10
1.0772746456692912
20
0.1969867322834646
11
1.0766331889763778
21
0.1960267716535433
0
LINE
8
BLACK
6
CONTINUOUS
10
1.0766331889763778
20
0.1960267716535433
11
1.0764397637795275
21
0.1955886614173228
0
LINE
8
BLACK
6
CONTINUOUS
10
1.0764397637795275
20
0.1955886614173228
11
1.0761404724409449
21
0.1952893700787401
0
LINE
8
BLACK
6
CONTINUOUS
10
1.0761404724409449
20
0.1952893700787401
11
1.0755677559055117
21
0.1944322440944882
0
LINE
8
BLACK
6
CONTINUOUS
10
1.0755677559055117
20
0.1944322440944882
11
1.0747105905511811
21
0.1938594881889764
0
LINE
8
BLACK
6
CONTINUOUS
10
1.0747105905511811
20
0.1938594881889764
11
1.0744112992125985
21
0.1935601968503937
0
LINE
8
BLACK
6
CONTINUOUS
10
1.0744112992125985
20
0.1935601968503937
11
1.0739731102362204
21
0.1933666929133858
0
LINE
8
BLACK
6
CONTINUOUS
10
1.0739731102362204
20
0.1933666929133858
11
1.0730132677165354
21
0.1927253543307087
0
LINE
8
BLACK
6
CONTINUOUS
10
1.0730132677165354
20
0.1927253543307087
11
1.0721166929133858
21
0.1925470078740157
0
LINE
8
BLACK
6
CONTINUOUS
10
1.0721166929133858
20
0.1925470078740157
11
1.0716588188976377
21
0.192344842519685
0
LINE
8
BLACK
6
CONTINUOUS
10
1.0716588188976377
20
0.192344842519685
11
1.070318622047244
21
0.1921893307086614
0
LINE
8
BLACK
6
CONTINUOUS
10
1.070318622047244
20
0.1921893307086614
11
1.0700000000000001
21
0.1921259842519685
0
LINE
8
BLACK
6
CONTINUOUS
10
1.0700000000000001
20
0.1921259842519685
11
1.0697723228346456
21
0.1921259842519685
0
LINE
8
BLACK
6
CONTINUOUS
10
1.0697723228346456
20
0.1921259842519685
11
1.010227716535433
21
0.1921259842519685
0
LINE
8
BLACK
6
CONTINUOUS
10
1.010227716535433
20
0.1921259842519685
11
1.01
21
0.1921259842519685
0
LINE
8
BLACK
6
CONTINUOUS
10
1.01
20
0.1921259842519685
11
1.0096813385826771
21
0.1921893307086614
0
LINE
8
BLACK
6
CONTINUOUS
10
1.0096813385826771
20
0.1921893307086614
11
1.0083411417322834
21
0.192344842519685
0
LINE
8
BLACK
6
CONTINUOUS
10
1.0083411417322834
20
0.192344842519685
11
1.0078832283464567
21
0.1925470078740157
0
LINE
8
BLACK
6
CONTINUOUS
10
1.0078832283464567
20
0.1925470078740157
11
1.0069867322834645
21
0.1927253543307087
0
LINE
8
BLACK
6
CONTINUOUS
10
1.0069867322834645
20
0.1927253543307087
11
1.0060269291338582
21
0.1933666535433071
0
LINE
8
BLACK
6
CONTINUOUS
10
1.0060269291338582
20
0.1933666535433071
11
1.0055886614173228
21
0.1935601968503937
0
LINE
8
BLACK
6
CONTINUOUS
10
1.0055886614173228
20
0.1935601968503937
11
1.0052892519685039
21
0.1938595669291339
0
LINE
8
BLACK
6
CONTINUOUS
10
1.0052892519685039
20
0.1938595669291339
11
1.0044322440944882
21
0.1944322440944882
0
LINE
8
BLACK
6
CONTINUOUS
10
1.0044322440944882
20
0.1944322440944882
11
1.0038595669291339
21
0.1952892519685039
0
LINE
8
BLACK
6
CONTINUOUS
10
1.0038595669291339
20
0.1952892519685039
11
1.0035601968503938
21
0.1955886614173228
0
LINE
8
BLACK
6
CONTINUOUS
10
1.0035601968503938
20
0.1955886614173228
11
1.003366653543307
21
0.1960269291338583
0
LINE
8
BLACK
6
CONTINUOUS
10
1.003366653543307
20
0.1960269291338583
11
1.0027253543307086
21
0.1969867322834646
0
LINE
8
BLACK
6
CONTINUOUS
10
1.0027253543307086
20
0.1969867322834646
11
1.0025470078740157
21
0.1978832283464567
0
LINE
8
BLACK
6
CONTINUOUS
10
1.0025470078740157
20
0.1978832283464567
11
1.002344842519685
21
0.1983411417322835
0
LINE
8
BLACK
6
CONTINUOUS
10
1.002344842519685
20
0.1983411417322835
11
1.0021893307086613
21
0.1996814173228346
0
LINE
8
BLACK
6
CONTINUOUS
10
1.0021893307086613
20
0.1996814173228346
11
1.0021259842519685
21
0.2
0
LINE
8
BLACK
6
CONTINUOUS
10
1.0021259842519685
20
0.2
11
1.0021259842519685
21
0.26
0
LINE
8
BLACK
6
CONTINUOUS
10
1.0021259842519685
20
0.26
11
1.0021893700787401
21
0.2603187007874015
0
LINE
8
BLACK
6
CONTINUOUS
10
1.0021893700787401
20
0.2603187007874015
11
1.002344842519685
21
0.2616588188976378
0
LINE
8
BLACK
6
CONTINUOUS
10
1.002344842519685
20
0.2616588188976378
11
1.0025470078740157
21
0.2621166929133858
0
LINE
8
BLACK
6
CONTINUOUS
10
1.0025470078740157
20
0.2621166929133858
11
1.0027253543307086
21
0.2630132677165354
0
LINE
8
BLACK
6
CONTINUOUS
10
1.0027253543307086
20
0.2630132677165354
11
1.0033666929133858
21
0.2639731102362204
0
LINE
8
BLACK
6
CONTINUOUS
10
1.0033666929133858
20
0.2639731102362204
11
1.0035601968503938
21
0.2644112992125984
0
LINE
8
BLACK
6
CONTINUOUS
10
1.0035601968503938
20
0.2644112992125984
11
1.0038594881889764
21
0.2647105905511811
0
LINE
8
BLACK
6
CONTINUOUS
10
1.0038594881889764
20
0.2647105905511811
11
1.0044322440944882
21
0.2655677559055118
0
LINE
8
BLACK
6
CONTINUOUS
10
1.0044322440944882
20
0.2655677559055118
11
1.0052893700787402
21
0.2661404724409449
0
LINE
8
BLACK
6
CONTINUOUS
10
1.0052893700787402
20
0.2661404724409449
11
1.0055886614173228
21
0.2664397637795275
0
LINE
8
BLACK
6
CONTINUOUS
10
1.0055886614173228
20
0.2664397637795275
11
1.0060267716535434
21
0.2666331889763779
0
LINE
8
BLACK
6
CONTINUOUS
10
1.0060267716535434
20
0.2666331889763779
11
1.0069867322834645
21
0.2672746456692913
0
LINE
8
BLACK
6
CONTINUOUS
10
1.0069867322834645
20
0.2672746456692913
11
1.0078833858267717
21
0.2674529921259842
0
LINE
8
BLACK
6
CONTINUOUS
10
1.0078833858267717
20
0.2674529921259842
11
1.0083411417322834
21
0.2676551181102362
0
LINE
8
BLACK
6
CONTINUOUS
10
1.0083411417322834
20
0.2676551181102362
11
1.0096809448818898
21
0.2678105511811024
0
LINE
8
BLACK
6
CONTINUOUS
10
1.0096809448818898
20
0.2678105511811024
11
1.01
21
0.2678740157480315
0
LINE
8
BLACK
6
CONTINUOUS
10
1.01
20
0.2678740157480315
11
1.0700000000000001
21
0.2678740157480315
0
LINE
8
BLACK
6
CONTINUOUS
10
1.0700000000000001
20
0.2678740157480315
11
1.0703191732283464
21
0.2678105118110236
0
LINE
8
BLACK
6
CONTINUOUS
10
1.1703191732283464
20
0.2678105118110236
11
1.1716588188976378
21
0.2676551181102362
0
LINE
8
BLACK
6
CONTINUOUS
10
1.1716588188976378
20
0.2676551181102362
11
1.1721164960629922
21
0.2674529921259842
0
LINE
8
BLACK
6
CONTINUOUS
10
1.1721164960629922
20
0.2674529921259842
11
1.1730132677165355
21
0.2672746456692913
0
LINE
8
BLACK
6
CONTINUOUS
10
1.1730132677165355
20
0.2672746456692913
11
1.1739732677165353
21
0.2666331496062992
0
LINE
8
BLACK
6
CONTINUOUS
10
1.1739732677165353
20
0.2666331496062992
11
1.1744112992125983
21
0.2664397637795275
0
LINE
8
BLACK
6
CONTINUOUS
10
1.1744112992125983
20
0.2664397637795275
11
1.174710472440945
21
0.2661405511811024
0
LINE
8
BLACK
6
CONTINUOUS
10
1.174710472440945
20
0.2661405511811024
11
1.1755677559055118
21
0.2655677559055118
0
LINE
8
BLACK
6
CONTINUOUS
10
1.1755677559055118
20
0.2655677559055118
11
1.1761405511811023
21
0.2647104724409449
0
LINE
8
BLACK
6
CONTINUOUS
10
1.1761405511811023
20
0.2647104724409449
11
1.1764397637795276
21
0.2644112992125984
0
LINE
8
BLACK
6
CONTINUOUS
10
1.1764397637795276
20
0.2644112992125984
11
1.1766331496062992
21
0.2639732677165355
0
LINE
8
BLACK
6
CONTINUOUS
10
1.1766331496062992
20
0.2639732677165355
11
1.1772746456692913
21
0.2630132677165354
0
LINE
8
BLACK
6
CONTINUOUS
10
1.1772746456692913
20
0.2630132677165354
11
1.1774529921259842
21
0.2621164960629921
0
LINE
8
BLACK
6
CONTINUOUS
10
1.1774529921259842
20
0.2621164960629921
11
1.1776551181102362
21
0.2616588188976378
0
LINE
8
BLACK
6
CONTINUOUS
10
1.1776551181102362
20
0.2616588188976378
11
1.1778105118110236
21
0.260319094488189
0
LINE
8
BLACK
6
CONTINUOUS
10
1.1778105118110236
20
0.260319094488189
11
1.1778740157480314
21
0.26
0
LINE
8
BLACK
6
CONTINUOUS
10
1.1778740157480314
20
0.26
11
1.1778740157480314
21
0.2
0
LINE
8
BLACK
6
CONTINUOUS
10
1.1778740157480314
20
0.2
11
1.1778105118110236
21
0.1996808661417323
0
LINE
8
BLACK
6
CONTINUOUS
10
1.1778105118110236
20
0.1996808661417323
11
1.1776551181102362
21
0.1983411417322835
0
LINE
8
BLACK
6
CONTINUOUS
10
1.1776551181102362
20
0.1983411417322835
11
1.1774529921259842
21
0.1978833858267716
0
LINE
8
BLACK
6
CONTINUOUS
10
1.1774529921259842
20
0.1978833858267716
11
1.1772746456692913
21
0.1969867322834646
0
LINE
8
BLACK
6
CONTINUOUS
10
1.1772746456692913
20
0.1969867322834646
11
1.1766331889763779
21
0.1960267716535433
0
LINE
8
BLACK
6
CONTINUOUS
10
1.1766331889763779
20
0.1960267716535433
11
1.1764397637795276
21
0.1955886614173228
0
LINE
8
BLACK
6
CONTINUOUS
10
1.1764397637795276
20
0.1955886614173228
11
1.1761404724409448
21
0.1952893700787401
0
LINE
8
BLACK
6
CONTINUOUS
10
1.1761404724409448
20
0.1952893700787401
11
1.1755677559055118
21
0.1944322440944882
0
LINE
8
BLACK
6
CONTINUOUS
10
1.1755677559055118
20
0.1944322440944882
11
1.174710590551181
21
0.1938594881889764
0
LINE
8
BLACK
6
CONTINUOUS
10
1.174710590551181
20
0.1938594881889764
11
1.1744112992125983
21
0.1935601968503937
0
LINE
8
BLACK
6
CONTINUOUS
10
1.1744112992125983
20
0.1935601968503937
11
1.1739731102362205
21
0.1933666929133858
0
LINE
8
BLACK
6
CONTINUOUS
10
1.1739731102362205
20
0.1933666929133858
11
1.1730132677165355
21
0.1927253543307087
0
LINE
8
BLACK
6
CONTINUOUS
10
1.1730132677165355
20
0.1927253543307087
11
1.1721166929133857
21
0.1925470078740157
0
LINE
8
BLACK
6
CONTINUOUS
10
1.1721166929133857
20
0.1925470078740157
11
1.1716588188976378
21
0.192344842519685
0
LINE
8
BLACK
6
CONTINUOUS
10
1.1716588188976378
20
0.192344842519685
11
1.1703186220472441
21
0.1921893307086614
0
LINE
8
BLACK
6
CONTINUOUS
10
1.1703186220472441
20
0.1921893307086614
11
1.1699999999999999
21
0.1921259842519685
0
LINE
8
BLACK
6
CONTINUOUS
10
1.1699999999999999
20
0.1921259842519685
11
1.1697723228346457
21
0.1921259842519685
0
LINE
8
BLACK
6
CONTINUOUS
10
1.1697723228346457
20
0.1921259842519685
11
1.1102277165354331
21
0.1921259842519685
0
LINE
8
BLACK
6
CONTINUOUS
10
1.1102277165354331
20
0.1921259842519685
11
1.1099999999999999
21
0.1921259842519685
0
LINE
8
BLACK
6
CONTINUOUS
10
1.1099999999999999
20
0.1921259842519685
11
1.1096813385826771
21
0.1921893307086614
0
LINE
8
BLACK
6
CONTINUOUS
10
1.1096813385826771
20
0.1921893307086614
11
1.1083411417322835
21
0.192344842519685
0
LINE
8
BLACK
6
CONTINUOUS
10
1.1083411417322835
20
0.192344842519685
11
1.1078832283464566
21
0.1925470078740157
0
LINE
8
BLACK
6
CONTINUOUS
10
1.1078832283464566
20
0.1925470078740157
11
1.1069867322834646
21
0.1927253543307087
0
LINE
8
BLACK
6
CONTINUOUS
10
1.1069867322834646
20
0.1927253543307087
11
1.1060269291338582
21
0.1933666535433071
0
LINE
8
BLACK
6
CONTINUOUS
10
1.1060269291338582
20
0.1933666535433071
11
1.1055886614173227
21
0.1935601968503937
0
LINE
8
BLACK
6
CONTINUOUS
10
1.1055886614173227
20
0.1935601968503937
11
1.1052892519685038
21
0.1938595669291339
0
LINE
8
BLACK
6
CONTINUOUS
10
1.1052892519685038
20
0.1938595669291339
11
1.1044322440944883
21
0.1944322440944882
0
LINE
8
BLACK
6
CONTINUOUS
10
1.1044322440944883
20
0.1944322440944882
11
1.1038595669291338
21
0.1952892519685039
0
LINE
8
BLACK
6
CONTINUOUS
10
1.1038595669291338
20
0.1952892519685039
11
1.1035601968503936
21
0.1955886614173228
0
LINE
8
BLACK
6
CONTINUOUS
10
1.1035601968503936
20
0.1955886614173228
11
1.1033666535433071
21
0.1960269291338583
0
LINE
8
BLACK
6
CONTINUOUS
10
1.1033666535433071
20
0.1960269291338583
11
1.1027253543307087
21
0.1969867322834646
0
LINE
8
BLACK
6
CONTINUOUS
10
1.1027253543307087
20
0.1969867322834646
11
1.1025470078740158
21
0.1978832283464567
0
LINE
8
BLACK
6
CONTINUOUS
10
1.1025470078740158
20
0.1978832283464567
11
1.1023448425196851
21
0.1983411417322835
0
LINE
8
BLACK
6
CONTINUOUS
10
1.1023448425196851
20
0.1983411417322835
11
1.1021893307086614
21
0.1996814173228346
0
LINE
8
BLACK
6
CONTINUOUS
10
1.1021893307086614
20
0.1996814173228346
11
1.1021259842519684
21
0.2
0
LINE
8
BLACK
6
CONTINUOUS
10
1.1021259842519684
20
0.2
11
1.1021259842519684
21
0.26
0
LINE
8
BLACK
6
CONTINUOUS
10
1.1021259842519684
20
0.26
11
1.1021893700787402
21
0.2603187007874015
0
LINE
8
BLACK
6
CONTINUOUS
10
1.1021893700787402
20
0.2603187007874015
11
1.1023448425196851
21
0.2616588188976378
0
LINE
8
BLACK
6
CONTINUOUS
10
1.1023448425196851
20
0.2616588188976378
11
1.1025470078740158
21
0.2621166929133858
0
LINE
8
BLACK
6
CONTINUOUS
10
1.1025470078740158
20
0.2621166929133858
11
1.1027253543307087
21
0.2630132677165354
0
LINE
8
BLACK
6
CONTINUOUS
10
1.1027253543307087
20
0.2630132677165354
11
1.1033666929133858
21
0.2639731102362204
0
LINE
8
BLACK
6
CONTINUOUS
10
1.1033666929133858
20
0.2639731102362204
11
1.1035601968503936
21
0.2644112992125984
0
LINE
8
BLACK
6
CONTINUOUS
10
1.1035601968503936
20
0.2644112992125984
11
1.1038594881889763
21
0.2647105905511811
0
LINE
8
BLACK
6
CONTINUOUS
10
1.1038594881889763
20
0.2647105905511811
11
1.1044322440944883
21
0.2655677559055118
0
LINE
8
BLACK
6
CONTINUOUS
10
1.1044322440944883
20
0.2655677559055118
11
1.1052893700787401
21
0.2661404724409449
0
LINE
8
BLACK
6
CONTINUOUS
10
1.1052893700787401
20
0.2661404724409449
11
1.1055886614173227
21
0.2664397637795275
0
LINE
8
BLACK
6
CONTINUOUS
10
1.1055886614173227
20
0.2664397637795275
11
1.1060267716535432
21
0.2666331889763779
0
LINE
8
BLACK
6
CONTINUOUS
10
1.1060267716535432
20
0.2666331889763779
11
1.1069867322834646
21
0.2672746456692913
0
LINE
8
BLACK
6
CONTINUOUS
10
1.1069867322834646
20
0.2672746456692913
11
1.1078833858267716
21
0.2674529921259842
0
LINE
8
BLACK
6
CONTINUOUS
10
1.1078833858267716
20
0.2674529921259842
11
1.1083411417322835
21
0.2676551181102362
0
LINE
8
BLACK
6
CONTINUOUS
10
1.1083411417322835
20
0.2676551181102362
11
1.1096809448818898
21
0.2678105511811024
0
LINE
8
BLACK
6
CONTINUOUS
10
1.1096809448818898
20
0.2678105511811024
11
1.1099999999999999
21
0.2678740157480315
0
LINE
8
BLACK
6
CONTINUOUS
10
1.1099999999999999
20
0.2678740157480315
11
1.1699999999999999
21
0.2678740157480315
0
LINE
8
BLACK
6
CONTINUOUS
10
1.1699999999999999
20
0.2678740157480315
11
1.1703191732283464
21
0.2678105118110236
0
LINE
8
BLACK
6
CONTINUOUS
10
0.6879569685039369
20
0.4471805905511811
11
0.6892966141732283
21
0.4470251968503937
0
LINE
8
BLACK
6
CONTINUOUS
10
0.6892966141732283
20
0.4470251968503937
11
0.6897542913385827
21
0.4468230708661417
0
LINE
8
BLACK
6
CONTINUOUS
10
0.6897542913385827
20
0.4468230708661417
11
0.690651062992126
21
0.4466447244094488
0
LINE
8
BLACK
6
CONTINUOUS
10
0.690651062992126
20
0.4466447244094488
11
0.6916110629921259
21
0.4460032283464567
0
LINE
8
BLACK
6
CONTINUOUS
10
0.6916110629921259
20
0.4460032283464567
11
0.692049094488189
21
0.445809842519685
0
LINE
8
BLACK
6
CONTINUOUS
10
0.692049094488189
20
0.445809842519685
11
0.6923482677165355
21
0.4455106299212598
0
LINE
8
BLACK
6
CONTINUOUS
10
0.6923482677165355
20
0.4455106299212598
11
0.6932055511811024
21
0.4449378346456693
0
LINE
8
BLACK
6
CONTINUOUS
10
0.6932055511811024
20
0.4449378346456693
11
0.6937783464566929
21
0.4440805511811023
0
LINE
8
BLACK
6
CONTINUOUS
10
0.6937783464566929
20
0.4440805511811023
11
0.6940775590551181
21
0.4437813779527559
0
LINE
8
BLACK
6
CONTINUOUS
10
0.6940775590551181
20
0.4437813779527559
11
0.6942709448818898
21
0.4433433464566929
0
LINE
8
BLACK
6
CONTINUOUS
10
0.6942709448818898
20
0.4433433464566929
11
0.6949124409448819
21
0.4423833464566929
0
LINE
8
BLACK
6
CONTINUOUS
10
0.6949124409448819
20
0.4423833464566929
11
0.6950907874015748
21
0.4414865748031496
0
LINE
8
BLACK
6
CONTINUOUS
10
0.6950907874015748
20
0.4414865748031496
11
0.6952929133858268
21
0.4410288976377953
0
LINE
8
BLACK
6
CONTINUOUS
10
0.6952929133858268
20
0.4410288976377953
11
0.6954483070866142
21
0.4396891732283464
0
LINE
8
BLACK
6
CONTINUOUS
10
0.6954483070866142
20
0.4396891732283464
11
0.695511811023622
21
0.4393700787401575
0
LINE
8
BLACK
6
CONTINUOUS
10
0.695511811023622
20
0.4393700787401575
11
0.695511811023622
21
0.3606299212598425
0
LINE
8
BLACK
6
CONTINUOUS
10
0.695511811023622
20
0.3606299212598425
11
0.6954483070866142
21
0.3603107874015748
0
LINE
8
BLACK
6
CONTINUOUS
10
0.6954483070866142
20
0.3603107874015748
11
0.6952929133858268
21
0.358971062992126
0
LINE
8
BLACK
6
CONTINUOUS
10
0.6952929133858268
20
0.358971062992126
11
0.6950907874015748
21
0.3585133070866142
0
LINE
8
BLACK
6
CONTINUOUS
10
0.6950907874015748
20
0.3585133070866142
11
0.6949124409448819
21
0.3576166535433071
0
LINE
8
BLACK
6
CONTINUOUS
10
0.6949124409448819
20
0.3576166535433071
11
0.6942709842519685
21
0.3566566929133858
0
LINE
8
BLACK
6
CONTINUOUS
10
0.6942709842519685
20
0.3566566929133858
11
0.6940775590551181
21
0.3562185826771653
0
LINE
8
BLACK
6
CONTINUOUS
10
0.6940775590551181
20
0.3562185826771653
11
0.6937782677165354
21
0.3559192913385827
0
LINE
8
BLACK
6
CONTINUOUS
10
0.6937782677165354
20
0.3559192913385827
11
0.6932055511811024
21
0.3550621653543307
0
LINE
8
BLACK
6
CONTINUOUS
10
0.6932055511811024
20
0.3550621653543307
11
0.6923483858267716
21
0.3544894094488189
0
LINE
8
BLACK
6
CONTINUOUS
10
0.6923483858267716
20
0.3544894094488189
11
0.692049094488189
21
0.3541901181102362
0
LINE
8
BLACK
6
CONTINUOUS
10
0.692049094488189
20
0.3541901181102362
11
0.691610905511811
21
0.3539966141732284
0
LINE
8
BLACK
6
CONTINUOUS
10
0.691610905511811
20
0.3539966141732284
11
0.690651062992126
21
0.3533552755905512
0
LINE
8
BLACK
6
CONTINUOUS
10
0.690651062992126
20
0.3533552755905512
11
0.6897544881889763
21
0.3531769291338583
0
LINE
8
BLACK
6
CONTINUOUS
10
0.6897544881889763
20
0.3531769291338583
11
0.6892966141732283
21
0.3529747637795276
0
LINE
8
BLACK
6
CONTINUOUS
10
0.6892966141732283
20
0.3529747637795276
11
0.6879564173228346
21
0.3528192519685039
0
LINE
8
BLACK
6
CONTINUOUS
10
0.6879564173228346
20
0.3528192519685039
11
0.6876377952755905
21
0.352755905511811
0
LINE
8
BLACK
6
CONTINUOUS
10
0.6876377952755905
20
0.352755905511811
11
0.6874101181102362
21
0.352755905511811
0
LINE
8
BLACK
6
CONTINUOUS
10
0.6874101181102362
20
0.352755905511811
11
0.6327474015748031
21
0.352755905511811
0
LINE
8
BLACK
6
CONTINUOUS
10
0.6327474015748031
20
0.352755905511811
11
0.6325196850393701
21
0.352755905511811
0
LINE
8
BLACK
6
CONTINUOUS
10
0.6325196850393701
20
0.352755905511811
11
0.6322010236220472
21
0.3528192519685039
0
LINE
8
BLACK
6
CONTINUOUS
10
0.6322010236220472
20
0.3528192519685039
11
0.6308608267716536
21
0.3529747637795276
0
LINE
8
BLACK
6
CONTINUOUS
10
0.6308608267716536
20
0.3529747637795276
11
0.6304029133858268
21
0.3531769291338583
0
LINE
8
BLACK
6
CONTINUOUS
10
0.6304029133858268
20
0.3531769291338583
11
0.6295064173228346
21
0.3533552755905512
0
LINE
8
BLACK
6
CONTINUOUS
10
0.6295064173228346
20
0.3533552755905512
11
0.6285466141732283
21
0.3539965748031496
0
LINE
8
BLACK
6
CONTINUOUS
10
0.6285466141732283
20
0.3539965748031496
11
0.6281083464566929
21
0.3541901181102362
0
LINE
8
BLACK
6
CONTINUOUS
10
0.6281083464566929
20
0.3541901181102362
11
0.627808937007874
21
0.3544894881889764
0
LINE
8
BLACK
6
CONTINUOUS
10
0.627808937007874
20
0.3544894881889764
11
0.6269519291338582
21
0.3550621653543307
0
LINE
8
BLACK
6
CONTINUOUS
10
0.6269519291338582
20
0.3550621653543307
11
0.626379251968504
21
0.3559191732283464
0
LINE
8
BLACK
6
CONTINUOUS
10
0.626379251968504
20
0.3559191732283464
11
0.6260798818897637
21
0.3562185826771653
0
LINE
8
BLACK
6
CONTINUOUS
10
0.6260798818897637
20
0.3562185826771653
11
0.6258863385826772
21
0.3566568503937008
0
LINE
8
BLACK
6
CONTINUOUS
10
0.6258863385826772
20
0.3566568503937008
11
0.6252450393700787
21
0.3576166535433071
0
LINE
8
BLACK
6
CONTINUOUS
10
0.6252450393700787
20
0.3576166535433071
11
0.6250666929133858
21
0.3585131496062992
0
LINE
8
BLACK
6
CONTINUOUS
10
0.6250666929133858
20
0.3585131496062992
11
0.6248645275590551
21
0.358971062992126
0
LINE
8
BLACK
6
CONTINUOUS
10
0.6248645275590551
20
0.358971062992126
11
0.6247090157480315
21
0.3603113385826772
0
LINE
8
BLACK
6
CONTINUOUS
10
0.6247090157480315
20
0.3603113385826772
11
0.6246456692913386
21
0.3606299212598425
0
LINE
8
BLACK
6
CONTINUOUS
10
0.6246456692913386
20
0.3606299212598425
11
0.6246456692913386
21
0.4393700787401575
0
LINE
8
BLACK
6
CONTINUOUS
10
0.6246456692913386
20
0.4393700787401575
11
0.6247090551181103
21
0.439688779527559
0
LINE
8
BLACK
6
CONTINUOUS
10
0.6247090551181103
20
0.439688779527559
11
0.6248645275590551
21
0.4410288976377953
0
LINE
8
BLACK
6
CONTINUOUS
10
0.6248645275590551
20
0.4410288976377953
11
0.6250666929133858
21
0.4414867716535433
0
LINE
8
BLACK
6
CONTINUOUS
10
0.6250666929133858
20
0.4414867716535433
11
0.6252450393700787
21
0.4423833464566929
0
LINE
8
BLACK
6
CONTINUOUS
10
0.6252450393700787
20
0.4423833464566929
11
0.6258863779527559
21
0.4433431889763779
0
LINE
8
BLACK
6
CONTINUOUS
10
0.6258863779527559
20
0.4433431889763779
11
0.6260798818897637
21
0.4437813779527559
0
LINE
8
BLACK
6
CONTINUOUS
10
0.6260798818897637
20
0.4437813779527559
11
0.6263791732283465
21
0.4440806692913385
0
LINE
8
BLACK
6
CONTINUOUS
10
0.6263791732283465
20
0.4440806692913385
11
0.6269519291338582
21
0.4449378346456693
0
LINE
8
BLACK
6
CONTINUOUS
10
0.6269519291338582
20
0.4449378346456693
11
0.6278090551181102
21
0.4455105511811023
0
LINE
8
BLACK
6
CONTINUOUS
10
0.6278090551181102
20
0.4455105511811023
11
0.6281083464566929
21
0.445809842519685
0
LINE
8
BLACK
6
CONTINUOUS
10
0.6281083464566929
20
0.445809842519685
11
0.6285464566929134
21
0.4460032677165354
0
LINE
8
BLACK
6
CONTINUOUS
10
0.6285464566929134
20
0.4460032677165354
11
0.6295064173228346
21
0.4466447244094488
0
LINE
8
BLACK
6
CONTINUOUS
10
0.6295064173228346
20
0.4466447244094488
11
0.6304030708661417
21
0.4468230708661417
0
LINE
8
BLACK
6
CONTINUOUS
10
0.6304030708661417
20
0.4468230708661417
11
0.6308608267716536
21
0.4470251968503937
0
LINE
8
BLACK
6
CONTINUOUS
10
0.6308608267716536
20
0.4470251968503937
11
0.6322006299212598
21
0.4471806299212598
0
LINE
8
BLACK
6
CONTINUOUS
10
0.6322006299212598
20
0.4471806299212598
11
0.6325196850393701
21
0.447244094488189
0
LINE
8
BLACK
6
CONTINUOUS
10
0.6325196850393701
20
0.447244094488189
11
0.6876377952755905
21
0.447244094488189
0
LINE
8
BLACK
6
CONTINUOUS
10
0.6876377952755905
20
0.447244094488189
11
0.6879569685039369
21
0.4471805905511811
0
LINE
8
BLACK
6
CONTINUOUS
10
1.0079569685039369
20
0.4471805905511811
11
1.0092966141732282
21
0.4470251968503937
0
LINE
8
BLACK
6
CONTINUOUS
10
1.0092966141732282
20
0.4470251968503937
11
1.0097542913385826
21
0.4468230708661417
0
LINE
8
BLACK
6
CONTINUOUS
10
1.0097542913385826
20
0.4468230708661417
11
1.0106510629921259
21
0.4466447244094488
0
LINE
8
BLACK
6
CONTINUOUS
10
1.0106510629921259
20
0.4466447244094488
11
1.011611062992126
21
0.4460032283464567
0
LINE
8
BLACK
6
CONTINUOUS
10
1.011611062992126
20
0.4460032283464567
11
1.012049094488189
21
0.445809842519685
0
LINE
8
BLACK
6
CONTINUOUS
10
1.012049094488189
20
0.445809842519685
11
1.0123482677165354
21
0.4455106299212598
0
LINE
8
BLACK
6
CONTINUOUS
10
1.0123482677165354
20
0.4455106299212598
11
1.0132055511811024
21
0.4449378346456693
0
LINE
8
BLACK
6
CONTINUOUS
10
1.0132055511811024
20
0.4449378346456693
11
1.013778346456693
21
0.4440805511811023
0
LINE
8
BLACK
6
CONTINUOUS
10
1.013778346456693
20
0.4440805511811023
11
1.0140775590551181
21
0.4437813779527559
0
LINE
8
BLACK
6
CONTINUOUS
10
1.0140775590551181
20
0.4437813779527559
11
1.0142709448818898
21
0.4433433464566929
0
LINE
8
BLACK
6
CONTINUOUS
10
1.0142709448818898
20
0.4433433464566929
11
1.014912440944882
21
0.4423833464566929
0
LINE
8
BLACK
6
CONTINUOUS
10
1.014912440944882
20
0.4423833464566929
11
1.0150907874015749
21
0.4414865748031496
0
LINE
8
BLACK
6
CONTINUOUS
10
1.0150907874015749
20
0.4414865748031496
11
1.0152929133858268
21
0.4410288976377953
0
LINE
8
BLACK
6
CONTINUOUS
10
1.0152929133858268
20
0.4410288976377953
11
1.015448307086614
21
0.4396891732283464
0
LINE
8
BLACK
6
CONTINUOUS
10
1.015448307086614
20
0.4396891732283464
11
1.0155118110236221
21
0.4393700787401575
0
LINE
8
BLACK
6
CONTINUOUS
10
1.0155118110236221
20
0.4393700787401575
11
1.0155118110236221
21
0.3606299212598425
0
LINE
8
BLACK
6
CONTINUOUS
10
1.0155118110236221
20
0.3606299212598425
11
1.015448307086614
21
0.3603107874015748
0
LINE
8
BLACK
6
CONTINUOUS
10
1.015448307086614
20
0.3603107874015748
11
1.0152929133858268
21
0.358971062992126
0
LINE
8
BLACK
6
CONTINUOUS
10
1.0152929133858268
20
0.358971062992126
11
1.0150907874015749
21
0.3585133070866142
0
LINE
8
BLACK
6
CONTINUOUS
10
1.0150907874015749
20
0.3585133070866142
11
1.014912440944882
21
0.3576166535433071
0
LINE
8
BLACK
6
CONTINUOUS
10
1.014912440944882
20
0.3576166535433071
11
1.0142709842519684
21
0.3566566929133858
0
LINE
8
BLACK
6
CONTINUOUS
10
1.0142709842519684
20
0.3566566929133858
11
1.0140775590551181
21
0.3562185826771653
0
LINE
8
BLACK
6
CONTINUOUS
10
1.0140775590551181
20
0.3562185826771653
11
1.0137782677165355
21
0.3559192913385827
0
LINE
8
BLACK
6
CONTINUOUS
10
1.0137782677165355
20
0.3559192913385827
11
1.0132055511811024
21
0.3550621653543307
0
LINE
8
BLACK
6
CONTINUOUS
10
1.0132055511811024
20
0.3550621653543307
11
1.0123483858267717
21
0.3544894094488189
0
LINE
8
BLACK
6
CONTINUOUS
10
1.0123483858267717
20
0.3544894094488189
11
1.012049094488189
21
0.3541901181102362
0
LINE
8
BLACK
6
CONTINUOUS
10
1.012049094488189
20
0.3541901181102362
11
1.011610905511811
21
0.3539966141732284
0
LINE
8
BLACK
6
CONTINUOUS
10
1.011610905511811
20
0.3539966141732284
11
1.0106510629921259
21
0.3533552755905512
0
LINE
8
BLACK
6
CONTINUOUS
10
1.0106510629921259
20
0.3533552755905512
11
1.0097544881889764
21
0.3531769291338583
0
LINE
8
BLACK
6
CONTINUOUS
10
1.0097544881889764
20
0.3531769291338583
11
1.0092966141732282
21
0.3529747637795276
0
LINE
8
BLACK
6
CONTINUOUS
10
1.0092966141732282
20
0.3529747637795276
11
1.0079564173228346
21
0.3528192519685039
0
LINE
8
BLACK
6
CONTINUOUS
10
1.0079564173228346
20
0.3528192519685039
11
1.0076377952755906
21
0.352755905511811
0
LINE
8
BLACK
6
CONTINUOUS
10
1.0076377952755906
20
0.352755905511811
11
1.0074101181102362
21
0.352755905511811
0
LINE
8
BLACK
6
CONTINUOUS
10
1.0074101181102362
20
0.352755905511811
11
0.9527474015748031
21
0.352755905511811
0
LINE
8
BLACK
6
CONTINUOUS
10
0.9527474015748031
20
0.352755905511811
11
0.95251968503937
21
0.352755905511811
0
LINE
8
BLACK
6
CONTINUOUS
10
0.95251968503937
20
0.352755905511811
11
0.9522010236220472
21
0.3528192519685039
0
LINE
8
BLACK
6
CONTINUOUS
10
0.9522010236220472
20
0.3528192519685039
11
0.9508608267716535
21
0.3529747637795276
0
LINE
8
BLACK
6
CONTINUOUS
10
0.9508608267716535
20
0.3529747637795276
11
0.9504029133858267
21
0.3531769291338583
0
LINE
8
BLACK
6
CONTINUOUS
10
0.9504029133858267
20
0.3531769291338583
11
0.9495064173228346
21
0.3533552755905512
0
LINE
8
BLACK
6
CONTINUOUS
10
0.9495064173228346
20
0.3533552755905512
11
0.9485466141732283
21
0.3539965748031496
0
LINE
8
BLACK
6
CONTINUOUS
10
0.9485466141732283
20
0.3539965748031496
11
0.9481083464566928
21
0.3541901181102362
0
LINE
8
BLACK
6
CONTINUOUS
10
0.9481083464566928
20
0.3541901181102362
11
0.9478089370078739
21
0.3544894881889764
0
LINE
8
BLACK
6
CONTINUOUS
10
0.9478089370078739
20
0.3544894881889764
11
0.9469519291338583
21
0.3550621653543307
0
LINE
8
BLACK
6
CONTINUOUS
10
0.9469519291338583
20
0.3550621653543307
11
0.9463792519685039
21
0.3559191732283464
0
LINE
8
BLACK
6
CONTINUOUS
10
0.9463792519685039
20
0.3559191732283464
11
0.9460798818897638
21
0.3562185826771653
0
LINE
8
BLACK
6
CONTINUOUS
10
0.9460798818897638
20
0.3562185826771653
11
0.9458863385826771
21
0.3566568503937008
0
LINE
8
BLACK
6
CONTINUOUS
10
0.9458863385826771
20
0.3566568503937008
11
0.9452450393700788
21
0.3576166535433071
0
LINE
8
BLACK
6
CONTINUOUS
10
0.9452450393700788
20
0.3576166535433071
11
0.9450666929133859
21
0.3585131496062992
0
LINE
8
BLACK
6
CONTINUOUS
10
0.9450666929133859
20
0.3585131496062992
11
0.9448645275590551
21
0.358971062992126
0
LINE
8
BLACK
6
CONTINUOUS
10
0.9448645275590551
20
0.358971062992126
11
0.9447090157480315
21
0.3603113385826772
0
LINE
8
BLACK
6
CONTINUOUS
10
0.9447090157480315
20
0.3603113385826772
11
0.9446456692913385
21
0.3606299212598425
0
LINE
8
BLACK
6
CONTINUOUS
10
0.9446456692913385
20
0.3606299212598425
11
0.9446456692913385
21
0.4393700787401575
0
LINE
8
BLACK
6
CONTINUOUS
10
0.9446456692913385
20
0.4393700787401575
11
0.9447090551181102
21
0.439688779527559
0
LINE
8
BLACK
6
CONTINUOUS
10
0.9447090551181102
20
0.439688779527559
11
0.9448645275590551
21
0.4410288976377953
0
LINE
8
BLACK
6
CONTINUOUS
10
0.9448645275590551
20
0.4410288976377953
11
0.9450666929133859
21
0.4414867716535433
0
LINE
8
BLACK
6
CONTINUOUS
10
0.9450666929133859
20
0.4414867716535433
11
0.9452450393700788
21
0.4423833464566929
0
LINE
8
BLACK
6
CONTINUOUS
10
0.9452450393700788
20
0.4423833464566929
11
0.9458863779527559
21
0.4433431889763779
0
LINE
8
BLACK
6
CONTINUOUS
10
0.9458863779527559
20
0.4433431889763779
11
0.9460798818897638
21
0.4437813779527559
0
LINE
8
BLACK
6
CONTINUOUS
10
0.9460798818897638
20
0.4437813779527559
11
0.9463791732283464
21
0.4440806692913385
0
LINE
8
BLACK
6
CONTINUOUS
10
0.9463791732283464
20
0.4440806692913385
11
0.9469519291338583
21
0.4449378346456693
0
LINE
8
BLACK
6
CONTINUOUS
10
0.9469519291338583
20
0.4449378346456693
11
0.9478090551181102
21
0.4455105511811023
0
LINE
8
BLACK
6
CONTINUOUS
10
0.9478090551181102
20
0.4455105511811023
11
0.9481083464566928
21
0.445809842519685
0
LINE
8
BLACK
6
CONTINUOUS
10
0.9481083464566928
20
0.445809842519685
11
0.9485464566929134
21
0.4460032677165354
0
LINE
8
BLACK
6
CONTINUOUS
10
0.9485464566929134
20
0.4460032677165354
11
0.9495064173228346
21
0.4466447244094488
0
LINE
8
BLACK
6
CONTINUOUS
10
0.9495064173228346
20
0.4466447244094488
11
0.9504030708661417
21
0.4468230708661417
0
LINE
8
BLACK
6
CONTINUOUS
10
0.9504030708661417
20
0.4468230708661417
11
0.9508608267716535
21
0.4470251968503937
0
LINE
8
BLACK
6
CONTINUOUS
10
0.9508608267716535
20
0.4470251968503937
11
0.9522006299212599
21
0.4471806299212598
0
LINE
8
BLACK
6
CONTINUOUS
10
0.9522006299212599
20
0.4471806299212598
11
0.95251968503937
21
0.447244094488189
0
LINE
8
BLACK
6
CONTINUOUS
10
0.95251968503937
20
0.447244094488189
11
1.0076377952755906
21
0.447244094488189
0
LINE
8
BLACK
6
CONTINUOUS
10
1.0076377952755906
20
0.447244094488189
11
1.0079569685039369
21
0.4471805905511811
0
LINE
8
BLACK
6
CONTINUOUS
10
1.327956968503937
20
0.4471805905511811
11
1.3292966141732283
21
0.4470251968503937
0
LINE
8
BLACK
6
CONTINUOUS
10
1.3292966141732283
20
0.4470251968503937
11
1.3297542913385827
21
0.4468230708661417
0
LINE
8
BLACK
6
CONTINUOUS
10
1.3297542913385827
20
0.4468230708661417
11
1.330651062992126
21
0.4466447244094488
0
LINE
8
BLACK
6
CONTINUOUS
10
1.330651062992126
20
0.4466447244094488
11
1.3316110629921261
21
0.4460032283464567
0
LINE
8
BLACK
6
CONTINUOUS
10
1.3316110629921261
20
0.4460032283464567
11
1.3320490944881889
21
0.445809842519685
0
LINE
8
BLACK
6
CONTINUOUS
10
1.3320490944881889
20
0.445809842519685
11
1.3323482677165355
21
0.4455106299212598
0
LINE
8
BLACK
6
CONTINUOUS
10
1.3323482677165355
20
0.4455106299212598
11
1.3332055511811023
21
0.4449378346456693
0
LINE
8
BLACK
6
CONTINUOUS
10
1.3332055511811023
20
0.4449378346456693
11
1.3337783464566928
21
0.4440805511811023
0
LINE
8
BLACK
6
CONTINUOUS
10
1.3337783464566928
20
0.4440805511811023
11
1.3340775590551182
21
0.4437813779527559
0
LINE
8
BLACK
6
CONTINUOUS
10
1.3340775590551182
20
0.4437813779527559
11
1.3342709448818897
21
0.4433433464566929
0
LINE
8
BLACK
6
CONTINUOUS
10
1.3342709448818897
20
0.4433433464566929
11
1.3349124409448818
21
0.4423833464566929
0
LINE
8
BLACK
6
CONTINUOUS
10
1.3349124409448818
20
0.4423833464566929
11
1.3350907874015747
21
0.4414865748031496
0
LINE
8
BLACK
6
CONTINUOUS
10
1.3350907874015747
20
0.4414865748031496
11
1.3352929133858267
21
0.4410288976377953
0
LINE
8
BLACK
6
CONTINUOUS
10
1.3352929133858267
20
0.4410288976377953
11
1.3354483070866141
21
0.4396891732283464
0
LINE
8
BLACK
6
CONTINUOUS
10
1.3354483070866141
20
0.4396891732283464
11
1.3355118110236219
21
0.4393700787401575
0
LINE
8
BLACK
6
CONTINUOUS
10
1.3355118110236219
20
0.4393700787401575
11
1.3355118110236219
21
0.3606299212598425
0
LINE
8
BLACK
6
CONTINUOUS
10
1.3355118110236219
20
0.3606299212598425
11
1.3354483070866141
21
0.3603107874015748
0
LINE
8
BLACK
6
CONTINUOUS
10
1.3354483070866141
20
0.3603107874015748
11
1.3352929133858267
21
0.358971062992126
0
LINE
8
BLACK
6
CONTINUOUS
10
1.3352929133858267
20
0.358971062992126
11
1.3350907874015747
21
0.3585133070866142
0
LINE
8
BLACK
6
CONTINUOUS
10
1.3350907874015747
20
0.3585133070866142
11
1.3349124409448818
21
0.3576166535433071
0
LINE
8
BLACK
6
CONTINUOUS
10
1.3349124409448818
20
0.3576166535433071
11
1.3342709842519684
21
0.3566566929133858
0
LINE
8
BLACK
6
CONTINUOUS
10
1.3342709842519684
20
0.3566566929133858
11
1.3340775590551182
21
0.3562185826771653
0
LINE
8
BLACK
6
CONTINUOUS
10
1.3340775590551182
20
0.3562185826771653
11
1.3337782677165353
21
0.3559192913385827
0
LINE
8
BLACK
6
CONTINUOUS
10
1.3337782677165353
20
0.3559192913385827
11
1.3332055511811023
21
0.3550621653543307
0
LINE
8
BLACK
6
CONTINUOUS
10
1.3332055511811023
20
0.3550621653543307
11
1.3323483858267717
21
0.3544894094488189
0
LINE
8
BLACK
6
CONTINUOUS
10
1.3323483858267717
20
0.3544894094488189
11
1.3320490944881889
21
0.3541901181102362
0
LINE
8
BLACK
6
CONTINUOUS
10
1.3320490944881889
20
0.3541901181102362
11
1.331610905511811
21
0.3539966141732284
0
LINE
8
BLACK
6
CONTINUOUS
10
1.331610905511811
20
0.3539966141732284
11
1.330651062992126
21
0.3533552755905512
0
LINE
8
BLACK
6
CONTINUOUS
10
1.330651062992126
20
0.3533552755905512
11
1.3297544881889765
21
0.3531769291338583
0
LINE
8
BLACK
6
CONTINUOUS
10
1.3297544881889765
20
0.3531769291338583
11
1.3292966141732283
21
0.3529747637795276
0
LINE
8
BLACK
6
CONTINUOUS
10
1.3292966141732283
20
0.3529747637795276
11
1.3279564173228346
21
0.3528192519685039
0
LINE
8
BLACK
6
CONTINUOUS
10
1.3279564173228346
20
0.3528192519685039
11
1.3276377952755904
21
0.352755905511811
0
LINE
8
BLACK
6
CONTINUOUS
10
1.3276377952755904
20
0.352755905511811
11
1.3274101181102362
21
0.352755905511811
0
LINE
8
BLACK
6
CONTINUOUS
10
1.3274101181102362
20
0.352755905511811
11
1.272747401574803
21
0.352755905511811
0
LINE
8
BLACK
6
CONTINUOUS
10
1.272747401574803
20
0.352755905511811
11
1.2725196850393701
21
0.352755905511811
0
LINE
8
BLACK
6
CONTINUOUS
10
1.2725196850393701
20
0.352755905511811
11
1.2722010236220471
21
0.3528192519685039
0
LINE
8
BLACK
6
CONTINUOUS
10
1.2722010236220471
20
0.3528192519685039
11
1.2708608267716535
21
0.3529747637795276
0
LINE
8
BLACK
6
CONTINUOUS
10
1.2708608267716535
20
0.3529747637795276
11
1.2704029133858268
21
0.3531769291338583
0
LINE
8
BLACK
6
CONTINUOUS
10
1.2704029133858268
20
0.3531769291338583
11
1.2695064173228345
21
0.3533552755905512
0
LINE
8
BLACK
6
CONTINUOUS
10
1.2695064173228345
20
0.3533552755905512
11
1.2685466141732282
21
0.3539965748031496
0
LINE
8
BLACK
6
CONTINUOUS
10
1.2685466141732282
20
0.3539965748031496
11
1.2681083464566929
21
0.3541901181102362
0
LINE
8
BLACK
6
CONTINUOUS
10
1.2681083464566929
20
0.3541901181102362
11
1.267808937007874
21
0.3544894881889764
0
LINE
8
BLACK
6
CONTINUOUS
10
1.267808937007874
20
0.3544894881889764
11
1.2669519291338582
21
0.3550621653543307
0
LINE
8
BLACK
6
CONTINUOUS
10
1.2669519291338582
20
0.3550621653543307
11
1.266379251968504
21
0.3559191732283464
0
LINE
8
BLACK
6
CONTINUOUS
10
1.266379251968504
20
0.3559191732283464
11
1.2660798818897638
21
0.3562185826771653
0
LINE
8
BLACK
6
CONTINUOUS
10
1.2660798818897638
20
0.3562185826771653
11
1.2658863385826771
21
0.3566568503937008
0
LINE
8
BLACK
6
CONTINUOUS
10
1.2658863385826771
20
0.3566568503937008
11
1.2652450393700787
21
0.3576166535433071
0
LINE
8
BLACK
6
CONTINUOUS
10
1.2652450393700787
20
0.3576166535433071
11
1.2650666929133858
21
0.3585131496062992
0
LINE
8
BLACK
6
CONTINUOUS
10
1.2650666929133858
20
0.3585131496062992
11
1.2648645275590551
21
0.358971062992126
0
LINE
8
BLACK
6
CONTINUOUS
10
1.2648645275590551
20
0.358971062992126
11
1.2647090157480314
21
0.3603113385826772
0
LINE
8
BLACK
6
CONTINUOUS
10
1.2647090157480314
20
0.3603113385826772
11
1.2646456692913386
21
0.3606299212598425
0
LINE
8
BLACK
6
CONTINUOUS
10
1.2646456692913386
20
0.3606299212598425
11
1.2646456692913386
21
0.4393700787401575
0
LINE
8
BLACK
6
CONTINUOUS
10
1.2646456692913386
20
0.4393700787401575
11
1.2647090551181102
21
0.439688779527559
0
LINE
8
BLACK
6
CONTINUOUS
10
1.2647090551181102
20
0.439688779527559
11
1.2648645275590551
21
0.4410288976377953
0
LINE
8
BLACK
6
CONTINUOUS
10
1.2648645275590551
20
0.4410288976377953
11
1.2650666929133858
21
0.4414867716535433
0
LINE
8
BLACK
6
CONTINUOUS
10
1.2650666929133858
20
0.4414867716535433
11
1.2652450393700787
21
0.4423833464566929
0
LINE
8
BLACK
6
CONTINUOUS
10
1.2652450393700787
20
0.4423833464566929
11
1.2658863779527558
21
0.4433431889763779
0
LINE
8
BLACK
6
CONTINUOUS
10
1.2658863779527558
20
0.4433431889763779
11
1.2660798818897638
21
0.4437813779527559
0
LINE
8
BLACK
6
CONTINUOUS
10
1.2660798818897638
20
0.4437813779527559
11
1.2663791732283465
21
0.4440806692913385
0
LINE
8
BLACK
6
CONTINUOUS
10
1.2663791732283465
20
0.4440806692913385
11
1.2669519291338582
21
0.4449378346456693
0
LINE
8
BLACK
6
CONTINUOUS
10
1.2669519291338582
20
0.4449378346456693
11
1.2678090551181103
21
0.4455105511811023
0
LINE
8
BLACK
6
CONTINUOUS
10
1.2678090551181103
20
0.4455105511811023
11
1.2681083464566929
21
0.445809842519685
0
LINE
8
BLACK
6
CONTINUOUS
10
1.2681083464566929
20
0.445809842519685
11
1.2685464566929134
21
0.4460032677165354
0
LINE
8
BLACK
6
CONTINUOUS
10
1.2685464566929134
20
0.4460032677165354
11
1.2695064173228345
21
0.4466447244094488
0
LINE
8
BLACK
6
CONTINUOUS
10
1.2695064173228345
20
0.4466447244094488
11
1.2704030708661418
21
0.4468230708661417
0
LINE
8
BLACK
6
CONTINUOUS
10
1.2704030708661418
20
0.4468230708661417
11
1.2708608267716535
21
0.4470251968503937
0
LINE
8
BLACK
6
CONTINUOUS
10
1.2708608267716535
20
0.4470251968503937
11
1.2722006299212598
21
0.4471806299212598
0
LINE
8
BLACK
6
CONTINUOUS
10
1.2722006299212598
20
0.4471806299212598
11
1.2725196850393701
21
0.447244094488189
0
LINE
8
BLACK
6
CONTINUOUS
10
1.2725196850393701
20
0.447244094488189
11
1.3276377952755904
21
0.447244094488189
0
LINE
8
BLACK
6
CONTINUOUS
10
1.3276377952755904
20
0.447244094488189
11
1.327956968503937
21
0.4471805905511811
0
LINE
8
BLACK
6
CONTINUOUS
10
0.4477994881889764
20
0.4314325590551181
11
0.4491391338582677
21
0.4312771653543307
0
LINE
8
BLACK
6
CONTINUOUS
10
0.4491391338582677
20
0.4312771653543307
11
0.449596811023622
21
0.4310750393700787
0
LINE
8
BLACK
6
CONTINUOUS
10
0.449596811023622
20
0.4310750393700787
11
0.4504935826771653
21
0.4308966929133858
0
LINE
8
BLACK
6
CONTINUOUS
10
0.4504935826771653
20
0.4308966929133858
11
0.4514535826771653
21
0.4302551968503937
0
LINE
8
BLACK
6
CONTINUOUS
10
0.4514535826771653
20
0.4302551968503937
11
0.4518916141732283
21
0.4300618110236221
0
LINE
8
BLACK
6
CONTINUOUS
10
0.4518916141732283
20
0.4300618110236221
11
0.4521907874015748
21
0.4297625984251968
0
LINE
8
BLACK
6
CONTINUOUS
10
0.4521907874015748
20
0.4297625984251968
11
0.4530480708661417
21
0.4291898031496063
0
LINE
8
BLACK
6
CONTINUOUS
10
0.4530480708661417
20
0.4291898031496063
11
0.4536208661417322
21
0.4283325196850394
0
LINE
8
BLACK
6
CONTINUOUS
10
0.4536208661417322
20
0.4283325196850394
11
0.4539200787401575
21
0.4280333464566929
0
LINE
8
BLACK
6
CONTINUOUS
10
0.4539200787401575
20
0.4280333464566929
11
0.4541134645669291
21
0.4275953149606299
0
LINE
8
BLACK
6
CONTINUOUS
10
0.4541134645669291
20
0.4275953149606299
11
0.4547549606299213
21
0.4266353149606299
0
LINE
8
BLACK
6
CONTINUOUS
10
0.4547549606299213
20
0.4266353149606299
11
0.4549333070866142
21
0.4257385433070866
0
LINE
8
BLACK
6
CONTINUOUS
10
0.4549333070866142
20
0.4257385433070866
11
0.4551354330708661
21
0.4252808661417323
0
LINE
8
BLACK
6
CONTINUOUS
10
0.4551354330708661
20
0.4252808661417323
11
0.4552908267716536
21
0.4239411417322835
0
LINE
8
BLACK
6
CONTINUOUS
10
0.4552908267716536
20
0.4239411417322835
11
0.4553543307086614
21
0.4236220472440945
0
LINE
8
BLACK
6
CONTINUOUS
10
0.4553543307086614
20
0.4236220472440945
11
0.4553543307086614
21
0.3763779527559055
0
LINE
8
BLACK
6
CONTINUOUS
10
0.4553543307086614
20
0.3763779527559055
11
0.4552908267716536
21
0.3760588188976378
0
LINE
8
BLACK
6
CONTINUOUS
10
0.4552908267716536
20
0.3760588188976378
11
0.4551354330708661
21
0.374719094488189
0
LINE
8
BLACK
6
CONTINUOUS
10
0.4551354330708661
20
0.374719094488189
11
0.4549333070866142
21
0.3742613385826772
0
LINE
8
BLACK
6
CONTINUOUS
10
0.4549333070866142
20
0.3742613385826772
11
0.4547549606299213
21
0.3733646850393701
0
LINE
8
BLACK
6
CONTINUOUS
10
0.4547549606299213
20
0.3733646850393701
11
0.4541135039370079
21
0.3724047244094488
0
LINE
8
BLACK
6
CONTINUOUS
10
0.4541135039370079
20
0.3724047244094488
11
0.4539200787401575
21
0.3719666141732283
0
LINE
8
BLACK
6
CONTINUOUS
10
0.4539200787401575
20
0.3719666141732283
11
0.4536207874015748
21
0.3716673228346457
0
LINE
8
BLACK
6
CONTINUOUS
10
0.4536207874015748
20
0.3716673228346457
11
0.4530480708661417
21
0.3708101968503937
0
LINE
8
BLACK
6
CONTINUOUS
10
0.4530480708661417
20
0.3708101968503937
11
0.452190905511811
21
0.3702374409448819
0
LINE
8
BLACK
6
CONTINUOUS
10
0.452190905511811
20
0.3702374409448819
11
0.4518916141732283
21
0.3699381496062992
0
LINE
8
BLACK
6
CONTINUOUS
10
0.4518916141732283
20
0.3699381496062992
11
0.4514534251968504
21
0.3697446456692913
0
LINE
8
BLACK
6
CONTINUOUS
10
0.4514534251968504
20
0.3697446456692913
11
0.4504935826771653
21
0.3691033070866142
0
LINE
8
BLACK
6
CONTINUOUS
10
0.4504935826771653
20
0.3691033070866142
11
0.4495970078740157
21
0.3689249606299213
0
LINE
8
BLACK
6
CONTINUOUS
10
0.4495970078740157
20
0.3689249606299213
11
0.4491391338582677
21
0.3687227952755905
0
LINE
8
BLACK
6
CONTINUOUS
10
0.4491391338582677
20
0.3687227952755905
11
0.447798937007874
21
0.3685672834645669
0
LINE
8
BLACK
6
CONTINUOUS
10
0.447798937007874
20
0.3685672834645669
11
0.4474803149606299
21
0.368503937007874
0
LINE
8
BLACK
6
CONTINUOUS
10
0.4474803149606299
20
0.368503937007874
11
0.4472526377952756
21
0.368503937007874
0
LINE
8
BLACK
6
CONTINUOUS
10
0.4472526377952756
20
0.368503937007874
11
0.3925899212598425
21
0.368503937007874
0
LINE
8
BLACK
6
CONTINUOUS
10
0.3925899212598425
20
0.368503937007874
11
0.3923622047244094
21
0.368503937007874
0
LINE
8
BLACK
6
CONTINUOUS
10
0.3923622047244094
20
0.368503937007874
11
0.3920435433070866
21
0.3685672834645669
0
LINE
8
BLACK
6
CONTINUOUS
10
0.3920435433070866
20
0.3685672834645669
11
0.3907033464566929
21
0.3687227952755905
0
LINE
8
BLACK
6
CONTINUOUS
10
0.3907033464566929
20
0.3687227952755905
11
0.3902454330708661
21
0.3689249606299213
0
LINE
8
BLACK
6
CONTINUOUS
10
0.3902454330708661
20
0.3689249606299213
11
0.389348937007874
21
0.3691033070866142
0
LINE
8
BLACK
6
CONTINUOUS
10
0.389348937007874
20
0.3691033070866142
11
0.3883891338582677
21
0.3697446062992126
0
LINE
8
BLACK
6
CONTINUOUS
10
0.3883891338582677
20
0.3697446062992126
11
0.3879508661417323
21
0.3699381496062992
0
LINE
8
BLACK
6
CONTINUOUS
10
0.3879508661417323
20
0.3699381496062992
11
0.3876514566929134
21
0.3702375196850394
0
LINE
8
BLACK
6
CONTINUOUS
10
0.3876514566929134
20
0.3702375196850394
11
0.3867944488188976
21
0.3708101968503937
0
LINE
8
BLACK
6
CONTINUOUS
10
0.3867944488188976
20
0.3708101968503937
11
0.3862217716535433
21
0.3716672047244095
0
LINE
8
BLACK
6
CONTINUOUS
10
0.3862217716535433
20
0.3716672047244095
11
0.3859224015748031
21
0.3719666141732283
0
LINE
8
BLACK
6
CONTINUOUS
10
0.3859224015748031
20
0.3719666141732283
11
0.3857288582677165
21
0.3724048818897638
0
LINE
8
BLACK
6
CONTINUOUS
10
0.3857288582677165
20
0.3724048818897638
11
0.3850875590551181
21
0.3733646850393701
0
LINE
8
BLACK
6
CONTINUOUS
10
0.3850875590551181
20
0.3733646850393701
11
0.3849092125984252
21
0.3742611811023622
0
LINE
8
BLACK
6
CONTINUOUS
10
0.3849092125984252
20
0.3742611811023622
11
0.3847070472440945
21
0.374719094488189
0
LINE
8
BLACK
6
CONTINUOUS
10
0.3847070472440945
20
0.374719094488189
11
0.3845515354330709
21
0.3760593700787401
0
LINE
8
BLACK
6
CONTINUOUS
10
0.3845515354330709
20
0.3760593700787401
11
0.3844881889763779
21
0.3763779527559055
0
LINE
8
BLACK
6
CONTINUOUS
10
0.3844881889763779
20
0.3763779527559055
11
0.3844881889763779
21
0.4236220472440945
0
LINE
8
BLACK
6
CONTINUOUS
10
0.3844881889763779
20
0.4236220472440945
11
0.3845515748031496
21
0.4239407480314961
0
LINE
8
BLACK
6
CONTINUOUS
10
0.3845515748031496
20
0.4239407480314961
11
0.3847070472440945
21
0.4252808661417323
0
LINE
8
BLACK
6
CONTINUOUS
10
0.3847070472440945
20
0.4252808661417323
11
0.3849092125984252
21
0.4257387401574803
0
LINE
8
BLACK
6
CONTINUOUS
10
0.3849092125984252
20
0.4257387401574803
11
0.3850875590551181
21
0.4266353149606299
0
LINE
8
BLACK
6
CONTINUOUS
10
0.3850875590551181
20
0.4266353149606299
11
0.3857288976377953
21
0.427595157480315
0
LINE
8
BLACK
6
CONTINUOUS
10
0.3857288976377953
20
0.427595157480315
11
0.3859224015748031
21
0.4280333464566929
0
LINE
8
BLACK
6
CONTINUOUS
10
0.3859224015748031
20
0.4280333464566929
11
0.3862216929133858
21
0.4283326377952756
0
LINE
8
BLACK
6
CONTINUOUS
10
0.3862216929133858
20
0.4283326377952756
11
0.3867944488188976
21
0.4291898031496063
0
LINE
8
BLACK
6
CONTINUOUS
10
0.3867944488188976
20
0.4291898031496063
11
0.3876515748031496
21
0.4297625196850394
0
LINE
8
BLACK
6
CONTINUOUS
10
0.3876515748031496
20
0.4297625196850394
11
0.3879508661417323
21
0.4300618110236221
0
LINE
8
BLACK
6
CONTINUOUS
10
0.3879508661417323
20
0.4300618110236221
11
0.3883889763779527
21
0.4302552362204724
0
LINE
8
BLACK
6
CONTINUOUS
10
0.3883889763779527
20
0.4302552362204724
11
0.389348937007874
21
0.4308966929133858
0
LINE
8
BLACK
6
CONTINUOUS
10
0.389348937007874
20
0.4308966929133858
11
0.3902455905511811
21
0.4310750393700787
0
LINE
8
BLACK
6
CONTINUOUS
10
0.3902455905511811
20
0.4310750393700787
11
0.3907033464566929
21
0.4312771653543307
0
LINE
8
BLACK
6
CONTINUOUS
10
0.3907033464566929
20
0.4312771653543307
11
0.3920431496062992
21
0.4314325984251968
0
LINE
8
BLACK
6
CONTINUOUS
10
0.3920431496062992
20
0.4314325984251968
11
0.3923622047244094
21
0.431496062992126
0
LINE
8
BLACK
6
CONTINUOUS
10
0.3923622047244094
20
0.431496062992126
11
0.4474803149606299
21
0.431496062992126
0
LINE
8
BLACK
6
CONTINUOUS
10
0.4474803149606299
20
0.431496062992126
11
0.4477994881889764
21
0.4314325590551181
0
LINE
8
BLACK
6
CONTINUOUS
10
0.7677994881889764
20
0.4314325590551181
11
0.7691391338582677
21
0.4312771653543307
0
LINE
8
BLACK
6
CONTINUOUS
10
0.7691391338582677
20
0.4312771653543307
11
0.769596811023622
21
0.4310750393700787
0
LINE
8
BLACK
6
CONTINUOUS
10
0.769596811023622
20
0.4310750393700787
11
0.7704935826771654
21
0.4308966929133858
0
LINE
8
BLACK
6
CONTINUOUS
10
0.7704935826771654
20
0.4308966929133858
11
0.7714535826771654
21
0.4302551968503937
0
LINE
8
BLACK
6
CONTINUOUS
10
0.7714535826771654
20
0.4302551968503937
11
0.7718916141732284
21
0.4300618110236221
0
LINE
8
BLACK
6
CONTINUOUS
10
0.7718916141732284
20
0.4300618110236221
11
0.7721907874015748
21
0.4297625984251968
0
LINE
8
BLACK
6
CONTINUOUS
10
0.7721907874015748
20
0.4297625984251968
11
0.7730480708661417
21
0.4291898031496063
0
LINE
8
BLACK
6
CONTINUOUS
10
0.7730480708661417
20
0.4291898031496063
11
0.7736208661417323
21
0.4283325196850394
0
LINE
8
BLACK
6
CONTINUOUS
10
0.7736208661417323
20
0.4283325196850394
11
0.7739200787401574
21
0.4280333464566929
0
LINE
8
BLACK
6
CONTINUOUS
10
0.7739200787401574
20
0.4280333464566929
11
0.7741134645669291
21
0.4275953149606299
0
LINE
8
BLACK
6
CONTINUOUS
10
0.7741134645669291
20
0.4275953149606299
11
0.7747549606299212
21
0.4266353149606299
0
LINE
8
BLACK
6
CONTINUOUS
10
0.7747549606299212
20
0.4266353149606299
11
0.7749333070866141
21
0.4257385433070866
0
LINE
8
BLACK
6
CONTINUOUS
10
0.7749333070866141
20
0.4257385433070866
11
0.7751354330708661
21
0.4252808661417323
0
LINE
8
BLACK
6
CONTINUOUS
10
0.7751354330708661
20
0.4252808661417323
11
0.7752908267716535
21
0.4239411417322835
0
LINE
8
BLACK
6
CONTINUOUS
10
0.7752908267716535
20
0.4239411417322835
11
0.7753543307086614
21
0.4236220472440945
0
LINE
8
BLACK
6
CONTINUOUS
10
0.7753543307086614
20
0.4236220472440945
11
0.7753543307086614
21
0.3763779527559055
0
LINE
8
BLACK
6
CONTINUOUS
10
0.7753543307086614
20
0.3763779527559055
11
0.7752908267716535
21
0.3760588188976378
0
LINE
8
BLACK
6
CONTINUOUS
10
0.7752908267716535
20
0.3760588188976378
11
0.7751354330708661
21
0.374719094488189
0
LINE
8
BLACK
6
CONTINUOUS
10
0.7751354330708661
20
0.374719094488189
11
0.7749333070866141
21
0.3742613385826772
0
LINE
8
BLACK
6
CONTINUOUS
10
0.7749333070866141
20
0.3742613385826772
11
0.7747549606299212
21
0.3733646850393701
0
LINE
8
BLACK
6
CONTINUOUS
10
0.7747549606299212
20
0.3733646850393701
11
0.7741135039370078
21
0.3724047244094488
0
LINE
8
BLACK
6
CONTINUOUS
10
0.7741135039370078
20
0.3724047244094488
11
0.7739200787401574
21
0.3719666141732283
0
LINE
8
BLACK
6
CONTINUOUS
10
0.7739200787401574
20
0.3719666141732283
11
0.7736207874015748
21
0.3716673228346457
0
LINE
8
BLACK
6
CONTINUOUS
10
0.7736207874015748
20
0.3716673228346457
11
0.7730480708661417
21
0.3708101968503937
0
LINE
8
BLACK
6
CONTINUOUS
10
0.7730480708661417
20
0.3708101968503937
11
0.772190905511811
21
0.3702374409448819
0
LINE
8
BLACK
6
CONTINUOUS
10
0.772190905511811
20
0.3702374409448819
11
0.7718916141732284
21
0.3699381496062992
0
LINE
8
BLACK
6
CONTINUOUS
10
0.7718916141732284
20
0.3699381496062992
11
0.7714534251968503
21
0.3697446456692913
0
LINE
8
BLACK
6
CONTINUOUS
10
0.7714534251968503
20
0.3697446456692913
11
0.7704935826771654
21
0.3691033070866142
0
LINE
8
BLACK
6
CONTINUOUS
10
0.7704935826771654
20
0.3691033070866142
11
0.7695970078740157
21
0.3689249606299213
0
LINE
8
BLACK
6
CONTINUOUS
10
0.7695970078740157
20
0.3689249606299213
11
0.7691391338582677
21
0.3687227952755905
0
LINE
8
BLACK
6
CONTINUOUS
10
0.7691391338582677
20
0.3687227952755905
11
0.767798937007874
21
0.3685672834645669
0
LINE
8
BLACK
6
CONTINUOUS
10
0.767798937007874
20
0.3685672834645669
11
0.7674803149606299
21
0.368503937007874
0
LINE
8
BLACK
6
CONTINUOUS
10
0.7674803149606299
20
0.368503937007874
11
0.7672526377952755
21
0.368503937007874
0
LINE
8
BLACK
6
CONTINUOUS
10
0.7672526377952755
20
0.368503937007874
11
0.7125899212598426
21
0.368503937007874
0
LINE
8
BLACK
6
CONTINUOUS
10
0.7125899212598426
20
0.368503937007874
11
0.7123622047244095
21
0.368503937007874
0
LINE
8
BLACK
6
CONTINUOUS
10
0.7123622047244095
20
0.368503937007874
11
0.7120435433070866
21
0.3685672834645669
0
LINE
8
BLACK
6
CONTINUOUS
10
0.7120435433070866
20
0.3685672834645669
11
0.7107033464566929
21
0.3687227952755905
0
LINE
8
BLACK
6
CONTINUOUS
10
0.7107033464566929
20
0.3687227952755905
11
0.7102454330708661
21
0.3689249606299213
0
LINE
8
BLACK
6
CONTINUOUS
10
0.7102454330708661
20
0.3689249606299213
11
0.709348937007874
21
0.3691033070866142
0
LINE
8
BLACK
6
CONTINUOUS
10
0.709348937007874
20
0.3691033070866142
11
0.7083891338582677
21
0.3697446062992126
0
LINE
8
BLACK
6
CONTINUOUS
10
0.7083891338582677
20
0.3697446062992126
11
0.7079508661417323
21
0.3699381496062992
0
LINE
8
BLACK
6
CONTINUOUS
10
0.7079508661417323
20
0.3699381496062992
11
0.7076514566929134
21
0.3702375196850394
0
LINE
8
BLACK
6
CONTINUOUS
10
0.7076514566929134
20
0.3702375196850394
11
0.7067944488188976
21
0.3708101968503937
0
LINE
8
BLACK
6
CONTINUOUS
10
0.7067944488188976
20
0.3708101968503937
11
0.7062217716535433
21
0.3716672047244095
0
LINE
8
BLACK
6
CONTINUOUS
10
0.7062217716535433
20
0.3716672047244095
11
0.7059224015748031
21
0.3719666141732283
0
LINE
8
BLACK
6
CONTINUOUS
10
0.7059224015748031
20
0.3719666141732283
11
0.7057288582677165
21
0.3724048818897638
0
LINE
8
BLACK
6
CONTINUOUS
10
0.7057288582677165
20
0.3724048818897638
11
0.7050875590551181
21
0.3733646850393701
0
LINE
8
BLACK
6
CONTINUOUS
10
0.7050875590551181
20
0.3733646850393701
11
0.7049092125984252
21
0.3742611811023622
0
LINE
8
BLACK
6
CONTINUOUS
10
0.7049092125984252
20
0.3742611811023622
11
0.7047070472440945
21
0.374719094488189
0
LINE
8
BLACK
6
CONTINUOUS
10
0.7047070472440945
20
0.374719094488189
11
0.7045515354330708
21
0.3760593700787401
0
LINE
8
BLACK
6
CONTINUOUS
10
0.7045515354330708
20
0.3760593700787401
11
0.7044881889763779
21
0.3763779527559055
0
LINE
8
BLACK
6
CONTINUOUS
10
0.7044881889763779
20
0.3763779527559055
11
0.7044881889763779
21
0.4236220472440945
0
LINE
8
BLACK
6
CONTINUOUS
10
0.7044881889763779
20
0.4236220472440945
11
0.7045515748031496
21
0.4239407480314961
0
LINE
8
BLACK
6
CONTINUOUS
10
0.7045515748031496
20
0.4239407480314961
11
0.7047070472440945
21
0.4252808661417323
0
LINE
8
BLACK
6
CONTINUOUS
10
0.7047070472440945
20
0.4252808661417323
11
0.7049092125984252
21
0.4257387401574803
0
LINE
8
BLACK
6
CONTINUOUS
10
0.7049092125984252
20
0.4257387401574803
11
0.7050875590551181
21
0.4266353149606299
0
LINE
8
BLACK
6
CONTINUOUS
10
0.7050875590551181
20
0.4266353149606299
11
0.7057288976377952
21
0.427595157480315
0
LINE
8
BLACK
6
CONTINUOUS
10
0.7057288976377952
20
0.427595157480315
11
0.7059224015748031
21
0.4280333464566929
0
LINE
8
BLACK
6
CONTINUOUS
10
0.7059224015748031
20
0.4280333464566929
11
0.7062216929133858
21
0.4283326377952756
0
LINE
8
BLACK
6
CONTINUOUS
10
0.7062216929133858
20
0.4283326377952756
11
0.7067944488188976
21
0.4291898031496063
0
LINE
8
BLACK
6
CONTINUOUS
10
0.7067944488188976
20
0.4291898031496063
11
0.7076515748031496
21
0.4297625196850394
0
LINE
8
BLACK
6
CONTINUOUS
10
0.7076515748031496
20
0.4297625196850394
11
0.7079508661417323
21
0.4300618110236221
0
LINE
8
BLACK
6
CONTINUOUS
10
0.7079508661417323
20
0.4300618110236221
11
0.7083889763779527
21
0.4302552362204724
0
LINE
8
BLACK
6
CONTINUOUS
10
0.7083889763779527
20
0.4302552362204724
11
0.709348937007874
21
0.4308966929133858
0
LINE
8
BLACK
6
CONTINUOUS
10
0.709348937007874
20
0.4308966929133858
11
0.7102455905511811
21
0.4310750393700787
0
LINE
8
BLACK
6
CONTINUOUS
10
0.7102455905511811
20
0.4310750393700787
11
0.7107033464566929
21
0.4312771653543307
0
LINE
8
BLACK
6
CONTINUOUS
10
0.7107033464566929
20
0.4312771653543307
11
0.7120431496062992
21
0.4314325984251968
0
LINE
8
BLACK
6
CONTINUOUS
10
0.7120431496062992
20
0.4314325984251968
11
0.7123622047244095
21
0.431496062992126
0
LINE
8
BLACK
6
CONTINUOUS
10
0.7123622047244095
20
0.431496062992126
11
0.7674803149606299
21
0.431496062992126
0
LINE
8
BLACK
6
CONTINUOUS
10
0.7674803149606299
20
0.431496062992126
11
0.7677994881889764
21
0.4314325590551181
0
LINE
8
BLACK
6
CONTINUOUS
10
1.0877994881889763
20
0.4314325590551181
11
1.0891391338582677
21
0.4312771653543307
0
LINE
8
BLACK
6
CONTINUOUS
10
1.0891391338582677
20
0.4312771653543307
11
1.089596811023622
21
0.4310750393700787
0
LINE
8
BLACK
6
CONTINUOUS
10
1.089596811023622
20
0.4310750393700787
11
1.0904935826771653
21
0.4308966929133858
0
LINE
8
BLACK
6
CONTINUOUS
10
1.0904935826771653
20
0.4308966929133858
11
1.0914535826771654
21
0.4302551968503937
0
LINE
8
BLACK
6
CONTINUOUS
10
1.0914535826771654
20
0.4302551968503937
11
1.0918916141732282
21
0.4300618110236221
0
LINE
8
BLACK
6
CONTINUOUS
10
1.0918916141732282
20
0.4300618110236221
11
1.0921907874015748
21
0.4297625984251968
0
LINE
8
BLACK
6
CONTINUOUS
10
1.0921907874015748
20
0.4297625984251968
11
1.0930480708661416
21
0.4291898031496063
0
LINE
8
BLACK
6
CONTINUOUS
10
1.0930480708661416
20
0.4291898031496063
11
1.0936208661417322
21
0.4283325196850394
0
LINE
8
BLACK
6
CONTINUOUS
10
1.0936208661417322
20
0.4283325196850394
11
1.0939200787401575
21
0.4280333464566929
0
LINE
8
BLACK
6
CONTINUOUS
10
1.0939200787401575
20
0.4280333464566929
11
1.094113464566929
21
0.4275953149606299
0
LINE
8
BLACK
6
CONTINUOUS
10
1.094113464566929
20
0.4275953149606299
11
1.0947549606299212
21
0.4266353149606299
0
LINE
8
BLACK
6
CONTINUOUS
10
1.0947549606299212
20
0.4266353149606299
11
1.0949333070866141
21
0.4257385433070866
0
LINE
8
BLACK
6
CONTINUOUS
10
1.0949333070866141
20
0.4257385433070866
11
1.095135433070866
21
0.4252808661417323
0
LINE
8
BLACK
6
CONTINUOUS
10
1.095135433070866
20
0.4252808661417323
11
1.0952908267716535
21
0.4239411417322835
0
LINE
8
BLACK
6
CONTINUOUS
10
1.0952908267716535
20
0.4239411417322835
11
1.0953543307086613
21
0.4236220472440945
0
LINE
8
BLACK
6
CONTINUOUS
10
1.0953543307086613
20
0.4236220472440945
11
1.0953543307086613
21
0.3763779527559055
0
LINE
8
BLACK
6
CONTINUOUS
10
1.0953543307086613
20
0.3763779527559055
11
1.0952908267716535
21
0.3760588188976378
0
LINE
8
BLACK
6
CONTINUOUS
10
1.0952908267716535
20
0.3760588188976378
11
1.095135433070866
21
0.374719094488189
0
LINE
8
BLACK
6
CONTINUOUS
10
1.095135433070866
20
0.374719094488189
11
1.0949333070866141
21
0.3742613385826772
0
LINE
8
BLACK
6
CONTINUOUS
10
1.0949333070866141
20
0.3742613385826772
11
1.0947549606299212
21
0.3733646850393701
0
LINE
8
BLACK
6
CONTINUOUS
10
1.0947549606299212
20
0.3733646850393701
11
1.0941135039370078
21
0.3724047244094488
0
LINE
8
BLACK
6
CONTINUOUS
10
1.0941135039370078
20
0.3724047244094488
11
1.0939200787401575
21
0.3719666141732283
0
LINE
8
BLACK
6
CONTINUOUS
10
1.0939200787401575
20
0.3719666141732283
11
1.0936207874015749
21
0.3716673228346457
0
LINE
8
BLACK
6
CONTINUOUS
10
1.0936207874015749
20
0.3716673228346457
11
1.0930480708661416
21
0.3708101968503937
0
LINE
8
BLACK
6
CONTINUOUS
10
1.0930480708661416
20
0.3708101968503937
11
1.0921909055118111
21
0.3702374409448819
0
LINE
8
BLACK
6
CONTINUOUS
10
1.0921909055118111
20
0.3702374409448819
11
1.0918916141732282
21
0.3699381496062992
0
LINE
8
BLACK
6
CONTINUOUS
10
1.0918916141732282
20
0.3699381496062992
11
1.0914534251968504
21
0.3697446456692913
0
LINE
8
BLACK
6
CONTINUOUS
10
1.0914534251968504
20
0.3697446456692913
11
1.0904935826771653
21
0.3691033070866142
0
LINE
8
BLACK
6
CONTINUOUS
10
1.0904935826771653
20
0.3691033070866142
11
1.0895970078740158
21
0.3689249606299213
0
LINE
8
BLACK
6
CONTINUOUS
10
1.0895970078740158
20
0.3689249606299213
11
1.0891391338582677
21
0.3687227952755905
0
LINE
8
BLACK
6
CONTINUOUS
10
1.0891391338582677
20
0.3687227952755905
11
1.087798937007874
21
0.3685672834645669
0
LINE
8
BLACK
6
CONTINUOUS
10
1.087798937007874
20
0.3685672834645669
11
1.0874803149606298
21
0.368503937007874
0
LINE
8
BLACK
6
CONTINUOUS
10
1.0874803149606298
20
0.368503937007874
11
1.0872526377952756
21
0.368503937007874
0
LINE
8
BLACK
6
CONTINUOUS
10
1.0872526377952756
20
0.368503937007874
11
1.0325899212598424
21
0.368503937007874
0
LINE
8
BLACK
6
CONTINUOUS
10
1.0325899212598424
20
0.368503937007874
11
1.0323622047244094
21
0.368503937007874
0
LINE
8
BLACK
6
CONTINUOUS
10
1.0323622047244094
20
0.368503937007874
11
1.0320435433070867
21
0.3685672834645669
0
LINE
8
BLACK
6
CONTINUOUS
10
1.0320435433070867
20
0.3685672834645669
11
1.0307033464566928
21
0.3687227952755905
0
LINE
8
BLACK
6
CONTINUOUS
10
1.0307033464566928
20
0.3687227952755905
11
1.0302454330708661
21
0.3689249606299213
0
LINE
8
BLACK
6
CONTINUOUS
10
1.0302454330708661
20
0.3689249606299213
11
1.0293489370078739
21
0.3691033070866142
0
LINE
8
BLACK
6
CONTINUOUS
10
1.0293489370078739
20
0.3691033070866142
11
1.0283891338582678
21
0.3697446062992126
0
LINE
8
BLACK
6
CONTINUOUS
10
1.0283891338582678
20
0.3697446062992126
11
1.0279508661417323
21
0.3699381496062992
0
LINE
8
BLACK
6
CONTINUOUS
10
1.0279508661417323
20
0.3699381496062992
11
1.0276514566929134
21
0.3702375196850394
0
LINE
8
BLACK
6
CONTINUOUS
10
1.0276514566929134
20
0.3702375196850394
11
1.0267944488188976
21
0.3708101968503937
0
LINE
8
BLACK
6
CONTINUOUS
10
1.0267944488188976
20
0.3708101968503937
11
1.0262217716535433
21
0.3716672047244095
0
LINE
8
BLACK
6
CONTINUOUS
10
1.0262217716535433
20
0.3716672047244095
11
1.0259224015748032
21
0.3719666141732283
0
LINE
8
BLACK
6
CONTINUOUS
10
1.0259224015748032
20
0.3719666141732283
11
1.0257288582677164
21
0.3724048818897638
0
LINE
8
BLACK
6
CONTINUOUS
10
1.0257288582677164
20
0.3724048818897638
11
1.0250875590551181
21
0.3733646850393701
0
LINE
8
BLACK
6
CONTINUOUS
10
1.0250875590551181
20
0.3733646850393701
11
1.0249092125984252
21
0.3742611811023622
0
LINE
8
BLACK
6
CONTINUOUS
10
1.0249092125984252
20
0.3742611811023622
11
1.0247070472440944
21
0.374719094488189
0
LINE
8
BLACK
6
CONTINUOUS
10
1.0247070472440944
20
0.374719094488189
11
1.0245515354330708
21
0.3760593700787401
0
LINE
8
BLACK
6
CONTINUOUS
10
1.0245515354330708
20
0.3760593700787401
11
1.0244881889763779
21
0.3763779527559055
0
LINE
8
BLACK
6
CONTINUOUS
10
1.0244881889763779
20
0.3763779527559055
11
1.0244881889763779
21
0.4236220472440945
0
LINE
8
BLACK
6
CONTINUOUS
10
1.0244881889763779
20
0.4236220472440945
11
1.0245515748031495
21
0.4239407480314961
0
LINE
8
BLACK
6
CONTINUOUS
10
1.0245515748031495
20
0.4239407480314961
11
1.0247070472440944
21
0.4252808661417323
0
LINE
8
BLACK
6
CONTINUOUS
10
1.0247070472440944
20
0.4252808661417323
11
1.0249092125984252
21
0.4257387401574803
0
LINE
8
BLACK
6
CONTINUOUS
10
1.0249092125984252
20
0.4257387401574803
11
1.0250875590551181
21
0.4266353149606299
0
LINE
8
BLACK
6
CONTINUOUS
10
1.0250875590551181
20
0.4266353149606299
11
1.0257288976377952
21
0.427595157480315
0
LINE
8
BLACK
6
CONTINUOUS
10
1.0257288976377952
20
0.427595157480315
11
1.0259224015748032
21
0.4280333464566929
0
LINE
8
BLACK
6
CONTINUOUS
10
1.0259224015748032
20
0.4280333464566929
11
1.0262216929133858
21
0.4283326377952756
0
LINE
8
BLACK
6
CONTINUOUS
10
1.0262216929133858
20
0.4283326377952756
11
1.0267944488188976
21
0.4291898031496063
0
LINE
8
BLACK
6
CONTINUOUS
10
1.0267944488188976
20
0.4291898031496063
11
1.0276515748031496
21
0.4297625196850394
0
LINE
8
BLACK
6
CONTINUOUS
10
1.0276515748031496
20
0.4297625196850394
11
1.0279508661417323
21
0.4300618110236221
0
LINE
8
BLACK
6
CONTINUOUS
10
1.0279508661417323
20
0.4300618110236221
11
1.0283889763779528
21
0.4302552362204724
0
LINE
8
BLACK
6
CONTINUOUS
10
1.0283889763779528
20
0.4302552362204724
11
1.0293489370078739
21
0.4308966929133858
0
LINE
8
BLACK
6
CONTINUOUS
10
1.0293489370078739
20
0.4308966929133858
11
1.0302455905511811
21
0.4310750393700787
0
LINE
8
BLACK
6
CONTINUOUS
10
1.0302455905511811
20
0.4310750393700787
11
1.0307033464566928
21
0.4312771653543307
0
LINE
8
BLACK
6
CONTINUOUS
10
1.0307033464566928
20
0.4312771653543307
11
1.0320431496062992
21
0.4314325984251968
0
LINE
8
BLACK
6
CONTINUOUS
10
1.0320431496062992
20
0.4314325984251968
11
1.0323622047244094
21
0.431496062992126
0
LINE
8
BLACK
6
CONTINUOUS
10
1.0323622047244094
20
0.431496062992126
11
1.0874803149606298
21
0.431496062992126
0
LINE
8
BLACK
6
CONTINUOUS
10
1.0874803149606298
20
0.431496062992126
11
1.0877994881889763
21
0.4314325590551181
0
LINE
8
BLACK
6
CONTINUOUS
10
1.4839412204724409
20
0.5952908267716536
11
1.4852808661417323
21
0.5951354330708661
0
LINE
8
BLACK
6
CONTINUOUS
10
1.4852808661417323
20
0.5951354330708661
11
1.4857385433070867
21
0.5949333070866142
0
LINE
8
BLACK
6
CONTINUOUS
10
1.4857385433070867
20
0.5949333070866142
11
1.4866353149606299
21
0.5947549606299213
0
LINE
8
BLACK
6
CONTINUOUS
10
1.4866353149606299
20
0.5947549606299213
11
1.4875953149606298
21
0.5941134645669292
0
LINE
8
BLACK
6
CONTINUOUS
10
1.4875953149606298
20
0.5941134645669292
11
1.4880333464566928
21
0.5939200787401575
0
LINE
8
BLACK
6
CONTINUOUS
10
1.4880333464566928
20
0.5939200787401575
11
1.4883325196850394
21
0.5936208661417323
0
LINE
8
BLACK
6
CONTINUOUS
10
1.4883325196850394
20
0.5936208661417323
11
1.4891898031496063
21
0.5930480708661418
0
LINE
8
BLACK
6
CONTINUOUS
10
1.4891898031496063
20
0.5930480708661418
11
1.4897625984251968
21
0.5921907874015748
0
LINE
8
BLACK
6
CONTINUOUS
10
1.4897625984251968
20
0.5921907874015748
11
1.4900618110236221
21
0.5918916141732283
0
LINE
8
BLACK
6
CONTINUOUS
10
1.4900618110236221
20
0.5918916141732283
11
1.4902551968503936
21
0.5914535826771653
0
LINE
8
BLACK
6
CONTINUOUS
10
1.4902551968503936
20
0.5914535826771653
11
1.4908966929133858
21
0.5904935826771653
0
LINE
8
BLACK
6
CONTINUOUS
10
1.4908966929133858
20
0.5904935826771653
11
1.4910750393700787
21
0.589596811023622
0
LINE
8
BLACK
6
CONTINUOUS
10
1.4910750393700787
20
0.589596811023622
11
1.4912771653543306
21
0.5891391338582677
0
LINE
8
BLACK
6
CONTINUOUS
10
1.4912771653543306
20
0.5891391338582677
11
1.4914325590551181
21
0.5877994094488189
0
LINE
8
BLACK
6
CONTINUOUS
10
1.4914325590551181
20
0.5877994094488189
11
1.4914960629921259
21
0.5874803149606299
0
LINE
8
BLACK
6
CONTINUOUS
10
1.4914960629921259
20
0.5874803149606299
11
1.4914960629921259
21
0.5323622047244094
0
LINE
8
BLACK
6
CONTINUOUS
10
1.4914960629921259
20
0.5323622047244094
11
1.4914325590551181
21
0.5320430708661417
0
LINE
8
BLACK
6
CONTINUOUS
10
1.4914325590551181
20
0.5320430708661417
11
1.4912771653543306
21
0.5307033464566929
0
LINE
8
BLACK
6
CONTINUOUS
10
1.4912771653543306
20
0.5307033464566929
11
1.4910750393700787
21
0.5302455905511811
0
LINE
8
BLACK
6
CONTINUOUS
10
1.4910750393700787
20
0.5302455905511811
11
1.4908966929133858
21
0.529348937007874
0
LINE
8
BLACK
6
CONTINUOUS
10
1.4908966929133858
20
0.529348937007874
11
1.4902552362204724
21
0.5283889763779528
0
LINE
8
BLACK
6
CONTINUOUS
10
1.4902552362204724
20
0.5283889763779528
11
1.4900618110236221
21
0.5279508661417323
0
LINE
8
BLACK
6
CONTINUOUS
10
1.4900618110236221
20
0.5279508661417323
11
1.4897625196850393
21
0.5276515748031496
0
LINE
8
BLACK
6
CONTINUOUS
10
1.4897625196850393
20
0.5276515748031496
11
1.4891898031496063
21
0.5267944488188976
0
LINE
8
BLACK
6
CONTINUOUS
10
1.4891898031496063
20
0.5267944488188976
11
1.4883326377952755
21
0.5262216929133858
0
LINE
8
BLACK
6
CONTINUOUS
10
1.4883326377952755
20
0.5262216929133858
11
1.4880333464566928
21
0.5259224015748032
0
LINE
8
BLACK
6
CONTINUOUS
10
1.4880333464566928
20
0.5259224015748032
11
1.487595157480315
21
0.5257288976377953
0
LINE
8
BLACK
6
CONTINUOUS
10
1.487595157480315
20
0.5257288976377953
11
1.4866353149606299
21
0.5250875590551181
0
LINE
8
BLACK
6
CONTINUOUS
10
1.4866353149606299
20
0.5250875590551181
11
1.4857387401574802
21
0.5249092125984252
0
LINE
8
BLACK
6
CONTINUOUS
10
1.4857387401574802
20
0.5249092125984252
11
1.4852808661417323
21
0.5247070472440944
0
LINE
8
BLACK
6
CONTINUOUS
10
1.4852808661417323
20
0.5247070472440944
11
1.4839406692913386
21
0.5245515354330709
0
LINE
8
BLACK
6
CONTINUOUS
10
1.4839406692913386
20
0.5245515354330709
11
1.4836220472440944
21
0.5244881889763779
0
LINE
8
BLACK
6
CONTINUOUS
10
1.4836220472440944
20
0.5244881889763779
11
1.4833943700787402
21
0.5244881889763779
0
LINE
8
BLACK
6
CONTINUOUS
10
1.4833943700787402
20
0.5244881889763779
11
1.4366056692913385
21
0.5244881889763779
0
LINE
8
BLACK
6
CONTINUOUS
10
1.4366056692913385
20
0.5244881889763779
11
1.4363779527559055
21
0.5244881889763779
0
LINE
8
BLACK
6
CONTINUOUS
10
1.4363779527559055
20
0.5244881889763779
11
1.4360592913385826
21
0.5245515354330709
0
LINE
8
BLACK
6
CONTINUOUS
10
1.4360592913385826
20
0.5245515354330709
11
1.4347190944881889
21
0.5247070472440944
0
LINE
8
BLACK
6
CONTINUOUS
10
1.4347190944881889
20
0.5247070472440944
11
1.4342611811023622
21
0.5249092125984252
0
LINE
8
BLACK
6
CONTINUOUS
10
1.4342611811023622
20
0.5249092125984252
11
1.43336468503937
21
0.5250875590551181
0
LINE
8
BLACK
6
CONTINUOUS
10
1.43336468503937
20
0.5250875590551181
11
1.4324048818897637
21
0.5257288582677165
0
LINE
8
BLACK
6
CONTINUOUS
10
1.4324048818897637
20
0.5257288582677165
11
1.4319666141732283
21
0.5259224015748032
0
LINE
8
BLACK
6
CONTINUOUS
10
1.4319666141732283
20
0.5259224015748032
11
1.4316672047244094
21
0.5262217716535433
0
LINE
8
BLACK
6
CONTINUOUS
10
1.4316672047244094
20
0.5262217716535433
11
1.4308101968503937
21
0.5267944488188976
0
LINE
8
BLACK
6
CONTINUOUS
10
1.4308101968503937
20
0.5267944488188976
11
1.4302375196850394
21
0.5276514566929134
0
LINE
8
BLACK
6
CONTINUOUS
10
1.4302375196850394
20
0.5276514566929134
11
1.4299381496062993
21
0.5279508661417323
0
LINE
8
BLACK
6
CONTINUOUS
10
1.4299381496062993
20
0.5279508661417323
11
1.4297446062992125
21
0.5283891338582677
0
LINE
8
BLACK
6
CONTINUOUS
10
1.4297446062992125
20
0.5283891338582677
11
1.4291033070866141
21
0.529348937007874
0
LINE
8
BLACK
6
CONTINUOUS
10
1.4291033070866141
20
0.529348937007874
11
1.4289249606299212
21
0.5302454330708661
0
LINE
8
BLACK
6
CONTINUOUS
10
1.4289249606299212
20
0.5302454330708661
11
1.4287227952755905
21
0.5307033464566929
0
LINE
8
BLACK
6
CONTINUOUS
10
1.4287227952755905
20
0.5307033464566929
11
1.4285672834645669
21
0.5320436220472441
0
LINE
8
BLACK
6
CONTINUOUS
10
1.4285672834645669
20
0.5320436220472441
11
1.428503937007874
21
0.5323622047244094
0
LINE
8
BLACK
6
CONTINUOUS
10
1.428503937007874
20
0.5323622047244094
11
1.428503937007874
21
0.5874803149606299
0
LINE
8
BLACK
6
CONTINUOUS
10
1.428503937007874
20
0.5874803149606299
11
1.4285673228346456
21
0.5877990157480315
0
LINE
8
BLACK
6
CONTINUOUS
10
1.4285673228346456
20
0.5877990157480315
11
1.4287227952755905
21
0.5891391338582677
0
LINE
8
BLACK
6
CONTINUOUS
10
1.4287227952755905
20
0.5891391338582677
11
1.4289249606299212
21
0.5895970078740157
0
LINE
8
BLACK
6
CONTINUOUS
10
1.4289249606299212
20
0.5895970078740157
11
1.4291033070866141
21
0.5904935826771653
0
LINE
8
BLACK
6
CONTINUOUS
10
1.4291033070866141
20
0.5904935826771653
11
1.4297446456692913
21
0.5914534251968504
0
LINE
8
BLACK
6
CONTINUOUS
10
1.4297446456692913
20
0.5914534251968504
11
1.4299381496062993
21
0.5918916141732283
0
LINE
8
BLACK
6
CONTINUOUS
10
1.4299381496062993
20
0.5918916141732283
11
1.4302374409448819
21
0.592190905511811
0
LINE
8
BLACK
6
CONTINUOUS
10
1.4302374409448819
20
0.592190905511811
11
1.4308101968503937
21
0.5930480708661418
0
LINE
8
BLACK
6
CONTINUOUS
10
1.4308101968503937
20
0.5930480708661418
11
1.4316673228346457
21
0.5936207874015748
0
LINE
8
BLACK
6
CONTINUOUS
10
1.4316673228346457
20
0.5936207874015748
11
1.4319666141732283
21
0.5939200787401575
0
LINE
8
BLACK
6
CONTINUOUS
10
1.4319666141732283
20
0.5939200787401575
11
1.4324047244094489
21
0.5941135039370079
0
LINE
8
BLACK
6
CONTINUOUS
10
1.4324047244094489
20
0.5941135039370079
11
1.43336468503937
21
0.5947549606299213
0
LINE
8
BLACK
6
CONTINUOUS
10
1.43336468503937
20
0.5947549606299213
11
1.4342613385826772
21
0.5949333070866142
0
LINE
8
BLACK
6
CONTINUOUS
10
1.4342613385826772
20
0.5949333070866142
11
1.4347190944881889
21
0.5951354330708661
0
LINE
8
BLACK
6
CONTINUOUS
10
1.4347190944881889
20
0.5951354330708661
11
1.4360588976377953
21
0.5952908661417323
0
LINE
8
BLACK
6
CONTINUOUS
10
1.4360588976377953
20
0.5952908661417323
11
1.4363779527559055
21
0.5953543307086614
0
LINE
8
BLACK
6
CONTINUOUS
10
1.4363779527559055
20
0.5953543307086614
11
1.4836220472440944
21
0.5953543307086614
0
LINE
8
BLACK
6
CONTINUOUS
10
1.4836220472440944
20
0.5953543307086614
11
1.4839412204724409
21
0.5952908267716536
0
LINE
8
BLACK
6
CONTINUOUS
10
0.367956968503937
20
0.6271805905511811
11
0.3692966141732283
21
0.6270251968503937
0
LINE
8
BLACK
6
CONTINUOUS
10
0.3692966141732283
20
0.6270251968503937
11
0.3697542913385827
21
0.6268230708661418
0
LINE
8
BLACK
6
CONTINUOUS
10
0.3697542913385827
20
0.6268230708661418
11
0.370651062992126
21
0.6266447244094489
0
LINE
8
BLACK
6
CONTINUOUS
10
0.370651062992126
20
0.6266447244094489
11
0.371611062992126
21
0.6260032283464567
0
LINE
8
BLACK
6
CONTINUOUS
10
0.371611062992126
20
0.6260032283464567
11
0.372049094488189
21
0.6258098425196851
0
LINE
8
BLACK
6
CONTINUOUS
10
0.372049094488189
20
0.6258098425196851
11
0.3723482677165354
21
0.6255106299212598
0
LINE
8
BLACK
6
CONTINUOUS
10
0.3723482677165354
20
0.6255106299212598
11
0.3732055511811024
21
0.6249378346456693
0
LINE
8
BLACK
6
CONTINUOUS
10
0.3732055511811024
20
0.6249378346456693
11
0.3737783464566929
21
0.6240805511811024
0
LINE
8
BLACK
6
CONTINUOUS
10
0.3737783464566929
20
0.6240805511811024
11
0.3740775590551181
21
0.6237813779527559
0
LINE
8
BLACK
6
CONTINUOUS
10
0.3740775590551181
20
0.6237813779527559
11
0.3742709448818898
21
0.6233433464566929
0
LINE
8
BLACK
6
CONTINUOUS
10
0.3742709448818898
20
0.6233433464566929
11
0.3749124409448819
21
0.6223833464566929
0
LINE
8
BLACK
6
CONTINUOUS
10
0.3749124409448819
20
0.6223833464566929
11
0.3750907874015748
21
0.6214865748031496
0
LINE
8
BLACK
6
CONTINUOUS
10
0.3750907874015748
20
0.6214865748031496
11
0.3752929133858268
21
0.6210288976377952
0
LINE
8
BLACK
6
CONTINUOUS
10
0.3752929133858268
20
0.6210288976377952
11
0.3754483070866141
21
0.6196891732283465
0
LINE
8
BLACK
6
CONTINUOUS
10
0.3754483070866141
20
0.6196891732283465
11
0.375511811023622
21
0.6193700787401575
0
LINE
8
BLACK
6
CONTINUOUS
10
0.375511811023622
20
0.6193700787401575
11
0.375511811023622
21
0.5406299212598425
0
LINE
8
BLACK
6
CONTINUOUS
10
0.375511811023622
20
0.5406299212598425
11
0.3754483070866141
21
0.5403107874015748
0
LINE
8
BLACK
6
CONTINUOUS
10
0.3754483070866141
20
0.5403107874015748
11
0.3752929133858268
21
0.5389710629921259
0
LINE
8
BLACK
6
CONTINUOUS
10
0.3752929133858268
20
0.5389710629921259
11
0.3750907874015748
21
0.5385133070866142
0
LINE
8
BLACK
6
CONTINUOUS
10
0.3750907874015748
20
0.5385133070866142
11
0.3749124409448819
21
0.5376166535433071
0
LINE
8
BLACK
6
CONTINUOUS
10
0.3749124409448819
20
0.5376166535433071
11
0.3742709842519685
21
0.5366566929133858
0
LINE
8
BLACK
6
CONTINUOUS
10
0.3742709842519685
20
0.5366566929133858
11
0.3740775590551181
21
0.5362185826771654
0
LINE
8
BLACK
6
CONTINUOUS
10
0.3740775590551181
20
0.5362185826771654
11
0.3737782677165354
21
0.5359192913385826
0
LINE
8
BLACK
6
CONTINUOUS
10
0.3737782677165354
20
0.5359192913385826
11
0.3732055511811024
21
0.5350621653543307
0
LINE
8
BLACK
6
CONTINUOUS
10
0.3732055511811024
20
0.5350621653543307
11
0.3723483858267717
21
0.5344894094488188
0
LINE
8
BLACK
6
CONTINUOUS
10
0.3723483858267717
20
0.5344894094488188
11
0.372049094488189
21
0.5341901181102362
0
LINE
8
BLACK
6
CONTINUOUS
10
0.372049094488189
20
0.5341901181102362
11
0.371610905511811
21
0.5339966141732283
0
LINE
8
BLACK
6
CONTINUOUS
10
0.371610905511811
20
0.5339966141732283
11
0.370651062992126
21
0.5333552755905512
0
LINE
8
BLACK
6
CONTINUOUS
10
0.370651062992126
20
0.5333552755905512
11
0.3697544881889764
21
0.5331769291338583
0
LINE
8
BLACK
6
CONTINUOUS
10
0.3697544881889764
20
0.5331769291338583
11
0.3692966141732283
21
0.5329747637795276
0
LINE
8
BLACK
6
CONTINUOUS
10
0.3692966141732283
20
0.5329747637795276
11
0.3679564173228346
21
0.5328192519685039
0
LINE
8
BLACK
6
CONTINUOUS
10
0.3679564173228346
20
0.5328192519685039
11
0.3676377952755905
21
0.532755905511811
0
LINE
8
BLACK
6
CONTINUOUS
10
0.3676377952755905
20
0.532755905511811
11
0.3674101181102362
21
0.532755905511811
0
LINE
8
BLACK
6
CONTINUOUS
10
0.3674101181102362
20
0.532755905511811
11
0.3127474015748031
21
0.532755905511811
0
LINE
8
BLACK
6
CONTINUOUS
10
0.3127474015748031
20
0.532755905511811
11
0.3125196850393701
21
0.532755905511811
0
LINE
8
BLACK
6
CONTINUOUS
10
0.3125196850393701
20
0.532755905511811
11
0.3122010236220472
21
0.5328192519685039
0
LINE
8
BLACK
6
CONTINUOUS
10
0.3122010236220472
20
0.5328192519685039
11
0.3108608267716536
21
0.5329747637795276
0
LINE
8
BLACK
6
CONTINUOUS
10
0.3108608267716536
20
0.5329747637795276
11
0.3104029133858268
21
0.5331769291338583
0
LINE
8
BLACK
6
CONTINUOUS
10
0.3104029133858268
20
0.5331769291338583
11
0.3095064173228346
21
0.5333552755905512
0
LINE
8
BLACK
6
CONTINUOUS
10
0.3095064173228346
20
0.5333552755905512
11
0.3085466141732283
21
0.5339965748031495
0
LINE
8
BLACK
6
CONTINUOUS
10
0.3085466141732283
20
0.5339965748031495
11
0.3081083464566929
21
0.5341901181102362
0
LINE
8
BLACK
6
CONTINUOUS
10
0.3081083464566929
20
0.5341901181102362
11
0.307808937007874
21
0.5344894881889763
0
LINE
8
BLACK
6
CONTINUOUS
10
0.307808937007874
20
0.5344894881889763
11
0.3069519291338583
21
0.5350621653543307
0
LINE
8
BLACK
6
CONTINUOUS
10
0.3069519291338583
20
0.5350621653543307
11
0.3063792519685039
21
0.5359191732283465
0
LINE
8
BLACK
6
CONTINUOUS
10
0.3063792519685039
20
0.5359191732283465
11
0.3060798818897638
21
0.5362185826771654
0
LINE
8
BLACK
6
CONTINUOUS
10
0.3060798818897638
20
0.5362185826771654
11
0.3058863385826772
21
0.5366568503937008
0
LINE
8
BLACK
6
CONTINUOUS
10
0.3058863385826772
20
0.5366568503937008
11
0.3052450393700787
21
0.5376166535433071
0
LINE
8
BLACK
6
CONTINUOUS
10
0.3052450393700787
20
0.5376166535433071
11
0.3050666929133858
21
0.5385131496062991
0
LINE
8
BLACK
6
CONTINUOUS
10
0.3050666929133858
20
0.5385131496062991
11
0.3048645275590551
21
0.5389710629921259
0
LINE
8
BLACK
6
CONTINUOUS
10
0.3048645275590551
20
0.5389710629921259
11
0.3047090157480315
21
0.5403113385826771
0
LINE
8
BLACK
6
CONTINUOUS
10
0.3047090157480315
20
0.5403113385826771
11
0.3046456692913386
21
0.5406299212598425
0
LINE
8
BLACK
6
CONTINUOUS
10
0.3046456692913386
20
0.5406299212598425
11
0.3046456692913386
21
0.6193700787401575
0
LINE
8
BLACK
6
CONTINUOUS
10
0.3046456692913386
20
0.6193700787401575
11
0.3047090551181103
21
0.6196887795275591
0
LINE
8
BLACK
6
CONTINUOUS
10
0.3047090551181103
20
0.6196887795275591
11
0.3048645275590551
21
0.6210288976377952
0
LINE
8
BLACK
6
CONTINUOUS
10
0.3048645275590551
20
0.6210288976377952
11
0.3050666929133858
21
0.6214867716535433
0
LINE
8
BLACK
6
CONTINUOUS
10
0.3050666929133858
20
0.6214867716535433
11
0.3052450393700787
21
0.6223833464566929
0
LINE
8
BLACK
6
CONTINUOUS
10
0.3052450393700787
20
0.6223833464566929
11
0.3058863779527559
21
0.623343188976378
0
LINE
8
BLACK
6
CONTINUOUS
10
0.3058863779527559
20
0.623343188976378
11
0.3060798818897638
21
0.6237813779527559
0
LINE
8
BLACK
6
CONTINUOUS
10
0.3060798818897638
20
0.6237813779527559
11
0.3063791732283465
21
0.6240806692913385
0
LINE
8
BLACK
6
CONTINUOUS
10
0.3063791732283465
20
0.6240806692913385
11
0.3069519291338583
21
0.6249378346456693
0
LINE
8
BLACK
6
CONTINUOUS
10
0.3069519291338583
20
0.6249378346456693
11
0.3078090551181102
21
0.6255105511811023
0
LINE
8
BLACK
6
CONTINUOUS
10
0.3078090551181102
20
0.6255105511811023
11
0.3081083464566929
21
0.6258098425196851
0
LINE
8
BLACK
6
CONTINUOUS
10
0.3081083464566929
20
0.6258098425196851
11
0.3085464566929134
21
0.6260032677165355
0
LINE
8
BLACK
6
CONTINUOUS
10
0.3085464566929134
20
0.6260032677165355
11
0.3095064173228346
21
0.6266447244094489
0
LINE
8
BLACK
6
CONTINUOUS
10
0.3095064173228346
20
0.6266447244094489
11
0.3104030708661417
21
0.6268230708661418
0
LINE
8
BLACK
6
CONTINUOUS
10
0.3104030708661417
20
0.6268230708661418
11
0.3108608267716536
21
0.6270251968503937
0
LINE
8
BLACK
6
CONTINUOUS
10
0.3108608267716536
20
0.6270251968503937
11
0.3122006299212599
21
0.6271806299212598
0
LINE
8
BLACK
6
CONTINUOUS
10
0.3122006299212599
20
0.6271806299212598
11
0.3125196850393701
21
0.627244094488189
0
LINE
8
BLACK
6
CONTINUOUS
10
0.3125196850393701
20
0.627244094488189
11
0.3676377952755905
21
0.627244094488189
0
LINE
8
BLACK
6
CONTINUOUS
10
0.3676377952755905
20
0.627244094488189
11
0.367956968503937
21
0.6271805905511811
0
LINE
8
BLACK
6
CONTINUOUS
10
0.6879569685039369
20
0.6271805905511811
11
0.6892966141732283
21
0.6270251968503937
0
LINE
8
BLACK
6
CONTINUOUS
10
0.6892966141732283
20
0.6270251968503937
11
0.6897542913385827
21
0.6268230708661418
0
LINE
8
BLACK
6
CONTINUOUS
10
0.6897542913385827
20
0.6268230708661418
11
0.690651062992126
21
0.6266447244094489
0
LINE
8
BLACK
6
CONTINUOUS
10
0.690651062992126
20
0.6266447244094489
11
0.6916110629921259
21
0.6260032283464567
0
LINE
8
BLACK
6
CONTINUOUS
10
0.6916110629921259
20
0.6260032283464567
11
0.692049094488189
21
0.6258098425196851
0
LINE
8
BLACK
6
CONTINUOUS
10
0.692049094488189
20
0.6258098425196851
11
0.6923482677165355
21
0.6255106299212598
0
LINE
8
BLACK
6
CONTINUOUS
10
0.6923482677165355
20
0.6255106299212598
11
0.6932055511811024
21
0.6249378346456693
0
LINE
8
BLACK
6
CONTINUOUS
10
0.6932055511811024
20
0.6249378346456693
11
0.6937783464566929
21
0.6240805511811024
0
LINE
8
BLACK
6
CONTINUOUS
10
0.6937783464566929
20
0.6240805511811024
11
0.6940775590551181
21
0.6237813779527559
0
LINE
8
BLACK
6
CONTINUOUS
10
0.6940775590551181
20
0.6237813779527559
11
0.6942709448818898
21
0.6233433464566929
0
LINE
8
BLACK
6
CONTINUOUS
10
0.6942709448818898
20
0.6233433464566929
11
0.6949124409448819
21
0.6223833464566929
0
LINE
8
BLACK
6
CONTINUOUS
10
0.6949124409448819
20
0.6223833464566929
11
0.6950907874015748
21
0.6214865748031496
0
LINE
8
BLACK
6
CONTINUOUS
10
0.6950907874015748
20
0.6214865748031496
11
0.6952929133858268
21
0.6210288976377952
0
LINE
8
BLACK
6
CONTINUOUS
10
0.6952929133858268
20
0.6210288976377952
11
0.6954483070866142
21
0.6196891732283465
0
LINE
8
BLACK
6
CONTINUOUS
10
0.6954483070866142
20
0.6196891732283465
11
0.695511811023622
21
0.6193700787401575
0
LINE
8
BLACK
6
CONTINUOUS
10
0.695511811023622
20
0.6193700787401575
11
0.695511811023622
21
0.5406299212598425
0
LINE
8
BLACK
6
CONTINUOUS
10
0.695511811023622
20
0.5406299212598425
11
0.6954483070866142
21
0.5403107874015748
0
LINE
8
BLACK
6
CONTINUOUS
10
0.6954483070866142
20
0.5403107874015748
11
0.6952929133858268
21
0.5389710629921259
0
LINE
8
BLACK
6
CONTINUOUS
10
0.6952929133858268
20
0.5389710629921259
11
0.6950907874015748
21
0.5385133070866142
0
LINE
8
BLACK
6
CONTINUOUS
10
0.6950907874015748
20
0.5385133070866142
11
0.6949124409448819
21
0.5376166535433071
0
LINE
8
BLACK
6
CONTINUOUS
10
0.6949124409448819
20
0.5376166535433071
11
0.6942709842519685
21
0.5366566929133858
0
LINE
8
BLACK
6
CONTINUOUS
10
0.6942709842519685
20
0.5366566929133858
11
0.6940775590551181
21
0.5362185826771654
0
LINE
8
BLACK
6
CONTINUOUS
10
0.6940775590551181
20
0.5362185826771654
11
0.6937782677165354
21
0.5359192913385826
0
LINE
8
BLACK
6
CONTINUOUS
10
0.6937782677165354
20
0.5359192913385826
11
0.6932055511811024
21
0.5350621653543307
0
LINE
8
BLACK
6
CONTINUOUS
10
0.6932055511811024
20
0.5350621653543307
11
0.6923483858267716
21
0.5344894094488188
0
LINE
8
BLACK
6
CONTINUOUS
10
0.6923483858267716
20
0.5344894094488188
11
0.692049094488189
21
0.5341901181102362
0
LINE
8
BLACK
6
CONTINUOUS
10
0.692049094488189
20
0.5341901181102362
11
0.691610905511811
21
0.5339966141732283
0
LINE
8
BLACK
6
CONTINUOUS
10
0.691610905511811
20
0.5339966141732283
11
0.690651062992126
21
0.5333552755905512
0
LINE
8
BLACK
6
CONTINUOUS
10
0.690651062992126
20
0.5333552755905512
11
0.6897544881889763
21
0.5331769291338583
0
LINE
8
BLACK
6
CONTINUOUS
10
0.6897544881889763
20
0.5331769291338583
11
0.6892966141732283
21
0.5329747637795276
0
LINE
8
BLACK
6
CONTINUOUS
10
0.6892966141732283
20
0.5329747637795276
11
0.6879564173228346
21
0.5328192519685039
0
LINE
8
BLACK
6
CONTINUOUS
10
0.6879564173228346
20
0.5328192519685039
11
0.6876377952755905
21
0.532755905511811
0
LINE
8
BLACK
6
CONTINUOUS
10
0.6876377952755905
20
0.532755905511811
11
0.6874101181102362
21
0.532755905511811
0
LINE
8
BLACK
6
CONTINUOUS
10
0.6874101181102362
20
0.532755905511811
11
0.6327474015748031
21
0.532755905511811
0
LINE
8
BLACK
6
CONTINUOUS
10
0.6327474015748031
20
0.532755905511811
11
0.6325196850393701
21
0.532755905511811
0
LINE
8
BLACK
6
CONTINUOUS
10
0.6325196850393701
20
0.532755905511811
11
0.6322010236220472
21
0.5328192519685039
0
LINE
8
BLACK
6
CONTINUOUS
10
0.6322010236220472
20
0.5328192519685039
11
0.6308608267716536
21
0.5329747637795276
0
LINE
8
BLACK
6
CONTINUOUS
10
0.6308608267716536
20
0.5329747637795276
11
0.6304029133858268
21
0.5331769291338583
0
LINE
8
BLACK
6
CONTINUOUS
10
0.6304029133858268
20
0.5331769291338583
11
0.6295064173228346
21
0.5333552755905512
0
LINE
8
BLACK
6
CONTINUOUS
10
0.6295064173228346
20
0.5333552755905512
11
0.6285466141732283
21
0.5339965748031495
0
LINE
8
BLACK
6
CONTINUOUS
10
0.6285466141732283
20
0.5339965748031495
11
0.6281083464566929
21
0.5341901181102362
0
LINE
8
BLACK
6
CONTINUOUS
10
0.6281083464566929
20
0.5341901181102362
11
0.627808937007874
21
0.5344894881889763
0
LINE
8
BLACK
6
CONTINUOUS
10
0.627808937007874
20
0.5344894881889763
11
0.6269519291338582
21
0.5350621653543307
0
LINE
8
BLACK
6
CONTINUOUS
10
0.6269519291338582
20
0.5350621653543307
11
0.626379251968504
21
0.5359191732283465
0
LINE
8
BLACK
6
CONTINUOUS
10
0.626379251968504
20
0.5359191732283465
11
0.6260798818897637
21
0.5362185826771654
0
LINE
8
BLACK
6
CONTINUOUS
10
0.6260798818897637
20
0.5362185826771654
11
0.6258863385826772
21
0.5366568503937008
0
LINE
8
BLACK
6
CONTINUOUS
10
0.6258863385826772
20
0.5366568503937008
11
0.6252450393700787
21
0.5376166535433071
0
LINE
8
BLACK
6
CONTINUOUS
10
0.6252450393700787
20
0.5376166535433071
11
0.6250666929133858
21
0.5385131496062991
0
LINE
8
BLACK
6
CONTINUOUS
10
0.6250666929133858
20
0.5385131496062991
11
0.6248645275590551
21
0.5389710629921259
0
LINE
8
BLACK
6
CONTINUOUS
10
0.6248645275590551
20
0.5389710629921259
11
0.6247090157480315
21
0.5403113385826771
0
LINE
8
BLACK
6
CONTINUOUS
10
0.6247090157480315
20
0.5403113385826771
11
0.6246456692913386
21
0.5406299212598425
0
LINE
8
BLACK
6
CONTINUOUS
10
0.6246456692913386
20
0.5406299212598425
11
0.6246456692913386
21
0.6193700787401575
0
LINE
8
BLACK
6
CONTINUOUS
10
0.6246456692913386
20
0.6193700787401575
11
0.6247090551181103
21
0.6196887795275591
0
LINE
8
BLACK
6
CONTINUOUS
10
0.6247090551181103
20
0.6196887795275591
11
0.6248645275590551
21
0.6210288976377952
0
LINE
8
BLACK
6
CONTINUOUS
10
0.6248645275590551
20
0.6210288976377952
11
0.6250666929133858
21
0.6214867716535433
0
LINE
8
BLACK
6
CONTINUOUS
10
0.6250666929133858
20
0.6214867716535433
11
0.6252450393700787
21
0.6223833464566929
0
LINE
8
BLACK
6
CONTINUOUS
10
0.6252450393700787
20
0.6223833464566929
11
0.6258863779527559
21
0.623343188976378
0
LINE
8
BLACK
6
CONTINUOUS
10
0.6258863779527559
20
0.623343188976378
11
0.6260798818897637
21
0.6237813779527559
0
LINE
8
BLACK
6
CONTINUOUS
10
0.6260798818897637
20
0.6237813779527559
11
0.6263791732283465
21
0.6240806692913385
0
LINE
8
BLACK
6
CONTINUOUS
10
0.6263791732283465
20
0.6240806692913385
11
0.6269519291338582
21
0.6249378346456693
0
LINE
8
BLACK
6
CONTINUOUS
10
0.6269519291338582
20
0.6249378346456693
11
0.6278090551181102
21
0.6255105511811023
0
LINE
8
BLACK
6
CONTINUOUS
10
0.6278090551181102
20
0.6255105511811023
11
0.6281083464566929
21
0.6258098425196851
0
LINE
8
BLACK
6
CONTINUOUS
10
0.6281083464566929
20
0.6258098425196851
11
0.6285464566929134
21
0.6260032677165355
0
LINE
8
BLACK
6
CONTINUOUS
10
0.6285464566929134
20
0.6260032677165355
11
0.6295064173228346
21
0.6266447244094489
0
LINE
8
BLACK
6
CONTINUOUS
10
0.6295064173228346
20
0.6266447244094489
11
0.6304030708661417
21
0.6268230708661418
0
LINE
8
BLACK
6
CONTINUOUS
10
0.6304030708661417
20
0.6268230708661418
11
0.6308608267716536
21
0.6270251968503937
0
LINE
8
BLACK
6
CONTINUOUS
10
0.6308608267716536
20
0.6270251968503937
11
0.6322006299212598
21
0.6271806299212598
0
LINE
8
BLACK
6
CONTINUOUS
10
0.6322006299212598
20
0.6271806299212598
11
0.6325196850393701
21
0.627244094488189
0
LINE
8
BLACK
6
CONTINUOUS
10
0.6325196850393701
20
0.627244094488189
11
0.6876377952755905
21
0.627244094488189
0
LINE
8
BLACK
6
CONTINUOUS
10
0.6876377952755905
20
0.627244094488189
11
0.6879569685039369
21
0.6271805905511811
0
LINE
8
BLACK
6
CONTINUOUS
10
1.0079569685039369
20
0.6271805905511811
11
1.0092966141732282
21
0.6270251968503937
0
LINE
8
BLACK
6
CONTINUOUS
10
1.0092966141732282
20
0.6270251968503937
11
1.0097542913385826
21
0.6268230708661418
0
LINE
8
BLACK
6
CONTINUOUS
10
1.0097542913385826
20
0.6268230708661418
11
1.0106510629921259
21
0.6266447244094489
0
LINE
8
BLACK
6
CONTINUOUS
10
1.0106510629921259
20
0.6266447244094489
11
1.011611062992126
21
0.6260032283464567
0
LINE
8
BLACK
6
CONTINUOUS
10
1.011611062992126
20
0.6260032283464567
11
1.012049094488189
21
0.6258098425196851
0
LINE
8
BLACK
6
CONTINUOUS
10
1.012049094488189
20
0.6258098425196851
11
1.0123482677165354
21
0.6255106299212598
0
LINE
8
BLACK
6
CONTINUOUS
10
1.0123482677165354
20
0.6255106299212598
11
1.0132055511811024
21
0.6249378346456693
0
LINE
8
BLACK
6
CONTINUOUS
10
1.0132055511811024
20
0.6249378346456693
11
1.013778346456693
21
0.6240805511811024
0
LINE
8
BLACK
6
CONTINUOUS
10
1.013778346456693
20
0.6240805511811024
11
1.0140775590551181
21
0.6237813779527559
0
LINE
8
BLACK
6
CONTINUOUS
10
1.0140775590551181
20
0.6237813779527559
11
1.0142709448818898
21
0.6233433464566929
0
LINE
8
BLACK
6
CONTINUOUS
10
1.0142709448818898
20
0.6233433464566929
11
1.014912440944882
21
0.6223833464566929
0
LINE
8
BLACK
6
CONTINUOUS
10
1.014912440944882
20
0.6223833464566929
11
1.0150907874015749
21
0.6214865748031496
0
LINE
8
BLACK
6
CONTINUOUS
10
1.0150907874015749
20
0.6214865748031496
11
1.0152929133858268
21
0.6210288976377952
0
LINE
8
BLACK
6
CONTINUOUS
10
1.0152929133858268
20
0.6210288976377952
11
1.015448307086614
21
0.6196891732283465
0
LINE
8
BLACK
6
CONTINUOUS
10
1.015448307086614
20
0.6196891732283465
11
1.0155118110236221
21
0.6193700787401575
0
LINE
8
BLACK
6
CONTINUOUS
10
1.0155118110236221
20
0.6193700787401575
11
1.0155118110236221
21
0.5406299212598425
0
LINE
8
BLACK
6
CONTINUOUS
10
1.0155118110236221
20
0.5406299212598425
11
1.015448307086614
21
0.5403107874015748
0
LINE
8
BLACK
6
CONTINUOUS
10
1.015448307086614
20
0.5403107874015748
11
1.0152929133858268
21
0.5389710629921259
0
LINE
8
BLACK
6
CONTINUOUS
10
1.0152929133858268
20
0.5389710629921259
11
1.0150907874015749
21
0.5385133070866142
0
LINE
8
BLACK
6
CONTINUOUS
10
1.0150907874015749
20
0.5385133070866142
11
1.014912440944882
21
0.5376166535433071
0
LINE
8
BLACK
6
CONTINUOUS
10
1.014912440944882
20
0.5376166535433071
11
1.0142709842519684
21
0.5366566929133858
0
LINE
8
BLACK
6
CONTINUOUS
10
1.0142709842519684
20
0.5366566929133858
11
1.0140775590551181
21
0.5362185826771654
0
LINE
8
BLACK
6
CONTINUOUS
10
1.0140775590551181
20
0.5362185826771654
11
1.0137782677165355
21
0.5359192913385826
0
LINE
8
BLACK
6
CONTINUOUS
10
1.0137782677165355
20
0.5359192913385826
11
1.0132055511811024
21
0.5350621653543307
0
LINE
8
BLACK
6
CONTINUOUS
10
1.0132055511811024
20
0.5350621653543307
11
1.0123483858267717
21
0.5344894094488188
0
LINE
8
BLACK
6
CONTINUOUS
10
1.0123483858267717
20
0.5344894094488188
11
1.012049094488189
21
0.5341901181102362
0
LINE
8
BLACK
6
CONTINUOUS
10
1.012049094488189
20
0.5341901181102362
11
1.011610905511811
21
0.5339966141732283
0
LINE
8
BLACK
6
CONTINUOUS
10
1.011610905511811
20
0.5339966141732283
11
1.0106510629921259
21
0.5333552755905512
0
LINE
8
BLACK
6
CONTINUOUS
10
1.0106510629921259
20
0.5333552755905512
11
1.0097544881889764
21
0.5331769291338583
0
LINE
8
BLACK
6
CONTINUOUS
10
1.0097544881889764
20
0.5331769291338583
11
1.0092966141732282
21
0.5329747637795276
0
LINE
8
BLACK
6
CONTINUOUS
10
1.0092966141732282
20
0.5329747637795276
11
1.0079564173228346
21
0.5328192519685039
0
LINE
8
BLACK
6
CONTINUOUS
10
1.0079564173228346
20
0.5328192519685039
11
1.0076377952755906
21
0.532755905511811
0
LINE
8
BLACK
6
CONTINUOUS
10
1.0076377952755906
20
0.532755905511811
11
1.0074101181102362
21
0.532755905511811
0
LINE
8
BLACK
6
CONTINUOUS
10
1.0074101181102362
20
0.532755905511811
11
0.9527474015748031
21
0.532755905511811
0
LINE
8
BLACK
6
CONTINUOUS
10
0.9527474015748031
20
0.532755905511811
11
0.95251968503937
21
0.532755905511811
0
LINE
8
BLACK
6
CONTINUOUS
10
0.95251968503937
20
0.532755905511811
11
0.9522010236220472
21
0.5328192519685039
0
LINE
8
BLACK
6
CONTINUOUS
10
0.9522010236220472
20
0.5328192519685039
11
0.9508608267716535
21
0.5329747637795276
0
LINE
8
BLACK
6
CONTINUOUS
10
0.9508608267716535
20
0.5329747637795276
11
0.9504029133858267
21
0.5331769291338583
0
LINE
8
BLACK
6
CONTINUOUS
10
0.9504029133858267
20
0.5331769291338583
11
0.9495064173228346
21
0.5333552755905512
0
LINE
8
BLACK
6
CONTINUOUS
10
0.9495064173228346
20
0.5333552755905512
11
0.9485466141732283
21
0.5339965748031495
0
LINE
8
BLACK
6
CONTINUOUS
10
0.9485466141732283
20
0.5339965748031495
11
0.9481083464566928
21
0.5341901181102362
0
LINE
8
BLACK
6
CONTINUOUS
10
0.9481083464566928
20
0.5341901181102362
11
0.9478089370078739
21
0.5344894881889763
0
LINE
8
BLACK
6
CONTINUOUS
10
0.9478089370078739
20
0.5344894881889763
11
0.9469519291338583
21
0.5350621653543307
0
LINE
8
BLACK
6
CONTINUOUS
10
0.9469519291338583
20
0.5350621653543307
11
0.9463792519685039
21
0.5359191732283465
0
LINE
8
BLACK
6
CONTINUOUS
10
0.9463792519685039
20
0.5359191732283465
11
0.9460798818897638
21
0.5362185826771654
0
LINE
8
BLACK
6
CONTINUOUS
10
0.9460798818897638
20
0.5362185826771654
11
0.9458863385826771
21
0.5366568503937008
0
LINE
8
BLACK
6
CONTINUOUS
10
0.9458863385826771
20
0.5366568503937008
11
0.9452450393700788
21
0.5376166535433071
0
LINE
8
BLACK
6
CONTINUOUS
10
0.9452450393700788
20
0.5376166535433071
11
0.9450666929133859
21
0.5385131496062991
0
LINE
8
BLACK
6
CONTINUOUS
10
0.9450666929133859
20
0.5385131496062991
11
0.9448645275590551
21
0.5389710629921259
0
LINE
8
BLACK
6
CONTINUOUS
10
0.9448645275590551
20
0.5389710629921259
11
0.9447090157480315
21
0.5403113385826771
0
LINE
8
BLACK
6
CONTINUOUS
10
0.9447090157480315
20
0.5403113385826771
11
0.9446456692913385
21
0.5406299212598425
0
LINE
8
BLACK
6
CONTINUOUS
10
0.9446456692913385
20
0.5406299212598425
11
0.9446456692913385
21
0.6193700787401575
0
LINE
8
BLACK
6
CONTINUOUS
10
0.9446456692913385
20
0.6193700787401575
11
0.9447090551181102
21
0.6196887795275591
0
LINE
8
BLACK
6
CONTINUOUS
10
0.9447090551181102
20
0.6196887795275591
11
0.9448645275590551
21
0.6210288976377952
0
LINE
8
BLACK
6
CONTINUOUS
10
0.9448645275590551
20
0.6210288976377952
11
0.9450666929133859
21
0.6214867716535433
0
LINE
8
BLACK
6
CONTINUOUS
10
0.9450666929133859
20
0.6214867716535433
11
0.9452450393700788
21
0.6223833464566929
0
LINE
8
BLACK
6
CONTINUOUS
10
0.9452450393700788
20
0.6223833464566929
11
0.9458863779527559
21
0.623343188976378
0
LINE
8
BLACK
6
CONTINUOUS
10
0.9458863779527559
20
0.623343188976378
11
0.9460798818897638
21
0.6237813779527559
0
LINE
8
BLACK
6
CONTINUOUS
10
0.9460798818897638
20
0.6237813779527559
11
0.9463791732283464
21
0.6240806692913385
0
LINE
8
BLACK
6
CONTINUOUS
10
0.9463791732283464
20
0.6240806692913385
11
0.9469519291338583
21
0.6249378346456693
0
LINE
8
BLACK
6
CONTINUOUS
10
0.9469519291338583
20
0.6249378346456693
11
0.9478090551181102
21
0.6255105511811023
0
LINE
8
BLACK
6
CONTINUOUS
10
0.9478090551181102
20
0.6255105511811023
11
0.9481083464566928
21
0.6258098425196851
0
LINE
8
BLACK
6
CONTINUOUS
10
0.9481083464566928
20
0.6258098425196851
11
0.9485464566929134
21
0.6260032677165355
0
LINE
8
BLACK
6
CONTINUOUS
10
0.9485464566929134
20
0.6260032677165355
11
0.9495064173228346
21
0.6266447244094489
0
LINE
8
BLACK
6
CONTINUOUS
10
0.9495064173228346
20
0.6266447244094489
11
0.9504030708661417
21
0.6268230708661418
0
LINE
8
BLACK
6
CONTINUOUS
10
0.9504030708661417
20
0.6268230708661418
11
0.9508608267716535
21
0.6270251968503937
0
LINE
8
BLACK
6
CONTINUOUS
10
0.9508608267716535
20
0.6270251968503937
11
0.9522006299212599
21
0.6271806299212598
0
LINE
8
BLACK
6
CONTINUOUS
10
0.9522006299212599
20
0.6271806299212598
11
0.95251968503937
21
0.627244094488189
0
LINE
8
BLACK
6
CONTINUOUS
10
0.95251968503937
20
0.627244094488189
11
1.0076377952755906
21
0.627244094488189
0
LINE
8
BLACK
6
CONTINUOUS
10
1.0076377952755906
20
0.627244094488189
11
1.0079569685039369
21
0.6271805905511811
0
LINE
8
BLACK
6
CONTINUOUS
10
1.327956968503937
20
0.6271805905511811
11
1.3292966141732283
21
0.6270251968503937
0
LINE
8
BLACK
6
CONTINUOUS
10
1.3292966141732283
20
0.6270251968503937
11
1.3297542913385827
21
0.6268230708661418
0
LINE
8
BLACK
6
CONTINUOUS
10
1.3297542913385827
20
0.6268230708661418
11
1.330651062992126
21
0.6266447244094489
0
LINE
8
BLACK
6
CONTINUOUS
10
1.330651062992126
20
0.6266447244094489
11
1.3316110629921261
21
0.6260032283464567
0
LINE
8
BLACK
6
CONTINUOUS
10
1.3316110629921261
20
0.6260032283464567
11
1.3320490944881889
21
0.6258098425196851
0
LINE
8
BLACK
6
CONTINUOUS
10
1.3320490944881889
20
0.6258098425196851
11
1.3323482677165355
21
0.6255106299212598
0
LINE
8
BLACK
6
CONTINUOUS
10
1.3323482677165355
20
0.6255106299212598
11
1.3332055511811023
21
0.6249378346456693
0
LINE
8
BLACK
6
CONTINUOUS
10
1.3332055511811023
20
0.6249378346456693
11
1.3337783464566928
21
0.6240805511811024
0
LINE
8
BLACK
6
CONTINUOUS
10
1.3337783464566928
20
0.6240805511811024
11
1.3340775590551182
21
0.6237813779527559
0
LINE
8
BLACK
6
CONTINUOUS
10
1.3340775590551182
20
0.6237813779527559
11
1.3342709448818897
21
0.6233433464566929
0
LINE
8
BLACK
6
CONTINUOUS
10
1.3342709448818897
20
0.6233433464566929
11
1.3349124409448818
21
0.6223833464566929
0
LINE
8
BLACK
6
CONTINUOUS
10
1.3349124409448818
20
0.6223833464566929
11
1.3350907874015747
21
0.6214865748031496
0
LINE
8
BLACK
6
CONTINUOUS
10
1.3350907874015747
20
0.6214865748031496
11
1.3352929133858267
21
0.6210288976377952
0
LINE
8
BLACK
6
CONTINUOUS
10
1.3352929133858267
20
0.6210288976377952
11
1.3354483070866141
21
0.6196891732283465
0
LINE
8
BLACK
6
CONTINUOUS
10
1.3354483070866141
20
0.6196891732283465
11
1.3355118110236219
21
0.6193700787401575
0
LINE
8
BLACK
6
CONTINUOUS
10
1.3355118110236219
20
0.6193700787401575
11
1.3355118110236219
21
0.5406299212598425
0
LINE
8
BLACK
6
CONTINUOUS
10
1.3355118110236219
20
0.5406299212598425
11
1.3354483070866141
21
0.5403107874015748
0
LINE
8
BLACK
6
CONTINUOUS
10
1.3354483070866141
20
0.5403107874015748
11
1.3352929133858267
21
0.5389710629921259
0
LINE
8
BLACK
6
CONTINUOUS
10
1.3352929133858267
20
0.5389710629921259
11
1.3350907874015747
21
0.5385133070866142
0
LINE
8
BLACK
6
CONTINUOUS
10
1.3350907874015747
20
0.5385133070866142
11
1.3349124409448818
21
0.5376166535433071
0
LINE
8
BLACK
6
CONTINUOUS
10
1.3349124409448818
20
0.5376166535433071
11
1.3342709842519684
21
0.5366566929133858
0
LINE
8
BLACK
6
CONTINUOUS
10
1.3342709842519684
20
0.5366566929133858
11
1.3340775590551182
21
0.5362185826771654
0
LINE
8
BLACK
6
CONTINUOUS
10
1.3340775590551182
20
0.5362185826771654
11
1.3337782677165353
21
0.5359192913385826
0
LINE
8
BLACK
6
CONTINUOUS
10
1.3337782677165353
20
0.5359192913385826
11
1.3332055511811023
21
0.5350621653543307
0
LINE
8
BLACK
6
CONTINUOUS
10
1.3332055511811023
20
0.5350621653543307
11
1.3323483858267717
21
0.5344894094488188
0
LINE
8
BLACK
6
CONTINUOUS
10
1.3323483858267717
20
0.5344894094488188
11
1.3320490944881889
21
0.5341901181102362
0
LINE
8
BLACK
6
CONTINUOUS
10
1.3320490944881889
20
0.5341901181102362
11
1.331610905511811
21
0.5339966141732283
0
LINE
8
BLACK
6
CONTINUOUS
10
1.331610905511811
20
0.5339966141732283
11
1.330651062992126
21
0.5333552755905512
0
LINE
8
BLACK
6
CONTINUOUS
10
1.330651062992126
20
0.5333552755905512
11
1.3297544881889765
21
0.5331769291338583
0
LINE
8
BLACK
6
CONTINUOUS
10
1.3297544881889765
20
0.5331769291338583
11
1.3292966141732283
21
0.5329747637795276
0
LINE
8
BLACK
6
CONTINUOUS
10
1.3292966141732283
20
0.5329747637795276
11
1.3279564173228346
21
0.5328192519685039
0
LINE
8
BLACK
6
CONTINUOUS
10
1.3279564173228346
20
0.5328192519685039
11
1.3276377952755904
21
0.532755905511811
0
LINE
8
BLACK
6
CONTINUOUS
10
1.3276377952755904
20
0.532755905511811
11
1.3274101181102362
21
0.532755905511811
0
LINE
8
BLACK
6
CONTINUOUS
10
1.3274101181102362
20
0.532755905511811
11
1.272747401574803
21
0.532755905511811
0
LINE
8
BLACK
6
CONTINUOUS
10
1.272747401574803
20
0.532755905511811
11
1.2725196850393701
21
0.532755905511811
0
LINE
8
BLACK
6
CONTINUOUS
10
1.2725196850393701
20
0.532755905511811
11
1.2722010236220471
21
0.5328192519685039
0
LINE
8
BLACK
6
CONTINUOUS
10
1.2722010236220471
20
0.5328192519685039
11
1.2708608267716535
21
0.5329747637795276
0
LINE
8
BLACK
6
CONTINUOUS
10
1.2708608267716535
20
0.5329747637795276
11
1.2704029133858268
21
0.5331769291338583
0
LINE
8
BLACK
6
CONTINUOUS
10
1.2704029133858268
20
0.5331769291338583
11
1.2695064173228345
21
0.5333552755905512
0
LINE
8
BLACK
6
CONTINUOUS
10
1.2695064173228345
20
0.5333552755905512
11
1.2685466141732282
21
0.5339965748031495
0
LINE
8
BLACK
6
CONTINUOUS
10
1.2685466141732282
20
0.5339965748031495
11
1.2681083464566929
21
0.5341901181102362
0
LINE
8
BLACK
6
CONTINUOUS
10
1.2681083464566929
20
0.5341901181102362
11
1.267808937007874
21
0.5344894881889763
0
LINE
8
BLACK
6
CONTINUOUS
10
1.267808937007874
20
0.5344894881889763
11
1.2669519291338582
21
0.5350621653543307
0
LINE
8
BLACK
6
CONTINUOUS
10
1.2669519291338582
20
0.5350621653543307
11
1.266379251968504
21
0.5359191732283465
0
LINE
8
BLACK
6
CONTINUOUS
10
1.266379251968504
20
0.5359191732283465
11
1.2660798818897638
21
0.5362185826771654
0
LINE
8
BLACK
6
CONTINUOUS
10
1.2660798818897638
20
0.5362185826771654
11
1.2658863385826771
21
0.5366568503937008
0
LINE
8
BLACK
6
CONTINUOUS
10
1.2658863385826771
20
0.5366568503937008
11
1.2652450393700787
21
0.5376166535433071
0
LINE
8
BLACK
6
CONTINUOUS
10
1.2652450393700787
20
0.5376166535433071
11
1.2650666929133858
21
0.5385131496062991
0
LINE
8
BLACK
6
CONTINUOUS
10
1.2650666929133858
20
0.5385131496062991
11
1.2648645275590551
21
0.5389710629921259
0
LINE
8
BLACK
6
CONTINUOUS
10
1.2648645275590551
20
0.5389710629921259
11
1.2647090157480314
21
0.5403113385826771
0
LINE
8
BLACK
6
CONTINUOUS
10
1.2647090157480314
20
0.5403113385826771
11
1.2646456692913386
21
0.5406299212598425
0
LINE
8
BLACK
6
CONTINUOUS
10
1.2646456692913386
20
0.5406299212598425
11
1.2646456692913386
21
0.6193700787401575
0
LINE
8
BLACK
6
CONTINUOUS
10
1.2646456692913386
20
0.6193700787401575
11
1.2647090551181102
21
0.6196887795275591
0
LINE
8
BLACK
6
CONTINUOUS
10
1.2647090551181102
20
0.6196887795275591
11
1.2648645275590551
21
0.6210288976377952
0
LINE
8
BLACK
6
CONTINUOUS
10
1.2648645275590551
20
0.6210288976377952
11
1.2650666929133858
21
0.6214867716535433
0
LINE
8
BLACK
6
CONTINUOUS
10
1.2650666929133858
20
0.6214867716535433
11
1.2652450393700787
21
0.6223833464566929
0
LINE
8
BLACK
6
CONTINUOUS
10
1.2652450393700787
20
0.6223833464566929
11
1.2658863779527558
21
0.623343188976378
0
LINE
8
BLACK
6
CONTINUOUS
10
1.2658863779527558
20
0.623343188976378
11
1.2660798818897638
21
0.6237813779527559
0
LINE
8
BLACK
6
CONTINUOUS
10
1.2660798818897638
20
0.6237813779527559
11
1.2663791732283465
21
0.6240806692913385
0
LINE
8
BLACK
6
CONTINUOUS
10
1.2663791732283465
20
0.6240806692913385
11
1.2669519291338582
21
0.6249378346456693
0
LINE
8
BLACK
6
CONTINUOUS
10
1.2669519291338582
20
0.6249378346456693
11
1.2678090551181103
21
0.6255105511811023
0
LINE
8
BLACK
6
CONTINUOUS
10
1.2678090551181103
20
0.6255105511811023
11
1.2681083464566929
21
0.6258098425196851
0
LINE
8
BLACK
6
CONTINUOUS
10
1.2681083464566929
20
0.6258098425196851
11
1.2685464566929134
21
0.6260032677165355
0
LINE
8
BLACK
6
CONTINUOUS
10
1.2685464566929134
20
0.6260032677165355
11
1.2695064173228345
21
0.6266447244094489
0
LINE
8
BLACK
6
CONTINUOUS
10
1.2695064173228345
20
0.6266447244094489
11
1.2704030708661418
21
0.6268230708661418
0
LINE
8
BLACK
6
CONTINUOUS
10
1.2704030708661418
20
0.6268230708661418
11
1.2708608267716535
21
0.6270251968503937
0
LINE
8
BLACK
6
CONTINUOUS
10
1.2708608267716535
20
0.6270251968503937
11
1.2722006299212598
21
0.6271806299212598
0
LINE
8
BLACK
6
CONTINUOUS
10
1.2722006299212598
20
0.6271806299212598
11
1.2725196850393701
21
0.627244094488189
0
LINE
8
BLACK
6
CONTINUOUS
10
1.2725196850393701
20
0.627244094488189
11
1.3276377952755904
21
0.627244094488189
0
LINE
8
BLACK
6
CONTINUOUS
10
1.3276377952755904
20
0.627244094488189
11
1.327956968503937
21
0.6271805905511811
0
LINE
8
BLACK
6
CONTINUOUS
10
0.1277994881889764
20
0.6114325590551181
11
0.1291391338582677
21
0.6112771653543307
0
LINE
8
BLACK
6
CONTINUOUS
10
0.1291391338582677
20
0.6112771653543307
11
0.1295968110236221
21
0.6110750393700787
0
LINE
8
BLACK
6
CONTINUOUS
10
0.1295968110236221
20
0.6110750393700787
11
0.1304935826771653
21
0.6108966929133858
0
LINE
8
BLACK
6
CONTINUOUS
10
0.1304935826771653
20
0.6108966929133858
11
0.1314535826771654
21
0.6102551968503936
0
LINE
8
BLACK
6
CONTINUOUS
10
0.1314535826771654
20
0.6102551968503936
11
0.1318916141732283
21
0.610061811023622
0
LINE
8
BLACK
6
CONTINUOUS
10
0.1318916141732283
20
0.610061811023622
11
0.1321907874015748
21
0.6097625984251969
0
LINE
8
BLACK
6
CONTINUOUS
10
0.1321907874015748
20
0.6097625984251969
11
0.1330480708661417
21
0.6091898031496062
0
LINE
8
BLACK
6
CONTINUOUS
10
0.1330480708661417
20
0.6091898031496062
11
0.1336208661417323
21
0.6083325196850393
0
LINE
8
BLACK
6
CONTINUOUS
10
0.1336208661417323
20
0.6083325196850393
11
0.1339200787401575
21
0.6080333464566929
0
LINE
8
BLACK
6
CONTINUOUS
10
0.1339200787401575
20
0.6080333464566929
11
0.1341134645669291
21
0.6075953149606299
0
LINE
8
BLACK
6
CONTINUOUS
10
0.1341134645669291
20
0.6075953149606299
11
0.1347549606299213
21
0.6066353149606299
0
LINE
8
BLACK
6
CONTINUOUS
10
0.1347549606299213
20
0.6066353149606299
11
0.1349333070866142
21
0.6057385433070867
0
LINE
8
BLACK
6
CONTINUOUS
10
0.1349333070866142
20
0.6057385433070867
11
0.1351354330708661
21
0.6052808661417323
0
LINE
8
BLACK
6
CONTINUOUS
10
0.1351354330708661
20
0.6052808661417323
11
0.1352908267716535
21
0.6039411417322834
0
LINE
8
BLACK
6
CONTINUOUS
10
0.1352908267716535
20
0.6039411417322834
11
0.1353543307086614
21
0.6036220472440945
0
LINE
8
BLACK
6
CONTINUOUS
10
0.1353543307086614
20
0.6036220472440945
11
0.1353543307086614
21
0.5563779527559055
0
LINE
8
BLACK
6
CONTINUOUS
10
0.1353543307086614
20
0.5563779527559055
11
0.1352908267716535
21
0.5560588188976378
0
LINE
8
BLACK
6
CONTINUOUS
10
0.1352908267716535
20
0.5560588188976378
11
0.1351354330708661
21
0.554719094488189
0
LINE
8
BLACK
6
CONTINUOUS
10
0.1351354330708661
20
0.554719094488189
11
0.1349333070866142
21
0.5542613385826771
0
LINE
8
BLACK
6
CONTINUOUS
10
0.1349333070866142
20
0.5542613385826771
11
0.1347549606299213
21
0.5533646850393701
0
LINE
8
BLACK
6
CONTINUOUS
10
0.1347549606299213
20
0.5533646850393701
11
0.1341135039370079
21
0.5524047244094488
0
LINE
8
BLACK
6
CONTINUOUS
10
0.1341135039370079
20
0.5524047244094488
11
0.1339200787401575
21
0.5519666141732283
0
LINE
8
BLACK
6
CONTINUOUS
10
0.1339200787401575
20
0.5519666141732283
11
0.1336207874015748
21
0.5516673228346457
0
LINE
8
BLACK
6
CONTINUOUS
10
0.1336207874015748
20
0.5516673228346457
11
0.1330480708661417
21
0.5508101968503937
0
LINE
8
BLACK
6
CONTINUOUS
10
0.1330480708661417
20
0.5508101968503937
11
0.132190905511811
21
0.5502374409448819
0
LINE
8
BLACK
6
CONTINUOUS
10
0.132190905511811
20
0.5502374409448819
11
0.1318916141732283
21
0.5499381496062992
0
LINE
8
BLACK
6
CONTINUOUS
10
0.1318916141732283
20
0.5499381496062992
11
0.1314534251968504
21
0.5497446456692914
0
LINE
8
BLACK
6
CONTINUOUS
10
0.1314534251968504
20
0.5497446456692914
11
0.1304935826771653
21
0.5491033070866141
0
LINE
8
BLACK
6
CONTINUOUS
10
0.1304935826771653
20
0.5491033070866141
11
0.1295970078740157
21
0.5489249606299212
0
LINE
8
BLACK
6
CONTINUOUS
10
0.1295970078740157
20
0.5489249606299212
11
0.1291391338582677
21
0.5487227952755905
0
LINE
8
BLACK
6
CONTINUOUS
10
0.1291391338582677
20
0.5487227952755905
11
0.127798937007874
21
0.548567283464567
0
LINE
8
BLACK
6
CONTINUOUS
10
0.127798937007874
20
0.548567283464567
11
0.1274803149606299
21
0.548503937007874
0
LINE
8
BLACK
6
CONTINUOUS
10
0.1274803149606299
20
0.548503937007874
11
0.1272526377952756
21
0.548503937007874
0
LINE
8
BLACK
6
CONTINUOUS
10
0.1272526377952756
20
0.548503937007874
11
0.0725899212598425
21
0.548503937007874
0
LINE
8
BLACK
6
CONTINUOUS
10
0.0725899212598425
20
0.548503937007874
11
0.0723622047244094
21
0.548503937007874
0
LINE
8
BLACK
6
CONTINUOUS
10
0.0723622047244094
20
0.548503937007874
11
0.0720435433070866
21
0.548567283464567
0
LINE
8
BLACK
6
CONTINUOUS
10
0.0720435433070866
20
0.548567283464567
11
0.0707033464566929
21
0.5487227952755905
0
LINE
8
BLACK
6
CONTINUOUS
10
0.0707033464566929
20
0.5487227952755905
11
0.0702454330708661
21
0.5489249606299212
0
LINE
8
BLACK
6
CONTINUOUS
10
0.0702454330708661
20
0.5489249606299212
11
0.069348937007874
21
0.5491033070866141
0
LINE
8
BLACK
6
CONTINUOUS
10
0.069348937007874
20
0.5491033070866141
11
0.0683891338582677
21
0.5497446062992126
0
LINE
8
BLACK
6
CONTINUOUS
10
0.0683891338582677
20
0.5497446062992126
11
0.0679508661417323
21
0.5499381496062992
0
LINE
8
BLACK
6
CONTINUOUS
10
0.0679508661417323
20
0.5499381496062992
11
0.0676514566929134
21
0.5502375196850393
0
LINE
8
BLACK
6
CONTINUOUS
10
0.0676514566929134
20
0.5502375196850393
11
0.0667944488188976
21
0.5508101968503937
0
LINE
8
BLACK
6
CONTINUOUS
10
0.0667944488188976
20
0.5508101968503937
11
0.0662217716535433
21
0.5516672047244094
0
LINE
8
BLACK
6
CONTINUOUS
10
0.0662217716535433
20
0.5516672047244094
11
0.0659224015748032
21
0.5519666141732283
0
LINE
8
BLACK
6
CONTINUOUS
10
0.0659224015748032
20
0.5519666141732283
11
0.0657288582677165
21
0.5524048818897638
0
LINE
8
BLACK
6
CONTINUOUS
10
0.0657288582677165
20
0.5524048818897638
11
0.0650875590551181
21
0.5533646850393701
0
LINE
8
BLACK
6
CONTINUOUS
10
0.0650875590551181
20
0.5533646850393701
11
0.0649092125984252
21
0.5542611811023622
0
LINE
8
BLACK
6
CONTINUOUS
10
0.0649092125984252
20
0.5542611811023622
11
0.0647070472440945
21
0.554719094488189
0
LINE
8
BLACK
6
CONTINUOUS
10
0.0647070472440945
20
0.554719094488189
11
0.0645515354330709
21
0.5560593700787402
0
LINE
8
BLACK
6
CONTINUOUS
10
0.0645515354330709
20
0.5560593700787402
11
0.064488188976378
21
0.5563779527559055
0
LINE
8
BLACK
6
CONTINUOUS
10
0.064488188976378
20
0.5563779527559055
11
0.064488188976378
21
0.6036220472440945
0
LINE
8
BLACK
6
CONTINUOUS
10
0.064488188976378
20
0.6036220472440945
11
0.0645515748031496
21
0.603940748031496
0
LINE
8
BLACK
6
CONTINUOUS
10
0.0645515748031496
20
0.603940748031496
11
0.0647070472440945
21
0.6052808661417323
0
LINE
8
BLACK
6
CONTINUOUS
10
0.0647070472440945
20
0.6052808661417323
11
0.0649092125984252
21
0.6057387401574803
0
LINE
8
BLACK
6
CONTINUOUS
10
0.0649092125984252
20
0.6057387401574803
11
0.0650875590551181
21
0.6066353149606299
0
LINE
8
BLACK
6
CONTINUOUS
10
0.0650875590551181
20
0.6066353149606299
11
0.0657288976377953
21
0.6075951574803149
0
LINE
8
BLACK
6
CONTINUOUS
10
0.0657288976377953
20
0.6075951574803149
11
0.0659224015748032
21
0.6080333464566929
0
LINE
8
BLACK
6
CONTINUOUS
10
0.0659224015748032
20
0.6080333464566929
11
0.0662216929133858
21
0.6083326377952756
0
LINE
8
BLACK
6
CONTINUOUS
10
0.0662216929133858
20
0.6083326377952756
11
0.0667944488188976
21
0.6091898031496062
0
LINE
8
BLACK
6
CONTINUOUS
10
0.0667944488188976
20
0.6091898031496062
11
0.0676515748031496
21
0.6097625196850394
0
LINE
8
BLACK
6
CONTINUOUS
10
0.0676515748031496
20
0.6097625196850394
11
0.0679508661417323
21
0.610061811023622
0
LINE
8
BLACK
6
CONTINUOUS
10
0.0679508661417323
20
0.610061811023622
11
0.0683889763779528
21
0.6102552362204724
0
LINE
8
BLACK
6
CONTINUOUS
10
0.0683889763779528
20
0.6102552362204724
11
0.069348937007874
21
0.6108966929133858
0
LINE
8
BLACK
6
CONTINUOUS
10
0.069348937007874
20
0.6108966929133858
11
0.0702455905511811
21
0.6110750393700787
0
LINE
8
BLACK
6
CONTINUOUS
10
0.0702455905511811
20
0.6110750393700787
11
0.0707033464566929
21
0.6112771653543307
0
LINE
8
BLACK
6
CONTINUOUS
10
0.0707033464566929
20
0.6112771653543307
11
0.0720431496062992
21
0.6114325984251968
0
LINE
8
BLACK
6
CONTINUOUS
10
0.0720431496062992
20
0.6114325984251968
11
0.0723622047244094
21
0.611496062992126
0
LINE
8
BLACK
6
CONTINUOUS
10
0.0723622047244094
20
0.611496062992126
11
0.1274803149606299
21
0.611496062992126
0
LINE
8
BLACK
6
CONTINUOUS
10
0.1274803149606299
20
0.611496062992126
11
0.1277994881889764
21
0.6114325590551181
0
LINE
8
BLACK
6
CONTINUOUS
10
0.4477994881889764
20
0.6114325590551181
11
0.4491391338582677
21
0.6112771653543307
0
LINE
8
BLACK
6
CONTINUOUS
10
0.4491391338582677
20
0.6112771653543307
11
0.449596811023622
21
0.6110750393700787
0
LINE
8
BLACK
6
CONTINUOUS
10
0.449596811023622
20
0.6110750393700787
11
0.4504935826771653
21
0.6108966929133858
0
LINE
8
BLACK
6
CONTINUOUS
10
0.4504935826771653
20
0.6108966929133858
11
0.4514535826771653
21
0.6102551968503936
0
LINE
8
BLACK
6
CONTINUOUS
10
0.4514535826771653
20
0.6102551968503936
11
0.4518916141732283
21
0.610061811023622
0
LINE
8
BLACK
6
CONTINUOUS
10
0.4518916141732283
20
0.610061811023622
11
0.4521907874015748
21
0.6097625984251969
0
LINE
8
BLACK
6
CONTINUOUS
10
0.4521907874015748
20
0.6097625984251969
11
0.4530480708661417
21
0.6091898031496062
0
LINE
8
BLACK
6
CONTINUOUS
10
0.4530480708661417
20
0.6091898031496062
11
0.4536208661417322
21
0.6083325196850393
0
LINE
8
BLACK
6
CONTINUOUS
10
0.4536208661417322
20
0.6083325196850393
11
0.4539200787401575
21
0.6080333464566929
0
LINE
8
BLACK
6
CONTINUOUS
10
0.4539200787401575
20
0.6080333464566929
11
0.4541134645669291
21
0.6075953149606299
0
LINE
8
BLACK
6
CONTINUOUS
10
0.4541134645669291
20
0.6075953149606299
11
0.4547549606299213
21
0.6066353149606299
0
LINE
8
BLACK
6
CONTINUOUS
10
0.4547549606299213
20
0.6066353149606299
11
0.4549333070866142
21
0.6057385433070867
0
LINE
8
BLACK
6
CONTINUOUS
10
0.4549333070866142
20
0.6057385433070867
11
0.4551354330708661
21
0.6052808661417323
0
LINE
8
BLACK
6
CONTINUOUS
10
0.4551354330708661
20
0.6052808661417323
11
0.4552908267716536
21
0.6039411417322834
0
LINE
8
BLACK
6
CONTINUOUS
10
0.4552908267716536
20
0.6039411417322834
11
0.4553543307086614
21
0.6036220472440945
0
LINE
8
BLACK
6
CONTINUOUS
10
0.4553543307086614
20
0.6036220472440945
11
0.4553543307086614
21
0.5563779527559055
0
LINE
8
BLACK
6
CONTINUOUS
10
0.4553543307086614
20
0.5563779527559055
11
0.4552908267716536
21
0.5560588188976378
0
LINE
8
BLACK
6
CONTINUOUS
10
0.4552908267716536
20
0.5560588188976378
11
0.4551354330708661
21
0.554719094488189
0
LINE
8
BLACK
6
CONTINUOUS
10
0.4551354330708661
20
0.554719094488189
11
0.4549333070866142
21
0.5542613385826771
0
LINE
8
BLACK
6
CONTINUOUS
10
0.4549333070866142
20
0.5542613385826771
11
0.4547549606299213
21
0.5533646850393701
0
LINE
8
BLACK
6
CONTINUOUS
10
0.4547549606299213
20
0.5533646850393701
11
0.4541135039370079
21
0.5524047244094488
0
LINE
8
BLACK
6
CONTINUOUS
10
0.4541135039370079
20
0.5524047244094488
11
0.4539200787401575
21
0.5519666141732283
0
LINE
8
BLACK
6
CONTINUOUS
10
0.4539200787401575
20
0.5519666141732283
11
0.4536207874015748
21
0.5516673228346457
0
LINE
8
BLACK
6
CONTINUOUS
10
0.4536207874015748
20
0.5516673228346457
11
0.4530480708661417
21
0.5508101968503937
0
LINE
8
BLACK
6
CONTINUOUS
10
0.4530480708661417
20
0.5508101968503937
11
0.452190905511811
21
0.5502374409448819
0
LINE
8
BLACK
6
CONTINUOUS
10
0.452190905511811
20
0.5502374409448819
11
0.4518916141732283
21
0.5499381496062992
0
LINE
8
BLACK
6
CONTINUOUS
10
0.4518916141732283
20
0.5499381496062992
11
0.4514534251968504
21
0.5497446456692914
0
LINE
8
BLACK
6
CONTINUOUS
10
0.4514534251968504
20
0.5497446456692914
11
0.4504935826771653
21
0.5491033070866141
0
LINE
8
BLACK
6
CONTINUOUS
10
0.4504935826771653
20
0.5491033070866141
11
0.4495970078740157
21
0.5489249606299212
0
LINE
8
BLACK
6
CONTINUOUS
10
0.4495970078740157
20
0.5489249606299212
11
0.4491391338582677
21
0.5487227952755905
0
LINE
8
BLACK
6
CONTINUOUS
10
0.4491391338582677
20
0.5487227952755905
11
0.447798937007874
21
0.548567283464567
0
LINE
8
BLACK
6
CONTINUOUS
10
0.447798937007874
20
0.548567283464567
11
0.4474803149606299
21
0.548503937007874
0
LINE
8
BLACK
6
CONTINUOUS
10
0.4474803149606299
20
0.548503937007874
11
0.4472526377952756
21
0.548503937007874
0
LINE
8
BLACK
6
CONTINUOUS
10
0.4472526377952756
20
0.548503937007874
11
0.3925899212598425
21
0.548503937007874
0
LINE
8
BLACK
6
CONTINUOUS
10
0.3925899212598425
20
0.548503937007874
11
0.3923622047244094
21
0.548503937007874
0
LINE
8
BLACK
6
CONTINUOUS
10
0.3923622047244094
20
0.548503937007874
11
0.3920435433070866
21
0.548567283464567
0
LINE
8
BLACK
6
CONTINUOUS
10
0.3920435433070866
20
0.548567283464567
11
0.3907033464566929
21
0.5487227952755905
0
LINE
8
BLACK
6
CONTINUOUS
10
0.3907033464566929
20
0.5487227952755905
11
0.3902454330708661
21
0.5489249606299212
0
LINE
8
BLACK
6
CONTINUOUS
10
0.3902454330708661
20
0.5489249606299212
11
0.389348937007874
21
0.5491033070866141
0
LINE
8
BLACK
6
CONTINUOUS
10
0.389348937007874
20
0.5491033070866141
11
0.3883891338582677
21
0.5497446062992126
0
LINE
8
BLACK
6
CONTINUOUS
10
0.3883891338582677
20
0.5497446062992126
11
0.3879508661417323
21
0.5499381496062992
0
LINE
8
BLACK
6
CONTINUOUS
10
0.3879508661417323
20
0.5499381496062992
11
0.3876514566929134
21
0.5502375196850393
0
LINE
8
BLACK
6
CONTINUOUS
10
0.3876514566929134
20
0.5502375196850393
11
0.3867944488188976
21
0.5508101968503937
0
LINE
8
BLACK
6
CONTINUOUS
10
0.3867944488188976
20
0.5508101968503937
11
0.3862217716535433
21
0.5516672047244094
0
LINE
8
BLACK
6
CONTINUOUS
10
0.3862217716535433
20
0.5516672047244094
11
0.3859224015748031
21
0.5519666141732283
0
LINE
8
BLACK
6
CONTINUOUS
10
0.3859224015748031
20
0.5519666141732283
11
0.3857288582677165
21
0.5524048818897638
0
LINE
8
BLACK
6
CONTINUOUS
10
0.3857288582677165
20
0.5524048818897638
11
0.3850875590551181
21
0.5533646850393701
0
LINE
8
BLACK
6
CONTINUOUS
10
0.3850875590551181
20
0.5533646850393701
11
0.3849092125984252
21
0.5542611811023622
0
LINE
8
BLACK
6
CONTINUOUS
10
0.3849092125984252
20
0.5542611811023622
11
0.3847070472440945
21
0.554719094488189
0
LINE
8
BLACK
6
CONTINUOUS
10
0.3847070472440945
20
0.554719094488189
11
0.3845515354330709
21
0.5560593700787402
0
LINE
8
BLACK
6
CONTINUOUS
10
0.3845515354330709
20
0.5560593700787402
11
0.3844881889763779
21
0.5563779527559055
0
LINE
8
BLACK
6
CONTINUOUS
10
0.3844881889763779
20
0.5563779527559055
11
0.3844881889763779
21
0.6036220472440945
0
LINE
8
BLACK
6
CONTINUOUS
10
0.3844881889763779
20
0.6036220472440945
11
0.3845515748031496
21
0.603940748031496
0
LINE
8
BLACK
6
CONTINUOUS
10
0.3845515748031496
20
0.603940748031496
11
0.3847070472440945
21
0.6052808661417323
0
LINE
8
BLACK
6
CONTINUOUS
10
0.3847070472440945
20
0.6052808661417323
11
0.3849092125984252
21
0.6057387401574803
0
LINE
8
BLACK
6
CONTINUOUS
10
0.3849092125984252
20
0.6057387401574803
11
0.3850875590551181
21
0.6066353149606299
0
LINE
8
BLACK
6
CONTINUOUS
10
0.3850875590551181
20
0.6066353149606299
11
0.3857288976377953
21
0.6075951574803149
0
LINE
8
BLACK
6
CONTINUOUS
10
0.3857288976377953
20
0.6075951574803149
11
0.3859224015748031
21
0.6080333464566929
0
LINE
8
BLACK
6
CONTINUOUS
10
0.3859224015748031
20
0.6080333464566929
11
0.3862216929133858
21
0.6083326377952756
0
LINE
8
BLACK
6
CONTINUOUS
10
0.3862216929133858
20
0.6083326377952756
11
0.3867944488188976
21
0.6091898031496062
0
LINE
8
BLACK
6
CONTINUOUS
10
0.3867944488188976
20
0.6091898031496062
11
0.3876515748031496
21
0.6097625196850394
0
LINE
8
BLACK
6
CONTINUOUS
10
0.3876515748031496
20
0.6097625196850394
11
0.3879508661417323
21
0.610061811023622
0
LINE
8
BLACK
6
CONTINUOUS
10
0.3879508661417323
20
0.610061811023622
11
0.3883889763779527
21
0.6102552362204724
0
LINE
8
BLACK
6
CONTINUOUS
10
0.3883889763779527
20
0.6102552362204724
11
0.389348937007874
21
0.6108966929133858
0
LINE
8
BLACK
6
CONTINUOUS
10
0.389348937007874
20
0.6108966929133858
11
0.3902455905511811
21
0.6110750393700787
0
LINE
8
BLACK
6
CONTINUOUS
10
0.3902455905511811
20
0.6110750393700787
11
0.3907033464566929
21
0.6112771653543307
0
LINE
8
BLACK
6
CONTINUOUS
10
0.3907033464566929
20
0.6112771653543307
11
0.3920431496062992
21
0.6114325984251968
0
LINE
8
BLACK
6
CONTINUOUS
10
0.3920431496062992
20
0.6114325984251968
11
0.3923622047244094
21
0.611496062992126
0
LINE
8
BLACK
6
CONTINUOUS
10
0.3923622047244094
20
0.611496062992126
11
0.4474803149606299
21
0.611496062992126
0
LINE
8
BLACK
6
CONTINUOUS
10
0.4474803149606299
20
0.611496062992126
11
0.4477994881889764
21
0.6114325590551181
0
LINE
8
BLACK
6
CONTINUOUS
10
0.7677994881889764
20
0.6114325590551181
11
0.7691391338582677
21
0.6112771653543307
0
LINE
8
BLACK
6
CONTINUOUS
10
0.7691391338582677
20
0.6112771653543307
11
0.769596811023622
21
0.6110750393700787
0
LINE
8
BLACK
6
CONTINUOUS
10
0.769596811023622
20
0.6110750393700787
11
0.7704935826771654
21
0.6108966929133858
0
LINE
8
BLACK
6
CONTINUOUS
10
0.7704935826771654
20
0.6108966929133858
11
0.7714535826771654
21
0.6102551968503936
0
LINE
8
BLACK
6
CONTINUOUS
10
0.7714535826771654
20
0.6102551968503936
11
0.7718916141732284
21
0.610061811023622
0
LINE
8
BLACK
6
CONTINUOUS
10
0.7718916141732284
20
0.610061811023622
11
0.7721907874015748
21
0.6097625984251969
0
LINE
8
BLACK
6
CONTINUOUS
10
0.7721907874015748
20
0.6097625984251969
11
0.7730480708661417
21
0.6091898031496062
0
LINE
8
BLACK
6
CONTINUOUS
10
0.7730480708661417
20
0.6091898031496062
11
0.7736208661417323
21
0.6083325196850393
0
LINE
8
BLACK
6
CONTINUOUS
10
0.7736208661417323
20
0.6083325196850393
11
0.7739200787401574
21
0.6080333464566929
0
LINE
8
BLACK
6
CONTINUOUS
10
0.7739200787401574
20
0.6080333464566929
11
0.7741134645669291
21
0.6075953149606299
0
LINE
8
BLACK
6
CONTINUOUS
10
0.7741134645669291
20
0.6075953149606299
11
0.7747549606299212
21
0.6066353149606299
0
LINE
8
BLACK
6
CONTINUOUS
10
0.7747549606299212
20
0.6066353149606299
11
0.7749333070866141
21
0.6057385433070867
0
LINE
8
BLACK
6
CONTINUOUS
10
0.7749333070866141
20
0.6057385433070867
11
0.7751354330708661
21
0.6052808661417323
0
LINE
8
BLACK
6
CONTINUOUS
10
0.7751354330708661
20
0.6052808661417323
11
0.7752908267716535
21
0.6039411417322834
0
LINE
8
BLACK
6
CONTINUOUS
10
0.7752908267716535
20
0.6039411417322834
11
0.7753543307086614
21
0.6036220472440945
0
LINE
8
BLACK
6
CONTINUOUS
10
0.7753543307086614
20
0.6036220472440945
11
0.7753543307086614
21
0.5563779527559055
0
LINE
8
BLACK
6
CONTINUOUS
10
0.7753543307086614
20
0.5563779527559055
11
0.7752908267716535
21
0.5560588188976378
0
LINE
8
BLACK
6
CONTINUOUS
10
0.7752908267716535
20
0.5560588188976378
11
0.7751354330708661
21
0.554719094488189
0
LINE
8
BLACK
6
CONTINUOUS
10
0.7751354330708661
20
0.554719094488189
11
0.7749333070866141
21
0.5542613385826771
0
LINE
8
BLACK
6
CONTINUOUS
10
0.7749333070866141
20
0.5542613385826771
11
0.7747549606299212
21
0.5533646850393701
0
LINE
8
BLACK
6
CONTINUOUS
10
0.7747549606299212
20
0.5533646850393701
11
0.7741135039370078
21
0.5524047244094488
0
LINE
8
BLACK
6
CONTINUOUS
10
0.7741135039370078
20
0.5524047244094488
11
0.7739200787401574
21
0.5519666141732283
0
LINE
8
BLACK
6
CONTINUOUS
10
0.7739200787401574
20
0.5519666141732283
11
0.7736207874015748
21
0.5516673228346457
0
LINE
8
BLACK
6
CONTINUOUS
10
0.7736207874015748
20
0.5516673228346457
11
0.7730480708661417
21
0.5508101968503937
0
LINE
8
BLACK
6
CONTINUOUS
10
0.7730480708661417
20
0.5508101968503937
11
0.772190905511811
21
0.5502374409448819
0
LINE
8
BLACK
6
CONTINUOUS
10
0.772190905511811
20
0.5502374409448819
11
0.7718916141732284
21
0.5499381496062992
0
LINE
8
BLACK
6
CONTINUOUS
10
0.7718916141732284
20
0.5499381496062992
11
0.7714534251968503
21
0.5497446456692914
0
LINE
8
BLACK
6
CONTINUOUS
10
0.7714534251968503
20
0.5497446456692914
11
0.7704935826771654
21
0.5491033070866141
0
LINE
8
BLACK
6
CONTINUOUS
10
0.7704935826771654
20
0.5491033070866141
11
0.7695970078740157
21
0.5489249606299212
0
LINE
8
BLACK
6
CONTINUOUS
10
0.7695970078740157
20
0.5489249606299212
11
0.7691391338582677
21
0.5487227952755905
0
LINE
8
BLACK
6
CONTINUOUS
10
0.7691391338582677
20
0.5487227952755905
11
0.767798937007874
21
0.548567283464567
0
LINE
8
BLACK
6
CONTINUOUS
10
0.767798937007874
20
0.548567283464567
11
0.7674803149606299
21
0.548503937007874
0
LINE
8
BLACK
6
CONTINUOUS
10
0.7674803149606299
20
0.548503937007874
11
0.7672526377952755
21
0.548503937007874
0
LINE
8
BLACK
6
CONTINUOUS
10
0.7672526377952755
20
0.548503937007874
11
0.7125899212598426
21
0.548503937007874
0
LINE
8
BLACK
6
CONTINUOUS
10
0.7125899212598426
20
0.548503937007874
11
0.7123622047244095
21
0.548503937007874
0
LINE
8
BLACK
6
CONTINUOUS
10
0.7123622047244095
20
0.548503937007874
11
0.7120435433070866
21
0.548567283464567
0
LINE
8
BLACK
6
CONTINUOUS
10
0.7120435433070866
20
0.548567283464567
11
0.7107033464566929
21
0.5487227952755905
0
LINE
8
BLACK
6
CONTINUOUS
10
0.7107033464566929
20
0.5487227952755905
11
0.7102454330708661
21
0.5489249606299212
0
LINE
8
BLACK
6
CONTINUOUS
10
0.7102454330708661
20
0.5489249606299212
11
0.709348937007874
21
0.5491033070866141
0
LINE
8
BLACK
6
CONTINUOUS
10
0.709348937007874
20
0.5491033070866141
11
0.7083891338582677
21
0.5497446062992126
0
LINE
8
BLACK
6
CONTINUOUS
10
0.7083891338582677
20
0.5497446062992126
11
0.7079508661417323
21
0.5499381496062992
0
LINE
8
BLACK
6
CONTINUOUS
10
0.7079508661417323
20
0.5499381496062992
11
0.7076514566929134
21
0.5502375196850393
0
LINE
8
BLACK
6
CONTINUOUS
10
0.7076514566929134
20
0.5502375196850393
11
0.7067944488188976
21
0.5508101968503937
0
LINE
8
BLACK
6
CONTINUOUS
10
0.7067944488188976
20
0.5508101968503937
11
0.7062217716535433
21
0.5516672047244094
0
LINE
8
BLACK
6
CONTINUOUS
10
0.7062217716535433
20
0.5516672047244094
11
0.7059224015748031
21
0.5519666141732283
0
LINE
8
BLACK
6
CONTINUOUS
10
0.7059224015748031
20
0.5519666141732283
11
0.7057288582677165
21
0.5524048818897638
0
LINE
8
BLACK
6
CONTINUOUS
10
0.7057288582677165
20
0.5524048818897638
11
0.7050875590551181
21
0.5533646850393701
0
LINE
8
BLACK
6
CONTINUOUS
10
0.7050875590551181
20
0.5533646850393701
11
0.7049092125984252
21
0.5542611811023622
0
LINE
8
BLACK
6
CONTINUOUS
10
0.7049092125984252
20
0.5542611811023622
11
0.7047070472440945
21
0.554719094488189
0
LINE
8
BLACK
6
CONTINUOUS
10
0.7047070472440945
20
0.554719094488189
11
0.7045515354330708
21
0.5560593700787402
0
LINE
8
BLACK
6
CONTINUOUS
10
0.7045515354330708
20
0.5560593700787402
11
0.7044881889763779
21
0.5563779527559055
0
LINE
8
BLACK
6
CONTINUOUS
10
0.7044881889763779
20
0.5563779527559055
11
0.7044881889763779
21
0.6036220472440945
0
LINE
8
BLACK
6
CONTINUOUS
10
0.7044881889763779
20
0.6036220472440945
11
0.7045515748031496
21
0.603940748031496
0
LINE
8
BLACK
6
CONTINUOUS
10
0.7045515748031496
20
0.603940748031496
11
0.7047070472440945
21
0.6052808661417323
0
LINE
8
BLACK
6
CONTINUOUS
10
0.7047070472440945
20
0.6052808661417323
11
0.7049092125984252
21
0.6057387401574803
0
LINE
8
BLACK
6
CONTINUOUS
10
0.7049092125984252
20
0.6057387401574803
11
0.7050875590551181
21
0.6066353149606299
0
LINE
8
BLACK
6
CONTINUOUS
10
0.7050875590551181
20
0.6066353149606299
11
0.7057288976377952
21
0.6075951574803149
0
LINE
8
BLACK
6
CONTINUOUS
10
0.7057288976377952
20
0.6075951574803149
11
0.7059224015748031
21
0.6080333464566929
0
LINE
8
BLACK
6
CONTINUOUS
10
0.7059224015748031
20
0.6080333464566929
11
0.7062216929133858
21
0.6083326377952756
0
LINE
8
BLACK
6
CONTINUOUS
10
0.7062216929133858
20
0.6083326377952756
11
0.7067944488188976
21
0.6091898031496062
0
LINE
8
BLACK
6
CONTINUOUS
10
0.7067944488188976
20
0.6091898031496062
11
0.7076515748031496
21
0.6097625196850394
0
LINE
8
BLACK
6
CONTINUOUS
10
0.7076515748031496
20
0.6097625196850394
11
0.7079508661417323
21
0.610061811023622
0
LINE
8
BLACK
6
CONTINUOUS
10
0.7079508661417323
20
0.610061811023622
11
0.7083889763779527
21
0.6102552362204724
0
LINE
8
BLACK
6
CONTINUOUS
10
0.7083889763779527
20
0.6102552362204724
11
0.709348937007874
21
0.6108966929133858
0
LINE
8
BLACK
6
CONTINUOUS
10
0.709348937007874
20
0.6108966929133858
11
0.7102455905511811
21
0.6110750393700787
0
LINE
8
BLACK
6
CONTINUOUS
10
0.7102455905511811
20
0.6110750393700787
11
0.7107033464566929
21
0.6112771653543307
0
LINE
8
BLACK
6
CONTINUOUS
10
0.7107033464566929
20
0.6112771653543307
11
0.7120431496062992
21
0.6114325984251968
0
LINE
8
BLACK
6
CONTINUOUS
10
0.7120431496062992
20
0.6114325984251968
11
0.7123622047244095
21
0.611496062992126
0
LINE
8
BLACK
6
CONTINUOUS
10
0.7123622047244095
20
0.611496062992126
11
0.7674803149606299
21
0.611496062992126
0
LINE
8
BLACK
6
CONTINUOUS
10
0.7674803149606299
20
0.611496062992126
11
0.7677994881889764
21
0.6114325590551181
0
LINE
8
BLACK
6
CONTINUOUS
10
1.0877994881889763
20
0.6114325590551181
11
1.0891391338582677
21
0.6112771653543307
0
LINE
8
BLACK
6
CONTINUOUS
10
1.0891391338582677
20
0.6112771653543307
11
1.089596811023622
21
0.6110750393700787
0
LINE
8
BLACK
6
CONTINUOUS
10
1.089596811023622
20
0.6110750393700787
11
1.0904935826771653
21
0.6108966929133858
0
LINE
8
BLACK
6
CONTINUOUS
10
1.0904935826771653
20
0.6108966929133858
11
1.0914535826771654
21
0.6102551968503936
0
LINE
8
BLACK
6
CONTINUOUS
10
1.0914535826771654
20
0.6102551968503936
11
1.0918916141732282
21
0.610061811023622
0
LINE
8
BLACK
6
CONTINUOUS
10
1.0918916141732282
20
0.610061811023622
11
1.0921907874015748
21
0.6097625984251969
0
LINE
8
BLACK
6
CONTINUOUS
10
1.0921907874015748
20
0.6097625984251969
11
1.0930480708661416
21
0.6091898031496062
0
LINE
8
BLACK
6
CONTINUOUS
10
1.0930480708661416
20
0.6091898031496062
11
1.0936208661417322
21
0.6083325196850393
0
LINE
8
BLACK
6
CONTINUOUS
10
1.0936208661417322
20
0.6083325196850393
11
1.0939200787401575
21
0.6080333464566929
0
LINE
8
BLACK
6
CONTINUOUS
10
1.0939200787401575
20
0.6080333464566929
11
1.094113464566929
21
0.6075953149606299
0
LINE
8
BLACK
6
CONTINUOUS
10
1.094113464566929
20
0.6075953149606299
11
1.0947549606299212
21
0.6066353149606299
0
LINE
8
BLACK
6
CONTINUOUS
10
1.0947549606299212
20
0.6066353149606299
11
1.0949333070866141
21
0.6057385433070867
0
LINE
8
BLACK
6
CONTINUOUS
10
1.0949333070866141
20
0.6057385433070867
11
1.095135433070866
21
0.6052808661417323
0
LINE
8
BLACK
6
CONTINUOUS
10
1.095135433070866
20
0.6052808661417323
11
1.0952908267716535
21
0.6039411417322834
0
LINE
8
BLACK
6
CONTINUOUS
10
1.0952908267716535
20
0.6039411417322834
11
1.0953543307086613
21
0.6036220472440945
0
LINE
8
BLACK
6
CONTINUOUS
10
1.0953543307086613
20
0.6036220472440945
11
1.0953543307086613
21
0.5563779527559055
0
LINE
8
BLACK
6
CONTINUOUS
10
1.0953543307086613
20
0.5563779527559055
11
1.0952908267716535
21
0.5560588188976378
0
LINE
8
BLACK
6
CONTINUOUS
10
1.0952908267716535
20
0.5560588188976378
11
1.095135433070866
21
0.554719094488189
0
LINE
8
BLACK
6
CONTINUOUS
10
1.095135433070866
20
0.554719094488189
11
1.0949333070866141
21
0.5542613385826771
0
LINE
8
BLACK
6
CONTINUOUS
10
1.0949333070866141
20
0.5542613385826771
11
1.0947549606299212
21
0.5533646850393701
0
LINE
8
BLACK
6
CONTINUOUS
10
1.0947549606299212
20
0.5533646850393701
11
1.0941135039370078
21
0.5524047244094488
0
LINE
8
BLACK
6
CONTINUOUS
10
1.0941135039370078
20
0.5524047244094488
11
1.0939200787401575
21
0.5519666141732283
0
LINE
8
BLACK
6
CONTINUOUS
10
1.0939200787401575
20
0.5519666141732283
11
1.0936207874015749
21
0.5516673228346457
0
LINE
8
BLACK
6
CONTINUOUS
10
1.0936207874015749
20
0.5516673228346457
11
1.0930480708661416
21
0.5508101968503937
0
LINE
8
BLACK
6
CONTINUOUS
10
1.0930480708661416
20
0.5508101968503937
11
1.0921909055118111
21
0.5502374409448819
0
LINE
8
BLACK
6
CONTINUOUS
10
1.0921909055118111
20
0.5502374409448819
11
1.0918916141732282
21
0.5499381496062992
0
LINE
8
BLACK
6
CONTINUOUS
10
1.0918916141732282
20
0.5499381496062992
11
1.0914534251968504
21
0.5497446456692914
0
LINE
8
BLACK
6
CONTINUOUS
10
1.0914534251968504
20
0.5497446456692914
11
1.0904935826771653
21
0.5491033070866141
0
LINE
8
BLACK
6
CONTINUOUS
10
1.0904935826771653
20
0.5491033070866141
11
1.0895970078740158
21
0.5489249606299212
0
LINE
8
BLACK
6
CONTINUOUS
10
1.0895970078740158
20
0.5489249606299212
11
1.0891391338582677
21
0.5487227952755905
0
LINE
8
BLACK
6
CONTINUOUS
10
1.0891391338582677
20
0.5487227952755905
11
1.087798937007874
21
0.548567283464567
0
LINE
8
BLACK
6
CONTINUOUS
10
1.087798937007874
20
0.548567283464567
11
1.0874803149606298
21
0.548503937007874
0
LINE
8
BLACK
6
CONTINUOUS
10
1.0874803149606298
20
0.548503937007874
11
1.0872526377952756
21
0.548503937007874
0
LINE
8
BLACK
6
CONTINUOUS
10
1.0872526377952756
20
0.548503937007874
11
1.0325899212598424
21
0.548503937007874
0
LINE
8
BLACK
6
CONTINUOUS
10
1.0325899212598424
20
0.548503937007874
11
1.0323622047244094
21
0.548503937007874
0
LINE
8
BLACK
6
CONTINUOUS
10
1.0323622047244094
20
0.548503937007874
11
1.0320435433070867
21
0.548567283464567
0
LINE
8
BLACK
6
CONTINUOUS
10
1.0320435433070867
20
0.548567283464567
11
1.0307033464566928
21
0.5487227952755905
0
LINE
8
BLACK
6
CONTINUOUS
10
1.0307033464566928
20
0.5487227952755905
11
1.0302454330708661
21
0.5489249606299212
0
LINE
8
BLACK
6
CONTINUOUS
10
1.0302454330708661
20
0.5489249606299212
11
1.0293489370078739
21
0.5491033070866141
0
LINE
8
BLACK
6
CONTINUOUS
10
1.0293489370078739
20
0.5491033070866141
11
1.0283891338582678
21
0.5497446062992126
0
LINE
8
BLACK
6
CONTINUOUS
10
1.0283891338582678
20
0.5497446062992126
11
1.0279508661417323
21
0.5499381496062992
0
LINE
8
BLACK
6
CONTINUOUS
10
1.0279508661417323
20
0.5499381496062992
11
1.0276514566929134
21
0.5502375196850393
0
LINE
8
BLACK
6
CONTINUOUS
10
1.0276514566929134
20
0.5502375196850393
11
1.0267944488188976
21
0.5508101968503937
0
LINE
8
BLACK
6
CONTINUOUS
10
1.0267944488188976
20
0.5508101968503937
11
1.0262217716535433
21
0.5516672047244094
0
LINE
8
BLACK
6
CONTINUOUS
10
1.0262217716535433
20
0.5516672047244094
11
1.0259224015748032
21
0.5519666141732283
0
LINE
8
BLACK
6
CONTINUOUS
10
1.0259224015748032
20
0.5519666141732283
11
1.0257288582677164
21
0.5524048818897638
0
LINE
8
BLACK
6
CONTINUOUS
10
1.0257288582677164
20
0.5524048818897638
11
1.0250875590551181
21
0.5533646850393701
0
LINE
8
BLACK
6
CONTINUOUS
10
1.0250875590551181
20
0.5533646850393701
11
1.0249092125984252
21
0.5542611811023622
0
LINE
8
BLACK
6
CONTINUOUS
10
1.0249092125984252
20
0.5542611811023622
11
1.0247070472440944
21
0.554719094488189
0
LINE
8
BLACK
6
CONTINUOUS
10
1.0247070472440944
20
0.554719094488189
11
1.0245515354330708
21
0.5560593700787402
0
LINE
8
BLACK
6
CONTINUOUS
10
1.0245515354330708
20
0.5560593700787402
11
1.0244881889763779
21
0.5563779527559055
0
LINE
8
BLACK
6
CONTINUOUS
10
1.0244881889763779
20
0.5563779527559055
11
1.0244881889763779
21
0.6036220472440945
0
LINE
8
BLACK
6
CONTINUOUS
10
1.0244881889763779
20
0.6036220472440945
11
1.0245515748031495
21
0.603940748031496
0
LINE
8
BLACK
6
CONTINUOUS
10
1.0245515748031495
20
0.603940748031496
11
1.0247070472440944
21
0.6052808661417323
0
LINE
8
BLACK
6
CONTINUOUS
10
1.0247070472440944
20
0.6052808661417323
11
1.0249092125984252
21
0.6057387401574803
0
LINE
8
BLACK
6
CONTINUOUS
10
1.0249092125984252
20
0.6057387401574803
11
1.0250875590551181
21
0.6066353149606299
0
LINE
8
BLACK
6
CONTINUOUS
10
1.0250875590551181
20
0.6066353149606299
11
1.0257288976377952
21
0.6075951574803149
0
LINE
8
BLACK
6
CONTINUOUS
10
1.0257288976377952
20
0.6075951574803149
11
1.0259224015748032
21
0.6080333464566929
0
LINE
8
BLACK
6
CONTINUOUS
10
1.0259224015748032
20
0.6080333464566929
11
1.0262216929133858
21
0.6083326377952756
0
LINE
8
BLACK
6
CONTINUOUS
10
1.0262216929133858
20
0.6083326377952756
11
1.0267944488188976
21
0.6091898031496062
0
LINE
8
BLACK
6
CONTINUOUS
10
1.0267944488188976
20
0.6091898031496062
11
1.0276515748031496
21
0.6097625196850394
0
LINE
8
BLACK
6
CONTINUOUS
10
1.0276515748031496
20
0.6097625196850394
11
1.0279508661417323
21
0.610061811023622
0
LINE
8
BLACK
6
CONTINUOUS
10
1.0279508661417323
20
0.610061811023622
11
1.0283889763779528
21
0.6102552362204724
0
LINE
8
BLACK
6
CONTINUOUS
10
1.0283889763779528
20
0.6102552362204724
11
1.0293489370078739
21
0.6108966929133858
0
LINE
8
BLACK
6
CONTINUOUS
10
1.0293489370078739
20
0.6108966929133858
11
1.0302455905511811
21
0.6110750393700787
0
LINE
8
BLACK
6
CONTINUOUS
10
1.0302455905511811
20
0.6110750393700787
11
1.0307033464566928
21
0.6112771653543307
0
LINE
8
BLACK
6
CONTINUOUS
10
1.0307033464566928
20
0.6112771653543307
11
1.0320431496062992
21
0.6114325984251968
0
LINE
8
BLACK
6
CONTINUOUS
10
1.0320431496062992
20
0.6114325984251968
11
1.0323622047244094
21
0.611496062992126
0
LINE
8
BLACK
6
CONTINUOUS
10
1.0323622047244094
20
0.611496062992126
11
1.0874803149606298
21
0.611496062992126
0
LINE
8
BLACK
6
CONTINUOUS
10
1.0874803149606298
20
0.611496062992126
11
1.0877994881889763
21
0.6114325590551181
0
LINE
8
BLACK
6
CONTINUOUS
10
0.367956968503937
20
0.8071805905511811
11
0.3692966141732283
21
0.8070251968503936
0
LINE
8
BLACK
6
CONTINUOUS
10
0.3692966141732283
20
0.8070251968503936
11
0.3697542913385827
21
0.8068230708661417
0
LINE
8
BLACK
6
CONTINUOUS
10
0.3697542913385827
20
0.8068230708661417
11
0.370651062992126
21
0.8066447244094488
0
LINE
8
BLACK
6
CONTINUOUS
10
0.370651062992126
20
0.8066447244094488
11
0.371611062992126
21
0.8060032283464567
0
LINE
8
BLACK
6
CONTINUOUS
10
0.371611062992126
20
0.8060032283464567
11
0.372049094488189
21
0.805809842519685
0
LINE
8
BLACK
6
CONTINUOUS
10
0.372049094488189
20
0.805809842519685
11
0.3723482677165354
21
0.8055106299212598
0
LINE
8
BLACK
6
CONTINUOUS
10
0.3723482677165354
20
0.8055106299212598
11
0.3732055511811024
21
0.8049378346456693
0
LINE
8
BLACK
6
CONTINUOUS
10
0.3732055511811024
20
0.8049378346456693
11
0.3737783464566929
21
0.8040805511811023
0
LINE
8
BLACK
6
CONTINUOUS
10
0.3737783464566929
20
0.8040805511811023
11
0.3740775590551181
21
0.8037813779527558
0
LINE
8
BLACK
6
CONTINUOUS
10
0.3740775590551181
20
0.8037813779527558
11
0.3742709448818898
21
0.8033433464566929
0
LINE
8
BLACK
6
CONTINUOUS
10
0.3742709448818898
20
0.8033433464566929
11
0.3749124409448819
21
0.8023833464566928
0
LINE
8
BLACK
6
CONTINUOUS
10
0.3749124409448819
20
0.8023833464566928
11
0.3750907874015748
21
0.8014865748031496
0
LINE
8
BLACK
6
CONTINUOUS
10
0.3750907874015748
20
0.8014865748031496
11
0.3752929133858268
21
0.8010288976377953
0
LINE
8
BLACK
6
CONTINUOUS
10
0.3752929133858268
20
0.8010288976377953
11
0.3754483070866141
21
0.7996891732283464
0
LINE
8
BLACK
6
CONTINUOUS
10
0.3754483070866141
20
0.7996891732283464
11
0.375511811023622
21
0.7993700787401574
0
LINE
8
BLACK
6
CONTINUOUS
10
0.375511811023622
20
0.7993700787401574
11
0.375511811023622
21
0.7206299212598425
0
LINE
8
BLACK
6
CONTINUOUS
10
0.375511811023622
20
0.7206299212598425
11
0.3754483070866141
21
0.7203107874015748
0
LINE
8
BLACK
6
CONTINUOUS
10
0.3754483070866141
20
0.7203107874015748
11
0.3752929133858268
21
0.718971062992126
0
LINE
8
BLACK
6
CONTINUOUS
10
0.3752929133858268
20
0.718971062992126
11
0.3750907874015748
21
0.7185133070866142
0
LINE
8
BLACK
6
CONTINUOUS
10
0.3750907874015748
20
0.7185133070866142
11
0.3749124409448819
21
0.7176166535433071
0
LINE
8
BLACK
6
CONTINUOUS
10
0.3749124409448819
20
0.7176166535433071
11
0.3742709842519685
21
0.7166566929133859
0
LINE
8
BLACK
6
CONTINUOUS
10
0.3742709842519685
20
0.7166566929133859
11
0.3740775590551181
21
0.7162185826771653
0
LINE
8
BLACK
6
CONTINUOUS
10
0.3740775590551181
20
0.7162185826771653
11
0.3737782677165354
21
0.7159192913385827
0
LINE
8
BLACK
6
CONTINUOUS
10
0.3737782677165354
20
0.7159192913385827
11
0.3732055511811024
21
0.7150621653543306
0
LINE
8
BLACK
6
CONTINUOUS
10
0.3732055511811024
20
0.7150621653543306
11
0.3723483858267717
21
0.7144894094488189
0
LINE
8
BLACK
6
CONTINUOUS
10
0.3723483858267717
20
0.7144894094488189
11
0.372049094488189
21
0.7141901181102362
0
LINE
8
BLACK
6
CONTINUOUS
10
0.372049094488189
20
0.7141901181102362
11
0.371610905511811
21
0.7139966141732283
0
LINE
8
BLACK
6
CONTINUOUS
10
0.371610905511811
20
0.7139966141732283
11
0.370651062992126
21
0.7133552755905511
0
LINE
8
BLACK
6
CONTINUOUS
10
0.370651062992126
20
0.7133552755905511
11
0.3697544881889764
21
0.7131769291338582
0
LINE
8
BLACK
6
CONTINUOUS
10
0.3697544881889764
20
0.7131769291338582
11
0.3692966141732283
21
0.7129747637795275
0
LINE
8
BLACK
6
CONTINUOUS
10
0.3692966141732283
20
0.7129747637795275
11
0.3679564173228346
21
0.7128192519685039
0
LINE
8
BLACK
6
CONTINUOUS
10
0.3679564173228346
20
0.7128192519685039
11
0.3676377952755905
21
0.712755905511811
0
LINE
8
BLACK
6
CONTINUOUS
10
0.3676377952755905
20
0.712755905511811
11
0.3674101181102362
21
0.712755905511811
0
LINE
8
BLACK
6
CONTINUOUS
10
0.3674101181102362
20
0.712755905511811
11
0.3127474015748031
21
0.712755905511811
0
LINE
8
BLACK
6
CONTINUOUS
10
0.3127474015748031
20
0.712755905511811
11
0.3125196850393701
21
0.712755905511811
0
LINE
8
BLACK
6
CONTINUOUS
10
0.3125196850393701
20
0.712755905511811
11
0.3122010236220472
21
0.7128192519685039
0
LINE
8
BLACK
6
CONTINUOUS
10
0.3122010236220472
20
0.7128192519685039
11
0.3108608267716536
21
0.7129747637795275
0
LINE
8
BLACK
6
CONTINUOUS
10
0.3108608267716536
20
0.7129747637795275
11
0.3104029133858268
21
0.7131769291338582
0
LINE
8
BLACK
6
CONTINUOUS
10
0.3104029133858268
20
0.7131769291338582
11
0.3095064173228346
21
0.7133552755905511
0
LINE
8
BLACK
6
CONTINUOUS
10
0.3095064173228346
20
0.7133552755905511
11
0.3085466141732283
21
0.7139965748031496
0
LINE
8
BLACK
6
CONTINUOUS
10
0.3085466141732283
20
0.7139965748031496
11
0.3081083464566929
21
0.7141901181102362
0
LINE
8
BLACK
6
CONTINUOUS
10
0.3081083464566929
20
0.7141901181102362
11
0.307808937007874
21
0.7144894881889764
0
LINE
8
BLACK
6
CONTINUOUS
10
0.307808937007874
20
0.7144894881889764
11
0.3069519291338583
21
0.7150621653543306
0
LINE
8
BLACK
6
CONTINUOUS
10
0.3069519291338583
20
0.7150621653543306
11
0.3063792519685039
21
0.7159191732283464
0
LINE
8
BLACK
6
CONTINUOUS
10
0.3063792519685039
20
0.7159191732283464
11
0.3060798818897638
21
0.7162185826771653
0
LINE
8
BLACK
6
CONTINUOUS
10
0.3060798818897638
20
0.7162185826771653
11
0.3058863385826772
21
0.7166568503937008
0
LINE
8
BLACK
6
CONTINUOUS
10
0.3058863385826772
20
0.7166568503937008
11
0.3052450393700787
21
0.7176166535433071
0
LINE
8
BLACK
6
CONTINUOUS
10
0.3052450393700787
20
0.7176166535433071
11
0.3050666929133858
21
0.7185131496062992
0
LINE
8
BLACK
6
CONTINUOUS
10
0.3050666929133858
20
0.7185131496062992
11
0.3048645275590551
21
0.718971062992126
0
LINE
8
BLACK
6
CONTINUOUS
10
0.3048645275590551
20
0.718971062992126
11
0.3047090157480315
21
0.7203113385826772
0
LINE
8
BLACK
6
CONTINUOUS
10
0.3047090157480315
20
0.7203113385826772
11
0.3046456692913386
21
0.7206299212598425
0
LINE
8
BLACK
6
CONTINUOUS
10
0.3046456692913386
20
0.7206299212598425
11
0.3046456692913386
21
0.7993700787401574
0
LINE
8
BLACK
6
CONTINUOUS
10
0.3046456692913386
20
0.7993700787401574
11
0.3047090551181103
21
0.799688779527559
0
LINE
8
BLACK
6
CONTINUOUS
10
0.3047090551181103
20
0.799688779527559
11
0.3048645275590551
21
0.8010288976377953
0
LINE
8
BLACK
6
CONTINUOUS
10
0.3048645275590551
20
0.8010288976377953
11
0.3050666929133858
21
0.8014867716535433
0
LINE
8
BLACK
6
CONTINUOUS
10
0.3050666929133858
20
0.8014867716535433
11
0.3052450393700787
21
0.8023833464566928
0
LINE
8
BLACK
6
CONTINUOUS
10
0.3052450393700787
20
0.8023833464566928
11
0.3058863779527559
21
0.8033431889763779
0
LINE
8
BLACK
6
CONTINUOUS
10
0.3058863779527559
20
0.8033431889763779
11
0.3060798818897638
21
0.8037813779527558
0
LINE
8
BLACK
6
CONTINUOUS
10
0.3060798818897638
20
0.8037813779527558
11
0.3063791732283465
21
0.8040806692913386
0
LINE
8
BLACK
6
CONTINUOUS
10
0.3063791732283465
20
0.8040806692913386
11
0.3069519291338583
21
0.8049378346456693
0
LINE
8
BLACK
6
CONTINUOUS
10
0.3069519291338583
20
0.8049378346456693
11
0.3078090551181102
21
0.8055105511811024
0
LINE
8
BLACK
6
CONTINUOUS
10
0.3078090551181102
20
0.8055105511811024
11
0.3081083464566929
21
0.805809842519685
0
LINE
8
BLACK
6
CONTINUOUS
10
0.3081083464566929
20
0.805809842519685
11
0.3085464566929134
21
0.8060032677165354
0
LINE
8
BLACK
6
CONTINUOUS
10
0.3085464566929134
20
0.8060032677165354
11
0.3095064173228346
21
0.8066447244094488
0
LINE
8
BLACK
6
CONTINUOUS
10
0.3095064173228346
20
0.8066447244094488
11
0.3104030708661417
21
0.8068230708661417
0
LINE
8
BLACK
6
CONTINUOUS
10
0.3104030708661417
20
0.8068230708661417
11
0.3108608267716536
21
0.8070251968503936
0
LINE
8
BLACK
6
CONTINUOUS
10
0.3108608267716536
20
0.8070251968503936
11
0.3122006299212599
21
0.8071806299212598
0
LINE
8
BLACK
6
CONTINUOUS
10
0.3122006299212599
20
0.8071806299212598
11
0.3125196850393701
21
0.807244094488189
0
LINE
8
BLACK
6
CONTINUOUS
10
0.3125196850393701
20
0.807244094488189
11
0.3676377952755905
21
0.807244094488189
0
LINE
8
BLACK
6
CONTINUOUS
10
0.3676377952755905
20
0.807244094488189
11
0.367956968503937
21
0.8071805905511811
0
LINE
8
BLACK
6
CONTINUOUS
10
0.6879569685039369
20
0.8071805905511811
11
0.6892966141732283
21
0.8070251968503936
0
LINE
8
BLACK
6
CONTINUOUS
10
0.6892966141732283
20
0.8070251968503936
11
0.6897542913385827
21
0.8068230708661417
0
LINE
8
BLACK
6
CONTINUOUS
10
0.6897542913385827
20
0.8068230708661417
11
0.690651062992126
21
0.8066447244094488
0
LINE
8
BLACK
6
CONTINUOUS
10
0.690651062992126
20
0.8066447244094488
11
0.6916110629921259
21
0.8060032283464567
0
LINE
8
BLACK
6
CONTINUOUS
10
0.6916110629921259
20
0.8060032283464567
11
0.692049094488189
21
0.805809842519685
0
LINE
8
BLACK
6
CONTINUOUS
10
0.692049094488189
20
0.805809842519685
11
0.6923482677165355
21
0.8055106299212598
0
LINE
8
BLACK
6
CONTINUOUS
10
0.6923482677165355
20
0.8055106299212598
11
0.6932055511811024
21
0.8049378346456693
0
LINE
8
BLACK
6
CONTINUOUS
10
0.6932055511811024
20
0.8049378346456693
11
0.6937783464566929
21
0.8040805511811023
0
LINE
8
BLACK
6
CONTINUOUS
10
0.6937783464566929
20
0.8040805511811023
11
0.6940775590551181
21
0.8037813779527558
0
LINE
8
BLACK
6
CONTINUOUS
10
0.6940775590551181
20
0.8037813779527558
11
0.6942709448818898
21
0.8033433464566929
0
LINE
8
BLACK
6
CONTINUOUS
10
0.6942709448818898
20
0.8033433464566929
11
0.6949124409448819
21
0.8023833464566928
0
LINE
8
BLACK
6
CONTINUOUS
10
0.6949124409448819
20
0.8023833464566928
11
0.6950907874015748
21
0.8014865748031496
0
LINE
8
BLACK
6
CONTINUOUS
10
0.6950907874015748
20
0.8014865748031496
11
0.6952929133858268
21
0.8010288976377953
0
LINE
8
BLACK
6
CONTINUOUS
10
0.6952929133858268
20
0.8010288976377953
11
0.6954483070866142
21
0.7996891732283464
0
LINE
8
BLACK
6
CONTINUOUS
10
0.6954483070866142
20
0.7996891732283464
11
0.695511811023622
21
0.7993700787401574
0
LINE
8
BLACK
6
CONTINUOUS
10
0.695511811023622
20
0.7993700787401574
11
0.695511811023622
21
0.7206299212598425
0
LINE
8
BLACK
6
CONTINUOUS
10
0.695511811023622
20
0.7206299212598425
11
0.6954483070866142
21
0.7203107874015748
0
LINE
8
BLACK
6
CONTINUOUS
10
0.6954483070866142
20
0.7203107874015748
11
0.6952929133858268
21
0.718971062992126
0
LINE
8
BLACK
6
CONTINUOUS
10
0.6952929133858268
20
0.718971062992126
11
0.6950907874015748
21
0.7185133070866142
0
LINE
8
BLACK
6
CONTINUOUS
10
0.6950907874015748
20
0.7185133070866142
11
0.6949124409448819
21
0.7176166535433071
0
LINE
8
BLACK
6
CONTINUOUS
10
0.6949124409448819
20
0.7176166535433071
11
0.6942709842519685
21
0.7166566929133859
0
LINE
8
BLACK
6
CONTINUOUS
10
0.6942709842519685
20
0.7166566929133859
11
0.6940775590551181
21
0.7162185826771653
0
LINE
8
BLACK
6
CONTINUOUS
10
0.6940775590551181
20
0.7162185826771653
11
0.6937782677165354
21
0.7159192913385827
0
LINE
8
BLACK
6
CONTINUOUS
10
0.6937782677165354
20
0.7159192913385827
11
0.6932055511811024
21
0.7150621653543306
0
LINE
8
BLACK
6
CONTINUOUS
10
0.6932055511811024
20
0.7150621653543306
11
0.6923483858267716
21
0.7144894094488189
0
LINE
8
BLACK
6
CONTINUOUS
10
0.6923483858267716
20
0.7144894094488189
11
0.692049094488189
21
0.7141901181102362
0
LINE
8
BLACK
6
CONTINUOUS
10
0.692049094488189
20
0.7141901181102362
11
0.691610905511811
21
0.7139966141732283
0
LINE
8
BLACK
6
CONTINUOUS
10
0.691610905511811
20
0.7139966141732283
11
0.690651062992126
21
0.7133552755905511
0
LINE
8
BLACK
6
CONTINUOUS
10
0.690651062992126
20
0.7133552755905511
11
0.6897544881889763
21
0.7131769291338582
0
LINE
8
BLACK
6
CONTINUOUS
10
0.6897544881889763
20
0.7131769291338582
11
0.6892966141732283
21
0.7129747637795275
0
LINE
8
BLACK
6
CONTINUOUS
10
0.6892966141732283
20
0.7129747637795275
11
0.6879564173228346
21
0.7128192519685039
0
LINE
8
BLACK
6
CONTINUOUS
10
0.6879564173228346
20
0.7128192519685039
11
0.6876377952755905
21
0.712755905511811
0
LINE
8
BLACK
6
CONTINUOUS
10
0.6876377952755905
20
0.712755905511811
11
0.6874101181102362
21
0.712755905511811
0
LINE
8
BLACK
6
CONTINUOUS
10
0.6874101181102362
20
0.712755905511811
11
0.6327474015748031
21
0.712755905511811
0
LINE
8
BLACK
6
CONTINUOUS
10
0.6327474015748031
20
0.712755905511811
11
0.6325196850393701
21
0.712755905511811
0
LINE
8
BLACK
6
CONTINUOUS
10
0.6325196850393701
20
0.712755905511811
11
0.6322010236220472
21
0.7128192519685039
0
LINE
8
BLACK
6
CONTINUOUS
10
0.6322010236220472
20
0.7128192519685039
11
0.6308608267716536
21
0.7129747637795275
0
LINE
8
BLACK
6
CONTINUOUS
10
0.6308608267716536
20
0.7129747637795275
11
0.6304029133858268
21
0.7131769291338582
0
LINE
8
BLACK
6
CONTINUOUS
10
0.6304029133858268
20
0.7131769291338582
11
0.6295064173228346
21
0.7133552755905511
0
LINE
8
BLACK
6
CONTINUOUS
10
0.6295064173228346
20
0.7133552755905511
11
0.6285466141732283
21
0.7139965748031496
0
LINE
8
BLACK
6
CONTINUOUS
10
0.6285466141732283
20
0.7139965748031496
11
0.6281083464566929
21
0.7141901181102362
0
LINE
8
BLACK
6
CONTINUOUS
10
0.6281083464566929
20
0.7141901181102362
11
0.627808937007874
21
0.7144894881889764
0
LINE
8
BLACK
6
CONTINUOUS
10
0.627808937007874
20
0.7144894881889764
11
0.6269519291338582
21
0.7150621653543306
0
LINE
8
BLACK
6
CONTINUOUS
10
0.6269519291338582
20
0.7150621653543306
11
0.626379251968504
21
0.7159191732283464
0
LINE
8
BLACK
6
CONTINUOUS
10
0.626379251968504
20
0.7159191732283464
11
0.6260798818897637
21
0.7162185826771653
0
LINE
8
BLACK
6
CONTINUOUS
10
0.6260798818897637
20
0.7162185826771653
11
0.6258863385826772
21
0.7166568503937008
0
LINE
8
BLACK
6
CONTINUOUS
10
0.6258863385826772
20
0.7166568503937008
11
0.6252450393700787
21
0.7176166535433071
0
LINE
8
BLACK
6
CONTINUOUS
10
0.6252450393700787
20
0.7176166535433071
11
0.6250666929133858
21
0.7185131496062992
0
LINE
8
BLACK
6
CONTINUOUS
10
0.6250666929133858
20
0.7185131496062992
11
0.6248645275590551
21
0.718971062992126
0
LINE
8
BLACK
6
CONTINUOUS
10
0.6248645275590551
20
0.718971062992126
11
0.6247090157480315
21
0.7203113385826772
0
LINE
8
BLACK
6
CONTINUOUS
10
0.6247090157480315
20
0.7203113385826772
11
0.6246456692913386
21
0.7206299212598425
0
LINE
8
BLACK
6
CONTINUOUS
10
0.6246456692913386
20
0.7206299212598425
11
0.6246456692913386
21
0.7993700787401574
0
LINE
8
BLACK
6
CONTINUOUS
10
0.6246456692913386
20
0.7993700787401574
11
0.6247090551181103
21
0.799688779527559
0
LINE
8
BLACK
6
CONTINUOUS
10
0.6247090551181103
20
0.799688779527559
11
0.6248645275590551
21
0.8010288976377953
0
LINE
8
BLACK
6
CONTINUOUS
10
0.6248645275590551
20
0.8010288976377953
11
0.6250666929133858
21
0.8014867716535433
0
LINE
8
BLACK
6
CONTINUOUS
10
0.6250666929133858
20
0.8014867716535433
11
0.6252450393700787
21
0.8023833464566928
0
LINE
8
BLACK
6
CONTINUOUS
10
0.6252450393700787
20
0.8023833464566928
11
0.6258863779527559
21
0.8033431889763779
0
LINE
8
BLACK
6
CONTINUOUS
10
0.6258863779527559
20
0.8033431889763779
11
0.6260798818897637
21
0.8037813779527558
0
LINE
8
BLACK
6
CONTINUOUS
10
0.6260798818897637
20
0.8037813779527558
11
0.6263791732283465
21
0.8040806692913386
0
LINE
8
BLACK
6
CONTINUOUS
10
0.6263791732283465
20
0.8040806692913386
11
0.6269519291338582
21
0.8049378346456693
0
LINE
8
BLACK
6
CONTINUOUS
10
0.6269519291338582
20
0.8049378346456693
11
0.6278090551181102
21
0.8055105511811024
0
LINE
8
BLACK
6
CONTINUOUS
10
0.6278090551181102
20
0.8055105511811024
11
0.6281083464566929
21
0.805809842519685
0
LINE
8
BLACK
6
CONTINUOUS
10
0.6281083464566929
20
0.805809842519685
11
0.6285464566929134
21
0.8060032677165354
0
LINE
8
BLACK
6
CONTINUOUS
10
0.6285464566929134
20
0.8060032677165354
11
0.6295064173228346
21
0.8066447244094488
0
LINE
8
BLACK
6
CONTINUOUS
10
0.6295064173228346
20
0.8066447244094488
11
0.6304030708661417
21
0.8068230708661417
0
LINE
8
BLACK
6
CONTINUOUS
10
0.6304030708661417
20
0.8068230708661417
11
0.6308608267716536
21
0.8070251968503936
0
LINE
8
BLACK
6
CONTINUOUS
10
0.6308608267716536
20
0.8070251968503936
11
0.6322006299212598
21
0.8071806299212598
0
LINE
8
BLACK
6
CONTINUOUS
10
0.6322006299212598
20
0.8071806299212598
11
0.6325196850393701
21
0.807244094488189
0
LINE
8
BLACK
6
CONTINUOUS
10
0.6325196850393701
20
0.807244094488189
11
0.6876377952755905
21
0.807244094488189
0
LINE
8
BLACK
6
CONTINUOUS
10
0.6876377952755905
20
0.807244094488189
11
0.6879569685039369
21
0.8071805905511811
0
LINE
8
BLACK
6
CONTINUOUS
10
1.0079569685039369
20
0.8071805905511811
11
1.0092966141732282
21
0.8070251968503936
0
LINE
8
BLACK
6
CONTINUOUS
10
1.0092966141732282
20
0.8070251968503936
11
1.0097542913385826
21
0.8068230708661417
0
LINE
8
BLACK
6
CONTINUOUS
10
1.0097542913385826
20
0.8068230708661417
11
1.0106510629921259
21
0.8066447244094488
0
LINE
8
BLACK
6
CONTINUOUS
10
1.0106510629921259
20
0.8066447244094488
11
1.011611062992126
21
0.8060032283464567
0
LINE
8
BLACK
6
CONTINUOUS
10
1.011611062992126
20
0.8060032283464567
11
1.012049094488189
21
0.805809842519685
0
LINE
8
BLACK
6
CONTINUOUS
10
1.012049094488189
20
0.805809842519685
11
1.0123482677165354
21
0.8055106299212598
0
LINE
8
BLACK
6
CONTINUOUS
10
1.0123482677165354
20
0.8055106299212598
11
1.0132055511811024
21
0.8049378346456693
0
LINE
8
BLACK
6
CONTINUOUS
10
1.0132055511811024
20
0.8049378346456693
11
1.013778346456693
21
0.8040805511811023
0
LINE
8
BLACK
6
CONTINUOUS
10
1.013778346456693
20
0.8040805511811023
11
1.0140775590551181
21
0.8037813779527558
0
LINE
8
BLACK
6
CONTINUOUS
10
1.0140775590551181
20
0.8037813779527558
11
1.0142709448818898
21
0.8033433464566929
0
LINE
8
BLACK
6
CONTINUOUS
10
1.0142709448818898
20
0.8033433464566929
11
1.014912440944882
21
0.8023833464566928
0
LINE
8
BLACK
6
CONTINUOUS
10
1.014912440944882
20
0.8023833464566928
11
1.0150907874015749
21
0.8014865748031496
0
LINE
8
BLACK
6
CONTINUOUS
10
1.0150907874015749
20
0.8014865748031496
11
1.0152929133858268
21
0.8010288976377953
0
LINE
8
BLACK
6
CONTINUOUS
10
1.0152929133858268
20
0.8010288976377953
11
1.015448307086614
21
0.7996891732283464
0
LINE
8
BLACK
6
CONTINUOUS
10
1.015448307086614
20
0.7996891732283464
11
1.0155118110236221
21
0.7993700787401574
0
LINE
8
BLACK
6
CONTINUOUS
10
1.0155118110236221
20
0.7993700787401574
11
1.0155118110236221
21
0.7206299212598425
0
LINE
8
BLACK
6
CONTINUOUS
10
1.0155118110236221
20
0.7206299212598425
11
1.015448307086614
21
0.7203107874015748
0
LINE
8
BLACK
6
CONTINUOUS
10
1.015448307086614
20
0.7203107874015748
11
1.0152929133858268
21
0.718971062992126
0
LINE
8
BLACK
6
CONTINUOUS
10
1.0152929133858268
20
0.718971062992126
11
1.0150907874015749
21
0.7185133070866142
0
LINE
8
BLACK
6
CONTINUOUS
10
1.0150907874015749
20
0.7185133070866142
11
1.014912440944882
21
0.7176166535433071
0
LINE
8
BLACK
6
CONTINUOUS
10
1.014912440944882
20
0.7176166535433071
11
1.0142709842519684
21
0.7166566929133859
0
LINE
8
BLACK
6
CONTINUOUS
10
1.0142709842519684
20
0.7166566929133859
11
1.0140775590551181
21
0.7162185826771653
0
LINE
8
BLACK
6
CONTINUOUS
10
1.0140775590551181
20
0.7162185826771653
11
1.0137782677165355
21
0.7159192913385827
0
LINE
8
BLACK
6
CONTINUOUS
10
1.0137782677165355
20
0.7159192913385827
11
1.0132055511811024
21
0.7150621653543306
0
LINE
8
BLACK
6
CONTINUOUS
10
1.0132055511811024
20
0.7150621653543306
11
1.0123483858267717
21
0.7144894094488189
0
LINE
8
BLACK
6
CONTINUOUS
10
1.0123483858267717
20
0.7144894094488189
11
1.012049094488189
21
0.7141901181102362
0
LINE
8
BLACK
6
CONTINUOUS
10
1.012049094488189
20
0.7141901181102362
11
1.011610905511811
21
0.7139966141732283
0
LINE
8
BLACK
6
CONTINUOUS
10
1.011610905511811
20
0.7139966141732283
11
1.0106510629921259
21
0.7133552755905511
0
LINE
8
BLACK
6
CONTINUOUS
10
1.0106510629921259
20
0.7133552755905511
11
1.0097544881889764
21
0.7131769291338582
0
LINE
8
BLACK
6
CONTINUOUS
10
1.0097544881889764
20
0.7131769291338582
11
1.0092966141732282
21
0.7129747637795275
0
LINE
8
BLACK
6
CONTINUOUS
10
1.0092966141732282
20
0.7129747637795275
11
1.0079564173228346
21
0.7128192519685039
0
LINE
8
BLACK
6
CONTINUOUS
10
1.0079564173228346
20
0.7128192519685039
11
1.0076377952755906
21
0.712755905511811
0
LINE
8
BLACK
6
CONTINUOUS
10
1.0076377952755906
20
0.712755905511811
11
1.0074101181102362
21
0.712755905511811
0
LINE
8
BLACK
6
CONTINUOUS
10
1.0074101181102362
20
0.712755905511811
11
0.9527474015748031
21
0.712755905511811
0
LINE
8
BLACK
6
CONTINUOUS
10
0.9527474015748031
20
0.712755905511811
11
0.95251968503937
21
0.712755905511811
0
LINE
8
BLACK
6
CONTINUOUS
10
0.95251968503937
20
0.712755905511811
11
0.9522010236220472
21
0.7128192519685039
0
LINE
8
BLACK
6
CONTINUOUS
10
0.9522010236220472
20
0.7128192519685039
11
0.9508608267716535
21
0.7129747637795275
0
LINE
8
BLACK
6
CONTINUOUS
10
0.9508608267716535
20
0.7129747637795275
11
0.9504029133858267
21
0.7131769291338582
0
LINE
8
BLACK
6
CONTINUOUS
10
0.9504029133858267
20
0.7131769291338582
11
0.9495064173228346
21
0.7133552755905511
0
LINE
8
BLACK
6
CONTINUOUS
10
0.9495064173228346
20
0.7133552755905511
11
0.9485466141732283
21
0.7139965748031496
0
LINE
8
BLACK
6
CONTINUOUS
10
0.9485466141732283
20
0.7139965748031496
11
0.9481083464566928
21
0.7141901181102362
0
LINE
8
BLACK
6
CONTINUOUS
10
0.9481083464566928
20
0.7141901181102362
11
0.9478089370078739
21
0.7144894881889764
0
LINE
8
BLACK
6
CONTINUOUS
10
0.9478089370078739
20
0.7144894881889764
11
0.9469519291338583
21
0.7150621653543306
0
LINE
8
BLACK
6
CONTINUOUS
10
0.9469519291338583
20
0.7150621653543306
11
0.9463792519685039
21
0.7159191732283464
0
LINE
8
BLACK
6
CONTINUOUS
10
0.9463792519685039
20
0.7159191732283464
11
0.9460798818897638
21
0.7162185826771653
0
LINE
8
BLACK
6
CONTINUOUS
10
0.9460798818897638
20
0.7162185826771653
11
0.9458863385826771
21
0.7166568503937008
0
LINE
8
BLACK
6
CONTINUOUS
10
0.9458863385826771
20
0.7166568503937008
11
0.9452450393700788
21
0.7176166535433071
0
LINE
8
BLACK
6
CONTINUOUS
10
0.9452450393700788
20
0.7176166535433071
11
0.9450666929133859
21
0.7185131496062992
0
LINE
8
BLACK
6
CONTINUOUS
10
0.9450666929133859
20
0.7185131496062992
11
0.9448645275590551
21
0.718971062992126
0
LINE
8
BLACK
6
CONTINUOUS
10
0.9448645275590551
20
0.718971062992126
11
0.9447090157480315
21
0.7203113385826772
0
LINE
8
BLACK
6
CONTINUOUS
10
0.9447090157480315
20
0.7203113385826772
11
0.9446456692913385
21
0.7206299212598425
0
LINE
8
BLACK
6
CONTINUOUS
10
0.9446456692913385
20
0.7206299212598425
11
0.9446456692913385
21
0.7993700787401574
0
LINE
8
BLACK
6
CONTINUOUS
10
0.9446456692913385
20
0.7993700787401574
11
0.9447090551181102
21
0.799688779527559
0
LINE
8
BLACK
6
CONTINUOUS
10
0.9447090551181102
20
0.799688779527559
11
0.9448645275590551
21
0.8010288976377953
0
LINE
8
BLACK
6
CONTINUOUS
10
0.9448645275590551
20
0.8010288976377953
11
0.9450666929133859
21
0.8014867716535433
0
LINE
8
BLACK
6
CONTINUOUS
10
0.9450666929133859
20
0.8014867716535433
11
0.9452450393700788
21
0.8023833464566928
0
LINE
8
BLACK
6
CONTINUOUS
10
0.9452450393700788
20
0.8023833464566928
11
0.9458863779527559
21
0.8033431889763779
0
LINE
8
BLACK
6
CONTINUOUS
10
0.9458863779527559
20
0.8033431889763779
11
0.9460798818897638
21
0.8037813779527558
0
LINE
8
BLACK
6
CONTINUOUS
10
0.9460798818897638
20
0.8037813779527558
11
0.9463791732283464
21
0.8040806692913386
0
LINE
8
BLACK
6
CONTINUOUS
10
0.9463791732283464
20
0.8040806692913386
11
0.9469519291338583
21
0.8049378346456693
0
LINE
8
BLACK
6
CONTINUOUS
10
0.9469519291338583
20
0.8049378346456693
11
0.9478090551181102
21
0.8055105511811024
0
LINE
8
BLACK
6
CONTINUOUS
10
0.9478090551181102
20
0.8055105511811024
11
0.9481083464566928
21
0.805809842519685
0
LINE
8
BLACK
6
CONTINUOUS
10
0.9481083464566928
20
0.805809842519685
11
0.9485464566929134
21
0.8060032677165354
0
LINE
8
BLACK
6
CONTINUOUS
10
0.9485464566929134
20
0.8060032677165354
11
0.9495064173228346
21
0.8066447244094488
0
LINE
8
BLACK
6
CONTINUOUS
10
0.9495064173228346
20
0.8066447244094488
11
0.9504030708661417
21
0.8068230708661417
0
LINE
8
BLACK
6
CONTINUOUS
10
0.9504030708661417
20
0.8068230708661417
11
0.9508608267716535
21
0.8070251968503936
0
LINE
8
BLACK
6
CONTINUOUS
10
0.9508608267716535
20
0.8070251968503936
11
0.9522006299212599
21
0.8071806299212598
0
LINE
8
BLACK
6
CONTINUOUS
10
0.9522006299212599
20
0.8071806299212598
11
0.95251968503937
21
0.807244094488189
0
LINE
8
BLACK
6
CONTINUOUS
10
0.95251968503937
20
0.807244094488189
11
1.0076377952755906
21
0.807244094488189
0
LINE
8
BLACK
6
CONTINUOUS
10
1.0076377952755906
20
0.807244094488189
11
1.0079569685039369
21
0.8071805905511811
0
LINE
8
BLACK
6
CONTINUOUS
10
1.327956968503937
20
0.8071805905511811
11
1.3292966141732283
21
0.8070251968503936
0
LINE
8
BLACK
6
CONTINUOUS
10
1.3292966141732283
20
0.8070251968503936
11
1.3297542913385827
21
0.8068230708661417
0
LINE
8
BLACK
6
CONTINUOUS
10
1.3297542913385827
20
0.8068230708661417
11
1.330651062992126
21
0.8066447244094488
0
LINE
8
BLACK
6
CONTINUOUS
10
1.330651062992126
20
0.8066447244094488
11
1.3316110629921261
21
0.8060032283464567
0
LINE
8
BLACK
6
CONTINUOUS
10
1.3316110629921261
20
0.8060032283464567
11
1.3320490944881889
21
0.805809842519685
0
LINE
8
BLACK
6
CONTINUOUS
10
1.3320490944881889
20
0.805809842519685
11
1.3323482677165355
21
0.8055106299212598
0
LINE
8
BLACK
6
CONTINUOUS
10
1.3323482677165355
20
0.8055106299212598
11
1.3332055511811023
21
0.8049378346456693
0
LINE
8
BLACK
6
CONTINUOUS
10
1.3332055511811023
20
0.8049378346456693
11
1.3337783464566928
21
0.8040805511811023
0
LINE
8
BLACK
6
CONTINUOUS
10
1.3337783464566928
20
0.8040805511811023
11
1.3340775590551182
21
0.8037813779527558
0
LINE
8
BLACK
6
CONTINUOUS
10
1.3340775590551182
20
0.8037813779527558
11
1.3342709448818897
21
0.8033433464566929
0
LINE
8
BLACK
6
CONTINUOUS
10
1.3342709448818897
20
0.8033433464566929
11
1.3349124409448818
21
0.8023833464566928
0
LINE
8
BLACK
6
CONTINUOUS
10
1.3349124409448818
20
0.8023833464566928
11
1.3350907874015747
21
0.8014865748031496
0
LINE
8
BLACK
6
CONTINUOUS
10
1.3350907874015747
20
0.8014865748031496
11
1.3352929133858267
21
0.8010288976377953
0
LINE
8
BLACK
6
CONTINUOUS
10
1.3352929133858267
20
0.8010288976377953
11
1.3354483070866141
21
0.7996891732283464
0
LINE
8
BLACK
6
CONTINUOUS
10
1.3354483070866141
20
0.7996891732283464
11
1.3355118110236219
21
0.7993700787401574
0
LINE
8
BLACK
6
CONTINUOUS
10
1.3355118110236219
20
0.7993700787401574
11
1.3355118110236219
21
0.7206299212598425
0
LINE
8
BLACK
6
CONTINUOUS
10
1.3355118110236219
20
0.7206299212598425
11
1.3354483070866141
21
0.7203107874015748
0
LINE
8
BLACK
6
CONTINUOUS
10
1.3354483070866141
20
0.7203107874015748
11
1.3352929133858267
21
0.718971062992126
0
LINE
8
BLACK
6
CONTINUOUS
10
1.3352929133858267
20
0.718971062992126
11
1.3350907874015747
21
0.7185133070866142
0
LINE
8
BLACK
6
CONTINUOUS
10
1.3350907874015747
20
0.7185133070866142
11
1.3349124409448818
21
0.7176166535433071
0
LINE
8
BLACK
6
CONTINUOUS
10
1.3349124409448818
20
0.7176166535433071
11
1.3342709842519684
21
0.7166566929133859
0
LINE
8
BLACK
6
CONTINUOUS
10
1.3342709842519684
20
0.7166566929133859
11
1.3340775590551182
21
0.7162185826771653
0
LINE
8
BLACK
6
CONTINUOUS
10
1.3340775590551182
20
0.7162185826771653
11
1.3337782677165353
21
0.7159192913385827
0
LINE
8
BLACK
6
CONTINUOUS
10
1.3337782677165353
20
0.7159192913385827
11
1.3332055511811023
21
0.7150621653543306
0
LINE
8
BLACK
6
CONTINUOUS
10
1.3332055511811023
20
0.7150621653543306
11
1.3323483858267717
21
0.7144894094488189
0
LINE
8
BLACK
6
CONTINUOUS
10
1.3323483858267717
20
0.7144894094488189
11
1.3320490944881889
21
0.7141901181102362
0
LINE
8
BLACK
6
CONTINUOUS
10
1.3320490944881889
20
0.7141901181102362
11
1.331610905511811
21
0.7139966141732283
0
LINE
8
BLACK
6
CONTINUOUS
10
1.331610905511811
20
0.7139966141732283
11
1.330651062992126
21
0.7133552755905511
0
LINE
8
BLACK
6
CONTINUOUS
10
1.330651062992126
20
0.7133552755905511
11
1.3297544881889765
21
0.7131769291338582
0
LINE
8
BLACK
6
CONTINUOUS
10
1.3297544881889765
20
0.7131769291338582
11
1.3292966141732283
21
0.7129747637795275
0
LINE
8
BLACK
6
CONTINUOUS
10
1.3292966141732283
20
0.7129747637795275
11
1.3279564173228346
21
0.7128192519685039
0
LINE
8
BLACK
6
CONTINUOUS
10
1.3279564173228346
20
0.7128192519685039
11
1.3276377952755904
21
0.712755905511811
0
LINE
8
BLACK
6
CONTINUOUS
10
1.3276377952755904
20
0.712755905511811
11
1.3274101181102362
21
0.712755905511811
0
LINE
8
BLACK
6
CONTINUOUS
10
1.3274101181102362
20
0.712755905511811
11
1.272747401574803
21
0.712755905511811
0
LINE
8
BLACK
6
CONTINUOUS
10
1.272747401574803
20
0.712755905511811
11
1.2725196850393701
21
0.712755905511811
0
LINE
8
BLACK
6
CONTINUOUS
10
1.2725196850393701
20
0.712755905511811
11
1.2722010236220471
21
0.7128192519685039
0
LINE
8
BLACK
6
CONTINUOUS
10
1.2722010236220471
20
0.7128192519685039
11
1.2708608267716535
21
0.7129747637795275
0
LINE
8
BLACK
6
CONTINUOUS
10
1.2708608267716535
20
0.7129747637795275
11
1.2704029133858268
21
0.7131769291338582
0
LINE
8
BLACK
6
CONTINUOUS
10
1.2704029133858268
20
0.7131769291338582
11
1.2695064173228345
21
0.7133552755905511
0
LINE
8
BLACK
6
CONTINUOUS
10
1.2695064173228345
20
0.7133552755905511
11
1.2685466141732282
21
0.7139965748031496
0
LINE
8
BLACK
6
CONTINUOUS
10
1.2685466141732282
20
0.7139965748031496
11
1.2681083464566929
21
0.7141901181102362
0
LINE
8
BLACK
6
CONTINUOUS
10
1.2681083464566929
20
0.7141901181102362
11
1.267808937007874
21
0.7144894881889764
0
LINE
8
BLACK
6
CONTINUOUS
10
1.267808937007874
20
0.7144894881889764
11
1.2669519291338582
21
0.7150621653543306
0
LINE
8
BLACK
6
CONTINUOUS
10
1.2669519291338582
20
0.7150621653543306
11
1.266379251968504
21
0.7159191732283464
0
LINE
8
BLACK
6
CONTINUOUS
10
1.266379251968504
20
0.7159191732283464
11
1.2660798818897638
21
0.7162185826771653
0
LINE
8
BLACK
6
CONTINUOUS
10
1.2660798818897638
20
0.7162185826771653
11
1.2658863385826771
21
0.7166568503937008
0
LINE
8
BLACK
6
CONTINUOUS
10
1.2658863385826771
20
0.7166568503937008
11
1.2652450393700787
21
0.7176166535433071
0
LINE
8
BLACK
6
CONTINUOUS
10
1.2652450393700787
20
0.7176166535433071
11
1.2650666929133858
21
0.7185131496062992
0
LINE
8
BLACK
6
CONTINUOUS
10
1.2650666929133858
20
0.7185131496062992
11
1.2648645275590551
21
0.718971062992126
0
LINE
8
BLACK
6
CONTINUOUS
10
1.2648645275590551
20
0.718971062992126
11
1.2647090157480314
21
0.7203113385826772
0
LINE
8
BLACK
6
CONTINUOUS
10
1.2647090157480314
20
0.7203113385826772
11
1.2646456692913386
21
0.7206299212598425
0
LINE
8
BLACK
6
CONTINUOUS
10
1.2646456692913386
20
0.7206299212598425
11
1.2646456692913386
21
0.7993700787401574
0
LINE
8
BLACK
6
CONTINUOUS
10
1.2646456692913386
20
0.7993700787401574
11
1.2647090551181102
21
0.799688779527559
0
LINE
8
BLACK
6
CONTINUOUS
10
1.2647090551181102
20
0.799688779527559
11
1.2648645275590551
21
0.8010288976377953
0
LINE
8
BLACK
6
CONTINUOUS
10
1.2648645275590551
20
0.8010288976377953
11
1.2650666929133858
21
0.8014867716535433
0
LINE
8
BLACK
6
CONTINUOUS
10
1.2650666929133858
20
0.8014867716535433
11
1.2652450393700787
21
0.8023833464566928
0
LINE
8
BLACK
6
CONTINUOUS
10
1.2652450393700787
20
0.8023833464566928
11
1.2658863779527558
21
0.8033431889763779
0
LINE
8
BLACK
6
CONTINUOUS
10
1.2658863779527558
20
0.8033431889763779
11
1.2660798818897638
21
0.8037813779527558
0
LINE
8
BLACK
6
CONTINUOUS
10
1.2660798818897638
20
0.8037813779527558
11
1.2663791732283465
21
0.8040806692913386
0
LINE
8
BLACK
6
CONTINUOUS
10
1.2663791732283465
20
0.8040806692913386
11
1.2669519291338582
21
0.8049378346456693
0
LINE
8
BLACK
6
CONTINUOUS
10
1.2669519291338582
20
0.8049378346456693
11
1.2678090551181103
21
0.8055105511811024
0
LINE
8
BLACK
6
CONTINUOUS
10
1.2678090551181103
20
0.8055105511811024
11
1.2681083464566929
21
0.805809842519685
0
LINE
8
BLACK
6
CONTINUOUS
10
1.2681083464566929
20
0.805809842519685
11
1.2685464566929134
21
0.8060032677165354
0
LINE
8
BLACK
6
CONTINUOUS
10
1.2685464566929134
20
0.8060032677165354
11
1.2695064173228345
21
0.8066447244094488
0
LINE
8
BLACK
6
CONTINUOUS
10
1.2695064173228345
20
0.8066447244094488
11
1.2704030708661418
21
0.8068230708661417
0
LINE
8
BLACK
6
CONTINUOUS
10
1.2704030708661418
20
0.8068230708661417
11
1.2708608267716535
21
0.8070251968503936
0
LINE
8
BLACK
6
CONTINUOUS
10
1.2708608267716535
20
0.8070251968503936
11
1.2722006299212598
21
0.8071806299212598
0
LINE
8
BLACK
6
CONTINUOUS
10
1.2722006299212598
20
0.8071806299212598
11
1.2725196850393701
21
0.807244094488189
0
LINE
8
BLACK
6
CONTINUOUS
10
1.2725196850393701
20
0.807244094488189
11
1.3276377952755904
21
0.807244094488189
0
LINE
8
BLACK
6
CONTINUOUS
10
1.3276377952755904
20
0.807244094488189
11
1.327956968503937
21
0.8071805905511811
0
LINE
8
BLACK
6
CONTINUOUS
10
0.1277994881889764
20
0.7914325590551181
11
0.1291391338582677
21
0.7912771653543307
0
LINE
8
BLACK
6
CONTINUOUS
10
0.1291391338582677
20
0.7912771653543307
11
0.1295968110236221
21
0.7910750393700787
0
LINE
8
BLACK
6
CONTINUOUS
10
0.1295968110236221
20
0.7910750393700787
11
0.1304935826771653
21
0.7908966929133858
0
LINE
8
BLACK
6
CONTINUOUS
10
0.1304935826771653
20
0.7908966929133858
11
0.1314535826771654
21
0.7902551968503937
0
LINE
8
BLACK
6
CONTINUOUS
10
0.1314535826771654
20
0.7902551968503937
11
0.1318916141732283
21
0.7900618110236221
0
LINE
8
BLACK
6
CONTINUOUS
10
0.1318916141732283
20
0.7900618110236221
11
0.1321907874015748
21
0.7897625984251968
0
LINE
8
BLACK
6
CONTINUOUS
10
0.1321907874015748
20
0.7897625984251968
11
0.1330480708661417
21
0.7891898031496063
0
LINE
8
BLACK
6
CONTINUOUS
10
0.1330480708661417
20
0.7891898031496063
11
0.1336208661417323
21
0.7883325196850394
0
LINE
8
BLACK
6
CONTINUOUS
10
0.1336208661417323
20
0.7883325196850394
11
0.1339200787401575
21
0.7880333464566929
0
LINE
8
BLACK
6
CONTINUOUS
10
0.1339200787401575
20
0.7880333464566929
11
0.1341134645669291
21
0.78759531496063
0
LINE
8
BLACK
6
CONTINUOUS
10
0.1341134645669291
20
0.78759531496063
11
0.1347549606299213
21
0.7866353149606299
0
LINE
8
BLACK
6
CONTINUOUS
10
0.1347549606299213
20
0.7866353149606299
11
0.1349333070866142
21
0.7857385433070866
0
LINE
8
BLACK
6
CONTINUOUS
10
0.1349333070866142
20
0.7857385433070866
11
0.1351354330708661
21
0.7852808661417323
0
LINE
8
BLACK
6
CONTINUOUS
10
0.1351354330708661
20
0.7852808661417323
11
0.1352908267716535
21
0.7839411417322835
0
LINE
8
BLACK
6
CONTINUOUS
10
0.1352908267716535
20
0.7839411417322835
11
0.1353543307086614
21
0.7836220472440945
0
LINE
8
BLACK
6
CONTINUOUS
10
0.1353543307086614
20
0.7836220472440945
11
0.1353543307086614
21
0.7363779527559055
0
LINE
8
BLACK
6
CONTINUOUS
10
0.1353543307086614
20
0.7363779527559055
11
0.1352908267716535
21
0.7360588188976378
0
LINE
8
BLACK
6
CONTINUOUS
10
0.1352908267716535
20
0.7360588188976378
11
0.1351354330708661
21
0.734719094488189
0
LINE
8
BLACK
6
CONTINUOUS
10
0.1351354330708661
20
0.734719094488189
11
0.1349333070866142
21
0.7342613385826772
0
LINE
8
BLACK
6
CONTINUOUS
10
0.1349333070866142
20
0.7342613385826772
11
0.1347549606299213
21
0.73336468503937
0
LINE
8
BLACK
6
CONTINUOUS
10
0.1347549606299213
20
0.73336468503937
11
0.1341135039370079
21
0.7324047244094488
0
LINE
8
BLACK
6
CONTINUOUS
10
0.1341135039370079
20
0.7324047244094488
11
0.1339200787401575
21
0.7319666141732283
0
LINE
8
BLACK
6
CONTINUOUS
10
0.1339200787401575
20
0.7319666141732283
11
0.1336207874015748
21
0.7316673228346456
0
LINE
8
BLACK
6
CONTINUOUS
10
0.1336207874015748
20
0.7316673228346456
11
0.1330480708661417
21
0.7308101968503937
0
LINE
8
BLACK
6
CONTINUOUS
10
0.1330480708661417
20
0.7308101968503937
11
0.132190905511811
21
0.7302374409448819
0
LINE
8
BLACK
6
CONTINUOUS
10
0.132190905511811
20
0.7302374409448819
11
0.1318916141732283
21
0.7299381496062992
0
LINE
8
BLACK
6
CONTINUOUS
10
0.1318916141732283
20
0.7299381496062992
11
0.1314534251968504
21
0.7297446456692913
0
LINE
8
BLACK
6
CONTINUOUS
10
0.1314534251968504
20
0.7297446456692913
11
0.1304935826771653
21
0.7291033070866142
0
LINE
8
BLACK
6
CONTINUOUS
10
0.1304935826771653
20
0.7291033070866142
11
0.1295970078740157
21
0.7289249606299213
0
LINE
8
BLACK
6
CONTINUOUS
10
0.1295970078740157
20
0.7289249606299213
11
0.1291391338582677
21
0.7287227952755906
0
LINE
8
BLACK
6
CONTINUOUS
10
0.1291391338582677
20
0.7287227952755906
11
0.127798937007874
21
0.7285672834645669
0
LINE
8
BLACK
6
CONTINUOUS
10
0.127798937007874
20
0.7285672834645669
11
0.1274803149606299
21
0.728503937007874
0
LINE
8
BLACK
6
CONTINUOUS
10
0.1274803149606299
20
0.728503937007874
11
0.1272526377952756
21
0.728503937007874
0
LINE
8
BLACK
6
CONTINUOUS
10
0.1272526377952756
20
0.728503937007874
11
0.0725899212598425
21
0.728503937007874
0
LINE
8
BLACK
6
CONTINUOUS
10
0.0725899212598425
20
0.728503937007874
11
0.0723622047244094
21
0.728503937007874
0
LINE
8
BLACK
6
CONTINUOUS
10
0.0723622047244094
20
0.728503937007874
11
0.0720435433070866
21
0.7285672834645669
0
LINE
8
BLACK
6
CONTINUOUS
10
0.0720435433070866
20
0.7285672834645669
11
0.0707033464566929
21
0.7287227952755906
0
LINE
8
BLACK
6
CONTINUOUS
10
0.0707033464566929
20
0.7287227952755906
11
0.0702454330708661
21
0.7289249606299213
0
LINE
8
BLACK
6
CONTINUOUS
10
0.0702454330708661
20
0.7289249606299213
11
0.069348937007874
21
0.7291033070866142
0
LINE
8
BLACK
6
CONTINUOUS
10
0.069348937007874
20
0.7291033070866142
11
0.0683891338582677
21
0.7297446062992126
0
LINE
8
BLACK
6
CONTINUOUS
10
0.0683891338582677
20
0.7297446062992126
11
0.0679508661417323
21
0.7299381496062992
0
LINE
8
BLACK
6
CONTINUOUS
10
0.0679508661417323
20
0.7299381496062992
11
0.0676514566929134
21
0.7302375196850394
0
LINE
8
BLACK
6
CONTINUOUS
10
0.0676514566929134
20
0.7302375196850394
11
0.0667944488188976
21
0.7308101968503937
0
LINE
8
BLACK
6
CONTINUOUS
10
0.0667944488188976
20
0.7308101968503937
11
0.0662217716535433
21
0.7316672047244094
0
LINE
8
BLACK
6
CONTINUOUS
10
0.0662217716535433
20
0.7316672047244094
11
0.0659224015748032
21
0.7319666141732283
0
LINE
8
BLACK
6
CONTINUOUS
10
0.0659224015748032
20
0.7319666141732283
11
0.0657288582677165
21
0.7324048818897637
0
LINE
8
BLACK
6
CONTINUOUS
10
0.0657288582677165
20
0.7324048818897637
11
0.0650875590551181
21
0.73336468503937
0
LINE
8
BLACK
6
CONTINUOUS
10
0.0650875590551181
20
0.73336468503937
11
0.0649092125984252
21
0.7342611811023622
0
LINE
8
BLACK
6
CONTINUOUS
10
0.0649092125984252
20
0.7342611811023622
11
0.0647070472440945
21
0.734719094488189
0
LINE
8
BLACK
6
CONTINUOUS
10
0.0647070472440945
20
0.734719094488189
11
0.0645515354330709
21
0.7360593700787401
0
LINE
8
BLACK
6
CONTINUOUS
10
0.0645515354330709
20
0.7360593700787401
11
0.064488188976378
21
0.7363779527559055
0
LINE
8
BLACK
6
CONTINUOUS
10
0.064488188976378
20
0.7363779527559055
11
0.064488188976378
21
0.7836220472440945
0
LINE
8
BLACK
6
CONTINUOUS
10
0.064488188976378
20
0.7836220472440945
11
0.0645515748031496
21
0.783940748031496
0
LINE
8
BLACK
6
CONTINUOUS
10
0.0645515748031496
20
0.783940748031496
11
0.0647070472440945
21
0.7852808661417323
0
LINE
8
BLACK
6
CONTINUOUS
10
0.0647070472440945
20
0.7852808661417323
11
0.0649092125984252
21
0.7857387401574802
0
LINE
8
BLACK
6
CONTINUOUS
10
0.0649092125984252
20
0.7857387401574802
11
0.0650875590551181
21
0.7866353149606299
0
LINE
8
BLACK
6
CONTINUOUS
10
0.0650875590551181
20
0.7866353149606299
11
0.0657288976377953
21
0.7875951574803149
0
LINE
8
BLACK
6
CONTINUOUS
10
0.0657288976377953
20
0.7875951574803149
11
0.0659224015748032
21
0.7880333464566929
0
LINE
8
BLACK
6
CONTINUOUS
10
0.0659224015748032
20
0.7880333464566929
11
0.0662216929133858
21
0.7883326377952756
0
LINE
8
BLACK
6
CONTINUOUS
10
0.0662216929133858
20
0.7883326377952756
11
0.0667944488188976
21
0.7891898031496063
0
LINE
8
BLACK
6
CONTINUOUS
10
0.0667944488188976
20
0.7891898031496063
11
0.0676515748031496
21
0.7897625196850393
0
LINE
8
BLACK
6
CONTINUOUS
10
0.0676515748031496
20
0.7897625196850393
11
0.0679508661417323
21
0.7900618110236221
0
LINE
8
BLACK
6
CONTINUOUS
10
0.0679508661417323
20
0.7900618110236221
11
0.0683889763779528
21
0.7902552362204724
0
LINE
8
BLACK
6
CONTINUOUS
10
0.0683889763779528
20
0.7902552362204724
11
0.069348937007874
21
0.7908966929133858
0
LINE
8
BLACK
6
CONTINUOUS
10
0.069348937007874
20
0.7908966929133858
11
0.0702455905511811
21
0.7910750393700787
0
LINE
8
BLACK
6
CONTINUOUS
10
0.0702455905511811
20
0.7910750393700787
11
0.0707033464566929
21
0.7912771653543307
0
LINE
8
BLACK
6
CONTINUOUS
10
0.0707033464566929
20
0.7912771653543307
11
0.0720431496062992
21
0.7914325984251969
0
LINE
8
BLACK
6
CONTINUOUS
10
0.0720431496062992
20
0.7914325984251969
11
0.0723622047244094
21
0.7914960629921259
0
LINE
8
BLACK
6
CONTINUOUS
10
0.0723622047244094
20
0.7914960629921259
11
0.1274803149606299
21
0.7914960629921259
0
LINE
8
BLACK
6
CONTINUOUS
10
0.1274803149606299
20
0.7914960629921259
11
0.1277994881889764
21
0.7914325590551181
0
LINE
8
BLACK
6
CONTINUOUS
10
0.4477994881889764
20
0.7914325590551181
11
0.4491391338582677
21
0.7912771653543307
0
LINE
8
BLACK
6
CONTINUOUS
10
0.4491391338582677
20
0.7912771653543307
11
0.449596811023622
21
0.7910750393700787
0
LINE
8
BLACK
6
CONTINUOUS
10
0.449596811023622
20
0.7910750393700787
11
0.4504935826771653
21
0.7908966929133858
0
LINE
8
BLACK
6
CONTINUOUS
10
0.4504935826771653
20
0.7908966929133858
11
0.4514535826771653
21
0.7902551968503937
0
LINE
8
BLACK
6
CONTINUOUS
10
0.4514535826771653
20
0.7902551968503937
11
0.4518916141732283
21
0.7900618110236221
0
LINE
8
BLACK
6
CONTINUOUS
10
0.4518916141732283
20
0.7900618110236221
11
0.4521907874015748
21
0.7897625984251968
0
LINE
8
BLACK
6
CONTINUOUS
10
0.4521907874015748
20
0.7897625984251968
11
0.4530480708661417
21
0.7891898031496063
0
LINE
8
BLACK
6
CONTINUOUS
10
0.4530480708661417
20
0.7891898031496063
11
0.4536208661417322
21
0.7883325196850394
0
LINE
8
BLACK
6
CONTINUOUS
10
0.4536208661417322
20
0.7883325196850394
11
0.4539200787401575
21
0.7880333464566929
0
LINE
8
BLACK
6
CONTINUOUS
10
0.4539200787401575
20
0.7880333464566929
11
0.4541134645669291
21
0.78759531496063
0
LINE
8
BLACK
6
CONTINUOUS
10
0.4541134645669291
20
0.78759531496063
11
0.4547549606299213
21
0.7866353149606299
0
LINE
8
BLACK
6
CONTINUOUS
10
0.4547549606299213
20
0.7866353149606299
11
0.4549333070866142
21
0.7857385433070866
0
LINE
8
BLACK
6
CONTINUOUS
10
0.4549333070866142
20
0.7857385433070866
11
0.4551354330708661
21
0.7852808661417323
0
LINE
8
BLACK
6
CONTINUOUS
10
0.4551354330708661
20
0.7852808661417323
11
0.4552908267716536
21
0.7839411417322835
0
LINE
8
BLACK
6
CONTINUOUS
10
0.4552908267716536
20
0.7839411417322835
11
0.4553543307086614
21
0.7836220472440945
0
LINE
8
BLACK
6
CONTINUOUS
10
0.4553543307086614
20
0.7836220472440945
11
0.4553543307086614
21
0.7363779527559055
0
LINE
8
BLACK
6
CONTINUOUS
10
0.4553543307086614
20
0.7363779527559055
11
0.4552908267716536
21
0.7360588188976378
0
LINE
8
BLACK
6
CONTINUOUS
10
0.4552908267716536
20
0.7360588188976378
11
0.4551354330708661
21
0.734719094488189
0
LINE
8
BLACK
6
CONTINUOUS
10
0.4551354330708661
20
0.734719094488189
11
0.4549333070866142
21
0.7342613385826772
0
LINE
8
BLACK
6
CONTINUOUS
10
0.4549333070866142
20
0.7342613385826772
11
0.4547549606299213
21
0.73336468503937
0
LINE
8
BLACK
6
CONTINUOUS
10
0.4547549606299213
20
0.73336468503937
11
0.4541135039370079
21
0.7324047244094488
0
LINE
8
BLACK
6
CONTINUOUS
10
0.4541135039370079
20
0.7324047244094488
11
0.4539200787401575
21
0.7319666141732283
0
LINE
8
BLACK
6
CONTINUOUS
10
0.4539200787401575
20
0.7319666141732283
11
0.4536207874015748
21
0.7316673228346456
0
LINE
8
BLACK
6
CONTINUOUS
10
0.4536207874015748
20
0.7316673228346456
11
0.4530480708661417
21
0.7308101968503937
0
LINE
8
BLACK
6
CONTINUOUS
10
0.4530480708661417
20
0.7308101968503937
11
0.452190905511811
21
0.7302374409448819
0
LINE
8
BLACK
6
CONTINUOUS
10
0.452190905511811
20
0.7302374409448819
11
0.4518916141732283
21
0.7299381496062992
0
LINE
8
BLACK
6
CONTINUOUS
10
0.4518916141732283
20
0.7299381496062992
11
0.4514534251968504
21
0.7297446456692913
0
LINE
8
BLACK
6
CONTINUOUS
10
0.4514534251968504
20
0.7297446456692913
11
0.4504935826771653
21
0.7291033070866142
0
LINE
8
BLACK
6
CONTINUOUS
10
0.4504935826771653
20
0.7291033070866142
11
0.4495970078740157
21
0.7289249606299213
0
LINE
8
BLACK
6
CONTINUOUS
10
0.4495970078740157
20
0.7289249606299213
11
0.4491391338582677
21
0.7287227952755906
0
LINE
8
BLACK
6
CONTINUOUS
10
0.4491391338582677
20
0.7287227952755906
11
0.447798937007874
21
0.7285672834645669
0
LINE
8
BLACK
6
CONTINUOUS
10
0.447798937007874
20
0.7285672834645669
11
0.4474803149606299
21
0.728503937007874
0
LINE
8
BLACK
6
CONTINUOUS
10
0.4474803149606299
20
0.728503937007874
11
0.4472526377952756
21
0.728503937007874
0
LINE
8
BLACK
6
CONTINUOUS
10
0.4472526377952756
20
0.728503937007874
11
0.3925899212598425
21
0.728503937007874
0
LINE
8
BLACK
6
CONTINUOUS
10
0.3925899212598425
20
0.728503937007874
11
0.3923622047244094
21
0.728503937007874
0
LINE
8
BLACK
6
CONTINUOUS
10
0.3923622047244094
20
0.728503937007874
11
0.3920435433070866
21
0.7285672834645669
0
LINE
8
BLACK
6
CONTINUOUS
10
0.3920435433070866
20
0.7285672834645669
11
0.3907033464566929
21
0.7287227952755906
0
LINE
8
BLACK
6
CONTINUOUS
10
0.3907033464566929
20
0.7287227952755906
11
0.3902454330708661
21
0.7289249606299213
0
LINE
8
BLACK
6
CONTINUOUS
10
0.3902454330708661
20
0.7289249606299213
11
0.389348937007874
21
0.7291033070866142
0
LINE
8
BLACK
6
CONTINUOUS
10
0.389348937007874
20
0.7291033070866142
11
0.3883891338582677
21
0.7297446062992126
0
LINE
8
BLACK
6
CONTINUOUS
10
0.3883891338582677
20
0.7297446062992126
11
0.3879508661417323
21
0.7299381496062992
0
LINE
8
BLACK
6
CONTINUOUS
10
0.3879508661417323
20
0.7299381496062992
11
0.3876514566929134
21
0.7302375196850394
0
LINE
8
BLACK
6
CONTINUOUS
10
0.3876514566929134
20
0.7302375196850394
11
0.3867944488188976
21
0.7308101968503937
0
LINE
8
BLACK
6
CONTINUOUS
10
0.3867944488188976
20
0.7308101968503937
11
0.3862217716535433
21
0.7316672047244094
0
LINE
8
BLACK
6
CONTINUOUS
10
0.3862217716535433
20
0.7316672047244094
11
0.3859224015748031
21
0.7319666141732283
0
LINE
8
BLACK
6
CONTINUOUS
10
0.3859224015748031
20
0.7319666141732283
11
0.3857288582677165
21
0.7324048818897637
0
LINE
8
BLACK
6
CONTINUOUS
10
0.3857288582677165
20
0.7324048818897637
11
0.3850875590551181
21
0.73336468503937
0
LINE
8
BLACK
6
CONTINUOUS
10
0.3850875590551181
20
0.73336468503937
11
0.3849092125984252
21
0.7342611811023622
0
LINE
8
BLACK
6
CONTINUOUS
10
0.3849092125984252
20
0.7342611811023622
11
0.3847070472440945
21
0.734719094488189
0
LINE
8
BLACK
6
CONTINUOUS
10
0.3847070472440945
20
0.734719094488189
11
0.3845515354330709
21
0.7360593700787401
0
LINE
8
BLACK
6
CONTINUOUS
10
0.3845515354330709
20
0.7360593700787401
11
0.3844881889763779
21
0.7363779527559055
0
LINE
8
BLACK
6
CONTINUOUS
10
0.3844881889763779
20
0.7363779527559055
11
0.3844881889763779
21
0.7836220472440945
0
LINE
8
BLACK
6
CONTINUOUS
10
0.3844881889763779
20
0.7836220472440945
11
0.3845515748031496
21
0.783940748031496
0
LINE
8
BLACK
6
CONTINUOUS
10
0.3845515748031496
20
0.783940748031496
11
0.3847070472440945
21
0.7852808661417323
0
LINE
8
BLACK
6
CONTINUOUS
10
0.3847070472440945
20
0.7852808661417323
11
0.3849092125984252
21
0.7857387401574802
0
LINE
8
BLACK
6
CONTINUOUS
10
0.3849092125984252
20
0.7857387401574802
11
0.3850875590551181
21
0.7866353149606299
0
LINE
8
BLACK
6
CONTINUOUS
10
0.3850875590551181
20
0.7866353149606299
11
0.3857288976377953
21
0.7875951574803149
0
LINE
8
BLACK
6
CONTINUOUS
10
0.3857288976377953
20
0.7875951574803149
11
0.3859224015748031
21
0.7880333464566929
0
LINE
8
BLACK
6
CONTINUOUS
10
0.3859224015748031
20
0.7880333464566929
11
0.3862216929133858
21
0.7883326377952756
0
LINE
8
BLACK
6
CONTINUOUS
10
0.3862216929133858
20
0.7883326377952756
11
0.3867944488188976
21
0.7891898031496063
0
LINE
8
BLACK
6
CONTINUOUS
10
0.3867944488188976
20
0.7891898031496063
11
0.3876515748031496
21
0.7897625196850393
0
LINE
8
BLACK
6
CONTINUOUS
10
0.3876515748031496
20
0.7897625196850393
11
0.3879508661417323
21
0.7900618110236221
0
LINE
8
BLACK
6
CONTINUOUS
10
0.3879508661417323
20
0.7900618110236221
11
0.3883889763779527
21
0.7902552362204724
0
LINE
8
BLACK
6
CONTINUOUS
10
0.3883889763779527
20
0.7902552362204724
11
0.389348937007874
21
0.7908966929133858
0
LINE
8
BLACK
6
CONTINUOUS
10
0.389348937007874
20
0.7908966929133858
11
0.3902455905511811
21
0.7910750393700787
0
LINE
8
BLACK
6
CONTINUOUS
10
0.3902455905511811
20
0.7910750393700787
11
0.3907033464566929
21
0.7912771653543307
0
LINE
8
BLACK
6
CONTINUOUS
10
0.3907033464566929
20
0.7912771653543307
11
0.3920431496062992
21
0.7914325984251969
0
LINE
8
BLACK
6
CONTINUOUS
10
0.3920431496062992
20
0.7914325984251969
11
0.3923622047244094
21
0.7914960629921259
0
LINE
8
BLACK
6
CONTINUOUS
10
0.3923622047244094
20
0.7914960629921259
11
0.4474803149606299
21
0.7914960629921259
0
LINE
8
BLACK
6
CONTINUOUS
10
0.4474803149606299
20
0.7914960629921259
11
0.4477994881889764
21
0.7914325590551181
0
LINE
8
BLACK
6
CONTINUOUS
10
0.7677994881889764
20
0.7914325590551181
11
0.7691391338582677
21
0.7912771653543307
0
LINE
8
BLACK
6
CONTINUOUS
10
0.7691391338582677
20
0.7912771653543307
11
0.769596811023622
21
0.7910750393700787
0
LINE
8
BLACK
6
CONTINUOUS
10
0.769596811023622
20
0.7910750393700787
11
0.7704935826771654
21
0.7908966929133858
0
LINE
8
BLACK
6
CONTINUOUS
10
0.7704935826771654
20
0.7908966929133858
11
0.7714535826771654
21
0.7902551968503937
0
LINE
8
BLACK
6
CONTINUOUS
10
0.7714535826771654
20
0.7902551968503937
11
0.7718916141732284
21
0.7900618110236221
0
LINE
8
BLACK
6
CONTINUOUS
10
0.7718916141732284
20
0.7900618110236221
11
0.7721907874015748
21
0.7897625984251968
0
LINE
8
BLACK
6
CONTINUOUS
10
0.7721907874015748
20
0.7897625984251968
11
0.7730480708661417
21
0.7891898031496063
0
LINE
8
BLACK
6
CONTINUOUS
10
0.7730480708661417
20
0.7891898031496063
11
0.7736208661417323
21
0.7883325196850394
0
LINE
8
BLACK
6
CONTINUOUS
10
0.7736208661417323
20
0.7883325196850394
11
0.7739200787401574
21
0.7880333464566929
0
LINE
8
BLACK
6
CONTINUOUS
10
0.7739200787401574
20
0.7880333464566929
11
0.7741134645669291
21
0.78759531496063
0
LINE
8
BLACK
6
CONTINUOUS
10
0.7741134645669291
20
0.78759531496063
11
0.7747549606299212
21
0.7866353149606299
0
LINE
8
BLACK
6
CONTINUOUS
10
0.7747549606299212
20
0.7866353149606299
11
0.7749333070866141
21
0.7857385433070866
0
LINE
8
BLACK
6
CONTINUOUS
10
0.7749333070866141
20
0.7857385433070866
11
0.7751354330708661
21
0.7852808661417323
0
LINE
8
BLACK
6
CONTINUOUS
10
0.7751354330708661
20
0.7852808661417323
11
0.7752908267716535
21
0.7839411417322835
0
LINE
8
BLACK
6
CONTINUOUS
10
0.7752908267716535
20
0.7839411417322835
11
0.7753543307086614
21
0.7836220472440945
0
LINE
8
BLACK
6
CONTINUOUS
10
0.7753543307086614
20
0.7836220472440945
11
0.7753543307086614
21
0.7363779527559055
0
LINE
8
BLACK
6
CONTINUOUS
10
0.7753543307086614
20
0.7363779527559055
11
0.7752908267716535
21
0.7360588188976378
0
LINE
8
BLACK
6
CONTINUOUS
10
0.7752908267716535
20
0.7360588188976378
11
0.7751354330708661
21
0.734719094488189
0
LINE
8
BLACK
6
CONTINUOUS
10
0.7751354330708661
20
0.734719094488189
11
0.7749333070866141
21
0.7342613385826772
0
LINE
8
BLACK
6
CONTINUOUS
10
0.7749333070866141
20
0.7342613385826772
11
0.7747549606299212
21
0.73336468503937
0
LINE
8
BLACK
6
CONTINUOUS
10
0.7747549606299212
20
0.73336468503937
11
0.7741135039370078
21
0.7324047244094488
0
LINE
8
BLACK
6
CONTINUOUS
10
0.7741135039370078
20
0.7324047244094488
11
0.7739200787401574
21
0.7319666141732283
0
LINE
8
BLACK
6
CONTINUOUS
10
0.7739200787401574
20
0.7319666141732283
11
0.7736207874015748
21
0.7316673228346456
0
LINE
8
BLACK
6
CONTINUOUS
10
0.7736207874015748
20
0.7316673228346456
11
0.7730480708661417
21
0.7308101968503937
0
LINE
8
BLACK
6
CONTINUOUS
10
0.7730480708661417
20
0.7308101968503937
11
0.772190905511811
21
0.7302374409448819
0
LINE
8
BLACK
6
CONTINUOUS
10
0.772190905511811
20
0.7302374409448819
11
0.7718916141732284
21
0.7299381496062992
0
LINE
8
BLACK
6
CONTINUOUS
10
0.7718916141732284
20
0.7299381496062992
11
0.7714534251968503
21
0.7297446456692913
0
LINE
8
BLACK
6
CONTINUOUS
10
0.7714534251968503
20
0.7297446456692913
11
0.7704935826771654
21
0.7291033070866142
0
LINE
8
BLACK
6
CONTINUOUS
10
0.7704935826771654
20
0.7291033070866142
11
0.7695970078740157
21
0.7289249606299213
0
LINE
8
BLACK
6
CONTINUOUS
10
0.7695970078740157
20
0.7289249606299213
11
0.7691391338582677
21
0.7287227952755906
0
LINE
8
BLACK
6
CONTINUOUS
10
0.7691391338582677
20
0.7287227952755906
11
0.767798937007874
21
0.7285672834645669
0
LINE
8
BLACK
6
CONTINUOUS
10
0.767798937007874
20
0.7285672834645669
11
0.7674803149606299
21
0.728503937007874
0
LINE
8
BLACK
6
CONTINUOUS
10
0.7674803149606299
20
0.728503937007874
11
0.7672526377952755
21
0.728503937007874
0
LINE
8
BLACK
6
CONTINUOUS
10
0.7672526377952755
20
0.728503937007874
11
0.7125899212598426
21
0.728503937007874
0
LINE
8
BLACK
6
CONTINUOUS
10
0.7125899212598426
20
0.728503937007874
11
0.7123622047244095
21
0.728503937007874
0
LINE
8
BLACK
6
CONTINUOUS
10
0.7123622047244095
20
0.728503937007874
11
0.7120435433070866
21
0.7285672834645669
0
LINE
8
BLACK
6
CONTINUOUS
10
0.7120435433070866
20
0.7285672834645669
11
0.7107033464566929
21
0.7287227952755906
0
LINE
8
BLACK
6
CONTINUOUS
10
0.7107033464566929
20
0.7287227952755906
11
0.7102454330708661
21
0.7289249606299213
0
LINE
8
BLACK
6
CONTINUOUS
10
0.7102454330708661
20
0.7289249606299213
11
0.709348937007874
21
0.7291033070866142
0
LINE
8
BLACK
6
CONTINUOUS
10
0.709348937007874
20
0.7291033070866142
11
0.7083891338582677
21
0.7297446062992126
0
LINE
8
BLACK
6
CONTINUOUS
10
0.7083891338582677
20
0.7297446062992126
11
0.7079508661417323
21
0.7299381496062992
0
LINE
8
BLACK
6
CONTINUOUS
10
0.7079508661417323
20
0.7299381496062992
11
0.7076514566929134
21
0.7302375196850394
0
LINE
8
BLACK
6
CONTINUOUS
10
0.7076514566929134
20
0.7302375196850394
11
0.7067944488188976
21
0.7308101968503937
0
LINE
8
BLACK
6
CONTINUOUS
10
0.7067944488188976
20
0.7308101968503937
11
0.7062217716535433
21
0.7316672047244094
0
LINE
8
BLACK
6
CONTINUOUS
10
0.7062217716535433
20
0.7316672047244094
11
0.7059224015748031
21
0.7319666141732283
0
LINE
8
BLACK
6
CONTINUOUS
10
0.7059224015748031
20
0.7319666141732283
11
0.7057288582677165
21
0.7324048818897637
0
LINE
8
BLACK
6
CONTINUOUS
10
0.7057288582677165
20
0.7324048818897637
11
0.7050875590551181
21
0.73336468503937
0
LINE
8
BLACK
6
CONTINUOUS
10
0.7050875590551181
20
0.73336468503937
11
0.7049092125984252
21
0.7342611811023622
0
LINE
8
BLACK
6
CONTINUOUS
10
0.7049092125984252
20
0.7342611811023622
11
0.7047070472440945
21
0.734719094488189
0
LINE
8
BLACK
6
CONTINUOUS
10
0.7047070472440945
20
0.734719094488189
11
0.7045515354330708
21
0.7360593700787401
0
LINE
8
BLACK
6
CONTINUOUS
10
0.7045515354330708
20
0.7360593700787401
11
0.7044881889763779
21
0.7363779527559055
0
LINE
8
BLACK
6
CONTINUOUS
10
0.7044881889763779
20
0.7363779527559055
11
0.7044881889763779
21
0.7836220472440945
0
LINE
8
BLACK
6
CONTINUOUS
10
0.7044881889763779
20
0.7836220472440945
11
0.7045515748031496
21
0.783940748031496
0
LINE
8
BLACK
6
CONTINUOUS
10
0.7045515748031496
20
0.783940748031496
11
0.7047070472440945
21
0.7852808661417323
0
LINE
8
BLACK
6
CONTINUOUS
10
0.7047070472440945
20
0.7852808661417323
11
0.7049092125984252
21
0.7857387401574802
0
LINE
8
BLACK
6
CONTINUOUS
10
0.7049092125984252
20
0.7857387401574802
11
0.7050875590551181
21
0.7866353149606299
0
LINE
8
BLACK
6
CONTINUOUS
10
0.7050875590551181
20
0.7866353149606299
11
0.7057288976377952
21
0.7875951574803149
0
LINE
8
BLACK
6
CONTINUOUS
10
0.7057288976377952
20
0.7875951574803149
11
0.7059224015748031
21
0.7880333464566929
0
LINE
8
BLACK
6
CONTINUOUS
10
0.7059224015748031
20
0.7880333464566929
11
0.7062216929133858
21
0.7883326377952756
0
LINE
8
BLACK
6
CONTINUOUS
10
0.7062216929133858
20
0.7883326377952756
11
0.7067944488188976
21
0.7891898031496063
0
LINE
8
BLACK
6
CONTINUOUS
10
0.7067944488188976
20
0.7891898031496063
11
0.7076515748031496
21
0.7897625196850393
0
LINE
8
BLACK
6
CONTINUOUS
10
0.7076515748031496
20
0.7897625196850393
11
0.7079508661417323
21
0.7900618110236221
0
LINE
8
BLACK
6
CONTINUOUS
10
0.7079508661417323
20
0.7900618110236221
11
0.7083889763779527
21
0.7902552362204724
0
LINE
8
BLACK
6
CONTINUOUS
10
0.7083889763779527
20
0.7902552362204724
11
0.709348937007874
21
0.7908966929133858
0
LINE
8
BLACK
6
CONTINUOUS
10
0.709348937007874
20
0.7908966929133858
11
0.7102455905511811
21
0.7910750393700787
0
LINE
8
BLACK
6
CONTINUOUS
10
0.7102455905511811
20
0.7910750393700787
11
0.7107033464566929
21
0.7912771653543307
0
LINE
8
BLACK
6
CONTINUOUS
10
0.7107033464566929
20
0.7912771653543307
11
0.7120431496062992
21
0.7914325984251969
0
LINE
8
BLACK
6
CONTINUOUS
10
0.7120431496062992
20
0.7914325984251969
11
0.7123622047244095
21
0.7914960629921259
0
LINE
8
BLACK
6
CONTINUOUS
10
0.7123622047244095
20
0.7914960629921259
11
0.7674803149606299
21
0.7914960629921259
0
LINE
8
BLACK
6
CONTINUOUS
10
0.7674803149606299
20
0.7914960629921259
11
0.7677994881889764
21
0.7914325590551181
0
LINE
8
BLACK
6
CONTINUOUS
10
1.0877994881889763
20
0.7914325590551181
11
1.0891391338582677
21
0.7912771653543307
0
LINE
8
BLACK
6
CONTINUOUS
10
1.0891391338582677
20
0.7912771653543307
11
1.089596811023622
21
0.7910750393700787
0
LINE
8
BLACK
6
CONTINUOUS
10
1.089596811023622
20
0.7910750393700787
11
1.0904935826771653
21
0.7908966929133858
0
LINE
8
BLACK
6
CONTINUOUS
10
1.0904935826771653
20
0.7908966929133858
11
1.0914535826771654
21
0.7902551968503937
0
LINE
8
BLACK
6
CONTINUOUS
10
1.0914535826771654
20
0.7902551968503937
11
1.0918916141732282
21
0.7900618110236221
0
LINE
8
BLACK
6
CONTINUOUS
10
1.0918916141732282
20
0.7900618110236221
11
1.0921907874015748
21
0.7897625984251968
0
LINE
8
BLACK
6
CONTINUOUS
10
1.0921907874015748
20
0.7897625984251968
11
1.0930480708661416
21
0.7891898031496063
0
LINE
8
BLACK
6
CONTINUOUS
10
1.0930480708661416
20
0.7891898031496063
11
1.0936208661417322
21
0.7883325196850394
0
LINE
8
BLACK
6
CONTINUOUS
10
1.0936208661417322
20
0.7883325196850394
11
1.0939200787401575
21
0.7880333464566929
0
LINE
8
BLACK
6
CONTINUOUS
10
1.0939200787401575
20
0.7880333464566929
11
1.094113464566929
21
0.78759531496063
0
LINE
8
BLACK
6
CONTINUOUS
10
1.094113464566929
20
0.78759531496063
11
1.0947549606299212
21
0.7866353149606299
0
LINE
8
BLACK
6
CONTINUOUS
10
1.0947549606299212
20
0.7866353149606299
11
1.0949333070866141
21
0.7857385433070866
0
LINE
8
BLACK
6
CONTINUOUS
10
1.0949333070866141
20
0.7857385433070866
11
1.095135433070866
21
0.7852808661417323
0
LINE
8
BLACK
6
CONTINUOUS
10
1.095135433070866
20
0.7852808661417323
11
1.0952908267716535
21
0.7839411417322835
0
LINE
8
BLACK
6
CONTINUOUS
10
1.0952908267716535
20
0.7839411417322835
11
1.0953543307086613
21
0.7836220472440945
0
LINE
8
BLACK
6
CONTINUOUS
10
1.0953543307086613
20
0.7836220472440945
11
1.0953543307086613
21
0.7363779527559055
0
LINE
8
BLACK
6
CONTINUOUS
10
1.0953543307086613
20
0.7363779527559055
11
1.0952908267716535
21
0.7360588188976378
0
LINE
8
BLACK
6
CONTINUOUS
10
1.0952908267716535
20
0.7360588188976378
11
1.095135433070866
21
0.734719094488189
0
LINE
8
BLACK
6
CONTINUOUS
10
1.095135433070866
20
0.734719094488189
11
1.0949333070866141
21
0.7342613385826772
0
LINE
8
BLACK
6
CONTINUOUS
10
1.0949333070866141
20
0.7342613385826772
11
1.0947549606299212
21
0.73336468503937
0
LINE
8
BLACK
6
CONTINUOUS
10
1.0947549606299212
20
0.73336468503937
11
1.0941135039370078
21
0.7324047244094488
0
LINE
8
BLACK
6
CONTINUOUS
10
1.0941135039370078
20
0.7324047244094488
11
1.0939200787401575
21
0.7319666141732283
0
LINE
8
BLACK
6
CONTINUOUS
10
1.0939200787401575
20
0.7319666141732283
11
1.0936207874015749
21
0.7316673228346456
0
LINE
8
BLACK
6
CONTINUOUS
10
1.0936207874015749
20
0.7316673228346456
11
1.0930480708661416
21
0.7308101968503937
0
LINE
8
BLACK
6
CONTINUOUS
10
1.0930480708661416
20
0.7308101968503937
11
1.0921909055118111
21
0.7302374409448819
0
LINE
8
BLACK
6
CONTINUOUS
10
1.0921909055118111
20
0.7302374409448819
11
1.0918916141732282
21
0.7299381496062992
0
LINE
8
BLACK
6
CONTINUOUS
10
1.0918916141732282
20
0.7299381496062992
11
1.0914534251968504
21
0.7297446456692913
0
LINE
8
BLACK
6
CONTINUOUS
10
1.0914534251968504
20
0.7297446456692913
11
1.0904935826771653
21
0.7291033070866142
0
LINE
8
BLACK
6
CONTINUOUS
10
1.0904935826771653
20
0.7291033070866142
11
1.0895970078740158
21
0.7289249606299213
0
LINE
8
BLACK
6
CONTINUOUS
10
1.0895970078740158
20
0.7289249606299213
11
1.0891391338582677
21
0.7287227952755906
0
LINE
8
BLACK
6
CONTINUOUS
10
1.0891391338582677
20
0.7287227952755906
11
1.087798937007874
21
0.7285672834645669
0
LINE
8
BLACK
6
CONTINUOUS
10
1.087798937007874
20
0.7285672834645669
11
1.0874803149606298
21
0.728503937007874
0
LINE
8
BLACK
6
CONTINUOUS
10
1.0874803149606298
20
0.728503937007874
11
1.0872526377952756
21
0.728503937007874
0
LINE
8
BLACK
6
CONTINUOUS
10
1.0872526377952756
20
0.728503937007874
11
1.0325899212598424
21
0.728503937007874
0
LINE
8
BLACK
6
CONTINUOUS
10
1.0325899212598424
20
0.728503937007874
11
1.0323622047244094
21
0.728503937007874
0
LINE
8
BLACK
6
CONTINUOUS
10
1.0323622047244094
20
0.728503937007874
11
1.0320435433070867
21
0.7285672834645669
0
LINE
8
BLACK
6
CONTINUOUS
10
1.0320435433070867
20
0.7285672834645669
11
1.0307033464566928
21
0.7287227952755906
0
LINE
8
BLACK
6
CONTINUOUS
10
1.0307033464566928
20
0.7287227952755906
11
1.0302454330708661
21
0.7289249606299213
0
LINE
8
BLACK
6
CONTINUOUS
10
1.0302454330708661
20
0.7289249606299213
11
1.0293489370078739
21
0.7291033070866142
0
LINE
8
BLACK
6
CONTINUOUS
10
1.0293489370078739
20
0.7291033070866142
11
1.0283891338582678
21
0.7297446062992126
0
LINE
8
BLACK
6
CONTINUOUS
10
1.0283891338582678
20
0.7297446062992126
11
1.0279508661417323
21
0.7299381496062992
0
LINE
8
BLACK
6
CONTINUOUS
10
1.0279508661417323
20
0.7299381496062992
11
1.0276514566929134
21
0.7302375196850394
0
LINE
8
BLACK
6
CONTINUOUS
10
1.0276514566929134
20
0.7302375196850394
11
1.0267944488188976
21
0.7308101968503937
0
LINE
8
BLACK
6
CONTINUOUS
10
1.0267944488188976
20
0.7308101968503937
11
1.0262217716535433
21
0.7316672047244094
0
LINE
8
BLACK
6
CONTINUOUS
10
1.0262217716535433
20
0.7316672047244094
11
1.0259224015748032
21
0.7319666141732283
0
LINE
8
BLACK
6
CONTINUOUS
10
1.0259224015748032
20
0.7319666141732283
11
1.0257288582677164
21
0.7324048818897637
0
LINE
8
BLACK
6
CONTINUOUS
10
1.0257288582677164
20
0.7324048818897637
11
1.0250875590551181
21
0.73336468503937
0
LINE
8
BLACK
6
CONTINUOUS
10
1.0250875590551181
20
0.73336468503937
11
1.0249092125984252
21
0.7342611811023622
0
LINE
8
BLACK
6
CONTINUOUS
10
1.0249092125984252
20
0.7342611811023622
11
1.0247070472440944
21
0.734719094488189
0
LINE
8
BLACK
6
CONTINUOUS
10
1.0247070472440944
20
0.734719094488189
11
1.0245515354330708
21
0.7360593700787401
0
LINE
8
BLACK
6
CONTINUOUS
10
1.0245515354330708
20
0.7360593700787401
11
1.0244881889763779
21
0.7363779527559055
0
LINE
8
BLACK
6
CONTINUOUS
10
1.0244881889763779
20
0.7363779527559055
11
1.0244881889763779
21
0.7836220472440945
0
LINE
8
BLACK
6
CONTINUOUS
10
1.0244881889763779
20
0.7836220472440945
11
1.0245515748031495
21
0.783940748031496
0
LINE
8
BLACK
6
CONTINUOUS
10
1.0245515748031495
20
0.783940748031496
11
1.0247070472440944
21
0.7852808661417323
0
LINE
8
BLACK
6
CONTINUOUS
10
1.0247070472440944
20
0.7852808661417323
11
1.0249092125984252
21
0.7857387401574802
0
LINE
8
BLACK
6
CONTINUOUS
10
1.0249092125984252
20
0.7857387401574802
11
1.0250875590551181
21
0.7866353149606299
0
LINE
8
BLACK
6
CONTINUOUS
10
1.0250875590551181
20
0.7866353149606299
11
1.0257288976377952
21
0.7875951574803149
0
LINE
8
BLACK
6
CONTINUOUS
10
1.0257288976377952
20
0.7875951574803149
11
1.0259224015748032
21
0.7880333464566929
0
LINE
8
BLACK
6
CONTINUOUS
10
1.0259224015748032
20
0.7880333464566929
11
1.0262216929133858
21
0.7883326377952756
0
LINE
8
BLACK
6
CONTINUOUS
10
1.0262216929133858
20
0.7883326377952756
11
1.0267944488188976
21
0.7891898031496063
0
LINE
8
BLACK
6
CONTINUOUS
10
1.0267944488188976
20
0.7891898031496063
11
1.0276515748031496
21
0.7897625196850393
0
LINE
8
BLACK
6
CONTINUOUS
10
1.0276515748031496
20
0.7897625196850393
11
1.0279508661417323
21
0.7900618110236221
0
LINE
8
BLACK
6
CONTINUOUS
10
1.0279508661417323
20
0.7900618110236221
11
1.0283889763779528
21
0.7902552362204724
0
LINE
8
BLACK
6
CONTINUOUS
10
1.0283889763779528
20
0.7902552362204724
11
1.0293489370078739
21
0.7908966929133858
0
LINE
8
BLACK
6
CONTINUOUS
10
1.0293489370078739
20
0.7908966929133858
11
1.0302455905511811
21
0.7910750393700787
0
LINE
8
BLACK
6
CONTINUOUS
10
1.0302455905511811
20
0.7910750393700787
11
1.0307033464566928
21
0.7912771653543307
0
LINE
8
BLACK
6
CONTINUOUS
10
1.0307033464566928
20
0.7912771653543307
11
1.0320431496062992
21
0.7914325984251969
0
LINE
8
BLACK
6
CONTINUOUS
10
1.0320431496062992
20
0.7914325984251969
11
1.0323622047244094
21
0.7914960629921259
0
LINE
8
BLACK
6
CONTINUOUS
10
1.0323622047244094
20
0.7914960629921259
11
1.0874803149606298
21
0.7914960629921259
0
LINE
8
BLACK
6
CONTINUOUS
10
1.0874803149606298
20
0.7914960629921259
11
1.0877994881889763
21
0.7914325590551181
0
LINE
8
BLACK
6
CONTINUOUS
10
1.4996892519685039
20
0.8354483070866141
11
1.5010288976377952
21
0.8352929133858268
0
LINE
8
BLACK
6
CONTINUOUS
10
1.5010288976377952
20
0.8352929133858268
11
1.5014865748031496
21
0.8350907874015748
0
LINE
8
BLACK
6
CONTINUOUS
10
1.5014865748031496
20
0.8350907874015748
11
1.5023833464566929
21
0.8349124409448818
0
LINE
8
BLACK
6
CONTINUOUS
10
1.5023833464566929
20
0.8349124409448818
11
1.503343346456693
21
0.8342709448818898
0
LINE
8
BLACK
6
CONTINUOUS
10
1.503343346456693
20
0.8342709448818898
11
1.5037813779527558
21
0.834077559055118
0
LINE
8
BLACK
6
CONTINUOUS
10
1.5037813779527558
20
0.834077559055118
11
1.5040805511811024
21
0.8337783464566929
0
LINE
8
BLACK
6
CONTINUOUS
10
1.5040805511811024
20
0.8337783464566929
11
1.5049378346456692
21
0.8332055511811023
0
LINE
8
BLACK
6
CONTINUOUS
10
1.5049378346456692
20
0.8332055511811023
11
1.5055106299212597
21
0.8323482677165354
0
LINE
8
BLACK
6
CONTINUOUS
10
1.5055106299212597
20
0.8323482677165354
11
1.5058098425196851
21
0.832049094488189
0
LINE
8
BLACK
6
CONTINUOUS
10
1.5058098425196851
20
0.832049094488189
11
1.5060032283464566
21
0.8316110629921259
0
LINE
8
BLACK
6
CONTINUOUS
10
1.5060032283464566
20
0.8316110629921259
11
1.5066447244094487
21
0.830651062992126
0
LINE
8
BLACK
6
CONTINUOUS
10
1.5066447244094487
20
0.830651062992126
11
1.5068230708661416
21
0.8297542913385827
0
LINE
8
BLACK
6
CONTINUOUS
10
1.5068230708661416
20
0.8297542913385827
11
1.5070251968503936
21
0.8292966141732283
0
LINE
8
BLACK
6
CONTINUOUS
10
1.5070251968503936
20
0.8292966141732283
11
1.507180590551181
21
0.8279568897637795
0
LINE
8
BLACK
6
CONTINUOUS
10
1.507180590551181
20
0.8279568897637795
11
1.5072440944881889
21
0.8276377952755906
0
LINE
8
BLACK
6
CONTINUOUS
10
1.5072440944881889
20
0.8276377952755906
11
1.5072440944881889
21
0.7725196850393701
0
LINE
8
BLACK
6
CONTINUOUS
10
1.5072440944881889
20
0.7725196850393701
11
1.507180590551181
21
0.7722005511811023
0
LINE
8
BLACK
6
CONTINUOUS
10
1.507180590551181
20
0.7722005511811023
11
1.5070251968503936
21
0.7708608267716536
0
LINE
8
BLACK
6
CONTINUOUS
10
1.5070251968503936
20
0.7708608267716536
11
1.5068230708661416
21
0.7704030708661417
0
LINE
8
BLACK
6
CONTINUOUS
10
1.5068230708661416
20
0.7704030708661417
11
1.5066447244094487
21
0.7695064173228346
0
LINE
8
BLACK
6
CONTINUOUS
10
1.5066447244094487
20
0.7695064173228346
11
1.5060032677165354
21
0.7685464566929133
0
LINE
8
BLACK
6
CONTINUOUS
10
1.5060032677165354
20
0.7685464566929133
11
1.5058098425196851
21
0.7681083464566929
0
LINE
8
BLACK
6
CONTINUOUS
10
1.5058098425196851
20
0.7681083464566929
11
1.5055105511811022
21
0.7678090551181103
0
LINE
8
BLACK
6
CONTINUOUS
10
1.5055105511811022
20
0.7678090551181103
11
1.5049378346456692
21
0.7669519291338582
0
LINE
8
BLACK
6
CONTINUOUS
10
1.5049378346456692
20
0.7669519291338582
11
1.5040806692913387
21
0.7663791732283465
0
LINE
8
BLACK
6
CONTINUOUS
10
1.5040806692913387
20
0.7663791732283465
11
1.5037813779527558
21
0.7660798818897637
0
LINE
8
BLACK
6
CONTINUOUS
10
1.5037813779527558
20
0.7660798818897637
11
1.503343188976378
21
0.7658863779527559
0
LINE
8
BLACK
6
CONTINUOUS
10
1.503343188976378
20
0.7658863779527559
11
1.5023833464566929
21
0.7652450393700787
0
LINE
8
BLACK
6
CONTINUOUS
10
1.5023833464566929
20
0.7652450393700787
11
1.5014867716535434
21
0.7650666929133858
0
LINE
8
BLACK
6
CONTINUOUS
10
1.5014867716535434
20
0.7650666929133858
11
1.5010288976377952
21
0.7648645275590551
0
LINE
8
BLACK
6
CONTINUOUS
10
1.5010288976377952
20
0.7648645275590551
11
1.4996887007874016
21
0.7647090157480315
0
LINE
8
BLACK
6
CONTINUOUS
10
1.4996887007874016
20
0.7647090157480315
11
1.4993700787401574
21
0.7646456692913386
0
LINE
8
BLACK
6
CONTINUOUS
10
1.4993700787401574
20
0.7646456692913386
11
1.4991424015748032
21
0.7646456692913386
0
LINE
8
BLACK
6
CONTINUOUS
10
1.4991424015748032
20
0.7646456692913386
11
1.4208576377952755
21
0.7646456692913386
0
LINE
8
BLACK
6
CONTINUOUS
10
1.4208576377952755
20
0.7646456692913386
11
1.4206299212598426
21
0.7646456692913386
0
LINE
8
BLACK
6
CONTINUOUS
10
1.4206299212598426
20
0.7646456692913386
11
1.4203112598425196
21
0.7647090157480315
0
LINE
8
BLACK
6
CONTINUOUS
10
1.4203112598425196
20
0.7647090157480315
11
1.4189710629921259
21
0.7648645275590551
0
LINE
8
BLACK
6
CONTINUOUS
10
1.4189710629921259
20
0.7648645275590551
11
1.4185131496062993
21
0.7650666929133858
0
LINE
8
BLACK
6
CONTINUOUS
10
1.4185131496062993
20
0.7650666929133858
11
1.417616653543307
21
0.7652450393700787
0
LINE
8
BLACK
6
CONTINUOUS
10
1.417616653543307
20
0.7652450393700787
11
1.4166568503937007
21
0.7658863385826772
0
LINE
8
BLACK
6
CONTINUOUS
10
1.4166568503937007
20
0.7658863385826772
11
1.4162185826771654
21
0.7660798818897637
0
LINE
8
BLACK
6
CONTINUOUS
10
1.4162185826771654
20
0.7660798818897637
11
1.4159191732283465
21
0.7663792519685039
0
LINE
8
BLACK
6
CONTINUOUS
10
1.4159191732283465
20
0.7663792519685039
11
1.4150621653543307
21
0.7669519291338582
0
LINE
8
BLACK
6
CONTINUOUS
10
1.4150621653543307
20
0.7669519291338582
11
1.4144894881889762
21
0.767808937007874
0
LINE
8
BLACK
6
CONTINUOUS
10
1.4144894881889762
20
0.767808937007874
11
1.4141901181102361
21
0.7681083464566929
0
LINE
8
BLACK
6
CONTINUOUS
10
1.4141901181102361
20
0.7681083464566929
11
1.4139965748031496
21
0.7685466141732283
0
LINE
8
BLACK
6
CONTINUOUS
10
1.4139965748031496
20
0.7685466141732283
11
1.4133552755905512
21
0.7695064173228346
0
LINE
8
BLACK
6
CONTINUOUS
10
1.4133552755905512
20
0.7695064173228346
11
1.4131769291338583
21
0.7704029133858268
0
LINE
8
BLACK
6
CONTINUOUS
10
1.4131769291338583
20
0.7704029133858268
11
1.4129747637795276
21
0.7708608267716536
0
LINE
8
BLACK
6
CONTINUOUS
10
1.4129747637795276
20
0.7708608267716536
11
1.4128192519685039
21
0.7722011023622047
0
LINE
8
BLACK
6
CONTINUOUS
10
1.4128192519685039
20
0.7722011023622047
11
1.4127559055118111
21
0.7725196850393701
0
LINE
8
BLACK
6
CONTINUOUS
10
1.4127559055118111
20
0.7725196850393701
11
1.4127559055118111
21
0.8276377952755906
0
LINE
8
BLACK
6
CONTINUOUS
10
1.4127559055118111
20
0.8276377952755906
11
1.4128192913385826
21
0.8279564960629922
0
LINE
8
BLACK
6
CONTINUOUS
10
1.4128192913385826
20
0.8279564960629922
11
1.4129747637795276
21
0.8292966141732283
0
LINE
8
BLACK
6
CONTINUOUS
10
1.4129747637795276
20
0.8292966141732283
11
1.4131769291338583
21
0.8297544881889763
0
LINE
8
BLACK
6
CONTINUOUS
10
1.4131769291338583
20
0.8297544881889763
11
1.4133552755905512
21
0.830651062992126
0
LINE
8
BLACK
6
CONTINUOUS
10
1.4133552755905512
20
0.830651062992126
11
1.4139966141732283
21
0.831610905511811
0
LINE
8
BLACK
6
CONTINUOUS
10
1.4139966141732283
20
0.831610905511811
11
1.4141901181102361
21
0.832049094488189
0
LINE
8
BLACK
6
CONTINUOUS
10
1.4141901181102361
20
0.832049094488189
11
1.414489409448819
21
0.8323483858267716
0
LINE
8
BLACK
6
CONTINUOUS
10
1.414489409448819
20
0.8323483858267716
11
1.4150621653543307
21
0.8332055511811023
0
LINE
8
BLACK
6
CONTINUOUS
10
1.4150621653543307
20
0.8332055511811023
11
1.4159192913385827
21
0.8337782677165354
0
LINE
8
BLACK
6
CONTINUOUS
10
1.4159192913385827
20
0.8337782677165354
11
1.4162185826771654
21
0.834077559055118
0
LINE
8
BLACK
6
CONTINUOUS
10
1.4162185826771654
20
0.834077559055118
11
1.4166566929133857
21
0.8342709842519684
0
LINE
8
BLACK
6
CONTINUOUS
10
1.4166566929133857
20
0.8342709842519684
11
1.417616653543307
21
0.8349124409448818
0
LINE
8
BLACK
6
CONTINUOUS
10
1.417616653543307
20
0.8349124409448818
11
1.4185133070866141
21
0.8350907874015748
0
LINE
8
BLACK
6
CONTINUOUS
10
1.4185133070866141
20
0.8350907874015748
11
1.4189710629921259
21
0.8352929133858268
0
LINE
8
BLACK
6
CONTINUOUS
10
1.4189710629921259
20
0.8352929133858268
11
1.4203108661417323
21
0.8354483464566929
0
LINE
8
BLACK
6
CONTINUOUS
10
1.4203108661417323
20
0.8354483464566929
11
1.4206299212598426
21
0.835511811023622
0
LINE
8
BLACK
6
CONTINUOUS
10
1.4206299212598426
20
0.835511811023622
11
1.4993700787401574
21
0.835511811023622
0
LINE
8
BLACK
6
CONTINUOUS
10
1.4993700787401574
20
0.835511811023622
11
1.4996892519685039
21
0.8354483070866141
0
LINE
8
BLACK
6
CONTINUOUS
10
1.4839412204724409
20
0.9552908267716536
11
1.4852808661417323
21
0.9551354330708661
0
LINE
8
BLACK
6
CONTINUOUS
10
1.4852808661417323
20
0.9551354330708661
11
1.4857385433070867
21
0.9549333070866142
0
LINE
8
BLACK
6
CONTINUOUS
10
1.4857385433070867
20
0.9549333070866142
11
1.4866353149606299
21
0.9547549606299213
0
LINE
8
BLACK
6
CONTINUOUS
10
1.4866353149606299
20
0.9547549606299213
11
1.4875953149606298
21
0.9541134645669291
0
LINE
8
BLACK
6
CONTINUOUS
10
1.4875953149606298
20
0.9541134645669291
11
1.4880333464566928
21
0.9539200787401575
0
LINE
8
BLACK
6
CONTINUOUS
10
1.4880333464566928
20
0.9539200787401575
11
1.4883325196850394
21
0.9536208661417322
0
LINE
8
BLACK
6
CONTINUOUS
10
1.4883325196850394
20
0.9536208661417322
11
1.4891898031496063
21
0.9530480708661417
0
LINE
8
BLACK
6
CONTINUOUS
10
1.4891898031496063
20
0.9530480708661417
11
1.4897625984251968
21
0.9521907874015748
0
LINE
8
BLACK
6
CONTINUOUS
10
1.4897625984251968
20
0.9521907874015748
11
1.4900618110236221
21
0.9518916141732283
0
LINE
8
BLACK
6
CONTINUOUS
10
1.4900618110236221
20
0.9518916141732283
11
1.4902551968503936
21
0.9514535826771653
0
LINE
8
BLACK
6
CONTINUOUS
10
1.4902551968503936
20
0.9514535826771653
11
1.4908966929133858
21
0.9504935826771653
0
LINE
8
BLACK
6
CONTINUOUS
10
1.4908966929133858
20
0.9504935826771653
11
1.4910750393700787
21
0.949596811023622
0
LINE
8
BLACK
6
CONTINUOUS
10
1.4910750393700787
20
0.949596811023622
11
1.4912771653543306
21
0.9491391338582676
0
LINE
8
BLACK
6
CONTINUOUS
10
1.4912771653543306
20
0.9491391338582676
11
1.4914325590551181
21
0.9477994094488189
0
LINE
8
BLACK
6
CONTINUOUS
10
1.4914325590551181
20
0.9477994094488189
11
1.4914960629921259
21
0.9474803149606299
0
LINE
8
BLACK
6
CONTINUOUS
10
1.4914960629921259
20
0.9474803149606299
11
1.4914960629921259
21
0.8923622047244094
0
LINE
8
BLACK
6
CONTINUOUS
10
1.4914960629921259
20
0.8923622047244094
11
1.4914325590551181
21
0.8920430708661418
0
LINE
8
BLACK
6
CONTINUOUS
10
1.4914325590551181
20
0.8920430708661418
11
1.4912771653543306
21
0.8907033464566929
0
LINE
8
BLACK
6
CONTINUOUS
10
1.4912771653543306
20
0.8907033464566929
11
1.4910750393700787
21
0.8902455905511811
0
LINE
8
BLACK
6
CONTINUOUS
10
1.4910750393700787
20
0.8902455905511811
11
1.4908966929133858
21
0.889348937007874
0
LINE
8
BLACK
6
CONTINUOUS
10
1.4908966929133858
20
0.889348937007874
11
1.4902552362204724
21
0.8883889763779528
0
LINE
8
BLACK
6
CONTINUOUS
10
1.4902552362204724
20
0.8883889763779528
11
1.4900618110236221
21
0.8879508661417322
0
LINE
8
BLACK
6
CONTINUOUS
10
1.4900618110236221
20
0.8879508661417322
11
1.4897625196850393
21
0.8876515748031496
0
LINE
8
BLACK
6
CONTINUOUS
10
1.4897625196850393
20
0.8876515748031496
11
1.4891898031496063
21
0.8867944488188976
0
LINE
8
BLACK
6
CONTINUOUS
10
1.4891898031496063
20
0.8867944488188976
11
1.4883326377952755
21
0.8862216929133858
0
LINE
8
BLACK
6
CONTINUOUS
10
1.4883326377952755
20
0.8862216929133858
11
1.4880333464566928
21
0.8859224015748032
0
LINE
8
BLACK
6
CONTINUOUS
10
1.4880333464566928
20
0.8859224015748032
11
1.487595157480315
21
0.8857288976377953
0
LINE
8
BLACK
6
CONTINUOUS
10
1.487595157480315
20
0.8857288976377953
11
1.4866353149606299
21
0.885087559055118
0
LINE
8
BLACK
6
CONTINUOUS
10
1.4866353149606299
20
0.885087559055118
11
1.4857387401574802
21
0.8849092125984251
0
LINE
8
BLACK
6
CONTINUOUS
10
1.4857387401574802
20
0.8849092125984251
11
1.4852808661417323
21
0.8847070472440944
0
LINE
8
BLACK
6
CONTINUOUS
10
1.4852808661417323
20
0.8847070472440944
11
1.4839406692913386
21
0.8845515354330709
0
LINE
8
BLACK
6
CONTINUOUS
10
1.4839406692913386
20
0.8845515354330709
11
1.4836220472440944
21
0.8844881889763779
0
LINE
8
BLACK
6
CONTINUOUS
10
1.4836220472440944
20
0.8844881889763779
11
1.4833943700787402
21
0.8844881889763779
0
LINE
8
BLACK
6
CONTINUOUS
10
1.4833943700787402
20
0.8844881889763779
11
1.4366056692913385
21
0.8844881889763779
0
LINE
8
BLACK
6
CONTINUOUS
10
1.4366056692913385
20
0.8844881889763779
11
1.4363779527559055
21
0.8844881889763779
0
LINE
8
BLACK
6
CONTINUOUS
10
1.4363779527559055
20
0.8844881889763779
11
1.4360592913385826
21
0.8845515354330709
0
LINE
8
BLACK
6
CONTINUOUS
10
1.4360592913385826
20
0.8845515354330709
11
1.4347190944881889
21
0.8847070472440944
0
LINE
8
BLACK
6
CONTINUOUS
10
1.4347190944881889
20
0.8847070472440944
11
1.4342611811023622
21
0.8849092125984251
0
LINE
8
BLACK
6
CONTINUOUS
10
1.4342611811023622
20
0.8849092125984251
11
1.43336468503937
21
0.885087559055118
0
LINE
8
BLACK
6
CONTINUOUS
10
1.43336468503937
20
0.885087559055118
11
1.4324048818897637
21
0.8857288582677165
0
LINE
8
BLACK
6
CONTINUOUS
10
1.4324048818897637
20
0.8857288582677165
11
1.4319666141732283
21
0.8859224015748032
0
LINE
8
BLACK
6
CONTINUOUS
10
1.4319666141732283
20
0.8859224015748032
11
1.4316672047244094
21
0.8862217716535433
0
LINE
8
BLACK
6
CONTINUOUS
10
1.4316672047244094
20
0.8862217716535433
11
1.4308101968503937
21
0.8867944488188976
0
LINE
8
BLACK
6
CONTINUOUS
10
1.4308101968503937
20
0.8867944488188976
11
1.4302375196850394
21
0.8876514566929133
0
LINE
8
BLACK
6
CONTINUOUS
10
1.4302375196850394
20
0.8876514566929133
11
1.4299381496062993
21
0.8879508661417322
0
LINE
8
BLACK
6
CONTINUOUS
10
1.4299381496062993
20
0.8879508661417322
11
1.4297446062992125
21
0.8883891338582677
0
LINE
8
BLACK
6
CONTINUOUS
10
1.4297446062992125
20
0.8883891338582677
11
1.4291033070866141
21
0.889348937007874
0
LINE
8
BLACK
6
CONTINUOUS
10
1.4291033070866141
20
0.889348937007874
11
1.4289249606299212
21
0.8902454330708661
0
LINE
8
BLACK
6
CONTINUOUS
10
1.4289249606299212
20
0.8902454330708661
11
1.4287227952755905
21
0.8907033464566929
0
LINE
8
BLACK
6
CONTINUOUS
10
1.4287227952755905
20
0.8907033464566929
11
1.4285672834645669
21
0.8920436220472441
0
LINE
8
BLACK
6
CONTINUOUS
10
1.4285672834645669
20
0.8920436220472441
11
1.428503937007874
21
0.8923622047244094
0
LINE
8
BLACK
6
CONTINUOUS
10
1.428503937007874
20
0.8923622047244094
11
1.428503937007874
21
0.9474803149606299
0
LINE
8
BLACK
6
CONTINUOUS
10
1.428503937007874
20
0.9474803149606299
11
1.4285673228346456
21
0.9477990157480315
0
LINE
8
BLACK
6
CONTINUOUS
10
1.4285673228346456
20
0.9477990157480315
11
1.4287227952755905
21
0.9491391338582676
0
LINE
8
BLACK
6
CONTINUOUS
10
1.4287227952755905
20
0.9491391338582676
11
1.4289249606299212
21
0.9495970078740157
0
LINE
8
BLACK
6
CONTINUOUS
10
1.4289249606299212
20
0.9495970078740157
11
1.4291033070866141
21
0.9504935826771653
0
LINE
8
BLACK
6
CONTINUOUS
10
1.4291033070866141
20
0.9504935826771653
11
1.4297446456692913
21
0.9514534251968504
0
LINE
8
BLACK
6
CONTINUOUS
10
1.4297446456692913
20
0.9514534251968504
11
1.4299381496062993
21
0.9518916141732283
0
LINE
8
BLACK
6
CONTINUOUS
10
1.4299381496062993
20
0.9518916141732283
11
1.4302374409448819
21
0.952190905511811
0
LINE
8
BLACK
6
CONTINUOUS
10
1.4302374409448819
20
0.952190905511811
11
1.4308101968503937
21
0.9530480708661417
0
LINE
8
BLACK
6
CONTINUOUS
10
1.4308101968503937
20
0.9530480708661417
11
1.4316673228346457
21
0.9536207874015747
0
LINE
8
BLACK
6
CONTINUOUS
10
1.4316673228346457
20
0.9536207874015747
11
1.4319666141732283
21
0.9539200787401575
0
LINE
8
BLACK
6
CONTINUOUS
10
1.4319666141732283
20
0.9539200787401575
11
1.4324047244094489
21
0.9541135039370079
0
LINE
8
BLACK
6
CONTINUOUS
10
1.4324047244094489
20
0.9541135039370079
11
1.43336468503937
21
0.9547549606299213
0
LINE
8
BLACK
6
CONTINUOUS
10
1.43336468503937
20
0.9547549606299213
11
1.4342613385826772
21
0.9549333070866142
0
LINE
8
BLACK
6
CONTINUOUS
10
1.4342613385826772
20
0.9549333070866142
11
1.4347190944881889
21
0.9551354330708661
0
LINE
8
BLACK
6
CONTINUOUS
10
1.4347190944881889
20
0.9551354330708661
11
1.4360588976377953
21
0.9552908661417323
0
LINE
8
BLACK
6
CONTINUOUS
10
1.4360588976377953
20
0.9552908661417323
11
1.4363779527559055
21
0.9553543307086614
0
LINE
8
BLACK
6
CONTINUOUS
10
1.4363779527559055
20
0.9553543307086614
11
1.4836220472440944
21
0.9553543307086614
0
LINE
8
BLACK
6
CONTINUOUS
10
1.4836220472440944
20
0.9553543307086614
11
1.4839412204724409
21
0.9552908267716536
0
LINE
8
BLACK
6
CONTINUOUS
10
0.367956968503937
20
0.9871805905511811
11
0.3692966141732283
21
0.9870251968503937
0
LINE
8
BLACK
6
CONTINUOUS
10
0.3692966141732283
20
0.9870251968503937
11
0.3697542913385827
21
0.9868230708661417
0
LINE
8
BLACK
6
CONTINUOUS
10
0.3697542913385827
20
0.9868230708661417
11
0.370651062992126
21
0.9866447244094488
0
LINE
8
BLACK
6
CONTINUOUS
10
0.370651062992126
20
0.9866447244094488
11
0.371611062992126
21
0.9860032283464567
0
LINE
8
BLACK
6
CONTINUOUS
10
0.371611062992126
20
0.9860032283464567
11
0.372049094488189
21
0.9858098425196851
0
LINE
8
BLACK
6
CONTINUOUS
10
0.372049094488189
20
0.9858098425196851
11
0.3723482677165354
21
0.9855106299212598
0
LINE
8
BLACK
6
CONTINUOUS
10
0.3723482677165354
20
0.9855106299212598
11
0.3732055511811024
21
0.9849378346456693
0
LINE
8
BLACK
6
CONTINUOUS
10
0.3732055511811024
20
0.9849378346456693
11
0.3737783464566929
21
0.9840805511811024
0
LINE
8
BLACK
6
CONTINUOUS
10
0.3737783464566929
20
0.9840805511811024
11
0.3740775590551181
21
0.9837813779527559
0
LINE
8
BLACK
6
CONTINUOUS
10
0.3740775590551181
20
0.9837813779527559
11
0.3742709448818898
21
0.9833433464566929
0
LINE
8
BLACK
6
CONTINUOUS
10
0.3742709448818898
20
0.9833433464566929
11
0.3749124409448819
21
0.9823833464566929
0
LINE
8
BLACK
6
CONTINUOUS
10
0.3749124409448819
20
0.9823833464566929
11
0.3750907874015748
21
0.9814865748031496
0
LINE
8
BLACK
6
CONTINUOUS
10
0.3750907874015748
20
0.9814865748031496
11
0.3752929133858268
21
0.9810288976377952
0
LINE
8
BLACK
6
CONTINUOUS
10
0.3752929133858268
20
0.9810288976377952
11
0.3754483070866141
21
0.9796891732283465
0
LINE
8
BLACK
6
CONTINUOUS
10
0.3754483070866141
20
0.9796891732283465
11
0.375511811023622
21
0.9793700787401575
0
LINE
8
BLACK
6
CONTINUOUS
10
0.375511811023622
20
0.9793700787401575
11
0.375511811023622
21
0.9006299212598425
0
LINE
8
BLACK
6
CONTINUOUS
10
0.375511811023622
20
0.9006299212598425
11
0.3754483070866141
21
0.9003107874015748
0
LINE
8
BLACK
6
CONTINUOUS
10
0.3754483070866141
20
0.9003107874015748
11
0.3752929133858268
21
0.8989710629921259
0
LINE
8
BLACK
6
CONTINUOUS
10
0.3752929133858268
20
0.8989710629921259
11
0.3750907874015748
21
0.8985133070866141
0
LINE
8
BLACK
6
CONTINUOUS
10
0.3750907874015748
20
0.8985133070866141
11
0.3749124409448819
21
0.8976166535433071
0
LINE
8
BLACK
6
CONTINUOUS
10
0.3749124409448819
20
0.8976166535433071
11
0.3742709842519685
21
0.8966566929133858
0
LINE
8
BLACK
6
CONTINUOUS
10
0.3742709842519685
20
0.8966566929133858
11
0.3740775590551181
21
0.8962185826771654
0
LINE
8
BLACK
6
CONTINUOUS
10
0.3740775590551181
20
0.8962185826771654
11
0.3737782677165354
21
0.8959192913385826
0
LINE
8
BLACK
6
CONTINUOUS
10
0.3737782677165354
20
0.8959192913385826
11
0.3732055511811024
21
0.8950621653543307
0
LINE
8
BLACK
6
CONTINUOUS
10
0.3732055511811024
20
0.8950621653543307
11
0.3723483858267717
21
0.8944894094488188
0
LINE
8
BLACK
6
CONTINUOUS
10
0.3723483858267717
20
0.8944894094488188
11
0.372049094488189
21
0.8941901181102362
0
LINE
8
BLACK
6
CONTINUOUS
10
0.372049094488189
20
0.8941901181102362
11
0.371610905511811
21
0.8939966141732283
0
LINE
8
BLACK
6
CONTINUOUS
10
0.371610905511811
20
0.8939966141732283
11
0.370651062992126
21
0.8933552755905512
0
LINE
8
BLACK
6
CONTINUOUS
10
0.370651062992126
20
0.8933552755905512
11
0.3697544881889764
21
0.8931769291338583
0
LINE
8
BLACK
6
CONTINUOUS
10
0.3697544881889764
20
0.8931769291338583
11
0.3692966141732283
21
0.8929747637795276
0
LINE
8
BLACK
6
CONTINUOUS
10
0.3692966141732283
20
0.8929747637795276
11
0.3679564173228346
21
0.8928192519685039
0
LINE
8
BLACK
6
CONTINUOUS
10
0.3679564173228346
20
0.8928192519685039
11
0.3676377952755905
21
0.8927559055118111
0
LINE
8
BLACK
6
CONTINUOUS
10
0.3676377952755905
20
0.8927559055118111
11
0.3674101181102362
21
0.8927559055118111
0
LINE
8
BLACK
6
CONTINUOUS
10
0.3674101181102362
20
0.8927559055118111
11
0.3127474015748031
21
0.8927559055118111
0
LINE
8
BLACK
6
CONTINUOUS
10
0.3127474015748031
20
0.8927559055118111
11
0.3125196850393701
21
0.8927559055118111
0
LINE
8
BLACK
6
CONTINUOUS
10
0.3125196850393701
20
0.8927559055118111
11
0.3122010236220472
21
0.8928192519685039
0
LINE
8
BLACK
6
CONTINUOUS
10
0.3122010236220472
20
0.8928192519685039
11
0.3108608267716536
21
0.8929747637795276
0
LINE
8
BLACK
6
CONTINUOUS
10
0.3108608267716536
20
0.8929747637795276
11
0.3104029133858268
21
0.8931769291338583
0
LINE
8
BLACK
6
CONTINUOUS
10
0.3104029133858268
20
0.8931769291338583
11
0.3095064173228346
21
0.8933552755905512
0
LINE
8
BLACK
6
CONTINUOUS
10
0.3095064173228346
20
0.8933552755905512
11
0.3085466141732283
21
0.8939965748031495
0
LINE
8
BLACK
6
CONTINUOUS
10
0.3085466141732283
20
0.8939965748031495
11
0.3081083464566929
21
0.8941901181102362
0
LINE
8
BLACK
6
CONTINUOUS
10
0.3081083464566929
20
0.8941901181102362
11
0.307808937007874
21
0.8944894881889763
0
LINE
8
BLACK
6
CONTINUOUS
10
0.307808937007874
20
0.8944894881889763
11
0.3069519291338583
21
0.8950621653543307
0
LINE
8
BLACK
6
CONTINUOUS
10
0.3069519291338583
20
0.8950621653543307
11
0.3063792519685039
21
0.8959191732283465
0
LINE
8
BLACK
6
CONTINUOUS
10
0.3063792519685039
20
0.8959191732283465
11
0.3060798818897638
21
0.8962185826771654
0
LINE
8
BLACK
6
CONTINUOUS
10
0.3060798818897638
20
0.8962185826771654
11
0.3058863385826772
21
0.8966568503937008
0
LINE
8
BLACK
6
CONTINUOUS
10
0.3058863385826772
20
0.8966568503937008
11
0.3052450393700787
21
0.8976166535433071
0
LINE
8
BLACK
6
CONTINUOUS
10
0.3052450393700787
20
0.8976166535433071
11
0.3050666929133858
21
0.8985131496062992
0
LINE
8
BLACK
6
CONTINUOUS
10
0.3050666929133858
20
0.8985131496062992
11
0.3048645275590551
21
0.8989710629921259
0
LINE
8
BLACK
6
CONTINUOUS
10
0.3048645275590551
20
0.8989710629921259
11
0.3047090157480315
21
0.9003113385826771
0
LINE
8
BLACK
6
CONTINUOUS
10
0.3047090157480315
20
0.9003113385826771
11
0.3046456692913386
21
0.9006299212598425
0
LINE
8
BLACK
6
CONTINUOUS
10
0.3046456692913386
20
0.9006299212598425
11
0.3046456692913386
21
0.9793700787401575
0
LINE
8
BLACK
6
CONTINUOUS
10
0.3046456692913386
20
0.9793700787401575
11
0.3047090551181103
21
0.9796887795275591
0
LINE
8
BLACK
6
CONTINUOUS
10
0.3047090551181103
20
0.9796887795275591
11
0.3048645275590551
21
0.9810288976377952
0
LINE
8
BLACK
6
CONTINUOUS
10
0.3048645275590551
20
0.9810288976377952
11
0.3050666929133858
21
0.9814867716535433
0
LINE
8
BLACK
6
CONTINUOUS
10
0.3050666929133858
20
0.9814867716535433
11
0.3052450393700787
21
0.9823833464566929
0
LINE
8
BLACK
6
CONTINUOUS
10
0.3052450393700787
20
0.9823833464566929
11
0.3058863779527559
21
0.983343188976378
0
LINE
8
BLACK
6
CONTINUOUS
10
0.3058863779527559
20
0.983343188976378
11
0.3060798818897638
21
0.9837813779527559
0
LINE
8
BLACK
6
CONTINUOUS
10
0.3060798818897638
20
0.9837813779527559
11
0.3063791732283465
21
0.9840806692913385
0
LINE
8
BLACK
6
CONTINUOUS
10
0.3063791732283465
20
0.9840806692913385
11
0.3069519291338583
21
0.9849378346456693
0
LINE
8
BLACK
6
CONTINUOUS
10
0.3069519291338583
20
0.9849378346456693
11
0.3078090551181102
21
0.9855105511811023
0
LINE
8
BLACK
6
CONTINUOUS
10
0.3078090551181102
20
0.9855105511811023
11
0.3081083464566929
21
0.9858098425196851
0
LINE
8
BLACK
6
CONTINUOUS
10
0.3081083464566929
20
0.9858098425196851
11
0.3085464566929134
21
0.9860032677165355
0
LINE
8
BLACK
6
CONTINUOUS
10
0.3085464566929134
20
0.9860032677165355
11
0.3095064173228346
21
0.9866447244094488
0
LINE
8
BLACK
6
CONTINUOUS
10
0.3095064173228346
20
0.9866447244094488
11
0.3104030708661417
21
0.9868230708661417
0
LINE
8
BLACK
6
CONTINUOUS
10
0.3104030708661417
20
0.9868230708661417
11
0.3108608267716536
21
0.9870251968503937
0
LINE
8
BLACK
6
CONTINUOUS
10
0.3108608267716536
20
0.9870251968503937
11
0.3122006299212599
21
0.9871806299212598
0
LINE
8
BLACK
6
CONTINUOUS
10
0.3122006299212599
20
0.9871806299212598
11
0.3125196850393701
21
0.987244094488189
0
LINE
8
BLACK
6
CONTINUOUS
10
0.3125196850393701
20
0.987244094488189
11
0.3676377952755905
21
0.987244094488189
0
LINE
8
BLACK
6
CONTINUOUS
10
0.3676377952755905
20
0.987244094488189
11
0.367956968503937
21
0.9871805905511811
0
LINE
8
BLACK
6
CONTINUOUS
10
0.6879569685039369
20
0.9871805905511811
11
0.6892966141732283
21
0.9870251968503937
0
LINE
8
BLACK
6
CONTINUOUS
10
0.6892966141732283
20
0.9870251968503937
11
0.6897542913385827
21
0.9868230708661417
0
LINE
8
BLACK
6
CONTINUOUS
10
0.6897542913385827
20
0.9868230708661417
11
0.690651062992126
21
0.9866447244094488
0
LINE
8
BLACK
6
CONTINUOUS
10
0.690651062992126
20
0.9866447244094488
11
0.6916110629921259
21
0.9860032283464567
0
LINE
8
BLACK
6
CONTINUOUS
10
0.6916110629921259
20
0.9860032283464567
11
0.692049094488189
21
0.9858098425196851
0
LINE
8
BLACK
6
CONTINUOUS
10
0.692049094488189
20
0.9858098425196851
11
0.6923482677165355
21
0.9855106299212598
0
LINE
8
BLACK
6
CONTINUOUS
10
0.6923482677165355
20
0.9855106299212598
11
0.6932055511811024
21
0.9849378346456693
0
LINE
8
BLACK
6
CONTINUOUS
10
0.6932055511811024
20
0.9849378346456693
11
0.6937783464566929
21
0.9840805511811024
0
LINE
8
BLACK
6
CONTINUOUS
10
0.6937783464566929
20
0.9840805511811024
11
0.6940775590551181
21
0.9837813779527559
0
LINE
8
BLACK
6
CONTINUOUS
10
0.6940775590551181
20
0.9837813779527559
11
0.6942709448818898
21
0.9833433464566929
0
LINE
8
BLACK
6
CONTINUOUS
10
0.6942709448818898
20
0.9833433464566929
11
0.6949124409448819
21
0.9823833464566929
0
LINE
8
BLACK
6
CONTINUOUS
10
0.6949124409448819
20
0.9823833464566929
11
0.6950907874015748
21
0.9814865748031496
0
LINE
8
BLACK
6
CONTINUOUS
10
0.6950907874015748
20
0.9814865748031496
11
0.6952929133858268
21
0.9810288976377952
0
LINE
8
BLACK
6
CONTINUOUS
10
0.6952929133858268
20
0.9810288976377952
11
0.6954483070866142
21
0.9796891732283465
0
LINE
8
BLACK
6
CONTINUOUS
10
0.6954483070866142
20
0.9796891732283465
11
0.695511811023622
21
0.9793700787401575
0
LINE
8
BLACK
6
CONTINUOUS
10
0.695511811023622
20
0.9793700787401575
11
0.695511811023622
21
0.9006299212598425
0
LINE
8
BLACK
6
CONTINUOUS
10
0.695511811023622
20
0.9006299212598425
11
0.6954483070866142
21
0.9003107874015748
0
LINE
8
BLACK
6
CONTINUOUS
10
0.6954483070866142
20
0.9003107874015748
11
0.6952929133858268
21
0.8989710629921259
0
LINE
8
BLACK
6
CONTINUOUS
10
0.6952929133858268
20
0.8989710629921259
11
0.6950907874015748
21
0.8985133070866141
0
LINE
8
BLACK
6
CONTINUOUS
10
0.6950907874015748
20
0.8985133070866141
11
0.6949124409448819
21
0.8976166535433071
0
LINE
8
BLACK
6
CONTINUOUS
10
0.6949124409448819
20
0.8976166535433071
11
0.6942709842519685
21
0.8966566929133858
0
LINE
8
BLACK
6
CONTINUOUS
10
0.6942709842519685
20
0.8966566929133858
11
0.6940775590551181
21
0.8962185826771654
0
LINE
8
BLACK
6
CONTINUOUS
10
0.6940775590551181
20
0.8962185826771654
11
0.6937782677165354
21
0.8959192913385826
0
LINE
8
BLACK
6
CONTINUOUS
10
0.6937782677165354
20
0.8959192913385826
11
0.6932055511811024
21
0.8950621653543307
0
LINE
8
BLACK
6
CONTINUOUS
10
0.6932055511811024
20
0.8950621653543307
11
0.6923483858267716
21
0.8944894094488188
0
LINE
8
BLACK
6
CONTINUOUS
10
0.6923483858267716
20
0.8944894094488188
11
0.692049094488189
21
0.8941901181102362
0
LINE
8
BLACK
6
CONTINUOUS
10
0.692049094488189
20
0.8941901181102362
11
0.691610905511811
21
0.8939966141732283
0
LINE
8
BLACK
6
CONTINUOUS
10
0.691610905511811
20
0.8939966141732283
11
0.690651062992126
21
0.8933552755905512
0
LINE
8
BLACK
6
CONTINUOUS
10
0.690651062992126
20
0.8933552755905512
11
0.6897544881889763
21
0.8931769291338583
0
LINE
8
BLACK
6
CONTINUOUS
10
0.6897544881889763
20
0.8931769291338583
11
0.6892966141732283
21
0.8929747637795276
0
LINE
8
BLACK
6
CONTINUOUS
10
0.6892966141732283
20
0.8929747637795276
11
0.6879564173228346
21
0.8928192519685039
0
LINE
8
BLACK
6
CONTINUOUS
10
0.6879564173228346
20
0.8928192519685039
11
0.6876377952755905
21
0.8927559055118111
0
LINE
8
BLACK
6
CONTINUOUS
10
0.6876377952755905
20
0.8927559055118111
11
0.6874101181102362
21
0.8927559055118111
0
LINE
8
BLACK
6
CONTINUOUS
10
0.6874101181102362
20
0.8927559055118111
11
0.6327474015748031
21
0.8927559055118111
0
LINE
8
BLACK
6
CONTINUOUS
10
0.6327474015748031
20
0.8927559055118111
11
0.6325196850393701
21
0.8927559055118111
0
LINE
8
BLACK
6
CONTINUOUS
10
0.6325196850393701
20
0.8927559055118111
11
0.6322010236220472
21
0.8928192519685039
0
LINE
8
BLACK
6
CONTINUOUS
10
0.6322010236220472
20
0.8928192519685039
11
0.6308608267716536
21
0.8929747637795276
0
LINE
8
BLACK
6
CONTINUOUS
10
0.6308608267716536
20
0.8929747637795276
11
0.6304029133858268
21
0.8931769291338583
0
LINE
8
BLACK
6
CONTINUOUS
10
0.6304029133858268
20
0.8931769291338583
11
0.6295064173228346
21
0.8933552755905512
0
LINE
8
BLACK
6
CONTINUOUS
10
0.6295064173228346
20
0.8933552755905512
11
0.6285466141732283
21
0.8939965748031495
0
LINE
8
BLACK
6
CONTINUOUS
10
0.6285466141732283
20
0.8939965748031495
11
0.6281083464566929
21
0.8941901181102362
0
LINE
8
BLACK
6
CONTINUOUS
10
0.6281083464566929
20
0.8941901181102362
11
0.627808937007874
21
0.8944894881889763
0
LINE
8
BLACK
6
CONTINUOUS
10
0.627808937007874
20
0.8944894881889763
11
0.6269519291338582
21
0.8950621653543307
0
LINE
8
BLACK
6
CONTINUOUS
10
0.6269519291338582
20
0.8950621653543307
11
0.626379251968504
21
0.8959191732283465
0
LINE
8
BLACK
6
CONTINUOUS
10
0.626379251968504
20
0.8959191732283465
11
0.6260798818897637
21
0.8962185826771654
0
LINE
8
BLACK
6
CONTINUOUS
10
0.6260798818897637
20
0.8962185826771654
11
0.6258863385826772
21
0.8966568503937008
0
LINE
8
BLACK
6
CONTINUOUS
10
0.6258863385826772
20
0.8966568503937008
11
0.6252450393700787
21
0.8976166535433071
0
LINE
8
BLACK
6
CONTINUOUS
10
0.6252450393700787
20
0.8976166535433071
11
0.6250666929133858
21
0.8985131496062992
0
LINE
8
BLACK
6
CONTINUOUS
10
0.6250666929133858
20
0.8985131496062992
11
0.6248645275590551
21
0.8989710629921259
0
LINE
8
BLACK
6
CONTINUOUS
10
0.6248645275590551
20
0.8989710629921259
11
0.6247090157480315
21
0.9003113385826771
0
LINE
8
BLACK
6
CONTINUOUS
10
0.6247090157480315
20
0.9003113385826771
11
0.6246456692913386
21
0.9006299212598425
0
LINE
8
BLACK
6
CONTINUOUS
10
0.6246456692913386
20
0.9006299212598425
11
0.6246456692913386
21
0.9793700787401575
0
LINE
8
BLACK
6
CONTINUOUS
10
0.6246456692913386
20
0.9793700787401575
11
0.6247090551181103
21
0.9796887795275591
0
LINE
8
BLACK
6
CONTINUOUS
10
0.6247090551181103
20
0.9796887795275591
11
0.6248645275590551
21
0.9810288976377952
0
LINE
8
BLACK
6
CONTINUOUS
10
0.6248645275590551
20
0.9810288976377952
11
0.6250666929133858
21
0.9814867716535433
0
LINE
8
BLACK
6
CONTINUOUS
10
0.6250666929133858
20
0.9814867716535433
11
0.6252450393700787
21
0.9823833464566929
0
LINE
8
BLACK
6
CONTINUOUS
10
0.6252450393700787
20
0.9823833464566929
11
0.6258863779527559
21
0.983343188976378
0
LINE
8
BLACK
6
CONTINUOUS
10
0.6258863779527559
20
0.983343188976378
11
0.6260798818897637
21
0.9837813779527559
0
LINE
8
BLACK
6
CONTINUOUS
10
0.6260798818897637
20
0.9837813779527559
11
0.6263791732283465
21
0.9840806692913385
0
LINE
8
BLACK
6
CONTINUOUS
10
0.6263791732283465
20
0.9840806692913385
11
0.6269519291338582
21
0.9849378346456693
0
LINE
8
BLACK
6
CONTINUOUS
10
0.6269519291338582
20
0.9849378346456693
11
0.6278090551181102
21
0.9855105511811023
0
LINE
8
BLACK
6
CONTINUOUS
10
0.6278090551181102
20
0.9855105511811023
11
0.6281083464566929
21
0.9858098425196851
0
LINE
8
BLACK
6
CONTINUOUS
10
0.6281083464566929
20
0.9858098425196851
11
0.6285464566929134
21
0.9860032677165355
0
LINE
8
BLACK
6
CONTINUOUS
10
0.6285464566929134
20
0.9860032677165355
11
0.6295064173228346
21
0.9866447244094488
0
LINE
8
BLACK
6
CONTINUOUS
10
0.6295064173228346
20
0.9866447244094488
11
0.6304030708661417
21
0.9868230708661417
0
LINE
8
BLACK
6
CONTINUOUS
10
0.6304030708661417
20
0.9868230708661417
11
0.6308608267716536
21
0.9870251968503937
0
LINE
8
BLACK
6
CONTINUOUS
10
0.6308608267716536
20
0.9870251968503937
11
0.6322006299212598
21
0.9871806299212598
0
LINE
8
BLACK
6
CONTINUOUS
10
0.6322006299212598
20
0.9871806299212598
11
0.6325196850393701
21
0.987244094488189
0
LINE
8
BLACK
6
CONTINUOUS
10
0.6325196850393701
20
0.987244094488189
11
0.6876377952755905
21
0.987244094488189
0
LINE
8
BLACK
6
CONTINUOUS
10
0.6876377952755905
20
0.987244094488189
11
0.6879569685039369
21
0.9871805905511811
0
LINE
8
BLACK
6
CONTINUOUS
10
1.0079569685039369
20
0.9871805905511811
11
1.0092966141732282
21
0.9870251968503937
0
LINE
8
BLACK
6
CONTINUOUS
10
1.0092966141732282
20
0.9870251968503937
11
1.0097542913385826
21
0.9868230708661417
0
LINE
8
BLACK
6
CONTINUOUS
10
1.0097542913385826
20
0.9868230708661417
11
1.0106510629921259
21
0.9866447244094488
0
LINE
8
BLACK
6
CONTINUOUS
10
1.0106510629921259
20
0.9866447244094488
11
1.011611062992126
21
0.9860032283464567
0
LINE
8
BLACK
6
CONTINUOUS
10
1.011611062992126
20
0.9860032283464567
11
1.012049094488189
21
0.9858098425196851
0
LINE
8
BLACK
6
CONTINUOUS
10
1.012049094488189
20
0.9858098425196851
11
1.0123482677165354
21
0.9855106299212598
0
LINE
8
BLACK
6
CONTINUOUS
10
1.0123482677165354
20
0.9855106299212598
11
1.0132055511811024
21
0.9849378346456693
0
LINE
8
BLACK
6
CONTINUOUS
10
1.0132055511811024
20
0.9849378346456693
11
1.013778346456693
21
0.9840805511811024
0
LINE
8
BLACK
6
CONTINUOUS
10
1.013778346456693
20
0.9840805511811024
11
1.0140775590551181
21
0.9837813779527559
0
LINE
8
BLACK
6
CONTINUOUS
10
1.0140775590551181
20
0.9837813779527559
11
1.0142709448818898
21
0.9833433464566929
0
LINE
8
BLACK
6
CONTINUOUS
10
1.0142709448818898
20
0.9833433464566929
11
1.014912440944882
21
0.9823833464566929
0
LINE
8
BLACK
6
CONTINUOUS
10
1.014912440944882
20
0.9823833464566929
11
1.0150907874015749
21
0.9814865748031496
0
LINE
8
BLACK
6
CONTINUOUS
10
1.0150907874015749
20
0.9814865748031496
11
1.0152929133858268
21
0.9810288976377952
0
LINE
8
BLACK
6
CONTINUOUS
10
1.0152929133858268
20
0.9810288976377952
11
1.015448307086614
21
0.9796891732283465
0
LINE
8
BLACK
6
CONTINUOUS
10
1.015448307086614
20
0.9796891732283465
11
1.0155118110236221
21
0.9793700787401575
0
LINE
8
BLACK
6
CONTINUOUS
10
1.0155118110236221
20
0.9793700787401575
11
1.0155118110236221
21
0.9006299212598425
0
LINE
8
BLACK
6
CONTINUOUS
10
1.0155118110236221
20
0.9006299212598425
11
1.015448307086614
21
0.9003107874015748
0
LINE
8
BLACK
6
CONTINUOUS
10
1.015448307086614
20
0.9003107874015748
11
1.0152929133858268
21
0.8989710629921259
0
LINE
8
BLACK
6
CONTINUOUS
10
1.0152929133858268
20
0.8989710629921259
11
1.0150907874015749
21
0.8985133070866141
0
LINE
8
BLACK
6
CONTINUOUS
10
1.0150907874015749
20
0.8985133070866141
11
1.014912440944882
21
0.8976166535433071
0
LINE
8
BLACK
6
CONTINUOUS
10
1.014912440944882
20
0.8976166535433071
11
1.0142709842519684
21
0.8966566929133858
0
LINE
8
BLACK
6
CONTINUOUS
10
1.0142709842519684
20
0.8966566929133858
11
1.0140775590551181
21
0.8962185826771654
0
LINE
8
BLACK
6
CONTINUOUS
10
1.0140775590551181
20
0.8962185826771654
11
1.0137782677165355
21
0.8959192913385826
0
LINE
8
BLACK
6
CONTINUOUS
10
1.0137782677165355
20
0.8959192913385826
11
1.0132055511811024
21
0.8950621653543307
0
LINE
8
BLACK
6
CONTINUOUS
10
1.0132055511811024
20
0.8950621653543307
11
1.0123483858267717
21
0.8944894094488188
0
LINE
8
BLACK
6
CONTINUOUS
10
1.0123483858267717
20
0.8944894094488188
11
1.012049094488189
21
0.8941901181102362
0
LINE
8
BLACK
6
CONTINUOUS
10
1.012049094488189
20
0.8941901181102362
11
1.011610905511811
21
0.8939966141732283
0
LINE
8
BLACK
6
CONTINUOUS
10
1.011610905511811
20
0.8939966141732283
11
1.0106510629921259
21
0.8933552755905512
0
LINE
8
BLACK
6
CONTINUOUS
10
1.0106510629921259
20
0.8933552755905512
11
1.0097544881889764
21
0.8931769291338583
0
LINE
8
BLACK
6
CONTINUOUS
10
1.0097544881889764
20
0.8931769291338583
11
1.0092966141732282
21
0.8929747637795276
0
LINE
8
BLACK
6
CONTINUOUS
10
1.0092966141732282
20
0.8929747637795276
11
1.0079564173228346
21
0.8928192519685039
0
LINE
8
BLACK
6
CONTINUOUS
10
1.0079564173228346
20
0.8928192519685039
11
1.0076377952755906
21
0.8927559055118111
0
LINE
8
BLACK
6
CONTINUOUS
10
1.0076377952755906
20
0.8927559055118111
11
1.0074101181102362
21
0.8927559055118111
0
LINE
8
BLACK
6
CONTINUOUS
10
1.0074101181102362
20
0.8927559055118111
11
0.9527474015748031
21
0.8927559055118111
0
LINE
8
BLACK
6
CONTINUOUS
10
0.9527474015748031
20
0.8927559055118111
11
0.95251968503937
21
0.8927559055118111
0
LINE
8
BLACK
6
CONTINUOUS
10
0.95251968503937
20
0.8927559055118111
11
0.9522010236220472
21
0.8928192519685039
0
LINE
8
BLACK
6
CONTINUOUS
10
0.9522010236220472
20
0.8928192519685039
11
0.9508608267716535
21
0.8929747637795276
0
LINE
8
BLACK
6
CONTINUOUS
10
0.9508608267716535
20
0.8929747637795276
11
0.9504029133858267
21
0.8931769291338583
0
LINE
8
BLACK
6
CONTINUOUS
10
0.9504029133858267
20
0.8931769291338583
11
0.9495064173228346
21
0.8933552755905512
0
LINE
8
BLACK
6
CONTINUOUS
10
0.9495064173228346
20
0.8933552755905512
11
0.9485466141732283
21
0.8939965748031495
0
LINE
8
BLACK
6
CONTINUOUS
10
0.9485466141732283
20
0.8939965748031495
11
0.9481083464566928
21
0.8941901181102362
0
LINE
8
BLACK
6
CONTINUOUS
10
0.9481083464566928
20
0.8941901181102362
11
0.9478089370078739
21
0.8944894881889763
0
LINE
8
BLACK
6
CONTINUOUS
10
0.9478089370078739
20
0.8944894881889763
11
0.9469519291338583
21
0.8950621653543307
0
LINE
8
BLACK
6
CONTINUOUS
10
0.9469519291338583
20
0.8950621653543307
11
0.9463792519685039
21
0.8959191732283465
0
LINE
8
BLACK
6
CONTINUOUS
10
0.9463792519685039
20
0.8959191732283465
11
0.9460798818897638
21
0.8962185826771654
0
LINE
8
BLACK
6
CONTINUOUS
10
0.9460798818897638
20
0.8962185826771654
11
0.9458863385826771
21
0.8966568503937008
0
LINE
8
BLACK
6
CONTINUOUS
10
0.9458863385826771
20
0.8966568503937008
11
0.9452450393700788
21
0.8976166535433071
0
LINE
8
BLACK
6
CONTINUOUS
10
0.9452450393700788
20
0.8976166535433071
11
0.9450666929133859
21
0.8985131496062992
0
LINE
8
BLACK
6
CONTINUOUS
10
0.9450666929133859
20
0.8985131496062992
11
0.9448645275590551
21
0.8989710629921259
0
LINE
8
BLACK
6
CONTINUOUS
10
0.9448645275590551
20
0.8989710629921259
11
0.9447090157480315
21
0.9003113385826771
0
LINE
8
BLACK
6
CONTINUOUS
10
0.9447090157480315
20
0.9003113385826771
11
0.9446456692913385
21
0.9006299212598425
0
LINE
8
BLACK
6
CONTINUOUS
10
0.9446456692913385
20
0.9006299212598425
11
0.9446456692913385
21
0.9793700787401575
0
LINE
8
BLACK
6
CONTINUOUS
10
0.9446456692913385
20
0.9793700787401575
11
0.9447090551181102
21
0.9796887795275591
0
LINE
8
BLACK
6
CONTINUOUS
10
0.9447090551181102
20
0.9796887795275591
11
0.9448645275590551
21
0.9810288976377952
0
LINE
8
BLACK
6
CONTINUOUS
10
0.9448645275590551
20
0.9810288976377952
11
0.9450666929133859
21
0.9814867716535433
0
LINE
8
BLACK
6
CONTINUOUS
10
0.9450666929133859
20
0.9814867716535433
11
0.9452450393700788
21
0.9823833464566929
0
LINE
8
BLACK
6
CONTINUOUS
10
0.9452450393700788
20
0.9823833464566929
11
0.9458863779527559
21
0.983343188976378
0
LINE
8
BLACK
6
CONTINUOUS
10
0.9458863779527559
20
0.983343188976378
11
0.9460798818897638
21
0.9837813779527559
0
LINE
8
BLACK
6
CONTINUOUS
10
0.9460798818897638
20
0.9837813779527559
11
0.9463791732283464
21
0.9840806692913385
0
LINE
8
BLACK
6
CONTINUOUS
10
0.9463791732283464
20
0.9840806692913385
11
0.9469519291338583
21
0.9849378346456693
0
LINE
8
BLACK
6
CONTINUOUS
10
0.9469519291338583
20
0.9849378346456693
11
0.9478090551181102
21
0.9855105511811023
0
LINE
8
BLACK
6
CONTINUOUS
10
0.9478090551181102
20
0.9855105511811023
11
0.9481083464566928
21
0.9858098425196851
0
LINE
8
BLACK
6
CONTINUOUS
10
0.9481083464566928
20
0.9858098425196851
11
0.9485464566929134
21
0.9860032677165355
0
LINE
8
BLACK
6
CONTINUOUS
10
0.9485464566929134
20
0.9860032677165355
11
0.9495064173228346
21
0.9866447244094488
0
LINE
8
BLACK
6
CONTINUOUS
10
0.9495064173228346
20
0.9866447244094488
11
0.9504030708661417
21
0.9868230708661417
0
LINE
8
BLACK
6
CONTINUOUS
10
0.9504030708661417
20
0.9868230708661417
11
0.9508608267716535
21
0.9870251968503937
0
LINE
8
BLACK
6
CONTINUOUS
10
0.9508608267716535
20
0.9870251968503937
11
0.9522006299212599
21
0.9871806299212598
0
LINE
8
BLACK
6
CONTINUOUS
10
0.9522006299212599
20
0.9871806299212598
11
0.95251968503937
21
0.987244094488189
0
LINE
8
BLACK
6
CONTINUOUS
10
0.95251968503937
20
0.987244094488189
11
1.0076377952755906
21
0.987244094488189
0
LINE
8
BLACK
6
CONTINUOUS
10
1.0076377952755906
20
0.987244094488189
11
1.0079569685039369
21
0.9871805905511811
0
LINE
8
BLACK
6
CONTINUOUS
10
1.327956968503937
20
0.9871805905511811
11
1.3292966141732283
21
0.9870251968503937
0
LINE
8
BLACK
6
CONTINUOUS
10
1.3292966141732283
20
0.9870251968503937
11
1.3297542913385827
21
0.9868230708661417
0
LINE
8
BLACK
6
CONTINUOUS
10
1.3297542913385827
20
0.9868230708661417
11
1.330651062992126
21
0.9866447244094488
0
LINE
8
BLACK
6
CONTINUOUS
10
1.330651062992126
20
0.9866447244094488
11
1.3316110629921261
21
0.9860032283464567
0
LINE
8
BLACK
6
CONTINUOUS
10
1.3316110629921261
20
0.9860032283464567
11
1.3320490944881889
21
0.9858098425196851
0
LINE
8
BLACK
6
CONTINUOUS
10
1.3320490944881889
20
0.9858098425196851
11
1.3323482677165355
21
0.9855106299212598
0
LINE
8
BLACK
6
CONTINUOUS
10
1.3323482677165355
20
0.9855106299212598
11
1.3332055511811023
21
0.9849378346456693
0
LINE
8
BLACK
6
CONTINUOUS
10
1.3332055511811023
20
0.9849378346456693
11
1.3337783464566928
21
0.9840805511811024
0
LINE
8
BLACK
6
CONTINUOUS
10
1.3337783464566928
20
0.9840805511811024
11
1.3340775590551182
21
0.9837813779527559
0
LINE
8
BLACK
6
CONTINUOUS
10
1.3340775590551182
20
0.9837813779527559
11
1.3342709448818897
21
0.9833433464566929
0
LINE
8
BLACK
6
CONTINUOUS
10
1.3342709448818897
20
0.9833433464566929
11
1.3349124409448818
21
0.9823833464566929
0
LINE
8
BLACK
6
CONTINUOUS
10
1.3349124409448818
20
0.9823833464566929
11
1.3350907874015747
21
0.9814865748031496
0
LINE
8
BLACK
6
CONTINUOUS
10
1.3350907874015747
20
0.9814865748031496
11
1.3352929133858267
21
0.9810288976377952
0
LINE
8
BLACK
6
CONTINUOUS
10
1.3352929133858267
20
0.9810288976377952
11
1.3354483070866141
21
0.9796891732283465
0
LINE
8
BLACK
6
CONTINUOUS
10
1.3354483070866141
20
0.9796891732283465
11
1.3355118110236219
21
0.9793700787401575
0
LINE
8
BLACK
6
CONTINUOUS
10
1.3355118110236219
20
0.9793700787401575
11
1.3355118110236219
21
0.9006299212598425
0
LINE
8
BLACK
6
CONTINUOUS
10
1.3355118110236219
20
0.9006299212598425
11
1.3354483070866141
21
0.9003107874015748
0
LINE
8
BLACK
6
CONTINUOUS
10
1.3354483070866141
20
0.9003107874015748
11
1.3352929133858267
21
0.8989710629921259
0
LINE
8
BLACK
6
CONTINUOUS
10
1.3352929133858267
20
0.8989710629921259
11
1.3350907874015747
21
0.8985133070866141
0
LINE
8
BLACK
6
CONTINUOUS
10
1.3350907874015747
20
0.8985133070866141
11
1.3349124409448818
21
0.8976166535433071
0
LINE
8
BLACK
6
CONTINUOUS
10
1.3349124409448818
20
0.8976166535433071
11
1.3342709842519684
21
0.8966566929133858
0
LINE
8
BLACK
6
CONTINUOUS
10
1.3342709842519684
20
0.8966566929133858
11
1.3340775590551182
21
0.8962185826771654
0
LINE
8
BLACK
6
CONTINUOUS
10
1.3340775590551182
20
0.8962185826771654
11
1.3337782677165353
21
0.8959192913385826
0
LINE
8
BLACK
6
CONTINUOUS
10
1.3337782677165353
20
0.8959192913385826
11
1.3332055511811023
21
0.8950621653543307
0
LINE
8
BLACK
6
CONTINUOUS
10
1.3332055511811023
20
0.8950621653543307
11
1.3323483858267717
21
0.8944894094488188
0
LINE
8
BLACK
6
CONTINUOUS
10
1.3323483858267717
20
0.8944894094488188
11
1.3320490944881889
21
0.8941901181102362
0
LINE
8
BLACK
6
CONTINUOUS
10
1.3320490944881889
20
0.8941901181102362
11
1.331610905511811
21
0.8939966141732283
0
LINE
8
BLACK
6
CONTINUOUS
10
1.331610905511811
20
0.8939966141732283
11
1.330651062992126
21
0.8933552755905512
0
LINE
8
BLACK
6
CONTINUOUS
10
1.330651062992126
20
0.8933552755905512
11
1.3297544881889765
21
0.8931769291338583
0
LINE
8
BLACK
6
CONTINUOUS
10
1.3297544881889765
20
0.8931769291338583
11
1.3292966141732283
21
0.8929747637795276
0
LINE
8
BLACK
6
CONTINUOUS
10
1.3292966141732283
20
0.8929747637795276
11
1.3279564173228346
21
0.8928192519685039
0
LINE
8
BLACK
6
CONTINUOUS
10
1.3279564173228346
20
0.8928192519685039
11
1.3276377952755904
21
0.8927559055118111
0
LINE
8
BLACK
6
CONTINUOUS
10
1.3276377952755904
20
0.8927559055118111
11
1.3274101181102362
21
0.8927559055118111
0
LINE
8
BLACK
6
CONTINUOUS
10
1.3274101181102362
20
0.8927559055118111
11
1.272747401574803
21
0.8927559055118111
0
LINE
8
BLACK
6
CONTINUOUS
10
1.272747401574803
20
0.8927559055118111
11
1.2725196850393701
21
0.8927559055118111
0
LINE
8
BLACK
6
CONTINUOUS
10
1.2725196850393701
20
0.8927559055118111
11
1.2722010236220471
21
0.8928192519685039
0
LINE
8
BLACK
6
CONTINUOUS
10
1.2722010236220471
20
0.8928192519685039
11
1.2708608267716535
21
0.8929747637795276
0
LINE
8
BLACK
6
CONTINUOUS
10
1.2708608267716535
20
0.8929747637795276
11
1.2704029133858268
21
0.8931769291338583
0
LINE
8
BLACK
6
CONTINUOUS
10
1.2704029133858268
20
0.8931769291338583
11
1.2695064173228345
21
0.8933552755905512
0
LINE
8
BLACK
6
CONTINUOUS
10
1.2695064173228345
20
0.8933552755905512
11
1.2685466141732282
21
0.8939965748031495
0
LINE
8
BLACK
6
CONTINUOUS
10
1.2685466141732282
20
0.8939965748031495
11
1.2681083464566929
21
0.8941901181102362
0
LINE
8
BLACK
6
CONTINUOUS
10
1.2681083464566929
20
0.8941901181102362
11
1.267808937007874
21
0.8944894881889763
0
LINE
8
BLACK
6
CONTINUOUS
10
1.267808937007874
20
0.8944894881889763
11
1.2669519291338582
21
0.8950621653543307
0
LINE
8
BLACK
6
CONTINUOUS
10
1.2669519291338582
20
0.8950621653543307
11
1.266379251968504
21
0.8959191732283465
0
LINE
8
BLACK
6
CONTINUOUS
10
1.266379251968504
20
0.8959191732283465
11
1.2660798818897638
21
0.8962185826771654
0
LINE
8
BLACK
6
CONTINUOUS
10
1.2660798818897638
20
0.8962185826771654
11
1.2658863385826771
21
0.8966568503937008
0
LINE
8
BLACK
6
CONTINUOUS
10
1.2658863385826771
20
0.8966568503937008
11
1.2652450393700787
21
0.8976166535433071
0
LINE
8
BLACK
6
CONTINUOUS
10
1.2652450393700787
20
0.8976166535433071
11
1.2650666929133858
21
0.8985131496062992
0
LINE
8
BLACK
6
CONTINUOUS
10
1.2650666929133858
20
0.8985131496062992
11
1.2648645275590551
21
0.8989710629921259
0
LINE
8
BLACK
6
CONTINUOUS
10
1.2648645275590551
20
0.8989710629921259
11
1.2647090157480314
21
0.9003113385826771
0
LINE
8
BLACK
6
CONTINUOUS
10
1.2647090157480314
20
0.9003113385826771
11
1.2646456692913386
21
0.9006299212598425
0
LINE
8
BLACK
6
CONTINUOUS
10
1.2646456692913386
20
0.9006299212598425
11
1.2646456692913386
21
0.9793700787401575
0
LINE
8
BLACK
6
CONTINUOUS
10
1.2646456692913386
20
0.9793700787401575
11
1.2647090551181102
21
0.9796887795275591
0
LINE
8
BLACK
6
CONTINUOUS
10
1.2647090551181102
20
0.9796887795275591
11
1.2648645275590551
21
0.9810288976377952
0
LINE
8
BLACK
6
CONTINUOUS
10
1.2648645275590551
20
0.9810288976377952
11
1.2650666929133858
21
0.9814867716535433
0
LINE
8
BLACK
6
CONTINUOUS
10
1.2650666929133858
20
0.9814867716535433
11
1.2652450393700787
21
0.9823833464566929
0
LINE
8
BLACK
6
CONTINUOUS
10
1.2652450393700787
20
0.9823833464566929
11
1.2658863779527558
21
0.983343188976378
0
LINE
8
BLACK
6
CONTINUOUS
10
1.2658863779527558
20
0.983343188976378
11
1.2660798818897638
21
0.9837813779527559
0
LINE
8
BLACK
6
CONTINUOUS
10
1.2660798818897638
20
0.9837813779527559
11
1.2663791732283465
21
0.9840806692913385
0
LINE
8
BLACK
6
CONTINUOUS
10
1.2663791732283465
20
0.9840806692913385
11
1.2669519291338582
21
0.9849378346456693
0
LINE
8
BLACK
6
CONTINUOUS
10
1.2669519291338582
20
0.9849378346456693
11
1.2678090551181103
21
0.9855105511811023
0
LINE
8
BLACK
6
CONTINUOUS
10
1.2678090551181103
20
0.9855105511811023
11
1.2681083464566929
21
0.9858098425196851
0
LINE
8
BLACK
6
CONTINUOUS
10
1.2681083464566929
20
0.9858098425196851
11
1.2685464566929134
21
0.9860032677165355
0
LINE
8
BLACK
6
CONTINUOUS
10
1.2685464566929134
20
0.9860032677165355
11
1.2695064173228345
21
0.9866447244094488
0
LINE
8
BLACK
6
CONTINUOUS
10
1.2695064173228345
20
0.9866447244094488
11
1.2704030708661418
21
0.9868230708661417
0
LINE
8
BLACK
6
CONTINUOUS
10
1.2704030708661418
20
0.9868230708661417
11
1.2708608267716535
21
0.9870251968503937
0
LINE
8
BLACK
6
CONTINUOUS
10
1.2708608267716535
20
0.9870251968503937
11
1.2722006299212598
21
0.9871806299212598
0
LINE
8
BLACK
6
CONTINUOUS
10
1.2722006299212598
20
0.9871806299212598
11
1.2725196850393701
21
0.987244094488189
0
LINE
8
BLACK
6
CONTINUOUS
10
1.2725196850393701
20
0.987244094488189
11
1.3276377952755904
21
0.987244094488189
0
LINE
8
BLACK
6
CONTINUOUS
10
1.3276377952755904
20
0.987244094488189
11
1.327956968503937
21
0.9871805905511811
0
LINE
8
BLACK
6
CONTINUOUS
10
0.1277994881889764
20
0.9714325590551181
11
0.1291391338582677
21
0.9712771653543307
0
LINE
8
BLACK
6
CONTINUOUS
10
0.1291391338582677
20
0.9712771653543307
11
0.1295968110236221
21
0.9710750393700787
0
LINE
8
BLACK
6
CONTINUOUS
10
0.1295968110236221
20
0.9710750393700787
11
0.1304935826771653
21
0.9708966929133858
0
LINE
8
BLACK
6
CONTINUOUS
10
0.1304935826771653
20
0.9708966929133858
11
0.1314535826771654
21
0.9702551968503936
0
LINE
8
BLACK
6
CONTINUOUS
10
0.1314535826771654
20
0.9702551968503936
11
0.1318916141732283
21
0.970061811023622
0
LINE
8
BLACK
6
CONTINUOUS
10
0.1318916141732283
20
0.970061811023622
11
0.1321907874015748
21
0.9697625984251969
0
LINE
8
BLACK
6
CONTINUOUS
10
0.1321907874015748
20
0.9697625984251969
11
0.1330480708661417
21
0.9691898031496062
0
LINE
8
BLACK
6
CONTINUOUS
10
0.1330480708661417
20
0.9691898031496062
11
0.1336208661417323
21
0.9683325196850393
0
LINE
8
BLACK
6
CONTINUOUS
10
0.1336208661417323
20
0.9683325196850393
11
0.1339200787401575
21
0.9680333464566929
0
LINE
8
BLACK
6
CONTINUOUS
10
0.1339200787401575
20
0.9680333464566929
11
0.1341134645669291
21
0.9675953149606299
0
LINE
8
BLACK
6
CONTINUOUS
10
0.1341134645669291
20
0.9675953149606299
11
0.1347549606299213
21
0.9666353149606299
0
LINE
8
BLACK
6
CONTINUOUS
10
0.1347549606299213
20
0.9666353149606299
11
0.1349333070866142
21
0.9657385433070866
0
LINE
8
BLACK
6
CONTINUOUS
10
0.1349333070866142
20
0.9657385433070866
11
0.1351354330708661
21
0.9652808661417323
0
LINE
8
BLACK
6
CONTINUOUS
10
0.1351354330708661
20
0.9652808661417323
11
0.1352908267716535
21
0.9639411417322834
0
LINE
8
BLACK
6
CONTINUOUS
10
0.1352908267716535
20
0.9639411417322834
11
0.1353543307086614
21
0.9636220472440945
0
LINE
8
BLACK
6
CONTINUOUS
10
0.1353543307086614
20
0.9636220472440945
11
0.1353543307086614
21
0.9163779527559055
0
LINE
8
BLACK
6
CONTINUOUS
10
0.1353543307086614
20
0.9163779527559055
11
0.1352908267716535
21
0.9160588188976377
0
LINE
8
BLACK
6
CONTINUOUS
10
0.1352908267716535
20
0.9160588188976377
11
0.1351354330708661
21
0.914719094488189
0
LINE
8
BLACK
6
CONTINUOUS
10
0.1351354330708661
20
0.914719094488189
11
0.1349333070866142
21
0.9142613385826771
0
LINE
8
BLACK
6
CONTINUOUS
10
0.1349333070866142
20
0.9142613385826771
11
0.1347549606299213
21
0.9133646850393701
0
LINE
8
BLACK
6
CONTINUOUS
10
0.1347549606299213
20
0.9133646850393701
11
0.1341135039370079
21
0.9124047244094488
0
LINE
8
BLACK
6
CONTINUOUS
10
0.1341135039370079
20
0.9124047244094488
11
0.1339200787401575
21
0.9119666141732283
0
LINE
8
BLACK
6
CONTINUOUS
10
0.1339200787401575
20
0.9119666141732283
11
0.1336207874015748
21
0.9116673228346457
0
LINE
8
BLACK
6
CONTINUOUS
10
0.1336207874015748
20
0.9116673228346457
11
0.1330480708661417
21
0.9108101968503937
0
LINE
8
BLACK
6
CONTINUOUS
10
0.1330480708661417
20
0.9108101968503937
11
0.132190905511811
21
0.9102374409448819
0
LINE
8
BLACK
6
CONTINUOUS
10
0.132190905511811
20
0.9102374409448819
11
0.1318916141732283
21
0.9099381496062992
0
LINE
8
BLACK
6
CONTINUOUS
10
0.1318916141732283
20
0.9099381496062992
11
0.1314534251968504
21
0.9097446456692914
0
LINE
8
BLACK
6
CONTINUOUS
10
0.1314534251968504
20
0.9097446456692914
11
0.1304935826771653
21
0.9091033070866141
0
LINE
8
BLACK
6
CONTINUOUS
10
0.1304935826771653
20
0.9091033070866141
11
0.1295970078740157
21
0.9089249606299212
0
LINE
8
BLACK
6
CONTINUOUS
10
0.1295970078740157
20
0.9089249606299212
11
0.1291391338582677
21
0.9087227952755905
0
LINE
8
BLACK
6
CONTINUOUS
10
0.1291391338582677
20
0.9087227952755905
11
0.127798937007874
21
0.9085672834645669
0
LINE
8
BLACK
6
CONTINUOUS
10
0.127798937007874
20
0.9085672834645669
11
0.1274803149606299
21
0.908503937007874
0
LINE
8
BLACK
6
CONTINUOUS
10
0.1274803149606299
20
0.908503937007874
11
0.1272526377952756
21
0.908503937007874
0
LINE
8
BLACK
6
CONTINUOUS
10
0.1272526377952756
20
0.908503937007874
11
0.0725899212598425
21
0.908503937007874
0
LINE
8
BLACK
6
CONTINUOUS
10
0.0725899212598425
20
0.908503937007874
11
0.0723622047244094
21
0.908503937007874
0
LINE
8
BLACK
6
CONTINUOUS
10
0.0723622047244094
20
0.908503937007874
11
0.0720435433070866
21
0.9085672834645669
0
LINE
8
BLACK
6
CONTINUOUS
10
0.0720435433070866
20
0.9085672834645669
11
0.0707033464566929
21
0.9087227952755905
0
LINE
8
BLACK
6
CONTINUOUS
10
0.0707033464566929
20
0.9087227952755905
11
0.0702454330708661
21
0.9089249606299212
0
LINE
8
BLACK
6
CONTINUOUS
10
0.0702454330708661
20
0.9089249606299212
11
0.069348937007874
21
0.9091033070866141
0
LINE
8
BLACK
6
CONTINUOUS
10
0.069348937007874
20
0.9091033070866141
11
0.0683891338582677
21
0.9097446062992126
0
LINE
8
BLACK
6
CONTINUOUS
10
0.0683891338582677
20
0.9097446062992126
11
0.0679508661417323
21
0.9099381496062992
0
LINE
8
BLACK
6
CONTINUOUS
10
0.0679508661417323
20
0.9099381496062992
11
0.0676514566929134
21
0.9102375196850393
0
LINE
8
BLACK
6
CONTINUOUS
10
0.0676514566929134
20
0.9102375196850393
11
0.0667944488188976
21
0.9108101968503937
0
LINE
8
BLACK
6
CONTINUOUS
10
0.0667944488188976
20
0.9108101968503937
11
0.0662217716535433
21
0.9116672047244094
0
LINE
8
BLACK
6
CONTINUOUS
10
0.0662217716535433
20
0.9116672047244094
11
0.0659224015748032
21
0.9119666141732283
0
LINE
8
BLACK
6
CONTINUOUS
10
0.0659224015748032
20
0.9119666141732283
11
0.0657288582677165
21
0.9124048818897638
0
LINE
8
BLACK
6
CONTINUOUS
10
0.0657288582677165
20
0.9124048818897638
11
0.0650875590551181
21
0.9133646850393701
0
LINE
8
BLACK
6
CONTINUOUS
10
0.0650875590551181
20
0.9133646850393701
11
0.0649092125984252
21
0.9142611811023622
0
LINE
8
BLACK
6
CONTINUOUS
10
0.0649092125984252
20
0.9142611811023622
11
0.0647070472440945
21
0.914719094488189
0
LINE
8
BLACK
6
CONTINUOUS
10
0.0647070472440945
20
0.914719094488189
11
0.0645515354330709
21
0.9160593700787402
0
LINE
8
BLACK
6
CONTINUOUS
10
0.0645515354330709
20
0.9160593700787402
11
0.064488188976378
21
0.9163779527559055
0
LINE
8
BLACK
6
CONTINUOUS
10
0.064488188976378
20
0.9163779527559055
11
0.064488188976378
21
0.9636220472440945
0
LINE
8
BLACK
6
CONTINUOUS
10
0.064488188976378
20
0.9636220472440945
11
0.0645515748031496
21
0.963940748031496
0
LINE
8
BLACK
6
CONTINUOUS
10
0.0645515748031496
20
0.963940748031496
11
0.0647070472440945
21
0.9652808661417323
0
LINE
8
BLACK
6
CONTINUOUS
10
0.0647070472440945
20
0.9652808661417323
11
0.0649092125984252
21
0.9657387401574803
0
LINE
8
BLACK
6
CONTINUOUS
10
0.0649092125984252
20
0.9657387401574803
11
0.0650875590551181
21
0.9666353149606299
0
LINE
8
BLACK
6
CONTINUOUS
10
0.0650875590551181
20
0.9666353149606299
11
0.0657288976377953
21
0.967595157480315
0
LINE
8
BLACK
6
CONTINUOUS
10
0.0657288976377953
20
0.967595157480315
11
0.0659224015748032
21
0.9680333464566929
0
LINE
8
BLACK
6
CONTINUOUS
10
0.0659224015748032
20
0.9680333464566929
11
0.0662216929133858
21
0.9683326377952756
0
LINE
8
BLACK
6
CONTINUOUS
10
0.0662216929133858
20
0.9683326377952756
11
0.0667944488188976
21
0.9691898031496062
0
LINE
8
BLACK
6
CONTINUOUS
10
0.0667944488188976
20
0.9691898031496062
11
0.0676515748031496
21
0.9697625196850393
0
LINE
8
BLACK
6
CONTINUOUS
10
0.0676515748031496
20
0.9697625196850393
11
0.0679508661417323
21
0.970061811023622
0
LINE
8
BLACK
6
CONTINUOUS
10
0.0679508661417323
20
0.970061811023622
11
0.0683889763779528
21
0.9702552362204724
0
LINE
8
BLACK
6
CONTINUOUS
10
0.0683889763779528
20
0.9702552362204724
11
0.069348937007874
21
0.9708966929133858
0
LINE
8
BLACK
6
CONTINUOUS
10
0.069348937007874
20
0.9708966929133858
11
0.0702455905511811
21
0.9710750393700787
0
LINE
8
BLACK
6
CONTINUOUS
10
0.0702455905511811
20
0.9710750393700787
11
0.0707033464566929
21
0.9712771653543307
0
LINE
8
BLACK
6
CONTINUOUS
10
0.0707033464566929
20
0.9712771653543307
11
0.0720431496062992
21
0.9714325984251968
0
LINE
8
BLACK
6
CONTINUOUS
10
0.0720431496062992
20
0.9714325984251968
11
0.0723622047244094
21
0.971496062992126
0
LINE
8
BLACK
6
CONTINUOUS
10
0.0723622047244094
20
0.971496062992126
11
0.1274803149606299
21
0.971496062992126
0
LINE
8
BLACK
6
CONTINUOUS
10
0.1274803149606299
20
0.971496062992126
11
0.1277994881889764
21
0.9714325590551181
0
LINE
8
BLACK
6
CONTINUOUS
10
0.4477994881889764
20
0.9714325590551181
11
0.4491391338582677
21
0.9712771653543307
0
LINE
8
BLACK
6
CONTINUOUS
10
0.4491391338582677
20
0.9712771653543307
11
0.449596811023622
21
0.9710750393700787
0
LINE
8
BLACK
6
CONTINUOUS
10
0.449596811023622
20
0.9710750393700787
11
0.4504935826771653
21
0.9708966929133858
0
LINE
8
BLACK
6
CONTINUOUS
10
0.4504935826771653
20
0.9708966929133858
11
0.4514535826771653
21
0.9702551968503936
0
LINE
8
BLACK
6
CONTINUOUS
10
0.4514535826771653
20
0.9702551968503936
11
0.4518916141732283
21
0.970061811023622
0
LINE
8
BLACK
6
CONTINUOUS
10
0.4518916141732283
20
0.970061811023622
11
0.4521907874015748
21
0.9697625984251969
0
LINE
8
BLACK
6
CONTINUOUS
10
0.4521907874015748
20
0.9697625984251969
11
0.4530480708661417
21
0.9691898031496062
0
LINE
8
BLACK
6
CONTINUOUS
10
0.4530480708661417
20
0.9691898031496062
11
0.4536208661417322
21
0.9683325196850393
0
LINE
8
BLACK
6
CONTINUOUS
10
0.4536208661417322
20
0.9683325196850393
11
0.4539200787401575
21
0.9680333464566929
0
LINE
8
BLACK
6
CONTINUOUS
10
0.4539200787401575
20
0.9680333464566929
11
0.4541134645669291
21
0.9675953149606299
0
LINE
8
BLACK
6
CONTINUOUS
10
0.4541134645669291
20
0.9675953149606299
11
0.4547549606299213
21
0.9666353149606299
0
LINE
8
BLACK
6
CONTINUOUS
10
0.4547549606299213
20
0.9666353149606299
11
0.4549333070866142
21
0.9657385433070866
0
LINE
8
BLACK
6
CONTINUOUS
10
0.4549333070866142
20
0.9657385433070866
11
0.4551354330708661
21
0.9652808661417323
0
LINE
8
BLACK
6
CONTINUOUS
10
0.4551354330708661
20
0.9652808661417323
11
0.4552908267716536
21
0.9639411417322834
0
LINE
8
BLACK
6
CONTINUOUS
10
0.4552908267716536
20
0.9639411417322834
11
0.4553543307086614
21
0.9636220472440945
0
LINE
8
BLACK
6
CONTINUOUS
10
0.4553543307086614
20
0.9636220472440945
11
0.4553543307086614
21
0.9163779527559055
0
LINE
8
BLACK
6
CONTINUOUS
10
0.4553543307086614
20
0.9163779527559055
11
0.4552908267716536
21
0.9160588188976377
0
LINE
8
BLACK
6
CONTINUOUS
10
0.4552908267716536
20
0.9160588188976377
11
0.4551354330708661
21
0.914719094488189
0
LINE
8
BLACK
6
CONTINUOUS
10
0.4551354330708661
20
0.914719094488189
11
0.4549333070866142
21
0.9142613385826771
0
LINE
8
BLACK
6
CONTINUOUS
10
0.4549333070866142
20
0.9142613385826771
11
0.4547549606299213
21
0.9133646850393701
0
LINE
8
BLACK
6
CONTINUOUS
10
0.4547549606299213
20
0.9133646850393701
11
0.4541135039370079
21
0.9124047244094488
0
LINE
8
BLACK
6
CONTINUOUS
10
0.4541135039370079
20
0.9124047244094488
11
0.4539200787401575
21
0.9119666141732283
0
LINE
8
BLACK
6
CONTINUOUS
10
0.4539200787401575
20
0.9119666141732283
11
0.4536207874015748
21
0.9116673228346457
0
LINE
8
BLACK
6
CONTINUOUS
10
0.4536207874015748
20
0.9116673228346457
11
0.4530480708661417
21
0.9108101968503937
0
LINE
8
BLACK
6
CONTINUOUS
10
0.4530480708661417
20
0.9108101968503937
11
0.452190905511811
21
0.9102374409448819
0
LINE
8
BLACK
6
CONTINUOUS
10
0.452190905511811
20
0.9102374409448819
11
0.4518916141732283
21
0.9099381496062992
0
LINE
8
BLACK
6
CONTINUOUS
10
0.4518916141732283
20
0.9099381496062992
11
0.4514534251968504
21
0.9097446456692914
0
LINE
8
BLACK
6
CONTINUOUS
10
0.4514534251968504
20
0.9097446456692914
11
0.4504935826771653
21
0.9091033070866141
0
LINE
8
BLACK
6
CONTINUOUS
10
0.4504935826771653
20
0.9091033070866141
11
0.4495970078740157
21
0.9089249606299212
0
LINE
8
BLACK
6
CONTINUOUS
10
0.4495970078740157
20
0.9089249606299212
11
0.4491391338582677
21
0.9087227952755905
0
LINE
8
BLACK
6
CONTINUOUS
10
0.4491391338582677
20
0.9087227952755905
11
0.447798937007874
21
0.9085672834645669
0
LINE
8
BLACK
6
CONTINUOUS
10
0.447798937007874
20
0.9085672834645669
11
0.4474803149606299
21
0.908503937007874
0
LINE
8
BLACK
6
CONTINUOUS
10
0.4474803149606299
20
0.908503937007874
11
0.4472526377952756
21
0.908503937007874
0
LINE
8
BLACK
6
CONTINUOUS
10
0.4472526377952756
20
0.908503937007874
11
0.3925899212598425
21
0.908503937007874
0
LINE
8
BLACK
6
CONTINUOUS
10
0.3925899212598425
20
0.908503937007874
11
0.3923622047244094
21
0.908503937007874
0
LINE
8
BLACK
6
CONTINUOUS
10
0.3923622047244094
20
0.908503937007874
11
0.3920435433070866
21
0.9085672834645669
0
LINE
8
BLACK
6
CONTINUOUS
10
0.3920435433070866
20
0.9085672834645669
11
0.3907033464566929
21
0.9087227952755905
0
LINE
8
BLACK
6
CONTINUOUS
10
0.3907033464566929
20
0.9087227952755905
11
0.3902454330708661
21
0.9089249606299212
0
LINE
8
BLACK
6
CONTINUOUS
10
0.3902454330708661
20
0.9089249606299212
11
0.389348937007874
21
0.9091033070866141
0
LINE
8
BLACK
6
CONTINUOUS
10
0.389348937007874
20
0.9091033070866141
11
0.3883891338582677
21
0.9097446062992126
0
LINE
8
BLACK
6
CONTINUOUS
10
0.3883891338582677
20
0.9097446062992126
11
0.3879508661417323
21
0.9099381496062992
0
LINE
8
BLACK
6
CONTINUOUS
10
0.3879508661417323
20
0.9099381496062992
11
0.3876514566929134
21
0.9102375196850393
0
LINE
8
BLACK
6
CONTINUOUS
10
0.3876514566929134
20
0.9102375196850393
11
0.3867944488188976
21
0.9108101968503937
0
LINE
8
BLACK
6
CONTINUOUS
10
0.3867944488188976
20
0.9108101968503937
11
0.3862217716535433
21
0.9116672047244094
0
LINE
8
BLACK
6
CONTINUOUS
10
0.3862217716535433
20
0.9116672047244094
11
0.3859224015748031
21
0.9119666141732283
0
LINE
8
BLACK
6
CONTINUOUS
10
0.3859224015748031
20
0.9119666141732283
11
0.3857288582677165
21
0.9124048818897638
0
LINE
8
BLACK
6
CONTINUOUS
10
0.3857288582677165
20
0.9124048818897638
11
0.3850875590551181
21
0.9133646850393701
0
LINE
8
BLACK
6
CONTINUOUS
10
0.3850875590551181
20
0.9133646850393701
11
0.3849092125984252
21
0.9142611811023622
0
LINE
8
BLACK
6
CONTINUOUS
10
0.3849092125984252
20
0.9142611811023622
11
0.3847070472440945
21
0.914719094488189
0
LINE
8
BLACK
6
CONTINUOUS
10
0.3847070472440945
20
0.914719094488189
11
0.3845515354330709
21
0.9160593700787402
0
LINE
8
BLACK
6
CONTINUOUS
10
0.3845515354330709
20
0.9160593700787402
11
0.3844881889763779
21
0.9163779527559055
0
LINE
8
BLACK
6
CONTINUOUS
10
0.3844881889763779
20
0.9163779527559055
11
0.3844881889763779
21
0.9636220472440945
0
LINE
8
BLACK
6
CONTINUOUS
10
0.3844881889763779
20
0.9636220472440945
11
0.3845515748031496
21
0.963940748031496
0
LINE
8
BLACK
6
CONTINUOUS
10
0.3845515748031496
20
0.963940748031496
11
0.3847070472440945
21
0.9652808661417323
0
LINE
8
BLACK
6
CONTINUOUS
10
0.3847070472440945
20
0.9652808661417323
11
0.3849092125984252
21
0.9657387401574803
0
LINE
8
BLACK
6
CONTINUOUS
10
0.3849092125984252
20
0.9657387401574803
11
0.3850875590551181
21
0.9666353149606299
0
LINE
8
BLACK
6
CONTINUOUS
10
0.3850875590551181
20
0.9666353149606299
11
0.3857288976377953
21
0.967595157480315
0
LINE
8
BLACK
6
CONTINUOUS
10
0.3857288976377953
20
0.967595157480315
11
0.3859224015748031
21
0.9680333464566929
0
LINE
8
BLACK
6
CONTINUOUS
10
0.3859224015748031
20
0.9680333464566929
11
0.3862216929133858
21
0.9683326377952756
0
LINE
8
BLACK
6
CONTINUOUS
10
0.3862216929133858
20
0.9683326377952756
11
0.3867944488188976
21
0.9691898031496062
0
LINE
8
BLACK
6
CONTINUOUS
10
0.3867944488188976
20
0.9691898031496062
11
0.3876515748031496
21
0.9697625196850393
0
LINE
8
BLACK
6
CONTINUOUS
10
0.3876515748031496
20
0.9697625196850393
11
0.3879508661417323
21
0.970061811023622
0
LINE
8
BLACK
6
CONTINUOUS
10
0.3879508661417323
20
0.970061811023622
11
0.3883889763779527
21
0.9702552362204724
0
LINE
8
BLACK
6
CONTINUOUS
10
0.3883889763779527
20
0.9702552362204724
11
0.389348937007874
21
0.9708966929133858
0
LINE
8
BLACK
6
CONTINUOUS
10
0.389348937007874
20
0.9708966929133858
11
0.3902455905511811
21
0.9710750393700787
0
LINE
8
BLACK
6
CONTINUOUS
10
0.3902455905511811
20
0.9710750393700787
11
0.3907033464566929
21
0.9712771653543307
0
LINE
8
BLACK
6
CONTINUOUS
10
0.3907033464566929
20
0.9712771653543307
11
0.3920431496062992
21
0.9714325984251968
0
LINE
8
BLACK
6
CONTINUOUS
10
0.3920431496062992
20
0.9714325984251968
11
0.3923622047244094
21
0.971496062992126
0
LINE
8
BLACK
6
CONTINUOUS
10
0.3923622047244094
20
0.971496062992126
11
0.4474803149606299
21
0.971496062992126
0
LINE
8
BLACK
6
CONTINUOUS
10
0.4474803149606299
20
0.971496062992126
11
0.4477994881889764
21
0.9714325590551181
0
LINE
8
BLACK
6
CONTINUOUS
10
0.7677994881889764
20
0.9714325590551181
11
0.7691391338582677
21
0.9712771653543307
0
LINE
8
BLACK
6
CONTINUOUS
10
0.7691391338582677
20
0.9712771653543307
11
0.769596811023622
21
0.9710750393700787
0
LINE
8
BLACK
6
CONTINUOUS
10
0.769596811023622
20
0.9710750393700787
11
0.7704935826771654
21
0.9708966929133858
0
LINE
8
BLACK
6
CONTINUOUS
10
0.7704935826771654
20
0.9708966929133858
11
0.7714535826771654
21
0.9702551968503936
0
LINE
8
BLACK
6
CONTINUOUS
10
0.7714535826771654
20
0.9702551968503936
11
0.7718916141732284
21
0.970061811023622
0
LINE
8
BLACK
6
CONTINUOUS
10
0.7718916141732284
20
0.970061811023622
11
0.7721907874015748
21
0.9697625984251969
0
LINE
8
BLACK
6
CONTINUOUS
10
0.7721907874015748
20
0.9697625984251969
11
0.7730480708661417
21
0.9691898031496062
0
LINE
8
BLACK
6
CONTINUOUS
10
0.7730480708661417
20
0.9691898031496062
11
0.7736208661417323
21
0.9683325196850393
0
LINE
8
BLACK
6
CONTINUOUS
10
0.7736208661417323
20
0.9683325196850393
11
0.7739200787401574
21
0.9680333464566929
0
LINE
8
BLACK
6
CONTINUOUS
10
0.7739200787401574
20
0.9680333464566929
11
0.7741134645669291
21
0.9675953149606299
0
LINE
8
BLACK
6
CONTINUOUS
10
0.7741134645669291
20
0.9675953149606299
11
0.7747549606299212
21
0.9666353149606299
0
LINE
8
BLACK
6
CONTINUOUS
10
0.7747549606299212
20
0.9666353149606299
11
0.7749333070866141
21
0.9657385433070866
0
LINE
8
BLACK
6
CONTINUOUS
10
0.7749333070866141
20
0.9657385433070866
11
0.7751354330708661
21
0.9652808661417323
0
LINE
8
BLACK
6
CONTINUOUS
10
0.7751354330708661
20
0.9652808661417323
11
0.7752908267716535
21
0.9639411417322834
0
LINE
8
BLACK
6
CONTINUOUS
10
0.7752908267716535
20
0.9639411417322834
11
0.7753543307086614
21
0.9636220472440945
0
LINE
8
BLACK
6
CONTINUOUS
10
0.7753543307086614
20
0.9636220472440945
11
0.7753543307086614
21
0.9163779527559055
0
LINE
8
BLACK
6
CONTINUOUS
10
0.7753543307086614
20
0.9163779527559055
11
0.7752908267716535
21
0.9160588188976377
0
LINE
8
BLACK
6
CONTINUOUS
10
0.7752908267716535
20
0.9160588188976377
11
0.7751354330708661
21
0.914719094488189
0
LINE
8
BLACK
6
CONTINUOUS
10
0.7751354330708661
20
0.914719094488189
11
0.7749333070866141
21
0.9142613385826771
0
LINE
8
BLACK
6
CONTINUOUS
10
0.7749333070866141
20
0.9142613385826771
11
0.7747549606299212
21
0.9133646850393701
0
LINE
8
BLACK
6
CONTINUOUS
10
0.7747549606299212
20
0.9133646850393701
11
0.7741135039370078
21
0.9124047244094488
0
LINE
8
BLACK
6
CONTINUOUS
10
0.7741135039370078
20
0.9124047244094488
11
0.7739200787401574
21
0.9119666141732283
0
LINE
8
BLACK
6
CONTINUOUS
10
0.7739200787401574
20
0.9119666141732283
11
0.7736207874015748
21
0.9116673228346457
0
LINE
8
BLACK
6
CONTINUOUS
10
0.7736207874015748
20
0.9116673228346457
11
0.7730480708661417
21
0.9108101968503937
0
LINE
8
BLACK
6
CONTINUOUS
10
0.7730480708661417
20
0.9108101968503937
11
0.772190905511811
21
0.9102374409448819
0
LINE
8
BLACK
6
CONTINUOUS
10
0.772190905511811
20
0.9102374409448819
11
0.7718916141732284
21
0.9099381496062992
0
LINE
8
BLACK
6
CONTINUOUS
10
0.7718916141732284
20
0.9099381496062992
11
0.7714534251968503
21
0.9097446456692914
0
LINE
8
BLACK
6
CONTINUOUS
10
0.7714534251968503
20
0.9097446456692914
11
0.7704935826771654
21
0.9091033070866141
0
LINE
8
BLACK
6
CONTINUOUS
10
0.7704935826771654
20
0.9091033070866141
11
0.7695970078740157
21
0.9089249606299212
0
LINE
8
BLACK
6
CONTINUOUS
10
0.7695970078740157
20
0.9089249606299212
11
0.7691391338582677
21
0.9087227952755905
0
LINE
8
BLACK
6
CONTINUOUS
10
0.7691391338582677
20
0.9087227952755905
11
0.767798937007874
21
0.9085672834645669
0
LINE
8
BLACK
6
CONTINUOUS
10
0.767798937007874
20
0.9085672834645669
11
0.7674803149606299
21
0.908503937007874
0
LINE
8
BLACK
6
CONTINUOUS
10
0.7674803149606299
20
0.908503937007874
11
0.7672526377952755
21
0.908503937007874
0
LINE
8
BLACK
6
CONTINUOUS
10
0.7672526377952755
20
0.908503937007874
11
0.7125899212598426
21
0.908503937007874
0
LINE
8
BLACK
6
CONTINUOUS
10
0.7125899212598426
20
0.908503937007874
11
0.7123622047244095
21
0.908503937007874
0
LINE
8
BLACK
6
CONTINUOUS
10
0.7123622047244095
20
0.908503937007874
11
0.7120435433070866
21
0.9085672834645669
0
LINE
8
BLACK
6
CONTINUOUS
10
0.7120435433070866
20
0.9085672834645669
11
0.7107033464566929
21
0.9087227952755905
0
LINE
8
BLACK
6
CONTINUOUS
10
0.7107033464566929
20
0.9087227952755905
11
0.7102454330708661
21
0.9089249606299212
0
LINE
8
BLACK
6
CONTINUOUS
10
0.7102454330708661
20
0.9089249606299212
11
0.709348937007874
21
0.9091033070866141
0
LINE
8
BLACK
6
CONTINUOUS
10
0.709348937007874
20
0.9091033070866141
11
0.7083891338582677
21
0.9097446062992126
0
LINE
8
BLACK
6
CONTINUOUS
10
0.7083891338582677
20
0.9097446062992126
11
0.7079508661417323
21
0.9099381496062992
0
LINE
8
BLACK
6
CONTINUOUS
10
0.7079508661417323
20
0.9099381496062992
11
0.7076514566929134
21
0.9102375196850393
0
LINE
8
BLACK
6
CONTINUOUS
10
0.7076514566929134
20
0.9102375196850393
11
0.7067944488188976
21
0.9108101968503937
0
LINE
8
BLACK
6
CONTINUOUS
10
0.7067944488188976
20
0.9108101968503937
11
0.7062217716535433
21
0.9116672047244094
0
LINE
8
BLACK
6
CONTINUOUS
10
0.7062217716535433
20
0.9116672047244094
11
0.7059224015748031
21
0.9119666141732283
0
LINE
8
BLACK
6
CONTINUOUS
10
0.7059224015748031
20
0.9119666141732283
11
0.7057288582677165
21
0.9124048818897638
0
LINE
8
BLACK
6
CONTINUOUS
10
0.7057288582677165
20
0.9124048818897638
11
0.7050875590551181
21
0.9133646850393701
0
LINE
8
BLACK
6
CONTINUOUS
10
0.7050875590551181
20
0.9133646850393701
11
0.7049092125984252
21
0.9142611811023622
0
LINE
8
BLACK
6
CONTINUOUS
10
0.7049092125984252
20
0.9142611811023622
11
0.7047070472440945
21
0.914719094488189
0
LINE
8
BLACK
6
CONTINUOUS
10
0.7047070472440945
20
0.914719094488189
11
0.7045515354330708
21
0.9160593700787402
0
LINE
8
BLACK
6
CONTINUOUS
10
0.7045515354330708
20
0.9160593700787402
11
0.7044881889763779
21
0.9163779527559055
0
LINE
8
BLACK
6
CONTINUOUS
10
0.7044881889763779
20
0.9163779527559055
11
0.7044881889763779
21
0.9636220472440945
0
LINE
8
BLACK
6
CONTINUOUS
10
0.7044881889763779
20
0.9636220472440945
11
0.7045515748031496
21
0.963940748031496
0
LINE
8
BLACK
6
CONTINUOUS
10
0.7045515748031496
20
0.963940748031496
11
0.7047070472440945
21
0.9652808661417323
0
LINE
8
BLACK
6
CONTINUOUS
10
0.7047070472440945
20
0.9652808661417323
11
0.7049092125984252
21
0.9657387401574803
0
LINE
8
BLACK
6
CONTINUOUS
10
0.7049092125984252
20
0.9657387401574803
11
0.7050875590551181
21
0.9666353149606299
0
LINE
8
BLACK
6
CONTINUOUS
10
0.7050875590551181
20
0.9666353149606299
11
0.7057288976377952
21
0.967595157480315
0
LINE
8
BLACK
6
CONTINUOUS
10
0.7057288976377952
20
0.967595157480315
11
0.7059224015748031
21
0.9680333464566929
0
LINE
8
BLACK
6
CONTINUOUS
10
0.7059224015748031
20
0.9680333464566929
11
0.7062216929133858
21
0.9683326377952756
0
LINE
8
BLACK
6
CONTINUOUS
10
0.7062216929133858
20
0.9683326377952756
11
0.7067944488188976
21
0.9691898031496062
0
LINE
8
BLACK
6
CONTINUOUS
10
0.7067944488188976
20
0.9691898031496062
11
0.7076515748031496
21
0.9697625196850393
0
LINE
8
BLACK
6
CONTINUOUS
10
0.7076515748031496
20
0.9697625196850393
11
0.7079508661417323
21
0.970061811023622
0
LINE
8
BLACK
6
CONTINUOUS
10
0.7079508661417323
20
0.970061811023622
11
0.7083889763779527
21
0.9702552362204724
0
LINE
8
BLACK
6
CONTINUOUS
10
0.7083889763779527
20
0.9702552362204724
11
0.709348937007874
21
0.9708966929133858
0
LINE
8
BLACK
6
CONTINUOUS
10
0.709348937007874
20
0.9708966929133858
11
0.7102455905511811
21
0.9710750393700787
0
LINE
8
BLACK
6
CONTINUOUS
10
0.7102455905511811
20
0.9710750393700787
11
0.7107033464566929
21
0.9712771653543307
0
LINE
8
BLACK
6
CONTINUOUS
10
0.7107033464566929
20
0.9712771653543307
11
0.7120431496062992
21
0.9714325984251968
0
LINE
8
BLACK
6
CONTINUOUS
10
0.7120431496062992
20
0.9714325984251968
11
0.7123622047244095
21
0.971496062992126
0
LINE
8
BLACK
6
CONTINUOUS
10
0.7123622047244095
20
0.971496062992126
11
0.7674803149606299
21
0.971496062992126
0
LINE
8
BLACK
6
CONTINUOUS
10
0.7674803149606299
20
0.971496062992126
11
0.7677994881889764
21
0.9714325590551181
0
LINE
8
BLACK
6
CONTINUOUS
10
1.0877994881889763
20
0.9714325590551181
11
1.0891391338582677
21
0.9712771653543307
0
LINE
8
BLACK
6
CONTINUOUS
10
1.0891391338582677
20
0.9712771653543307
11
1.089596811023622
21
0.9710750393700787
0
LINE
8
BLACK
6
CONTINUOUS
10
1.089596811023622
20
0.9710750393700787
11
1.0904935826771653
21
0.9708966929133858
0
LINE
8
BLACK
6
CONTINUOUS
10
1.0904935826771653
20
0.9708966929133858
11
1.0914535826771654
21
0.9702551968503936
0
LINE
8
BLACK
6
CONTINUOUS
10
1.0914535826771654
20
0.9702551968503936
11
1.0918916141732282
21
0.970061811023622
0
LINE
8
BLACK
6
CONTINUOUS
10
1.0918916141732282
20
0.970061811023622
11
1.0921907874015748
21
0.9697625984251969
0
LINE
8
BLACK
6
CONTINUOUS
10
1.0921907874015748
20
0.9697625984251969
11
1.0930480708661416
21
0.9691898031496062
0
LINE
8
BLACK
6
CONTINUOUS
10
1.0930480708661416
20
0.9691898031496062
11
1.0936208661417322
21
0.9683325196850393
0
LINE
8
BLACK
6
CONTINUOUS
10
1.0936208661417322
20
0.9683325196850393
11
1.0939200787401575
21
0.9680333464566929
0
LINE
8
BLACK
6
CONTINUOUS
10
1.0939200787401575
20
0.9680333464566929
11
1.094113464566929
21
0.9675953149606299
0
LINE
8
BLACK
6
CONTINUOUS
10
1.094113464566929
20
0.9675953149606299
11
1.0947549606299212
21
0.9666353149606299
0
LINE
8
BLACK
6
CONTINUOUS
10
1.0947549606299212
20
0.9666353149606299
11
1.0949333070866141
21
0.9657385433070866
0
LINE
8
BLACK
6
CONTINUOUS
10
1.0949333070866141
20
0.9657385433070866
11
1.095135433070866
21
0.9652808661417323
0
LINE
8
BLACK
6
CONTINUOUS
10
1.095135433070866
20
0.9652808661417323
11
1.0952908267716535
21
0.9639411417322834
0
LINE
8
BLACK
6
CONTINUOUS
10
1.0952908267716535
20
0.9639411417322834
11
1.0953543307086613
21
0.9636220472440945
0
LINE
8
BLACK
6
CONTINUOUS
10
1.0953543307086613
20
0.9636220472440945
11
1.0953543307086613
21
0.9163779527559055
0
LINE
8
BLACK
6
CONTINUOUS
10
1.0953543307086613
20
0.9163779527559055
11
1.0952908267716535
21
0.9160588188976377
0
LINE
8
BLACK
6
CONTINUOUS
10
1.0952908267716535
20
0.9160588188976377
11
1.095135433070866
21
0.914719094488189
0
LINE
8
BLACK
6
CONTINUOUS
10
1.095135433070866
20
0.914719094488189
11
1.0949333070866141
21
0.9142613385826771
0
LINE
8
BLACK
6
CONTINUOUS
10
1.0949333070866141
20
0.9142613385826771
11
1.0947549606299212
21
0.9133646850393701
0
LINE
8
BLACK
6
CONTINUOUS
10
1.0947549606299212
20
0.9133646850393701
11
1.0941135039370078
21
0.9124047244094488
0
LINE
8
BLACK
6
CONTINUOUS
10
1.0941135039370078
20
0.9124047244094488
11
1.0939200787401575
21
0.9119666141732283
0
LINE
8
BLACK
6
CONTINUOUS
10
1.0939200787401575
20
0.9119666141732283
11
1.0936207874015749
21
0.9116673228346457
0
LINE
8
BLACK
6
CONTINUOUS
10
1.0936207874015749
20
0.9116673228346457
11
1.0930480708661416
21
0.9108101968503937
0
LINE
8
BLACK
6
CONTINUOUS
10
1.0930480708661416
20
0.9108101968503937
11
1.0921909055118111
21
0.9102374409448819
0
LINE
8
BLACK
6
CONTINUOUS
10
1.0921909055118111
20
0.9102374409448819
11
1.0918916141732282
21
0.9099381496062992
0
LINE
8
BLACK
6
CONTINUOUS
10
1.0918916141732282
20
0.9099381496062992
11
1.0914534251968504
21
0.9097446456692914
0
LINE
8
BLACK
6
CONTINUOUS
10
1.0914534251968504
20
0.9097446456692914
11
1.0904935826771653
21
0.9091033070866141
0
LINE
8
BLACK
6
CONTINUOUS
10
1.0904935826771653
20
0.9091033070866141
11
1.0895970078740158
21
0.9089249606299212
0
LINE
8
BLACK
6
CONTINUOUS
10
1.0895970078740158
20
0.9089249606299212
11
1.0891391338582677
21
0.9087227952755905
0
LINE
8
BLACK
6
CONTINUOUS
10
1.0891391338582677
20
0.9087227952755905
11
1.087798937007874
21
0.9085672834645669
0
LINE
8
BLACK
6
CONTINUOUS
10
1.087798937007874
20
0.9085672834645669
11
1.0874803149606298
21
0.908503937007874
0
LINE
8
BLACK
6
CONTINUOUS
10
1.0874803149606298
20
0.908503937007874
11
1.0872526377952756
21
0.908503937007874
0
LINE
8
BLACK
6
CONTINUOUS
10
1.0872526377952756
20
0.908503937007874
11
1.0325899212598424
21
0.908503937007874
0
LINE
8
BLACK
6
CONTINUOUS
10
1.0325899212598424
20
0.908503937007874
11
1.0323622047244094
21
0.908503937007874
0
LINE
8
BLACK
6
CONTINUOUS
10
1.0323622047244094
20
0.908503937007874
11
1.0320435433070867
21
0.9085672834645669
0
LINE
8
BLACK
6
CONTINUOUS
10
1.0320435433070867
20
0.9085672834645669
11
1.0307033464566928
21
0.9087227952755905
0
LINE
8
BLACK
6
CONTINUOUS
10
1.0307033464566928
20
0.9087227952755905
11
1.0302454330708661
21
0.9089249606299212
0
LINE
8
BLACK
6
CONTINUOUS
10
1.0302454330708661
20
0.9089249606299212
11
1.0293489370078739
21
0.9091033070866141
0
LINE
8
BLACK
6
CONTINUOUS
10
1.0293489370078739
20
0.9091033070866141
11
1.0283891338582678
21
0.9097446062992126
0
LINE
8
BLACK
6
CONTINUOUS
10
1.0283891338582678
20
0.9097446062992126
11
1.0279508661417323
21
0.9099381496062992
0
LINE
8
BLACK
6
CONTINUOUS
10
1.0279508661417323
20
0.9099381496062992
11
1.0276514566929134
21
0.9102375196850393
0
LINE
8
BLACK
6
CONTINUOUS
10
1.0276514566929134
20
0.9102375196850393
11
1.0267944488188976
21
0.9108101968503937
0
LINE
8
BLACK
6
CONTINUOUS
10
1.0267944488188976
20
0.9108101968503937
11
1.0262217716535433
21
0.9116672047244094
0
LINE
8
BLACK
6
CONTINUOUS
10
1.0262217716535433
20
0.9116672047244094
11
1.0259224015748032
21
0.9119666141732283
0
LINE
8
BLACK
6
CONTINUOUS
10
1.0259224015748032
20
0.9119666141732283
11
1.0257288582677164
21
0.9124048818897638
0
LINE
8
BLACK
6
CONTINUOUS
10
1.0257288582677164
20
0.9124048818897638
11
1.0250875590551181
21
0.9133646850393701
0
LINE
8
BLACK
6
CONTINUOUS
10
1.0250875590551181
20
0.9133646850393701
11
1.0249092125984252
21
0.9142611811023622
0
LINE
8
BLACK
6
CONTINUOUS
10
1.0249092125984252
20
0.9142611811023622
11
1.0247070472440944
21
0.914719094488189
0
LINE
8
BLACK
6
CONTINUOUS
10
1.0247070472440944
20
0.914719094488189
11
1.0245515354330708
21
0.9160593700787402
0
LINE
8
BLACK
6
CONTINUOUS
10
1.0245515354330708
20
0.9160593700787402
11
1.0244881889763779
21
0.9163779527559055
0
LINE
8
BLACK
6
CONTINUOUS
10
1.0244881889763779
20
0.9163779527559055
11
1.0244881889763779
21
0.9636220472440945
0
LINE
8
BLACK
6
CONTINUOUS
10
1.0244881889763779
20
0.9636220472440945
11
1.0245515748031495
21
0.963940748031496
0
LINE
8
BLACK
6
CONTINUOUS
10
1.0245515748031495
20
0.963940748031496
11
1.0247070472440944
21
0.9652808661417323
0
LINE
8
BLACK
6
CONTINUOUS
10
1.0247070472440944
20
0.9652808661417323
11
1.0249092125984252
21
0.9657387401574803
0
LINE
8
BLACK
6
CONTINUOUS
10
1.0249092125984252
20
0.9657387401574803
11
1.0250875590551181
21
0.9666353149606299
0
LINE
8
BLACK
6
CONTINUOUS
10
1.0250875590551181
20
0.9666353149606299
11
1.0257288976377952
21
0.967595157480315
0
LINE
8
BLACK
6
CONTINUOUS
10
1.0257288976377952
20
0.967595157480315
11
1.0259224015748032
21
0.9680333464566929
0
LINE
8
BLACK
6
CONTINUOUS
10
1.0259224015748032
20
0.9680333464566929
11
1.0262216929133858
21
0.9683326377952756
0
LINE
8
BLACK
6
CONTINUOUS
10
1.0262216929133858
20
0.9683326377952756
11
1.0267944488188976
21
0.9691898031496062
0
LINE
8
BLACK
6
CONTINUOUS
10
1.0267944488188976
20
0.9691898031496062
11
1.0276515748031496
21
0.9697625196850393
0
LINE
8
BLACK
6
CONTINUOUS
10
1.0276515748031496
20
0.9697625196850393
11
1.0279508661417323
21
0.970061811023622
0
LINE
8
BLACK
6
CONTINUOUS
10
1.0279508661417323
20
0.970061811023622
11
1.0283889763779528
21
0.9702552362204724
0
LINE
8
BLACK
6
CONTINUOUS
10
1.0283889763779528
20
0.9702552362204724
11
1.0293489370078739
21
0.9708966929133858
0
LINE
8
BLACK
6
CONTINUOUS
10
1.0293489370078739
20
0.9708966929133858
11
1.0302455905511811
21
0.9710750393700787
0
LINE
8
BLACK
6
CONTINUOUS
10
1.0302455905511811
20
0.9710750393700787
11
1.0307033464566928
21
0.9712771653543307
0
LINE
8
BLACK
6
CONTINUOUS
10
1.0307033464566928
20
0.9712771653543307
11
1.0320431496062992
21
0.9714325984251968
0
LINE
8
BLACK
6
CONTINUOUS
10
1.0320431496062992
20
0.9714325984251968
11
1.0323622047244094
21
0.971496062992126
0
LINE
8
BLACK
6
CONTINUOUS
10
1.0323622047244094
20
0.971496062992126
11
1.0874803149606298
21
0.971496062992126
0
LINE
8
BLACK
6
CONTINUOUS
10
1.0874803149606298
20
0.971496062992126
11
1.0877994881889763
21
0.9714325590551181
0
LINE
8
BLACK
6
CONTINUOUS
10
0.367956968503937
20
1.1671805905511812
11
0.3692966141732283
21
1.1670251968503937
0
LINE
8
BLACK
6
CONTINUOUS
10
0.3692966141732283
20
1.1670251968503937
11
0.3697542913385827
21
1.1668230708661418
0
LINE
8
BLACK
6
CONTINUOUS
10
0.3697542913385827
20
1.1668230708661418
11
0.370651062992126
21
1.1666447244094489
0
LINE
8
BLACK
6
CONTINUOUS
10
0.370651062992126
20
1.1666447244094489
11
0.371611062992126
21
1.1660032283464568
0
LINE
8
BLACK
6
CONTINUOUS
10
0.371611062992126
20
1.1660032283464568
11
0.372049094488189
21
1.165809842519685
0
LINE
8
BLACK
6
CONTINUOUS
10
0.372049094488189
20
1.165809842519685
11
0.3723482677165354
21
1.1655106299212599
0
LINE
8
BLACK
6
CONTINUOUS
10
0.3723482677165354
20
1.1655106299212599
11
0.3732055511811024
21
1.1649378346456694
0
LINE
8
BLACK
6
CONTINUOUS
10
0.3732055511811024
20
1.1649378346456694
11
0.3737783464566929
21
1.1640805511811023
0
LINE
8
BLACK
6
CONTINUOUS
10
0.3737783464566929
20
1.1640805511811023
11
0.3740775590551181
21
1.1637813779527559
0
LINE
8
BLACK
6
CONTINUOUS
10
0.3740775590551181
20
1.1637813779527559
11
0.3742709448818898
21
1.1633433464566929
0
LINE
8
BLACK
6
CONTINUOUS
10
0.3742709448818898
20
1.1633433464566929
11
0.3749124409448819
21
1.1623833464566928
0
LINE
8
BLACK
6
CONTINUOUS
10
0.3749124409448819
20
1.1623833464566928
11
0.3750907874015748
21
1.1614865748031495
0
LINE
8
BLACK
6
CONTINUOUS
10
0.3750907874015748
20
1.1614865748031495
11
0.3752929133858268
21
1.1610288976377952
0
LINE
8
BLACK
6
CONTINUOUS
10
0.3752929133858268
20
1.1610288976377952
11
0.3754483070866141
21
1.1596891732283465
0
LINE
8
BLACK
6
CONTINUOUS
10
0.3754483070866141
20
1.1596891732283465
11
0.375511811023622
21
1.1593700787401575
0
LINE
8
BLACK
6
CONTINUOUS
10
0.375511811023622
20
1.1593700787401575
11
0.375511811023622
21
1.0806299212598425
0
LINE
8
BLACK
6
CONTINUOUS
10
0.375511811023622
20
1.0806299212598425
11
0.3754483070866141
21
1.0803107874015747
0
LINE
8
BLACK
6
CONTINUOUS
10
0.3754483070866141
20
1.0803107874015747
11
0.3752929133858268
21
1.0789710629921259
0
LINE
8
BLACK
6
CONTINUOUS
10
0.3752929133858268
20
1.0789710629921259
11
0.3750907874015748
21
1.0785133070866142
0
LINE
8
BLACK
6
CONTINUOUS
10
0.3750907874015748
20
1.0785133070866142
11
0.3749124409448819
21
1.0776166535433072
0
LINE
8
BLACK
6
CONTINUOUS
10
0.3749124409448819
20
1.0776166535433072
11
0.3742709842519685
21
1.0766566929133858
0
LINE
8
BLACK
6
CONTINUOUS
10
0.3742709842519685
20
1.0766566929133858
11
0.3740775590551181
21
1.0762185826771653
0
LINE
8
BLACK
6
CONTINUOUS
10
0.3740775590551181
20
1.0762185826771653
11
0.3737782677165354
21
1.0759192913385827
0
LINE
8
BLACK
6
CONTINUOUS
10
0.3737782677165354
20
1.0759192913385827
11
0.3732055511811024
21
1.0750621653543306
0
LINE
8
BLACK
6
CONTINUOUS
10
0.3732055511811024
20
1.0750621653543306
11
0.3723483858267717
21
1.0744894094488189
0
LINE
8
BLACK
6
CONTINUOUS
10
0.3723483858267717
20
1.0744894094488189
11
0.372049094488189
21
1.0741901181102362
0
LINE
8
BLACK
6
CONTINUOUS
10
0.372049094488189
20
1.0741901181102362
11
0.371610905511811
21
1.0739966141732282
0
LINE
8
BLACK
6
CONTINUOUS
10
0.371610905511811
20
1.0739966141732282
11
0.370651062992126
21
1.0733552755905511
0
LINE
8
BLACK
6
CONTINUOUS
10
0.370651062992126
20
1.0733552755905511
11
0.3697544881889764
21
1.0731769291338582
0
LINE
8
BLACK
6
CONTINUOUS
10
0.3697544881889764
20
1.0731769291338582
11
0.3692966141732283
21
1.0729747637795275
0
LINE
8
BLACK
6
CONTINUOUS
10
0.3692966141732283
20
1.0729747637795275
11
0.3679564173228346
21
1.0728192519685038
0
LINE
8
BLACK
6
CONTINUOUS
10
0.3679564173228346
20
1.0728192519685038
11
0.3676377952755905
21
1.072755905511811
0
LINE
8
BLACK
6
CONTINUOUS
10
0.3676377952755905
20
1.072755905511811
11
0.3674101181102362
21
1.072755905511811
0
LINE
8
BLACK
6
CONTINUOUS
10
0.3674101181102362
20
1.072755905511811
11
0.3127474015748031
21
1.072755905511811
0
LINE
8
BLACK
6
CONTINUOUS
10
0.3127474015748031
20
1.072755905511811
11
0.3125196850393701
21
1.072755905511811
0
LINE
8
BLACK
6
CONTINUOUS
10
0.3125196850393701
20
1.072755905511811
11
0.3122010236220472
21
1.0728192519685038
0
LINE
8
BLACK
6
CONTINUOUS
10
0.3122010236220472
20
1.0728192519685038
11
0.3108608267716536
21
1.0729747637795275
0
LINE
8
BLACK
6
CONTINUOUS
10
0.3108608267716536
20
1.0729747637795275
11
0.3104029133858268
21
1.0731769291338582
0
LINE
8
BLACK
6
CONTINUOUS
10
0.3104029133858268
20
1.0731769291338582
11
0.3095064173228346
21
1.0733552755905511
0
LINE
8
BLACK
6
CONTINUOUS
10
0.3095064173228346
20
1.0733552755905511
11
0.3085466141732283
21
1.0739965748031495
0
LINE
8
BLACK
6
CONTINUOUS
10
0.3085466141732283
20
1.0739965748031495
11
0.3081083464566929
21
1.0741901181102362
0
LINE
8
BLACK
6
CONTINUOUS
10
0.3081083464566929
20
1.0741901181102362
11
0.307808937007874
21
1.0744894881889764
0
LINE
8
BLACK
6
CONTINUOUS
10
0.307808937007874
20
1.0744894881889764
11
0.3069519291338583
21
1.0750621653543306
0
LINE
8
BLACK
6
CONTINUOUS
10
0.3069519291338583
20
1.0750621653543306
11
0.3063792519685039
21
1.0759191732283464
0
LINE
8
BLACK
6
CONTINUOUS
10
0.3063792519685039
20
1.0759191732283464
11
0.3060798818897638
21
1.0762185826771653
0
LINE
8
BLACK
6
CONTINUOUS
10
0.3060798818897638
20
1.0762185826771653
11
0.3058863385826772
21
1.0766568503937008
0
LINE
8
BLACK
6
CONTINUOUS
10
0.3058863385826772
20
1.0766568503937008
11
0.3052450393700787
21
1.0776166535433072
0
LINE
8
BLACK
6
CONTINUOUS
10
0.3052450393700787
20
1.0776166535433072
11
0.3050666929133858
21
1.0785131496062992
0
LINE
8
BLACK
6
CONTINUOUS
10
0.3050666929133858
20
1.0785131496062992
11
0.3048645275590551
21
1.0789710629921259
0
LINE
8
BLACK
6
CONTINUOUS
10
0.3048645275590551
20
1.0789710629921259
11
0.3047090157480315
21
1.0803113385826772
0
LINE
8
BLACK
6
CONTINUOUS
10
0.3047090157480315
20
1.0803113385826772
11
0.3046456692913386
21
1.0806299212598425
0
LINE
8
BLACK
6
CONTINUOUS
10
0.3046456692913386
20
1.0806299212598425
11
0.3046456692913386
21
1.1593700787401575
0
LINE
8
BLACK
6
CONTINUOUS
10
0.3046456692913386
20
1.1593700787401575
11
0.3047090551181103
21
1.159688779527559
0
LINE
8
BLACK
6
CONTINUOUS
10
0.3047090551181103
20
1.159688779527559
11
0.3048645275590551
21
1.1610288976377952
0
LINE
8
BLACK
6
CONTINUOUS
10
0.3048645275590551
20
1.1610288976377952
11
0.3050666929133858
21
1.1614867716535433
0
LINE
8
BLACK
6
CONTINUOUS
10
0.3050666929133858
20
1.1614867716535433
11
0.3052450393700787
21
1.1623833464566928
0
LINE
8
BLACK
6
CONTINUOUS
10
0.3052450393700787
20
1.1623833464566928
11
0.3058863779527559
21
1.1633431889763779
0
LINE
8
BLACK
6
CONTINUOUS
10
0.3058863779527559
20
1.1633431889763779
11
0.3060798818897638
21
1.1637813779527559
0
LINE
8
BLACK
6
CONTINUOUS
10
0.3060798818897638
20
1.1637813779527559
11
0.3063791732283465
21
1.1640806692913386
0
LINE
8
BLACK
6
CONTINUOUS
10
0.3063791732283465
20
1.1640806692913386
11
0.3069519291338583
21
1.1649378346456694
0
LINE
8
BLACK
6
CONTINUOUS
10
0.3069519291338583
20
1.1649378346456694
11
0.3078090551181102
21
1.1655105511811024
0
LINE
8
BLACK
6
CONTINUOUS
10
0.3078090551181102
20
1.1655105511811024
11
0.3081083464566929
21
1.165809842519685
0
LINE
8
BLACK
6
CONTINUOUS
10
0.3081083464566929
20
1.165809842519685
11
0.3085464566929134
21
1.1660032677165355
0
LINE
8
BLACK
6
CONTINUOUS
10
0.3085464566929134
20
1.1660032677165355
11
0.3095064173228346
21
1.1666447244094489
0
LINE
8
BLACK
6
CONTINUOUS
10
0.3095064173228346
20
1.1666447244094489
11
0.3104030708661417
21
1.1668230708661418
0
LINE
8
BLACK
6
CONTINUOUS
10
0.3104030708661417
20
1.1668230708661418
11
0.3108608267716536
21
1.1670251968503937
0
LINE
8
BLACK
6
CONTINUOUS
10
0.3108608267716536
20
1.1670251968503937
11
0.3122006299212599
21
1.1671806299212599
0
LINE
8
BLACK
6
CONTINUOUS
10
0.3122006299212599
20
1.1671806299212599
11
0.3125196850393701
21
1.167244094488189
0
LINE
8
BLACK
6
CONTINUOUS
10
0.3125196850393701
20
1.167244094488189
11
0.3676377952755905
21
1.167244094488189
0
LINE
8
BLACK
6
CONTINUOUS
10
0.3676377952755905
20
1.167244094488189
11
0.367956968503937
21
1.1671805905511812
0
LINE
8
BLACK
6
CONTINUOUS
10
0.6879569685039369
20
1.1671805905511812
11
0.6892966141732283
21
1.1670251968503937
0
LINE
8
BLACK
6
CONTINUOUS
10
0.6892966141732283
20
1.1670251968503937
11
0.6897542913385827
21
1.1668230708661418
0
LINE
8
BLACK
6
CONTINUOUS
10
0.6897542913385827
20
1.1668230708661418
11
0.690651062992126
21
1.1666447244094489
0
LINE
8
BLACK
6
CONTINUOUS
10
0.690651062992126
20
1.1666447244094489
11
0.6916110629921259
21
1.1660032283464568
0
LINE
8
BLACK
6
CONTINUOUS
10
0.6916110629921259
20
1.1660032283464568
11
0.692049094488189
21
1.165809842519685
0
LINE
8
BLACK
6
CONTINUOUS
10
0.692049094488189
20
1.165809842519685
11
0.6923482677165355
21
1.1655106299212599
0
LINE
8
BLACK
6
CONTINUOUS
10
0.6923482677165355
20
1.1655106299212599
11
0.6932055511811024
21
1.1649378346456694
0
LINE
8
BLACK
6
CONTINUOUS
10
0.6932055511811024
20
1.1649378346456694
11
0.6937783464566929
21
1.1640805511811023
0
LINE
8
BLACK
6
CONTINUOUS
10
0.6937783464566929
20
1.1640805511811023
11
0.6940775590551181
21
1.1637813779527559
0
LINE
8
BLACK
6
CONTINUOUS
10
0.6940775590551181
20
1.1637813779527559
11
0.6942709448818898
21
1.1633433464566929
0
LINE
8
BLACK
6
CONTINUOUS
10
0.6942709448818898
20
1.1633433464566929
11
0.6949124409448819
21
1.1623833464566928
0
LINE
8
BLACK
6
CONTINUOUS
10
0.6949124409448819
20
1.1623833464566928
11
0.6950907874015748
21
1.1614865748031495
0
LINE
8
BLACK
6
CONTINUOUS
10
0.6950907874015748
20
1.1614865748031495
11
0.6952929133858268
21
1.1610288976377952
0
LINE
8
BLACK
6
CONTINUOUS
10
0.6952929133858268
20
1.1610288976377952
11
0.6954483070866142
21
1.1596891732283465
0
LINE
8
BLACK
6
CONTINUOUS
10
0.6954483070866142
20
1.1596891732283465
11
0.695511811023622
21
1.1593700787401575
0
LINE
8
BLACK
6
CONTINUOUS
10
0.695511811023622
20
1.1593700787401575
11
0.695511811023622
21
1.0806299212598425
0
LINE
8
BLACK
6
CONTINUOUS
10
0.695511811023622
20
1.0806299212598425
11
0.6954483070866142
21
1.0803107874015747
0
LINE
8
BLACK
6
CONTINUOUS
10
0.6954483070866142
20
1.0803107874015747
11
0.6952929133858268
21
1.0789710629921259
0
LINE
8
BLACK
6
CONTINUOUS
10
0.6952929133858268
20
1.0789710629921259
11
0.6950907874015748
21
1.0785133070866142
0
LINE
8
BLACK
6
CONTINUOUS
10
0.6950907874015748
20
1.0785133070866142
11
0.6949124409448819
21
1.0776166535433072
0
LINE
8
BLACK
6
CONTINUOUS
10
0.6949124409448819
20
1.0776166535433072
11
0.6942709842519685
21
1.0766566929133858
0
LINE
8
BLACK
6
CONTINUOUS
10
0.6942709842519685
20
1.0766566929133858
11
0.6940775590551181
21
1.0762185826771653
0
LINE
8
BLACK
6
CONTINUOUS
10
0.6940775590551181
20
1.0762185826771653
11
0.6937782677165354
21
1.0759192913385827
0
LINE
8
BLACK
6
CONTINUOUS
10
0.6937782677165354
20
1.0759192913385827
11
0.6932055511811024
21
1.0750621653543306
0
LINE
8
BLACK
6
CONTINUOUS
10
0.6932055511811024
20
1.0750621653543306
11
0.6923483858267716
21
1.0744894094488189
0
LINE
8
BLACK
6
CONTINUOUS
10
0.6923483858267716
20
1.0744894094488189
11
0.692049094488189
21
1.0741901181102362
0
LINE
8
BLACK
6
CONTINUOUS
10
0.692049094488189
20
1.0741901181102362
11
0.691610905511811
21
1.0739966141732282
0
LINE
8
BLACK
6
CONTINUOUS
10
0.691610905511811
20
1.0739966141732282
11
0.690651062992126
21
1.0733552755905511
0
LINE
8
BLACK
6
CONTINUOUS
10
0.690651062992126
20
1.0733552755905511
11
0.6897544881889763
21
1.0731769291338582
0
LINE
8
BLACK
6
CONTINUOUS
10
0.6897544881889763
20
1.0731769291338582
11
0.6892966141732283
21
1.0729747637795275
0
LINE
8
BLACK
6
CONTINUOUS
10
0.6892966141732283
20
1.0729747637795275
11
0.6879564173228346
21
1.0728192519685038
0
LINE
8
BLACK
6
CONTINUOUS
10
0.6879564173228346
20
1.0728192519685038
11
0.6876377952755905
21
1.072755905511811
0
LINE
8
BLACK
6
CONTINUOUS
10
0.6876377952755905
20
1.072755905511811
11
0.6874101181102362
21
1.072755905511811
0
LINE
8
BLACK
6
CONTINUOUS
10
0.6874101181102362
20
1.072755905511811
11
0.6327474015748031
21
1.072755905511811
0
LINE
8
BLACK
6
CONTINUOUS
10
0.6327474015748031
20
1.072755905511811
11
0.6325196850393701
21
1.072755905511811
0
LINE
8
BLACK
6
CONTINUOUS
10
0.6325196850393701
20
1.072755905511811
11
0.6322010236220472
21
1.0728192519685038
0
LINE
8
BLACK
6
CONTINUOUS
10
0.6322010236220472
20
1.0728192519685038
11
0.6308608267716536
21
1.0729747637795275
0
LINE
8
BLACK
6
CONTINUOUS
10
0.6308608267716536
20
1.0729747637795275
11
0.6304029133858268
21
1.0731769291338582
0
LINE
8
BLACK
6
CONTINUOUS
10
0.6304029133858268
20
1.0731769291338582
11
0.6295064173228346
21
1.0733552755905511
0
LINE
8
BLACK
6
CONTINUOUS
10
0.6295064173228346
20
1.0733552755905511
11
0.6285466141732283
21
1.0739965748031495
0
LINE
8
BLACK
6
CONTINUOUS
10
0.6285466141732283
20
1.0739965748031495
11
0.6281083464566929
21
1.0741901181102362
0
LINE
8
BLACK
6
CONTINUOUS
10
0.6281083464566929
20
1.0741901181102362
11
0.627808937007874
21
1.0744894881889764
0
LINE
8
BLACK
6
CONTINUOUS
10
0.627808937007874
20
1.0744894881889764
11
0.6269519291338582
21
1.0750621653543306
0
LINE
8
BLACK
6
CONTINUOUS
10
0.6269519291338582
20
1.0750621653543306
11
0.626379251968504
21
1.0759191732283464
0
LINE
8
BLACK
6
CONTINUOUS
10
0.626379251968504
20
1.0759191732283464
11
0.6260798818897637
21
1.0762185826771653
0
LINE
8
BLACK
6
CONTINUOUS
10
0.6260798818897637
20
1.0762185826771653
11
0.6258863385826772
21
1.0766568503937008
0
LINE
8
BLACK
6
CONTINUOUS
10
0.6258863385826772
20
1.0766568503937008
11
0.6252450393700787
21
1.0776166535433072
0
LINE
8
BLACK
6
CONTINUOUS
10
0.6252450393700787
20
1.0776166535433072
11
0.6250666929133858
21
1.0785131496062992
0
LINE
8
BLACK
6
CONTINUOUS
10
0.6250666929133858
20
1.0785131496062992
11
0.6248645275590551
21
1.0789710629921259
0
LINE
8
BLACK
6
CONTINUOUS
10
0.6248645275590551
20
1.0789710629921259
11
0.6247090157480315
21
1.0803113385826772
0
LINE
8
BLACK
6
CONTINUOUS
10
0.6247090157480315
20
1.0803113385826772
11
0.6246456692913386
21
1.0806299212598425
0
LINE
8
BLACK
6
CONTINUOUS
10
0.6246456692913386
20
1.0806299212598425
11
0.6246456692913386
21
1.1593700787401575
0
LINE
8
BLACK
6
CONTINUOUS
10
0.6246456692913386
20
1.1593700787401575
11
0.6247090551181103
21
1.159688779527559
0
LINE
8
BLACK
6
CONTINUOUS
10
0.6247090551181103
20
1.159688779527559
11
0.6248645275590551
21
1.1610288976377952
0
LINE
8
BLACK
6
CONTINUOUS
10
0.6248645275590551
20
1.1610288976377952
11
0.6250666929133858
21
1.1614867716535433
0
LINE
8
BLACK
6
CONTINUOUS
10
0.6250666929133858
20
1.1614867716535433
11
0.6252450393700787
21
1.1623833464566928
0
LINE
8
BLACK
6
CONTINUOUS
10
0.6252450393700787
20
1.1623833464566928
11
0.6258863779527559
21
1.1633431889763779
0
LINE
8
BLACK
6
CONTINUOUS
10
0.6258863779527559
20
1.1633431889763779
11
0.6260798818897637
21
1.1637813779527559
0
LINE
8
BLACK
6
CONTINUOUS
10
0.6260798818897637
20
1.1637813779527559
11
0.6263791732283465
21
1.1640806692913386
0
LINE
8
BLACK
6
CONTINUOUS
10
0.6263791732283465
20
1.1640806692913386
11
0.6269519291338582
21
1.1649378346456694
0
LINE
8
BLACK
6
CONTINUOUS
10
0.6269519291338582
20
1.1649378346456694
11
0.6278090551181102
21
1.1655105511811024
0
LINE
8
BLACK
6
CONTINUOUS
10
0.6278090551181102
20
1.1655105511811024
11
0.6281083464566929
21
1.165809842519685
0
LINE
8
BLACK
6
CONTINUOUS
10
0.6281083464566929
20
1.165809842519685
11
0.6285464566929134
21
1.1660032677165355
0
LINE
8
BLACK
6
CONTINUOUS
10
0.6285464566929134
20
1.1660032677165355
11
0.6295064173228346
21
1.1666447244094489
0
LINE
8
BLACK
6
CONTINUOUS
10
0.6295064173228346
20
1.1666447244094489
11
0.6304030708661417
21
1.1668230708661418
0
LINE
8
BLACK
6
CONTINUOUS
10
0.6304030708661417
20
1.1668230708661418
11
0.6308608267716536
21
1.1670251968503937
0
LINE
8
BLACK
6
CONTINUOUS
10
0.6308608267716536
20
1.1670251968503937
11
0.6322006299212598
21
1.1671806299212599
0
LINE
8
BLACK
6
CONTINUOUS
10
0.6322006299212598
20
1.1671806299212599
11
0.6325196850393701
21
1.167244094488189
0
LINE
8
BLACK
6
CONTINUOUS
10
0.6325196850393701
20
1.167244094488189
11
0.6876377952755905
21
1.167244094488189
0
LINE
8
BLACK
6
CONTINUOUS
10
0.6876377952755905
20
1.167244094488189
11
0.6879569685039369
21
1.1671805905511812
0
LINE
8
BLACK
6
CONTINUOUS
10
1.0079569685039369
20
1.1671805905511812
11
1.0092966141732282
21
1.1670251968503937
0
LINE
8
BLACK
6
CONTINUOUS
10
1.0092966141732282
20
1.1670251968503937
11
1.0097542913385826
21
1.1668230708661418
0
LINE
8
BLACK
6
CONTINUOUS
10
1.0097542913385826
20
1.1668230708661418
11
1.0106510629921259
21
1.1666447244094489
0
LINE
8
BLACK
6
CONTINUOUS
10
1.0106510629921259
20
1.1666447244094489
11
1.011611062992126
21
1.1660032283464568
0
LINE
8
BLACK
6
CONTINUOUS
10
1.011611062992126
20
1.1660032283464568
11
1.012049094488189
21
1.165809842519685
0
LINE
8
BLACK
6
CONTINUOUS
10
1.012049094488189
20
1.165809842519685
11
1.0123482677165354
21
1.1655106299212599
0
LINE
8
BLACK
6
CONTINUOUS
10
1.0123482677165354
20
1.1655106299212599
11
1.0132055511811024
21
1.1649378346456694
0
LINE
8
BLACK
6
CONTINUOUS
10
1.0132055511811024
20
1.1649378346456694
11
1.013778346456693
21
1.1640805511811023
0
LINE
8
BLACK
6
CONTINUOUS
10
1.013778346456693
20
1.1640805511811023
11
1.0140775590551181
21
1.1637813779527559
0
LINE
8
BLACK
6
CONTINUOUS
10
1.0140775590551181
20
1.1637813779527559
11
1.0142709448818898
21
1.1633433464566929
0
LINE
8
BLACK
6
CONTINUOUS
10
1.0142709448818898
20
1.1633433464566929
11
1.014912440944882
21
1.1623833464566928
0
LINE
8
BLACK
6
CONTINUOUS
10
1.014912440944882
20
1.1623833464566928
11
1.0150907874015749
21
1.1614865748031495
0
LINE
8
BLACK
6
CONTINUOUS
10
1.0150907874015749
20
1.1614865748031495
11
1.0152929133858268
21
1.1610288976377952
0
LINE
8
BLACK
6
CONTINUOUS
10
1.0152929133858268
20
1.1610288976377952
11
1.015448307086614
21
1.1596891732283465
0
LINE
8
BLACK
6
CONTINUOUS
10
1.015448307086614
20
1.1596891732283465
11
1.0155118110236221
21
1.1593700787401575
0
LINE
8
BLACK
6
CONTINUOUS
10
1.0155118110236221
20
1.1593700787401575
11
1.0155118110236221
21
1.0806299212598425
0
LINE
8
BLACK
6
CONTINUOUS
10
1.0155118110236221
20
1.0806299212598425
11
1.015448307086614
21
1.0803107874015747
0
LINE
8
BLACK
6
CONTINUOUS
10
1.015448307086614
20
1.0803107874015747
11
1.0152929133858268
21
1.0789710629921259
0
LINE
8
BLACK
6
CONTINUOUS
10
1.0152929133858268
20
1.0789710629921259
11
1.0150907874015749
21
1.0785133070866142
0
LINE
8
BLACK
6
CONTINUOUS
10
1.0150907874015749
20
1.0785133070866142
11
1.014912440944882
21
1.0776166535433072
0
LINE
8
BLACK
6
CONTINUOUS
10
1.014912440944882
20
1.0776166535433072
11
1.0142709842519684
21
1.0766566929133858
0
LINE
8
BLACK
6
CONTINUOUS
10
1.0142709842519684
20
1.0766566929133858
11
1.0140775590551181
21
1.0762185826771653
0
LINE
8
BLACK
6
CONTINUOUS
10
1.0140775590551181
20
1.0762185826771653
11
1.0137782677165355
21
1.0759192913385827
0
LINE
8
BLACK
6
CONTINUOUS
10
1.0137782677165355
20
1.0759192913385827
11
1.0132055511811024
21
1.0750621653543306
0
LINE
8
BLACK
6
CONTINUOUS
10
1.0132055511811024
20
1.0750621653543306
11
1.0123483858267717
21
1.0744894094488189
0
LINE
8
BLACK
6
CONTINUOUS
10
1.0123483858267717
20
1.0744894094488189
11
1.012049094488189
21
1.0741901181102362
0
LINE
8
BLACK
6
CONTINUOUS
10
1.012049094488189
20
1.0741901181102362
11
1.011610905511811
21
1.0739966141732282
0
LINE
8
BLACK
6
CONTINUOUS
10
1.011610905511811
20
1.0739966141732282
11
1.0106510629921259
21
1.0733552755905511
0
LINE
8
BLACK
6
CONTINUOUS
10
1.0106510629921259
20
1.0733552755905511
11
1.0097544881889764
21
1.0731769291338582
0
LINE
8
BLACK
6
CONTINUOUS
10
1.0097544881889764
20
1.0731769291338582
11
1.0092966141732282
21
1.0729747637795275
0
LINE
8
BLACK
6
CONTINUOUS
10
1.0092966141732282
20
1.0729747637795275
11
1.0079564173228346
21
1.0728192519685038
0
LINE
8
BLACK
6
CONTINUOUS
10
1.0079564173228346
20
1.0728192519685038
11
1.0076377952755906
21
1.072755905511811
0
LINE
8
BLACK
6
CONTINUOUS
10
1.0076377952755906
20
1.072755905511811
11
1.0074101181102362
21
1.072755905511811
0
LINE
8
BLACK
6
CONTINUOUS
10
1.0074101181102362
20
1.072755905511811
11
0.9527474015748031
21
1.072755905511811
0
LINE
8
BLACK
6
CONTINUOUS
10
0.9527474015748031
20
1.072755905511811
11
0.95251968503937
21
1.072755905511811
0
LINE
8
BLACK
6
CONTINUOUS
10
0.95251968503937
20
1.072755905511811
11
0.9522010236220472
21
1.0728192519685038
0
LINE
8
BLACK
6
CONTINUOUS
10
0.9522010236220472
20
1.0728192519685038
11
0.9508608267716535
21
1.0729747637795275
0
LINE
8
BLACK
6
CONTINUOUS
10
0.9508608267716535
20
1.0729747637795275
11
0.9504029133858267
21
1.0731769291338582
0
LINE
8
BLACK
6
CONTINUOUS
10
0.9504029133858267
20
1.0731769291338582
11
0.9495064173228346
21
1.0733552755905511
0
LINE
8
BLACK
6
CONTINUOUS
10
0.9495064173228346
20
1.0733552755905511
11
0.9485466141732283
21
1.0739965748031495
0
LINE
8
BLACK
6
CONTINUOUS
10
0.9485466141732283
20
1.0739965748031495
11
0.9481083464566928
21
1.0741901181102362
0
LINE
8
BLACK
6
CONTINUOUS
10
0.9481083464566928
20
1.0741901181102362
11
0.9478089370078739
21
1.0744894881889764
0
LINE
8
BLACK
6
CONTINUOUS
10
0.9478089370078739
20
1.0744894881889764
11
0.9469519291338583
21
1.0750621653543306
0
LINE
8
BLACK
6
CONTINUOUS
10
0.9469519291338583
20
1.0750621653543306
11
0.9463792519685039
21
1.0759191732283464
0
LINE
8
BLACK
6
CONTINUOUS
10
0.9463792519685039
20
1.0759191732283464
11
0.9460798818897638
21
1.0762185826771653
0
LINE
8
BLACK
6
CONTINUOUS
10
0.9460798818897638
20
1.0762185826771653
11
0.9458863385826771
21
1.0766568503937008
0
LINE
8
BLACK
6
CONTINUOUS
10
0.9458863385826771
20
1.0766568503937008
11
0.9452450393700788
21
1.0776166535433072
0
LINE
8
BLACK
6
CONTINUOUS
10
0.9452450393700788
20
1.0776166535433072
11
0.9450666929133859
21
1.0785131496062992
0
LINE
8
BLACK
6
CONTINUOUS
10
0.9450666929133859
20
1.0785131496062992
11
0.9448645275590551
21
1.0789710629921259
0
LINE
8
BLACK
6
CONTINUOUS
10
0.9448645275590551
20
1.0789710629921259
11
0.9447090157480315
21
1.0803113385826772
0
LINE
8
BLACK
6
CONTINUOUS
10
0.9447090157480315
20
1.0803113385826772
11
0.9446456692913385
21
1.0806299212598425
0
LINE
8
BLACK
6
CONTINUOUS
10
0.9446456692913385
20
1.0806299212598425
11
0.9446456692913385
21
1.1593700787401575
0
LINE
8
BLACK
6
CONTINUOUS
10
0.9446456692913385
20
1.1593700787401575
11
0.9447090551181102
21
1.159688779527559
0
LINE
8
BLACK
6
CONTINUOUS
10
0.9447090551181102
20
1.159688779527559
11
0.9448645275590551
21
1.1610288976377952
0
LINE
8
BLACK
6
CONTINUOUS
10
0.9448645275590551
20
1.1610288976377952
11
0.9450666929133859
21
1.1614867716535433
0
LINE
8
BLACK
6
CONTINUOUS
10
0.9450666929133859
20
1.1614867716535433
11
0.9452450393700788
21
1.1623833464566928
0
LINE
8
BLACK
6
CONTINUOUS
10
0.9452450393700788
20
1.1623833464566928
11
0.9458863779527559
21
1.1633431889763779
0
LINE
8
BLACK
6
CONTINUOUS
10
0.9458863779527559
20
1.1633431889763779
11
0.9460798818897638
21
1.1637813779527559
0
LINE
8
BLACK
6
CONTINUOUS
10
0.9460798818897638
20
1.1637813779527559
11
0.9463791732283464
21
1.1640806692913386
0
LINE
8
BLACK
6
CONTINUOUS
10
0.9463791732283464
20
1.1640806692913386
11
0.9469519291338583
21
1.1649378346456694
0
LINE
8
BLACK
6
CONTINUOUS
10
0.9469519291338583
20
1.1649378346456694
11
0.9478090551181102
21
1.1655105511811024
0
LINE
8
BLACK
6
CONTINUOUS
10
0.9478090551181102
20
1.1655105511811024
11
0.9481083464566928
21
1.165809842519685
0
LINE
8
BLACK
6
CONTINUOUS
10
0.9481083464566928
20
1.165809842519685
11
0.9485464566929134
21
1.1660032677165355
0
LINE
8
BLACK
6
CONTINUOUS
10
0.9485464566929134
20
1.1660032677165355
11
0.9495064173228346
21
1.1666447244094489
0
LINE
8
BLACK
6
CONTINUOUS
10
0.9495064173228346
20
1.1666447244094489
11
0.9504030708661417
21
1.1668230708661418
0
LINE
8
BLACK
6
CONTINUOUS
10
0.9504030708661417
20
1.1668230708661418
11
0.9508608267716535
21
1.1670251968503937
0
LINE
8
BLACK
6
CONTINUOUS
10
0.9508608267716535
20
1.1670251968503937
11
0.9522006299212599
21
1.1671806299212599
0
LINE
8
BLACK
6
CONTINUOUS
10
0.9522006299212599
20
1.1671806299212599
11
0.95251968503937
21
1.167244094488189
0
LINE
8
BLACK
6
CONTINUOUS
10
0.95251968503937
20
1.167244094488189
11
1.0076377952755906
21
1.167244094488189
0
LINE
8
BLACK
6
CONTINUOUS
10
1.0076377952755906
20
1.167244094488189
11
1.0079569685039369
21
1.1671805905511812
0
LINE
8
BLACK
6
CONTINUOUS
10
1.327956968503937
20
1.1671805905511812
11
1.3292966141732283
21
1.1670251968503937
0
LINE
8
BLACK
6
CONTINUOUS
10
1.3292966141732283
20
1.1670251968503937
11
1.3297542913385827
21
1.1668230708661418
0
LINE
8
BLACK
6
CONTINUOUS
10
1.3297542913385827
20
1.1668230708661418
11
1.330651062992126
21
1.1666447244094489
0
LINE
8
BLACK
6
CONTINUOUS
10
1.330651062992126
20
1.1666447244094489
11
1.3316110629921261
21
1.1660032283464568
0
LINE
8
BLACK
6
CONTINUOUS
10
1.3316110629921261
20
1.1660032283464568
11
1.3320490944881889
21
1.165809842519685
0
LINE
8
BLACK
6
CONTINUOUS
10
1.3320490944881889
20
1.165809842519685
11
1.3323482677165355
21
1.1655106299212599
0
LINE
8
BLACK
6
CONTINUOUS
10
1.3323482677165355
20
1.1655106299212599
11
1.3332055511811023
21
1.1649378346456694
0
LINE
8
BLACK
6
CONTINUOUS
10
1.3332055511811023
20
1.1649378346456694
11
1.3337783464566928
21
1.1640805511811023
0
LINE
8
BLACK
6
CONTINUOUS
10
1.3337783464566928
20
1.1640805511811023
11
1.3340775590551182
21
1.1637813779527559
0
LINE
8
BLACK
6
CONTINUOUS
10
1.3340775590551182
20
1.1637813779527559
11
1.3342709448818897
21
1.1633433464566929
0
LINE
8
BLACK
6
CONTINUOUS
10
1.3342709448818897
20
1.1633433464566929
11
1.3349124409448818
21
1.1623833464566928
0
LINE
8
BLACK
6
CONTINUOUS
10
1.3349124409448818
20
1.1623833464566928
11
1.3350907874015747
21
1.1614865748031495
0
LINE
8
BLACK
6
CONTINUOUS
10
1.3350907874015747
20
1.1614865748031495
11
1.3352929133858267
21
1.1610288976377952
0
LINE
8
BLACK
6
CONTINUOUS
10
1.3352929133858267
20
1.1610288976377952
11
1.3354483070866141
21
1.1596891732283465
0
LINE
8
BLACK
6
CONTINUOUS
10
1.3354483070866141
20
1.1596891732283465
11
1.3355118110236219
21
1.1593700787401575
0
LINE
8
BLACK
6
CONTINUOUS
10
1.3355118110236219
20
1.1593700787401575
11
1.3355118110236219
21
1.0806299212598425
0
LINE
8
BLACK
6
CONTINUOUS
10
1.3355118110236219
20
1.0806299212598425
11
1.3354483070866141
21
1.0803107874015747
0
LINE
8
BLACK
6
CONTINUOUS
10
1.3354483070866141
20
1.0803107874015747
11
1.3352929133858267
21
1.0789710629921259
0
LINE
8
BLACK
6
CONTINUOUS
10
1.3352929133858267
20
1.0789710629921259
11
1.3350907874015747
21
1.0785133070866142
0
LINE
8
BLACK
6
CONTINUOUS
10
1.3350907874015747
20
1.0785133070866142
11
1.3349124409448818
21
1.0776166535433072
0
LINE
8
BLACK
6
CONTINUOUS
10
1.3349124409448818
20
1.0776166535433072
11
1.3342709842519684
21
1.0766566929133858
0
LINE
8
BLACK
6
CONTINUOUS
10
1.3342709842519684
20
1.0766566929133858
11
1.3340775590551182
21
1.0762185826771653
0
LINE
8
BLACK
6
CONTINUOUS
10
1.3340775590551182
20
1.0762185826771653
11
1.3337782677165353
21
1.0759192913385827
0
LINE
8
BLACK
6
CONTINUOUS
10
1.3337782677165353
20
1.0759192913385827
11
1.3332055511811023
21
1.0750621653543306
0
LINE
8
BLACK
6
CONTINUOUS
10
1.3332055511811023
20
1.0750621653543306
11
1.3323483858267717
21
1.0744894094488189
0
LINE
8
BLACK
6
CONTINUOUS
10
1.3323483858267717
20
1.0744894094488189
11
1.3320490944881889
21
1.0741901181102362
0
LINE
8
BLACK
6
CONTINUOUS
10
1.3320490944881889
20
1.0741901181102362
11
1.331610905511811
21
1.0739966141732282
0
LINE
8
BLACK
6
CONTINUOUS
10
1.331610905511811
20
1.0739966141732282
11
1.330651062992126
21
1.0733552755905511
0
LINE
8
BLACK
6
CONTINUOUS
10
1.330651062992126
20
1.0733552755905511
11
1.3297544881889765
21
1.0731769291338582
0
LINE
8
BLACK
6
CONTINUOUS
10
1.3297544881889765
20
1.0731769291338582
11
1.3292966141732283
21
1.0729747637795275
0
LINE
8
BLACK
6
CONTINUOUS
10
1.3292966141732283
20
1.0729747637795275
11
1.3279564173228346
21
1.0728192519685038
0
LINE
8
BLACK
6
CONTINUOUS
10
1.3279564173228346
20
1.0728192519685038
11
1.3276377952755904
21
1.072755905511811
0
LINE
8
BLACK
6
CONTINUOUS
10
1.3276377952755904
20
1.072755905511811
11
1.3274101181102362
21
1.072755905511811
0
LINE
8
BLACK
6
CONTINUOUS
10
1.3274101181102362
20
1.072755905511811
11
1.272747401574803
21
1.072755905511811
0
LINE
8
BLACK
6
CONTINUOUS
10
1.272747401574803
20
1.072755905511811
11
1.2725196850393701
21
1.072755905511811
0
LINE
8
BLACK
6
CONTINUOUS
10
1.2725196850393701
20
1.072755905511811
11
1.2722010236220471
21
1.0728192519685038
0
LINE
8
BLACK
6
CONTINUOUS
10
1.2722010236220471
20
1.0728192519685038
11
1.2708608267716535
21
1.0729747637795275
0
LINE
8
BLACK
6
CONTINUOUS
10
1.2708608267716535
20
1.0729747637795275
11
1.2704029133858268
21
1.0731769291338582
0
LINE
8
BLACK
6
CONTINUOUS
10
1.2704029133858268
20
1.0731769291338582
11
1.2695064173228345
21
1.0733552755905511
0
LINE
8
BLACK
6
CONTINUOUS
10
1.2695064173228345
20
1.0733552755905511
11
1.2685466141732282
21
1.0739965748031495
0
LINE
8
BLACK
6
CONTINUOUS
10
1.2685466141732282
20
1.0739965748031495
11
1.2681083464566929
21
1.0741901181102362
0
LINE
8
BLACK
6
CONTINUOUS
10
1.2681083464566929
20
1.0741901181102362
11
1.267808937007874
21
1.0744894881889764
0
LINE
8
BLACK
6
CONTINUOUS
10
1.267808937007874
20
1.0744894881889764
11
1.2669519291338582
21
1.0750621653543306
0
LINE
8
BLACK
6
CONTINUOUS
10
1.2669519291338582
20
1.0750621653543306
11
1.266379251968504
21
1.0759191732283464
0
LINE
8
BLACK
6
CONTINUOUS
10
1.266379251968504
20
1.0759191732283464
11
1.2660798818897638
21
1.0762185826771653
0
LINE
8
BLACK
6
CONTINUOUS
10
1.2660798818897638
20
1.0762185826771653
11
1.2658863385826771
21
1.0766568503937008
0
LINE
8
BLACK
6
CONTINUOUS
10
1.2658863385826771
20
1.0766568503937008
11
1.2652450393700787
21
1.0776166535433072
0
LINE
8
BLACK
6
CONTINUOUS
10
1.2652450393700787
20
1.0776166535433072
11
1.2650666929133858
21
1.0785131496062992
0
LINE
8
BLACK
6
CONTINUOUS
10
1.2650666929133858
20
1.0785131496062992
11
1.2648645275590551
21
1.0789710629921259
0
LINE
8
BLACK
6
CONTINUOUS
10
1.2648645275590551
20
1.0789710629921259
11
1.2647090157480314
21
1.0803113385826772
0
LINE
8
BLACK
6
CONTINUOUS
10
1.2647090157480314
20
1.0803113385826772
11
1.2646456692913386
21
1.0806299212598425
0
LINE
8
BLACK
6
CONTINUOUS
10
1.2646456692913386
20
1.0806299212598425
11
1.2646456692913386
21
1.1593700787401575
0
LINE
8
BLACK
6
CONTINUOUS
10
1.2646456692913386
20
1.1593700787401575
11
1.2647090551181102
21
1.159688779527559
0
LINE
8
BLACK
6
CONTINUOUS
10
1.2647090551181102
20
1.159688779527559
11
1.2648645275590551
21
1.1610288976377952
0
LINE
8
BLACK
6
CONTINUOUS
10
1.2648645275590551
20
1.1610288976377952
11
1.2650666929133858
21
1.1614867716535433
0
LINE
8
BLACK
6
CONTINUOUS
10
1.2650666929133858
20
1.1614867716535433
11
1.2652450393700787
21
1.1623833464566928
0
LINE
8
BLACK
6
CONTINUOUS
10
1.2652450393700787
20
1.1623833464566928
11
1.2658863779527558
21
1.1633431889763779
0
LINE
8
BLACK
6
CONTINUOUS
10
1.2658863779527558
20
1.1633431889763779
11
1.2660798818897638
21
1.1637813779527559
0
LINE
8
BLACK
6
CONTINUOUS
10
1.2660798818897638
20
1.1637813779527559
11
1.2663791732283465
21
1.1640806692913386
0
LINE
8
BLACK
6
CONTINUOUS
10
1.2663791732283465
20
1.1640806692913386
11
1.2669519291338582
21
1.1649378346456694
0
LINE
8
BLACK
6
CONTINUOUS
10
1.2669519291338582
20
1.1649378346456694
11
1.2678090551181103
21
1.1655105511811024
0
LINE
8
BLACK
6
CONTINUOUS
10
1.2678090551181103
20
1.1655105511811024
11
1.2681083464566929
21
1.165809842519685
0
LINE
8
BLACK
6
CONTINUOUS
10
1.2681083464566929
20
1.165809842519685
11
1.2685464566929134
21
1.1660032677165355
0
LINE
8
BLACK
6
CONTINUOUS
10
1.2685464566929134
20
1.1660032677165355
11
1.2695064173228345
21
1.1666447244094489
0
LINE
8
BLACK
6
CONTINUOUS
10
1.2695064173228345
20
1.1666447244094489
11
1.2704030708661418
21
1.1668230708661418
0
LINE
8
BLACK
6
CONTINUOUS
10
1.2704030708661418
20
1.1668230708661418
11
1.2708608267716535
21
1.1670251968503937
0
LINE
8
BLACK
6
CONTINUOUS
10
1.2708608267716535
20
1.1670251968503937
11
1.2722006299212598
21
1.1671806299212599
0
LINE
8
BLACK
6
CONTINUOUS
10
1.2722006299212598
20
1.1671806299212599
11
1.2725196850393701
21
1.167244094488189
0
LINE
8
BLACK
6
CONTINUOUS
10
1.2725196850393701
20
1.167244094488189
11
1.3276377952755904
21
1.167244094488189
0
LINE
8
BLACK
6
CONTINUOUS
10
1.3276377952755904
20
1.167244094488189
11
1.327956968503937
21
1.1671805905511812
0
LINE
8
BLACK
6
CONTINUOUS
10
0.1277994881889764
20
1.151432559055118
11
0.1291391338582677
21
1.1512771653543308
0
LINE
8
BLACK
6
CONTINUOUS
10
0.1291391338582677
20
1.1512771653543308
11
0.1295968110236221
21
1.1510750393700788
0
LINE
8
BLACK
6
CONTINUOUS
10
0.1295968110236221
20
1.1510750393700788
11
0.1304935826771653
21
1.1508966929133857
0
LINE
8
BLACK
6
CONTINUOUS
10
0.1304935826771653
20
1.1508966929133857
11
0.1314535826771654
21
1.1502551968503936
0
LINE
8
BLACK
6
CONTINUOUS
10
0.1314535826771654
20
1.1502551968503936
11
0.1318916141732283
21
1.150061811023622
0
LINE
8
BLACK
6
CONTINUOUS
10
0.1318916141732283
20
1.150061811023622
11
0.1321907874015748
21
1.1497625984251969
0
LINE
8
BLACK
6
CONTINUOUS
10
0.1321907874015748
20
1.1497625984251969
11
0.1330480708661417
21
1.1491898031496062
0
LINE
8
BLACK
6
CONTINUOUS
10
0.1330480708661417
20
1.1491898031496062
11
0.1336208661417323
21
1.1483325196850394
0
LINE
8
BLACK
6
CONTINUOUS
10
0.1336208661417323
20
1.1483325196850394
11
0.1339200787401575
21
1.148033346456693
0
LINE
8
BLACK
6
CONTINUOUS
10
0.1339200787401575
20
1.148033346456693
11
0.1341134645669291
21
1.1475953149606299
0
LINE
8
BLACK
6
CONTINUOUS
10
0.1341134645669291
20
1.1475953149606299
11
0.1347549606299213
21
1.1466353149606299
0
LINE
8
BLACK
6
CONTINUOUS
10
0.1347549606299213
20
1.1466353149606299
11
0.1349333070866142
21
1.1457385433070866
0
LINE
8
BLACK
6
CONTINUOUS
10
0.1349333070866142
20
1.1457385433070866
11
0.1351354330708661
21
1.1452808661417322
0
LINE
8
BLACK
6
CONTINUOUS
10
0.1351354330708661
20
1.1452808661417322
11
0.1352908267716535
21
1.1439411417322833
0
LINE
8
BLACK
6
CONTINUOUS
10
0.1352908267716535
20
1.1439411417322833
11
0.1353543307086614
21
1.1436220472440946
0
LINE
8
BLACK
6
CONTINUOUS
10
0.1353543307086614
20
1.1436220472440946
11
0.1353543307086614
21
1.0963779527559054
0
LINE
8
BLACK
6
CONTINUOUS
10
0.1353543307086614
20
1.0963779527559054
11
0.1352908267716535
21
1.0960588188976377
0
LINE
8
BLACK
6
CONTINUOUS
10
0.1352908267716535
20
1.0960588188976377
11
0.1351354330708661
21
1.094719094488189
0
LINE
8
BLACK
6
CONTINUOUS
10
0.1351354330708661
20
1.094719094488189
11
0.1349333070866142
21
1.0942613385826772
0
LINE
8
BLACK
6
CONTINUOUS
10
0.1349333070866142
20
1.0942613385826772
11
0.1347549606299213
21
1.0933646850393701
0
LINE
8
BLACK
6
CONTINUOUS
10
0.1347549606299213
20
1.0933646850393701
11
0.1341135039370079
21
1.0924047244094488
0
LINE
8
BLACK
6
CONTINUOUS
10
0.1341135039370079
20
1.0924047244094488
11
0.1339200787401575
21
1.0919666141732283
0
LINE
8
BLACK
6
CONTINUOUS
10
0.1339200787401575
20
1.0919666141732283
11
0.1336207874015748
21
1.0916673228346456
0
LINE
8
BLACK
6
CONTINUOUS
10
0.1336207874015748
20
1.0916673228346456
11
0.1330480708661417
21
1.0908101968503936
0
LINE
8
BLACK
6
CONTINUOUS
10
0.1330480708661417
20
1.0908101968503936
11
0.132190905511811
21
1.0902374409448818
0
LINE
8
BLACK
6
CONTINUOUS
10
0.132190905511811
20
1.0902374409448818
11
0.1318916141732283
21
1.0899381496062992
0
LINE
8
BLACK
6
CONTINUOUS
10
0.1318916141732283
20
1.0899381496062992
11
0.1314534251968504
21
1.0897446456692914
0
LINE
8
BLACK
6
CONTINUOUS
10
0.1314534251968504
20
1.0897446456692914
11
0.1304935826771653
21
1.0891033070866141
0
LINE
8
BLACK
6
CONTINUOUS
10
0.1304935826771653
20
1.0891033070866141
11
0.1295970078740157
21
1.0889249606299212
0
LINE
8
BLACK
6
CONTINUOUS
10
0.1295970078740157
20
1.0889249606299212
11
0.1291391338582677
21
1.0887227952755905
0
LINE
8
BLACK
6
CONTINUOUS
10
0.1291391338582677
20
1.0887227952755905
11
0.127798937007874
21
1.088567283464567
0
LINE
8
BLACK
6
CONTINUOUS
10
0.127798937007874
20
1.088567283464567
11
0.1274803149606299
21
1.088503937007874
0
LINE
8
BLACK
6
CONTINUOUS
10
0.1274803149606299
20
1.088503937007874
11
0.1272526377952756
21
1.088503937007874
0
LINE
8
BLACK
6
CONTINUOUS
10
0.1272526377952756
20
1.088503937007874
11
0.0725899212598425
21
1.088503937007874
0
LINE
8
BLACK
6
CONTINUOUS
10
0.0725899212598425
20
1.088503937007874
11
0.0723622047244094
21
1.088503937007874
0
LINE
8
BLACK
6
CONTINUOUS
10
0.0723622047244094
20
1.088503937007874
11
0.0720435433070866
21
1.088567283464567
0
LINE
8
BLACK
6
CONTINUOUS
10
0.0720435433070866
20
1.088567283464567
11
0.0707033464566929
21
1.0887227952755905
0
LINE
8
BLACK
6
CONTINUOUS
10
0.0707033464566929
20
1.0887227952755905
11
0.0702454330708661
21
1.0889249606299212
0
LINE
8
BLACK
6
CONTINUOUS
10
0.0702454330708661
20
1.0889249606299212
11
0.069348937007874
21
1.0891033070866141
0
LINE
8
BLACK
6
CONTINUOUS
10
0.069348937007874
20
1.0891033070866141
11
0.0683891338582677
21
1.0897446062992127
0
LINE
8
BLACK
6
CONTINUOUS
10
0.0683891338582677
20
1.0897446062992127
11
0.0679508661417323
21
1.0899381496062992
0
LINE
8
BLACK
6
CONTINUOUS
10
0.0679508661417323
20
1.0899381496062992
11
0.0676514566929134
21
1.0902375196850393
0
LINE
8
BLACK
6
CONTINUOUS
10
0.0676514566929134
20
1.0902375196850393
11
0.0667944488188976
21
1.0908101968503936
0
LINE
8
BLACK
6
CONTINUOUS
10
0.0667944488188976
20
1.0908101968503936
11
0.0662217716535433
21
1.0916672047244094
0
LINE
8
BLACK
6
CONTINUOUS
10
0.0662217716535433
20
1.0916672047244094
11
0.0659224015748032
21
1.0919666141732283
0
LINE
8
BLACK
6
CONTINUOUS
10
0.0659224015748032
20
1.0919666141732283
11
0.0657288582677165
21
1.0924048818897638
0
LINE
8
BLACK
6
CONTINUOUS
10
0.0657288582677165
20
1.0924048818897638
11
0.0650875590551181
21
1.0933646850393701
0
LINE
8
BLACK
6
CONTINUOUS
10
0.0650875590551181
20
1.0933646850393701
11
0.0649092125984252
21
1.0942611811023621
0
LINE
8
BLACK
6
CONTINUOUS
10
0.0649092125984252
20
1.0942611811023621
11
0.0647070472440945
21
1.094719094488189
0
LINE
8
BLACK
6
CONTINUOUS
10
0.0647070472440945
20
1.094719094488189
11
0.0645515354330709
21
1.0960593700787402
0
LINE
8
BLACK
6
CONTINUOUS
10
0.0645515354330709
20
1.0960593700787402
11
0.064488188976378
21
1.0963779527559054
0
LINE
8
BLACK
6
CONTINUOUS
10
0.064488188976378
20
1.0963779527559054
11
0.064488188976378
21
1.1436220472440946
0
LINE
8
BLACK
6
CONTINUOUS
10
0.064488188976378
20
1.1436220472440946
11
0.0645515748031496
21
1.143940748031496
0
LINE
8
BLACK
6
CONTINUOUS
10
0.0645515748031496
20
1.143940748031496
11
0.0647070472440945
21
1.1452808661417322
0
LINE
8
BLACK
6
CONTINUOUS
10
0.0647070472440945
20
1.1452808661417322
11
0.0649092125984252
21
1.1457387401574803
0
LINE
8
BLACK
6
CONTINUOUS
10
0.0649092125984252
20
1.1457387401574803
11
0.0650875590551181
21
1.1466353149606299
0
LINE
8
BLACK
6
CONTINUOUS
10
0.0650875590551181
20
1.1466353149606299
11
0.0657288976377953
21
1.1475951574803149
0
LINE
8
BLACK
6
CONTINUOUS
10
0.0657288976377953
20
1.1475951574803149
11
0.0659224015748032
21
1.148033346456693
0
LINE
8
BLACK
6
CONTINUOUS
10
0.0659224015748032
20
1.148033346456693
11
0.0662216929133858
21
1.1483326377952756
0
LINE
8
BLACK
6
CONTINUOUS
10
0.0662216929133858
20
1.1483326377952756
11
0.0667944488188976
21
1.1491898031496062
0
LINE
8
BLACK
6
CONTINUOUS
10
0.0667944488188976
20
1.1491898031496062
11
0.0676515748031496
21
1.1497625196850394
0
LINE
8
BLACK
6
CONTINUOUS
10
0.0676515748031496
20
1.1497625196850394
11
0.0679508661417323
21
1.150061811023622
0
LINE
8
BLACK
6
CONTINUOUS
10
0.0679508661417323
20
1.150061811023622
11
0.0683889763779528
21
1.1502552362204723
0
LINE
8
BLACK
6
CONTINUOUS
10
0.0683889763779528
20
1.1502552362204723
11
0.069348937007874
21
1.1508966929133857
0
LINE
8
BLACK
6
CONTINUOUS
10
0.069348937007874
20
1.1508966929133857
11
0.0702455905511811
21
1.1510750393700788
0
LINE
8
BLACK
6
CONTINUOUS
10
0.0702455905511811
20
1.1510750393700788
11
0.0707033464566929
21
1.1512771653543308
0
LINE
8
BLACK
6
CONTINUOUS
10
0.0707033464566929
20
1.1512771653543308
11
0.0720431496062992
21
1.1514325984251967
0
LINE
8
BLACK
6
CONTINUOUS
10
0.0720431496062992
20
1.1514325984251967
11
0.0723622047244094
21
1.151496062992126
0
LINE
8
BLACK
6
CONTINUOUS
10
0.0723622047244094
20
1.151496062992126
11
0.1274803149606299
21
1.151496062992126
0
LINE
8
BLACK
6
CONTINUOUS
10
0.1274803149606299
20
1.151496062992126
11
0.1277994881889764
21
1.151432559055118
0
LINE
8
BLACK
6
CONTINUOUS
10
0.4477994881889764
20
1.151432559055118
11
0.4491391338582677
21
1.1512771653543308
0
LINE
8
BLACK
6
CONTINUOUS
10
0.4491391338582677
20
1.1512771653543308
11
0.449596811023622
21
1.1510750393700788
0
LINE
8
BLACK
6
CONTINUOUS
10
0.449596811023622
20
1.1510750393700788
11
0.4504935826771653
21
1.1508966929133857
0
LINE
8
BLACK
6
CONTINUOUS
10
0.4504935826771653
20
1.1508966929133857
11
0.4514535826771653
21
1.1502551968503936
0
LINE
8
BLACK
6
CONTINUOUS
10
0.4514535826771653
20
1.1502551968503936
11
0.4518916141732283
21
1.150061811023622
0
LINE
8
BLACK
6
CONTINUOUS
10
0.4518916141732283
20
1.150061811023622
11
0.4521907874015748
21
1.1497625984251969
0
LINE
8
BLACK
6
CONTINUOUS
10
0.4521907874015748
20
1.1497625984251969
11
0.4530480708661417
21
1.1491898031496062
0
LINE
8
BLACK
6
CONTINUOUS
10
0.4530480708661417
20
1.1491898031496062
11
0.4536208661417322
21
1.1483325196850394
0
LINE
8
BLACK
6
CONTINUOUS
10
0.4536208661417322
20
1.1483325196850394
11
0.4539200787401575
21
1.148033346456693
0
LINE
8
BLACK
6
CONTINUOUS
10
0.4539200787401575
20
1.148033346456693
11
0.4541134645669291
21
1.1475953149606299
0
LINE
8
BLACK
6
CONTINUOUS
10
0.4541134645669291
20
1.1475953149606299
11
0.4547549606299213
21
1.1466353149606299
0
LINE
8
BLACK
6
CONTINUOUS
10
0.4547549606299213
20
1.1466353149606299
11
0.4549333070866142
21
1.1457385433070866
0
LINE
8
BLACK
6
CONTINUOUS
10
0.4549333070866142
20
1.1457385433070866
11
0.4551354330708661
21
1.1452808661417322
0
LINE
8
BLACK
6
CONTINUOUS
10
0.4551354330708661
20
1.1452808661417322
11
0.4552908267716536
21
1.1439411417322833
0
LINE
8
BLACK
6
CONTINUOUS
10
0.4552908267716536
20
1.1439411417322833
11
0.4553543307086614
21
1.1436220472440946
0
LINE
8
BLACK
6
CONTINUOUS
10
0.4553543307086614
20
1.1436220472440946
11
0.4553543307086614
21
1.0963779527559054
0
LINE
8
BLACK
6
CONTINUOUS
10
0.4553543307086614
20
1.0963779527559054
11
0.4552908267716536
21
1.0960588188976377
0
LINE
8
BLACK
6
CONTINUOUS
10
0.4552908267716536
20
1.0960588188976377
11
0.4551354330708661
21
1.094719094488189
0
LINE
8
BLACK
6
CONTINUOUS
10
0.4551354330708661
20
1.094719094488189
11
0.4549333070866142
21
1.0942613385826772
0
LINE
8
BLACK
6
CONTINUOUS
10
0.4549333070866142
20
1.0942613385826772
11
0.4547549606299213
21
1.0933646850393701
0
LINE
8
BLACK
6
CONTINUOUS
10
0.4547549606299213
20
1.0933646850393701
11
0.4541135039370079
21
1.0924047244094488
0
LINE
8
BLACK
6
CONTINUOUS
10
0.4541135039370079
20
1.0924047244094488
11
0.4539200787401575
21
1.0919666141732283
0
LINE
8
BLACK
6
CONTINUOUS
10
0.4539200787401575
20
1.0919666141732283
11
0.4536207874015748
21
1.0916673228346456
0
LINE
8
BLACK
6
CONTINUOUS
10
0.4536207874015748
20
1.0916673228346456
11
0.4530480708661417
21
1.0908101968503936
0
LINE
8
BLACK
6
CONTINUOUS
10
0.4530480708661417
20
1.0908101968503936
11
0.452190905511811
21
1.0902374409448818
0
LINE
8
BLACK
6
CONTINUOUS
10
0.452190905511811
20
1.0902374409448818
11
0.4518916141732283
21
1.0899381496062992
0
LINE
8
BLACK
6
CONTINUOUS
10
0.4518916141732283
20
1.0899381496062992
11
0.4514534251968504
21
1.0897446456692914
0
LINE
8
BLACK
6
CONTINUOUS
10
0.4514534251968504
20
1.0897446456692914
11
0.4504935826771653
21
1.0891033070866141
0
LINE
8
BLACK
6
CONTINUOUS
10
0.4504935826771653
20
1.0891033070866141
11
0.4495970078740157
21
1.0889249606299212
0
LINE
8
BLACK
6
CONTINUOUS
10
0.4495970078740157
20
1.0889249606299212
11
0.4491391338582677
21
1.0887227952755905
0
LINE
8
BLACK
6
CONTINUOUS
10
0.4491391338582677
20
1.0887227952755905
11
0.447798937007874
21
1.088567283464567
0
LINE
8
BLACK
6
CONTINUOUS
10
0.447798937007874
20
1.088567283464567
11
0.4474803149606299
21
1.088503937007874
0
LINE
8
BLACK
6
CONTINUOUS
10
0.4474803149606299
20
1.088503937007874
11
0.4472526377952756
21
1.088503937007874
0
LINE
8
BLACK
6
CONTINUOUS
10
0.4472526377952756
20
1.088503937007874
11
0.3925899212598425
21
1.088503937007874
0
LINE
8
BLACK
6
CONTINUOUS
10
0.3925899212598425
20
1.088503937007874
11
0.3923622047244094
21
1.088503937007874
0
LINE
8
BLACK
6
CONTINUOUS
10
0.3923622047244094
20
1.088503937007874
11
0.3920435433070866
21
1.088567283464567
0
LINE
8
BLACK
6
CONTINUOUS
10
0.3920435433070866
20
1.088567283464567
11
0.3907033464566929
21
1.0887227952755905
0
LINE
8
BLACK
6
CONTINUOUS
10
0.3907033464566929
20
1.0887227952755905
11
0.3902454330708661
21
1.0889249606299212
0
LINE
8
BLACK
6
CONTINUOUS
10
0.3902454330708661
20
1.0889249606299212
11
0.389348937007874
21
1.0891033070866141
0
LINE
8
BLACK
6
CONTINUOUS
10
0.389348937007874
20
1.0891033070866141
11
0.3883891338582677
21
1.0897446062992127
0
LINE
8
BLACK
6
CONTINUOUS
10
0.3883891338582677
20
1.0897446062992127
11
0.3879508661417323
21
1.0899381496062992
0
LINE
8
BLACK
6
CONTINUOUS
10
0.3879508661417323
20
1.0899381496062992
11
0.3876514566929134
21
1.0902375196850393
0
LINE
8
BLACK
6
CONTINUOUS
10
0.3876514566929134
20
1.0902375196850393
11
0.3867944488188976
21
1.0908101968503936
0
LINE
8
BLACK
6
CONTINUOUS
10
0.3867944488188976
20
1.0908101968503936
11
0.3862217716535433
21
1.0916672047244094
0
LINE
8
BLACK
6
CONTINUOUS
10
0.3862217716535433
20
1.0916672047244094
11
0.3859224015748031
21
1.0919666141732283
0
LINE
8
BLACK
6
CONTINUOUS
10
0.3859224015748031
20
1.0919666141732283
11
0.3857288582677165
21
1.0924048818897638
0
LINE
8
BLACK
6
CONTINUOUS
10
0.3857288582677165
20
1.0924048818897638
11
0.3850875590551181
21
1.0933646850393701
0
LINE
8
BLACK
6
CONTINUOUS
10
0.3850875590551181
20
1.0933646850393701
11
0.3849092125984252
21
1.0942611811023621
0
LINE
8
BLACK
6
CONTINUOUS
10
0.3849092125984252
20
1.0942611811023621
11
0.3847070472440945
21
1.094719094488189
0
LINE
8
BLACK
6
CONTINUOUS
10
0.3847070472440945
20
1.094719094488189
11
0.3845515354330709
21
1.0960593700787402
0
LINE
8
BLACK
6
CONTINUOUS
10
0.3845515354330709
20
1.0960593700787402
11
0.3844881889763779
21
1.0963779527559054
0
LINE
8
BLACK
6
CONTINUOUS
10
0.3844881889763779
20
1.0963779527559054
11
0.3844881889763779
21
1.1436220472440946
0
LINE
8
BLACK
6
CONTINUOUS
10
0.3844881889763779
20
1.1436220472440946
11
0.3845515748031496
21
1.143940748031496
0
LINE
8
BLACK
6
CONTINUOUS
10
0.3845515748031496
20
1.143940748031496
11
0.3847070472440945
21
1.1452808661417322
0
LINE
8
BLACK
6
CONTINUOUS
10
0.3847070472440945
20
1.1452808661417322
11
0.3849092125984252
21
1.1457387401574803
0
LINE
8
BLACK
6
CONTINUOUS
10
0.3849092125984252
20
1.1457387401574803
11
0.3850875590551181
21
1.1466353149606299
0
LINE
8
BLACK
6
CONTINUOUS
10
0.3850875590551181
20
1.1466353149606299
11
0.3857288976377953
21
1.1475951574803149
0
LINE
8
BLACK
6
CONTINUOUS
10
0.3857288976377953
20
1.1475951574803149
11
0.3859224015748031
21
1.148033346456693
0
LINE
8
BLACK
6
CONTINUOUS
10
0.3859224015748031
20
1.148033346456693
11
0.3862216929133858
21
1.1483326377952756
0
LINE
8
BLACK
6
CONTINUOUS
10
0.3862216929133858
20
1.1483326377952756
11
0.3867944488188976
21
1.1491898031496062
0
LINE
8
BLACK
6
CONTINUOUS
10
0.3867944488188976
20
1.1491898031496062
11
0.3876515748031496
21
1.1497625196850394
0
LINE
8
BLACK
6
CONTINUOUS
10
0.3876515748031496
20
1.1497625196850394
11
0.3879508661417323
21
1.150061811023622
0
LINE
8
BLACK
6
CONTINUOUS
10
0.3879508661417323
20
1.150061811023622
11
0.3883889763779527
21
1.1502552362204723
0
LINE
8
BLACK
6
CONTINUOUS
10
0.3883889763779527
20
1.1502552362204723
11
0.389348937007874
21
1.1508966929133857
0
LINE
8
BLACK
6
CONTINUOUS
10
0.389348937007874
20
1.1508966929133857
11
0.3902455905511811
21
1.1510750393700788
0
LINE
8
BLACK
6
CONTINUOUS
10
0.3902455905511811
20
1.1510750393700788
11
0.3907033464566929
21
1.1512771653543308
0
LINE
8
BLACK
6
CONTINUOUS
10
0.3907033464566929
20
1.1512771653543308
11
0.3920431496062992
21
1.1514325984251967
0
LINE
8
BLACK
6
CONTINUOUS
10
0.3920431496062992
20
1.1514325984251967
11
0.3923622047244094
21
1.151496062992126
0
LINE
8
BLACK
6
CONTINUOUS
10
0.3923622047244094
20
1.151496062992126
11
0.4474803149606299
21
1.151496062992126
0
LINE
8
BLACK
6
CONTINUOUS
10
0.4474803149606299
20
1.151496062992126
11
0.4477994881889764
21
1.151432559055118
0
LINE
8
BLACK
6
CONTINUOUS
10
0.7677994881889764
20
1.151432559055118
11
0.7691391338582677
21
1.1512771653543308
0
LINE
8
BLACK
6
CONTINUOUS
10
0.7691391338582677
20
1.1512771653543308
11
0.769596811023622
21
1.1510750393700788
0
LINE
8
BLACK
6
CONTINUOUS
10
0.769596811023622
20
1.1510750393700788
11
0.7704935826771654
21
1.1508966929133857
0
LINE
8
BLACK
6
CONTINUOUS
10
0.7704935826771654
20
1.1508966929133857
11
0.7714535826771654
21
1.1502551968503936
0
LINE
8
BLACK
6
CONTINUOUS
10
0.7714535826771654
20
1.1502551968503936
11
0.7718916141732284
21
1.150061811023622
0
LINE
8
BLACK
6
CONTINUOUS
10
0.7718916141732284
20
1.150061811023622
11
0.7721907874015748
21
1.1497625984251969
0
LINE
8
BLACK
6
CONTINUOUS
10
0.7721907874015748
20
1.1497625984251969
11
0.7730480708661417
21
1.1491898031496062
0
LINE
8
BLACK
6
CONTINUOUS
10
0.7730480708661417
20
1.1491898031496062
11
0.7736208661417323
21
1.1483325196850394
0
LINE
8
BLACK
6
CONTINUOUS
10
0.7736208661417323
20
1.1483325196850394
11
0.7739200787401574
21
1.148033346456693
0
LINE
8
BLACK
6
CONTINUOUS
10
0.7739200787401574
20
1.148033346456693
11
0.7741134645669291
21
1.1475953149606299
0
LINE
8
BLACK
6
CONTINUOUS
10
0.7741134645669291
20
1.1475953149606299
11
0.7747549606299212
21
1.1466353149606299
0
LINE
8
BLACK
6
CONTINUOUS
10
0.7747549606299212
20
1.1466353149606299
11
0.7749333070866141
21
1.1457385433070866
0
LINE
8
BLACK
6
CONTINUOUS
10
0.7749333070866141
20
1.1457385433070866
11
0.7751354330708661
21
1.1452808661417322
0
LINE
8
BLACK
6
CONTINUOUS
10
0.7751354330708661
20
1.1452808661417322
11
0.7752908267716535
21
1.1439411417322833
0
LINE
8
BLACK
6
CONTINUOUS
10
0.7752908267716535
20
1.1439411417322833
11
0.7753543307086614
21
1.1436220472440946
0
LINE
8
BLACK
6
CONTINUOUS
10
0.7753543307086614
20
1.1436220472440946
11
0.7753543307086614
21
1.0963779527559054
0
LINE
8
BLACK
6
CONTINUOUS
10
0.7753543307086614
20
1.0963779527559054
11
0.7752908267716535
21
1.0960588188976377
0
LINE
8
BLACK
6
CONTINUOUS
10
0.7752908267716535
20
1.0960588188976377
11
0.7751354330708661
21
1.094719094488189
0
LINE
8
BLACK
6
CONTINUOUS
10
0.7751354330708661
20
1.094719094488189
11
0.7749333070866141
21
1.0942613385826772
0
LINE
8
BLACK
6
CONTINUOUS
10
0.7749333070866141
20
1.0942613385826772
11
0.7747549606299212
21
1.0933646850393701
0
LINE
8
BLACK
6
CONTINUOUS
10
0.7747549606299212
20
1.0933646850393701
11
0.7741135039370078
21
1.0924047244094488
0
LINE
8
BLACK
6
CONTINUOUS
10
0.7741135039370078
20
1.0924047244094488
11
0.7739200787401574
21
1.0919666141732283
0
LINE
8
BLACK
6
CONTINUOUS
10
0.7739200787401574
20
1.0919666141732283
11
0.7736207874015748
21
1.0916673228346456
0
LINE
8
BLACK
6
CONTINUOUS
10
0.7736207874015748
20
1.0916673228346456
11
0.7730480708661417
21
1.0908101968503936
0
LINE
8
BLACK
6
CONTINUOUS
10
0.7730480708661417
20
1.0908101968503936
11
0.772190905511811
21
1.0902374409448818
0
LINE
8
BLACK
6
CONTINUOUS
10
0.772190905511811
20
1.0902374409448818
11
0.7718916141732284
21
1.0899381496062992
0
LINE
8
BLACK
6
CONTINUOUS
10
0.7718916141732284
20
1.0899381496062992
11
0.7714534251968503
21
1.0897446456692914
0
LINE
8
BLACK
6
CONTINUOUS
10
0.7714534251968503
20
1.0897446456692914
11
0.7704935826771654
21
1.0891033070866141
0
LINE
8
BLACK
6
CONTINUOUS
10
0.7704935826771654
20
1.0891033070866141
11
0.7695970078740157
21
1.0889249606299212
0
LINE
8
BLACK
6
CONTINUOUS
10
0.7695970078740157
20
1.0889249606299212
11
0.7691391338582677
21
1.0887227952755905
0
LINE
8
BLACK
6
CONTINUOUS
10
0.7691391338582677
20
1.0887227952755905
11
0.767798937007874
21
1.088567283464567
0
LINE
8
BLACK
6
CONTINUOUS
10
0.767798937007874
20
1.088567283464567
11
0.7674803149606299
21
1.088503937007874
0
LINE
8
BLACK
6
CONTINUOUS
10
0.7674803149606299
20
1.088503937007874
11
0.7672526377952755
21
1.088503937007874
0
LINE
8
BLACK
6
CONTINUOUS
10
0.7672526377952755
20
1.088503937007874
11
0.7125899212598426
21
1.088503937007874
0
LINE
8
BLACK
6
CONTINUOUS
10
0.7125899212598426
20
1.088503937007874
11
0.7123622047244095
21
1.088503937007874
0
LINE
8
BLACK
6
CONTINUOUS
10
0.7123622047244095
20
1.088503937007874
11
0.7120435433070866
21
1.088567283464567
0
LINE
8
BLACK
6
CONTINUOUS
10
0.7120435433070866
20
1.088567283464567
11
0.7107033464566929
21
1.0887227952755905
0
LINE
8
BLACK
6
CONTINUOUS
10
0.7107033464566929
20
1.0887227952755905
11
0.7102454330708661
21
1.0889249606299212
0
LINE
8
BLACK
6
CONTINUOUS
10
0.7102454330708661
20
1.0889249606299212
11
0.709348937007874
21
1.0891033070866141
0
LINE
8
BLACK
6
CONTINUOUS
10
0.709348937007874
20
1.0891033070866141
11
0.7083891338582677
21
1.0897446062992127
0
LINE
8
BLACK
6
CONTINUOUS
10
0.7083891338582677
20
1.0897446062992127
11
0.7079508661417323
21
1.0899381496062992
0
LINE
8
BLACK
6
CONTINUOUS
10
0.7079508661417323
20
1.0899381496062992
11
0.7076514566929134
21
1.0902375196850393
0
LINE
8
BLACK
6
CONTINUOUS
10
0.7076514566929134
20
1.0902375196850393
11
0.7067944488188976
21
1.0908101968503936
0
LINE
8
BLACK
6
CONTINUOUS
10
0.7067944488188976
20
1.0908101968503936
11
0.7062217716535433
21
1.0916672047244094
0
LINE
8
BLACK
6
CONTINUOUS
10
0.7062217716535433
20
1.0916672047244094
11
0.7059224015748031
21
1.0919666141732283
0
LINE
8
BLACK
6
CONTINUOUS
10
0.7059224015748031
20
1.0919666141732283
11
0.7057288582677165
21
1.0924048818897638
0
LINE
8
BLACK
6
CONTINUOUS
10
0.7057288582677165
20
1.0924048818897638
11
0.7050875590551181
21
1.0933646850393701
0
LINE
8
BLACK
6
CONTINUOUS
10
0.7050875590551181
20
1.0933646850393701
11
0.7049092125984252
21
1.0942611811023621
0
LINE
8
BLACK
6
CONTINUOUS
10
0.7049092125984252
20
1.0942611811023621
11
0.7047070472440945
21
1.094719094488189
0
LINE
8
BLACK
6
CONTINUOUS
10
0.7047070472440945
20
1.094719094488189
11
0.7045515354330708
21
1.0960593700787402
0
LINE
8
BLACK
6
CONTINUOUS
10
0.7045515354330708
20
1.0960593700787402
11
0.7044881889763779
21
1.0963779527559054
0
LINE
8
BLACK
6
CONTINUOUS
10
0.7044881889763779
20
1.0963779527559054
11
0.7044881889763779
21
1.1436220472440946
0
LINE
8
BLACK
6
CONTINUOUS
10
0.7044881889763779
20
1.1436220472440946
11
0.7045515748031496
21
1.143940748031496
0
LINE
8
BLACK
6
CONTINUOUS
10
0.7045515748031496
20
1.143940748031496
11
0.7047070472440945
21
1.1452808661417322
0
LINE
8
BLACK
6
CONTINUOUS
10
0.7047070472440945
20
1.1452808661417322
11
0.7049092125984252
21
1.1457387401574803
0
LINE
8
BLACK
6
CONTINUOUS
10
0.7049092125984252
20
1.1457387401574803
11
0.7050875590551181
21
1.1466353149606299
0
LINE
8
BLACK
6
CONTINUOUS
10
0.7050875590551181
20
1.1466353149606299
11
0.7057288976377952
21
1.1475951574803149
0
LINE
8
BLACK
6
CONTINUOUS
10
0.7057288976377952
20
1.1475951574803149
11
0.7059224015748031
21
1.148033346456693
0
LINE
8
BLACK
6
CONTINUOUS
10
0.7059224015748031
20
1.148033346456693
11
0.7062216929133858
21
1.1483326377952756
0
LINE
8
BLACK
6
CONTINUOUS
10
0.7062216929133858
20
1.1483326377952756
11
0.7067944488188976
21
1.1491898031496062
0
LINE
8
BLACK
6
CONTINUOUS
10
0.7067944488188976
20
1.1491898031496062
11
0.7076515748031496
21
1.1497625196850394
0
LINE
8
BLACK
6
CONTINUOUS
10
0.7076515748031496
20
1.1497625196850394
11
0.7079508661417323
21
1.150061811023622
0
LINE
8
BLACK
6
CONTINUOUS
10
0.7079508661417323
20
1.150061811023622
11
0.7083889763779527
21
1.1502552362204723
0
LINE
8
BLACK
6
CONTINUOUS
10
0.7083889763779527
20
1.1502552362204723
11
0.709348937007874
21
1.1508966929133857
0
LINE
8
BLACK
6
CONTINUOUS
10
0.709348937007874
20
1.1508966929133857
11
0.7102455905511811
21
1.1510750393700788
0
LINE
8
BLACK
6
CONTINUOUS
10
0.7102455905511811
20
1.1510750393700788
11
0.7107033464566929
21
1.1512771653543308
0
LINE
8
BLACK
6
CONTINUOUS
10
0.7107033464566929
20
1.1512771653543308
11
0.7120431496062992
21
1.1514325984251967
0
LINE
8
BLACK
6
CONTINUOUS
10
0.7120431496062992
20
1.1514325984251967
11
0.7123622047244095
21
1.151496062992126
0
LINE
8
BLACK
6
CONTINUOUS
10
0.7123622047244095
20
1.151496062992126
11
0.7674803149606299
21
1.151496062992126
0
LINE
8
BLACK
6
CONTINUOUS
10
0.7674803149606299
20
1.151496062992126
11
0.7677994881889764
21
1.151432559055118
0
LINE
8
BLACK
6
CONTINUOUS
10
1.0877994881889763
20
1.151432559055118
11
1.0891391338582677
21
1.1512771653543308
0
LINE
8
BLACK
6
CONTINUOUS
10
1.0891391338582677
20
1.1512771653543308
11
1.089596811023622
21
1.1510750393700788
0
LINE
8
BLACK
6
CONTINUOUS
10
1.089596811023622
20
1.1510750393700788
11
1.0904935826771653
21
1.1508966929133857
0
LINE
8
BLACK
6
CONTINUOUS
10
1.0904935826771653
20
1.1508966929133857
11
1.0914535826771654
21
1.1502551968503936
0
LINE
8
BLACK
6
CONTINUOUS
10
1.0914535826771654
20
1.1502551968503936
11
1.0918916141732282
21
1.150061811023622
0
LINE
8
BLACK
6
CONTINUOUS
10
1.0918916141732282
20
1.150061811023622
11
1.0921907874015748
21
1.1497625984251969
0
LINE
8
BLACK
6
CONTINUOUS
10
1.0921907874015748
20
1.1497625984251969
11
1.0930480708661416
21
1.1491898031496062
0
LINE
8
BLACK
6
CONTINUOUS
10
1.0930480708661416
20
1.1491898031496062
11
1.0936208661417322
21
1.1483325196850394
0
LINE
8
BLACK
6
CONTINUOUS
10
1.0936208661417322
20
1.1483325196850394
11
1.0939200787401575
21
1.148033346456693
0
LINE
8
BLACK
6
CONTINUOUS
10
1.0939200787401575
20
1.148033346456693
11
1.094113464566929
21
1.1475953149606299
0
LINE
8
BLACK
6
CONTINUOUS
10
1.094113464566929
20
1.1475953149606299
11
1.0947549606299212
21
1.1466353149606299
0
LINE
8
BLACK
6
CONTINUOUS
10
1.0947549606299212
20
1.1466353149606299
11
1.0949333070866141
21
1.1457385433070866
0
LINE
8
BLACK
6
CONTINUOUS
10
1.0949333070866141
20
1.1457385433070866
11
1.095135433070866
21
1.1452808661417322
0
LINE
8
BLACK
6
CONTINUOUS
10
1.095135433070866
20
1.1452808661417322
11
1.0952908267716535
21
1.1439411417322833
0
LINE
8
BLACK
6
CONTINUOUS
10
1.0952908267716535
20
1.1439411417322833
11
1.0953543307086613
21
1.1436220472440946
0
LINE
8
BLACK
6
CONTINUOUS
10
1.0953543307086613
20
1.1436220472440946
11
1.0953543307086613
21
1.0963779527559054
0
LINE
8
BLACK
6
CONTINUOUS
10
1.0953543307086613
20
1.0963779527559054
11
1.0952908267716535
21
1.0960588188976377
0
LINE
8
BLACK
6
CONTINUOUS
10
1.0952908267716535
20
1.0960588188976377
11
1.095135433070866
21
1.094719094488189
0
LINE
8
BLACK
6
CONTINUOUS
10
1.095135433070866
20
1.094719094488189
11
1.0949333070866141
21
1.0942613385826772
0
LINE
8
BLACK
6
CONTINUOUS
10
1.0949333070866141
20
1.0942613385826772
11
1.0947549606299212
21
1.0933646850393701
0
LINE
8
BLACK
6
CONTINUOUS
10
1.0947549606299212
20
1.0933646850393701
11
1.0941135039370078
21
1.0924047244094488
0
LINE
8
BLACK
6
CONTINUOUS
10
1.0941135039370078
20
1.0924047244094488
11
1.0939200787401575
21
1.0919666141732283
0
LINE
8
BLACK
6
CONTINUOUS
10
1.0939200787401575
20
1.0919666141732283
11
1.0936207874015749
21
1.0916673228346456
0
LINE
8
BLACK
6
CONTINUOUS
10
1.0936207874015749
20
1.0916673228346456
11
1.0930480708661416
21
1.0908101968503936
0
LINE
8
BLACK
6
CONTINUOUS
10
1.0930480708661416
20
1.0908101968503936
11
1.0921909055118111
21
1.0902374409448818
0
LINE
8
BLACK
6
CONTINUOUS
10
1.0921909055118111
20
1.0902374409448818
11
1.0918916141732282
21
1.0899381496062992
0
LINE
8
BLACK
6
CONTINUOUS
10
1.0918916141732282
20
1.0899381496062992
11
1.0914534251968504
21
1.0897446456692914
0
LINE
8
BLACK
6
CONTINUOUS
10
1.0914534251968504
20
1.0897446456692914
11
1.0904935826771653
21
1.0891033070866141
0
LINE
8
BLACK
6
CONTINUOUS
10
1.0904935826771653
20
1.0891033070866141
11
1.0895970078740158
21
1.0889249606299212
0
LINE
8
BLACK
6
CONTINUOUS
10
1.0895970078740158
20
1.0889249606299212
11
1.0891391338582677
21
1.0887227952755905
0
LINE
8
BLACK
6
CONTINUOUS
10
1.0891391338582677
20
1.0887227952755905
11
1.087798937007874
21
1.088567283464567
0
LINE
8
BLACK
6
CONTINUOUS
10
1.087798937007874
20
1.088567283464567
11
1.0874803149606298
21
1.088503937007874
0
LINE
8
BLACK
6
CONTINUOUS
10
1.0874803149606298
20
1.088503937007874
11
1.0872526377952756
21
1.088503937007874
0
LINE
8
BLACK
6
CONTINUOUS
10
1.0872526377952756
20
1.088503937007874
11
1.0325899212598424
21
1.088503937007874
0
LINE
8
BLACK
6
CONTINUOUS
10
1.0325899212598424
20
1.088503937007874
11
1.0323622047244094
21
1.088503937007874
0
LINE
8
BLACK
6
CONTINUOUS
10
1.0323622047244094
20
1.088503937007874
11
1.0320435433070867
21
1.088567283464567
0
LINE
8
BLACK
6
CONTINUOUS
10
1.0320435433070867
20
1.088567283464567
11
1.0307033464566928
21
1.0887227952755905
0
LINE
8
BLACK
6
CONTINUOUS
10
1.0307033464566928
20
1.0887227952755905
11
1.0302454330708661
21
1.0889249606299212
0
LINE
8
BLACK
6
CONTINUOUS
10
1.0302454330708661
20
1.0889249606299212
11
1.0293489370078739
21
1.0891033070866141
0
LINE
8
BLACK
6
CONTINUOUS
10
1.0293489370078739
20
1.0891033070866141
11
1.0283891338582678
21
1.0897446062992127
0
LINE
8
BLACK
6
CONTINUOUS
10
1.0283891338582678
20
1.0897446062992127
11
1.0279508661417323
21
1.0899381496062992
0
LINE
8
BLACK
6
CONTINUOUS
10
1.0279508661417323
20
1.0899381496062992
11
1.0276514566929134
21
1.0902375196850393
0
LINE
8
BLACK
6
CONTINUOUS
10
1.0276514566929134
20
1.0902375196850393
11
1.0267944488188976
21
1.0908101968503936
0
LINE
8
BLACK
6
CONTINUOUS
10
1.0267944488188976
20
1.0908101968503936
11
1.0262217716535433
21
1.0916672047244094
0
LINE
8
BLACK
6
CONTINUOUS
10
1.0262217716535433
20
1.0916672047244094
11
1.0259224015748032
21
1.0919666141732283
0
LINE
8
BLACK
6
CONTINUOUS
10
1.0259224015748032
20
1.0919666141732283
11
1.0257288582677164
21
1.0924048818897638
0
LINE
8
BLACK
6
CONTINUOUS
10
1.0257288582677164
20
1.0924048818897638
11
1.0250875590551181
21
1.0933646850393701
0
LINE
8
BLACK
6
CONTINUOUS
10
1.0250875590551181
20
1.0933646850393701
11
1.0249092125984252
21
1.0942611811023621
0
LINE
8
BLACK
6
CONTINUOUS
10
1.0249092125984252
20
1.0942611811023621
11
1.0247070472440944
21
1.094719094488189
0
LINE
8
BLACK
6
CONTINUOUS
10
1.0247070472440944
20
1.094719094488189
11
1.0245515354330708
21
1.0960593700787402
0
LINE
8
BLACK
6
CONTINUOUS
10
1.0245515354330708
20
1.0960593700787402
11
1.0244881889763779
21
1.0963779527559054
0
LINE
8
BLACK
6
CONTINUOUS
10
1.0244881889763779
20
1.0963779527559054
11
1.0244881889763779
21
1.1436220472440946
0
LINE
8
BLACK
6
CONTINUOUS
10
1.0244881889763779
20
1.1436220472440946
11
1.0245515748031495
21
1.143940748031496
0
LINE
8
BLACK
6
CONTINUOUS
10
1.0245515748031495
20
1.143940748031496
11
1.0247070472440944
21
1.1452808661417322
0
LINE
8
BLACK
6
CONTINUOUS
10
1.0247070472440944
20
1.1452808661417322
11
1.0249092125984252
21
1.1457387401574803
0
LINE
8
BLACK
6
CONTINUOUS
10
1.0249092125984252
20
1.1457387401574803
11
1.0250875590551181
21
1.1466353149606299
0
LINE
8
BLACK
6
CONTINUOUS
10
1.0250875590551181
20
1.1466353149606299
11
1.0257288976377952
21
1.1475951574803149
0
LINE
8
BLACK
6
CONTINUOUS
10
1.0257288976377952
20
1.1475951574803149
11
1.0259224015748032
21
1.148033346456693
0
LINE
8
BLACK
6
CONTINUOUS
10
1.0259224015748032
20
1.148033346456693
11
1.0262216929133858
21
1.1483326377952756
0
LINE
8
BLACK
6
CONTINUOUS
10
1.0262216929133858
20
1.1483326377952756
11
1.0267944488188976
21
1.1491898031496062
0
LINE
8
BLACK
6
CONTINUOUS
10
1.0267944488188976
20
1.1491898031496062
11
1.0276515748031496
21
1.1497625196850394
0
LINE
8
BLACK
6
CONTINUOUS
10
1.0276515748031496
20
1.1497625196850394
11
1.0279508661417323
21
1.150061811023622
0
LINE
8
BLACK
6
CONTINUOUS
10
1.0279508661417323
20
1.150061811023622
11
1.0283889763779528
21
1.1502552362204723
0
LINE
8
BLACK
6
CONTINUOUS
10
1.0283889763779528
20
1.1502552362204723
11
1.0293489370078739
21
1.1508966929133857
0
LINE
8
BLACK
6
CONTINUOUS
10
1.0293489370078739
20
1.1508966929133857
11
1.0302455905511811
21
1.1510750393700788
0
LINE
8
BLACK
6
CONTINUOUS
10
1.0302455905511811
20
1.1510750393700788
11
1.0307033464566928
21
1.1512771653543308
0
LINE
8
BLACK
6
CONTINUOUS
10
1.0307033464566928
20
1.1512771653543308
11
1.0320431496062992
21
1.1514325984251967
0
LINE
8
BLACK
6
CONTINUOUS
10
1.0320431496062992
20
1.1514325984251967
11
1.0323622047244094
21
1.151496062992126
0
LINE
8
BLACK
6
CONTINUOUS
10
1.0323622047244094
20
1.151496062992126
11
1.0874803149606298
21
1.151496062992126
0
LINE
8
BLACK
6
CONTINUOUS
10
1.0874803149606298
20
1.151496062992126
11
1.0877994881889763
21
1.151432559055118
0
LINE
8
BLACK
6
CONTINUOUS
10
1.4996892519685039
20
1.1954483070866142
11
1.5010288976377952
21
1.1952929133858268
0
LINE
8
BLACK
6
CONTINUOUS
10
1.5010288976377952
20
1.1952929133858268
11
1.5014865748031496
21
1.1950907874015748
0
LINE
8
BLACK
6
CONTINUOUS
10
1.5014865748031496
20
1.1950907874015748
11
1.5023833464566929
21
1.1949124409448819
0
LINE
8
BLACK
6
CONTINUOUS
10
1.5023833464566929
20
1.1949124409448819
11
1.503343346456693
21
1.1942709448818898
0
LINE
8
BLACK
6
CONTINUOUS
10
1.503343346456693
20
1.1942709448818898
11
1.5037813779527558
21
1.194077559055118
0
LINE
8
BLACK
6
CONTINUOUS
10
1.5037813779527558
20
1.194077559055118
11
1.5040805511811024
21
1.1937783464566929
0
LINE
8
BLACK
6
CONTINUOUS
10
1.5040805511811024
20
1.1937783464566929
11
1.5049378346456692
21
1.1932055511811024
0
LINE
8
BLACK
6
CONTINUOUS
10
1.5049378346456692
20
1.1932055511811024
11
1.5055106299212597
21
1.1923482677165353
0
LINE
8
BLACK
6
CONTINUOUS
10
1.5055106299212597
20
1.1923482677165353
11
1.5058098425196851
21
1.192049094488189
0
LINE
8
BLACK
6
CONTINUOUS
10
1.5058098425196851
20
1.192049094488189
11
1.5060032283464566
21
1.1916110629921259
0
LINE
8
BLACK
6
CONTINUOUS
10
1.5060032283464566
20
1.1916110629921259
11
1.5066447244094487
21
1.1906510629921259
0
LINE
8
BLACK
6
CONTINUOUS
10
1.5066447244094487
20
1.1906510629921259
11
1.5068230708661416
21
1.1897542913385826
0
LINE
8
BLACK
6
CONTINUOUS
10
1.5068230708661416
20
1.1897542913385826
11
1.5070251968503936
21
1.1892966141732284
0
LINE
8
BLACK
6
CONTINUOUS
10
1.5070251968503936
20
1.1892966141732284
11
1.507180590551181
21
1.1879568897637796
0
LINE
8
BLACK
6
CONTINUOUS
10
1.507180590551181
20
1.1879568897637796
11
1.5072440944881889
21
1.1876377952755905
0
LINE
8
BLACK
6
CONTINUOUS
10
1.5072440944881889
20
1.1876377952755905
11
1.5072440944881889
21
1.1325196850393699
0
LINE
8
BLACK
6
CONTINUOUS
10
1.5072440944881889
20
1.1325196850393699
11
1.507180590551181
21
1.1322005511811024
0
LINE
8
BLACK
6
CONTINUOUS
10
1.507180590551181
20
1.1322005511811024
11
1.5070251968503936
21
1.1308608267716536
0
LINE
8
BLACK
6
CONTINUOUS
10
1.5070251968503936
20
1.1308608267716536
11
1.5068230708661416
21
1.1304030708661417
0
LINE
8
BLACK
6
CONTINUOUS
10
1.5068230708661416
20
1.1304030708661417
11
1.5066447244094487
21
1.1295064173228346
0
LINE
8
BLACK
6
CONTINUOUS
10
1.5066447244094487
20
1.1295064173228346
11
1.5060032677165354
21
1.1285464566929133
0
LINE
8
BLACK
6
CONTINUOUS
10
1.5060032677165354
20
1.1285464566929133
11
1.5058098425196851
21
1.1281083464566928
0
LINE
8
BLACK
6
CONTINUOUS
10
1.5058098425196851
20
1.1281083464566928
11
1.5055105511811022
21
1.1278090551181101
0
LINE
8
BLACK
6
CONTINUOUS
10
1.5055105511811022
20
1.1278090551181101
11
1.5049378346456692
21
1.1269519291338583
0
LINE
8
BLACK
6
CONTINUOUS
10
1.5049378346456692
20
1.1269519291338583
11
1.5040806692913387
21
1.1263791732283464
0
LINE
8
BLACK
6
CONTINUOUS
10
1.5040806692913387
20
1.1263791732283464
11
1.5037813779527558
21
1.1260798818897637
0
LINE
8
BLACK
6
CONTINUOUS
10
1.5037813779527558
20
1.1260798818897637
11
1.503343188976378
21
1.1258863779527559
0
LINE
8
BLACK
6
CONTINUOUS
10
1.503343188976378
20
1.1258863779527559
11
1.5023833464566929
21
1.1252450393700788
0
LINE
8
BLACK
6
CONTINUOUS
10
1.5023833464566929
20
1.1252450393700788
11
1.5014867716535434
21
1.1250666929133859
0
LINE
8
BLACK
6
CONTINUOUS
10
1.5014867716535434
20
1.1250666929133859
11
1.5010288976377952
21
1.1248645275590552
0
LINE
8
BLACK
6
CONTINUOUS
10
1.5010288976377952
20
1.1248645275590552
11
1.4996887007874016
21
1.1247090157480315
0
LINE
8
BLACK
6
CONTINUOUS
10
1.4996887007874016
20
1.1247090157480315
11
1.4993700787401574
21
1.1246456692913385
0
LINE
8
BLACK
6
CONTINUOUS
10
1.4993700787401574
20
1.1246456692913385
11
1.4991424015748032
21
1.1246456692913385
0
LINE
8
BLACK
6
CONTINUOUS
10
1.4991424015748032
20
1.1246456692913385
11
1.4208576377952755
21
1.1246456692913385
0
LINE
8
BLACK
6
CONTINUOUS
10
1.4208576377952755
20
1.1246456692913385
11
1.4206299212598426
21
1.1246456692913385
0
LINE
8
BLACK
6
CONTINUOUS
10
1.4206299212598426
20
1.1246456692913385
11
1.4203112598425196
21
1.1247090157480315
0
LINE
8
BLACK
6
CONTINUOUS
10
1.4203112598425196
20
1.1247090157480315
11
1.4189710629921259
21
1.1248645275590552
0
LINE
8
BLACK
6
CONTINUOUS
10
1.4189710629921259
20
1.1248645275590552
11
1.4185131496062993
21
1.1250666929133859
0
LINE
8
BLACK
6
CONTINUOUS
10
1.4185131496062993
20
1.1250666929133859
11
1.417616653543307
21
1.1252450393700788
0
LINE
8
BLACK
6
CONTINUOUS
10
1.417616653543307
20
1.1252450393700788
11
1.4166568503937007
21
1.1258863385826772
0
LINE
8
BLACK
6
CONTINUOUS
10
1.4166568503937007
20
1.1258863385826772
11
1.4162185826771654
21
1.1260798818897637
0
LINE
8
BLACK
6
CONTINUOUS
10
1.4162185826771654
20
1.1260798818897637
11
1.4159191732283465
21
1.1263792519685039
0
LINE
8
BLACK
6
CONTINUOUS
10
1.4159191732283465
20
1.1263792519685039
11
1.4150621653543307
21
1.1269519291338583
0
LINE
8
BLACK
6
CONTINUOUS
10
1.4150621653543307
20
1.1269519291338583
11
1.4144894881889762
21
1.1278089370078739
0
LINE
8
BLACK
6
CONTINUOUS
10
1.4144894881889762
20
1.1278089370078739
11
1.4141901181102361
21
1.1281083464566928
0
LINE
8
BLACK
6
CONTINUOUS
10
1.4141901181102361
20
1.1281083464566928
11
1.4139965748031496
21
1.1285466141732283
0
LINE
8
BLACK
6
CONTINUOUS
10
1.4139965748031496
20
1.1285466141732283
11
1.4133552755905512
21
1.1295064173228346
0
LINE
8
BLACK
6
CONTINUOUS
10
1.4133552755905512
20
1.1295064173228346
11
1.4131769291338583
21
1.1304029133858267
0
LINE
8
BLACK
6
CONTINUOUS
10
1.4131769291338583
20
1.1304029133858267
11
1.4129747637795276
21
1.1308608267716536
0
LINE
8
BLACK
6
CONTINUOUS
10
1.4129747637795276
20
1.1308608267716536
11
1.4128192519685039
21
1.1322011023622047
0
LINE
8
BLACK
6
CONTINUOUS
10
1.4128192519685039
20
1.1322011023622047
11
1.4127559055118111
21
1.1325196850393699
0
LINE
8
BLACK
6
CONTINUOUS
10
1.4127559055118111
20
1.1325196850393699
11
1.4127559055118111
21
1.1876377952755905
0
LINE
8
BLACK
6
CONTINUOUS
10
1.4127559055118111
20
1.1876377952755905
11
1.4128192913385826
21
1.187956496062992
0
LINE
8
BLACK
6
CONTINUOUS
10
1.4128192913385826
20
1.187956496062992
11
1.4129747637795276
21
1.1892966141732284
0
LINE
8
BLACK
6
CONTINUOUS
10
1.4129747637795276
20
1.1892966141732284
11
1.4131769291338583
21
1.1897544881889763
0
LINE
8
BLACK
6
CONTINUOUS
10
1.4131769291338583
20
1.1897544881889763
11
1.4133552755905512
21
1.1906510629921259
0
LINE
8
BLACK
6
CONTINUOUS
10
1.4133552755905512
20
1.1906510629921259
11
1.4139966141732283
21
1.1916109055118109
0
LINE
8
BLACK
6
CONTINUOUS
10
1.4139966141732283
20
1.1916109055118109
11
1.4141901181102361
21
1.192049094488189
0
LINE
8
BLACK
6
CONTINUOUS
10
1.4141901181102361
20
1.192049094488189
11
1.414489409448819
21
1.1923483858267716
0
LINE
8
BLACK
6
CONTINUOUS
10
1.414489409448819
20
1.1923483858267716
11
1.4150621653543307
21
1.1932055511811024
0
LINE
8
BLACK
6
CONTINUOUS
10
1.4150621653543307
20
1.1932055511811024
11
1.4159192913385827
21
1.1937782677165354
0
LINE
8
BLACK
6
CONTINUOUS
10
1.4159192913385827
20
1.1937782677165354
11
1.4162185826771654
21
1.194077559055118
0
LINE
8
BLACK
6
CONTINUOUS
10
1.4162185826771654
20
1.194077559055118
11
1.4166566929133857
21
1.1942709842519685
0
LINE
8
BLACK
6
CONTINUOUS
10
1.4166566929133857
20
1.1942709842519685
11
1.417616653543307
21
1.1949124409448819
0
LINE
8
BLACK
6
CONTINUOUS
10
1.417616653543307
20
1.1949124409448819
11
1.4185133070866141
21
1.1950907874015748
0
LINE
8
BLACK
6
CONTINUOUS
10
1.4185133070866141
20
1.1950907874015748
11
1.4189710629921259
21
1.1952929133858268
0
LINE
8
BLACK
6
CONTINUOUS
10
1.4189710629921259
20
1.1952929133858268
11
1.4203108661417323
21
1.195448346456693
0
LINE
8
BLACK
6
CONTINUOUS
10
1.4203108661417323
20
1.195448346456693
11
1.4206299212598426
21
1.195511811023622
0
LINE
8
BLACK
6
CONTINUOUS
10
1.4206299212598426
20
1.195511811023622
11
1.4993700787401574
21
1.195511811023622
0
LINE
8
BLACK
6
CONTINUOUS
10
1.4993700787401574
20
1.195511811023622
11
1.4996892519685039
21
1.1954483070866142
0
LINE
8
BLACK
6
CONTINUOUS
10
0.5039412204724409
20
1.2952908267716534
11
0.5052808661417323
21
1.2951354330708662
0
LINE
8
BLACK
6
CONTINUOUS
10
0.5052808661417323
20
1.2951354330708662
11
0.5057385433070866
21
1.2949333070866142
0
LINE
8
BLACK
6
CONTINUOUS
10
0.5057385433070866
20
1.2949333070866142
11
0.5066353149606299
21
1.2947549606299211
0
LINE
8
BLACK
6
CONTINUOUS
10
0.5066353149606299
20
1.2947549606299211
11
0.5075953149606299
21
1.294113464566929
0
LINE
8
BLACK
6
CONTINUOUS
10
0.5075953149606299
20
1.294113464566929
11
0.5080333464566928
21
1.2939200787401575
0
LINE
8
BLACK
6
CONTINUOUS
10
0.5080333464566928
20
1.2939200787401575
11
0.5083325196850393
21
1.2936208661417323
0
LINE
8
BLACK
6
CONTINUOUS
10
0.5083325196850393
20
1.2936208661417323
11
0.5091898031496063
21
1.2930480708661416
0
LINE
8
BLACK
6
CONTINUOUS
10
0.5091898031496063
20
1.2930480708661416
11
0.5097625984251969
21
1.2921907874015748
0
LINE
8
BLACK
6
CONTINUOUS
10
0.5097625984251969
20
1.2921907874015748
11
0.510061811023622
21
1.2918916141732284
0
LINE
8
BLACK
6
CONTINUOUS
10
0.510061811023622
20
1.2918916141732284
11
0.5102551968503937
21
1.2914535826771654
0
LINE
8
BLACK
6
CONTINUOUS
10
0.5102551968503937
20
1.2914535826771654
11
0.5108966929133858
21
1.2904935826771653
0
LINE
8
BLACK
6
CONTINUOUS
10
0.5108966929133858
20
1.2904935826771653
11
0.5110750393700787
21
1.289596811023622
0
LINE
8
BLACK
6
CONTINUOUS
10
0.5110750393700787
20
1.289596811023622
11
0.5112771653543307
21
1.2891391338582676
0
LINE
8
BLACK
6
CONTINUOUS
10
0.5112771653543307
20
1.2891391338582676
11
0.5114325590551181
21
1.2877994094488188
0
LINE
8
BLACK
6
CONTINUOUS
10
0.5114325590551181
20
1.2877994094488188
11
0.511496062992126
21
1.28748031496063
0
LINE
8
BLACK
6
CONTINUOUS
10
0.511496062992126
20
1.28748031496063
11
0.511496062992126
21
1.2323622047244094
0
LINE
8
BLACK
6
CONTINUOUS
10
0.511496062992126
20
1.2323622047244094
11
0.5114325590551181
21
1.2320430708661416
0
LINE
8
BLACK
6
CONTINUOUS
10
0.5114325590551181
20
1.2320430708661416
11
0.5112771653543307
21
1.230703346456693
0
LINE
8
BLACK
6
CONTINUOUS
10
0.5112771653543307
20
1.230703346456693
11
0.5110750393700787
21
1.2302455905511811
0
LINE
8
BLACK
6
CONTINUOUS
10
0.5110750393700787
20
1.2302455905511811
11
0.5108966929133858
21
1.2293489370078741
0
LINE
8
BLACK
6
CONTINUOUS
10
0.5108966929133858
20
1.2293489370078741
11
0.5102552362204724
21
1.2283889763779527
0
LINE
8
BLACK
6
CONTINUOUS
10
0.5102552362204724
20
1.2283889763779527
11
0.510061811023622
21
1.2279508661417322
0
LINE
8
BLACK
6
CONTINUOUS
10
0.510061811023622
20
1.2279508661417322
11
0.5097625196850394
21
1.2276515748031496
0
LINE
8
BLACK
6
CONTINUOUS
10
0.5097625196850394
20
1.2276515748031496
11
0.5091898031496063
21
1.2267944488188975
0
LINE
8
BLACK
6
CONTINUOUS
10
0.5091898031496063
20
1.2267944488188975
11
0.5083326377952756
21
1.2262216929133858
0
LINE
8
BLACK
6
CONTINUOUS
10
0.5083326377952756
20
1.2262216929133858
11
0.5080333464566928
21
1.2259224015748031
0
LINE
8
BLACK
6
CONTINUOUS
10
0.5080333464566928
20
1.2259224015748031
11
0.5075951574803149
21
1.2257288976377954
0
LINE
8
BLACK
6
CONTINUOUS
10
0.5075951574803149
20
1.2257288976377954
11
0.5066353149606299
21
1.225087559055118
0
LINE
8
BLACK
6
CONTINUOUS
10
0.5066353149606299
20
1.225087559055118
11
0.5057387401574803
21
1.2249092125984251
0
LINE
8
BLACK
6
CONTINUOUS
10
0.5057387401574803
20
1.2249092125984251
11
0.5052808661417323
21
1.2247070472440944
0
LINE
8
BLACK
6
CONTINUOUS
10
0.5052808661417323
20
1.2247070472440944
11
0.5039406692913385
21
1.2245515354330709
0
LINE
8
BLACK
6
CONTINUOUS
10
0.5039406692913385
20
1.2245515354330709
11
0.5036220472440944
21
1.2244881889763779
0
LINE
8
BLACK
6
CONTINUOUS
10
0.5036220472440944
20
1.2244881889763779
11
0.5033943700787401
21
1.2244881889763779
0
LINE
8
BLACK
6
CONTINUOUS
10
0.5033943700787401
20
1.2244881889763779
11
0.4566056692913386
21
1.2244881889763779
0
LINE
8
BLACK
6
CONTINUOUS
10
0.4566056692913386
20
1.2244881889763779
11
0.4563779527559055
21
1.2244881889763779
0
LINE
8
BLACK
6
CONTINUOUS
10
0.4563779527559055
20
1.2244881889763779
11
0.4560592913385826
21
1.2245515354330709
0
LINE
8
BLACK
6
CONTINUOUS
10
0.4560592913385826
20
1.2245515354330709
11
0.454719094488189
21
1.2247070472440944
0
LINE
8
BLACK
6
CONTINUOUS
10
0.454719094488189
20
1.2247070472440944
11
0.4542611811023622
21
1.2249092125984251
0
LINE
8
BLACK
6
CONTINUOUS
10
0.4542611811023622
20
1.2249092125984251
11
0.4533646850393701
21
1.225087559055118
0
LINE
8
BLACK
6
CONTINUOUS
10
0.4533646850393701
20
1.225087559055118
11
0.4524048818897637
21
1.2257288582677166
0
LINE
8
BLACK
6
CONTINUOUS
10
0.4524048818897637
20
1.2257288582677166
11
0.4519666141732283
21
1.2259224015748031
0
LINE
8
BLACK
6
CONTINUOUS
10
0.4519666141732283
20
1.2259224015748031
11
0.4516672047244095
21
1.2262217716535433
0
LINE
8
BLACK
6
CONTINUOUS
10
0.4516672047244095
20
1.2262217716535433
11
0.4508101968503937
21
1.2267944488188975
0
LINE
8
BLACK
6
CONTINUOUS
10
0.4508101968503937
20
1.2267944488188975
11
0.4502375196850393
21
1.2276514566929133
0
LINE
8
BLACK
6
CONTINUOUS
10
0.4502375196850393
20
1.2276514566929133
11
0.4499381496062992
21
1.2279508661417322
0
LINE
8
BLACK
6
CONTINUOUS
10
0.4499381496062992
20
1.2279508661417322
11
0.4497446062992126
21
1.2283891338582678
0
LINE
8
BLACK
6
CONTINUOUS
10
0.4497446062992126
20
1.2283891338582678
11
0.4491033070866142
21
1.2293489370078741
0
LINE
8
BLACK
6
CONTINUOUS
10
0.4491033070866142
20
1.2293489370078741
11
0.4489249606299213
21
1.2302454330708661
0
LINE
8
BLACK
6
CONTINUOUS
10
0.4489249606299213
20
1.2302454330708661
11
0.4487227952755906
21
1.230703346456693
0
LINE
8
BLACK
6
CONTINUOUS
10
0.4487227952755906
20
1.230703346456693
11
0.4485672834645669
21
1.2320436220472442
0
LINE
8
BLACK
6
CONTINUOUS
10
0.4485672834645669
20
1.2320436220472442
11
0.448503937007874
21
1.2323622047244094
0
LINE
8
BLACK
6
CONTINUOUS
10
0.448503937007874
20
1.2323622047244094
11
0.448503937007874
21
1.28748031496063
0
LINE
8
BLACK
6
CONTINUOUS
10
0.448503937007874
20
1.28748031496063
11
0.4485673228346457
21
1.2877990157480315
0
LINE
8
BLACK
6
CONTINUOUS
10
0.4485673228346457
20
1.2877990157480315
11
0.4487227952755906
21
1.2891391338582676
0
LINE
8
BLACK
6
CONTINUOUS
10
0.4487227952755906
20
1.2891391338582676
11
0.4489249606299213
21
1.2895970078740158
0
LINE
8
BLACK
6
CONTINUOUS
10
0.4489249606299213
20
1.2895970078740158
11
0.4491033070866142
21
1.2904935826771653
0
LINE
8
BLACK
6
CONTINUOUS
10
0.4491033070866142
20
1.2904935826771653
11
0.4497446456692913
21
1.2914534251968504
0
LINE
8
BLACK
6
CONTINUOUS
10
0.4497446456692913
20
1.2914534251968504
11
0.4499381496062992
21
1.2918916141732284
0
LINE
8
BLACK
6
CONTINUOUS
10
0.4499381496062992
20
1.2918916141732284
11
0.4502374409448819
21
1.292190905511811
0
LINE
8
BLACK
6
CONTINUOUS
10
0.4502374409448819
20
1.292190905511811
11
0.4508101968503937
21
1.2930480708661416
0
LINE
8
BLACK
6
CONTINUOUS
10
0.4508101968503937
20
1.2930480708661416
11
0.4516673228346457
21
1.2936207874015748
0
LINE
8
BLACK
6
CONTINUOUS
10
0.4516673228346457
20
1.2936207874015748
11
0.4519666141732283
21
1.2939200787401575
0
LINE
8
BLACK
6
CONTINUOUS
10
0.4519666141732283
20
1.2939200787401575
11
0.4524047244094488
21
1.2941135039370077
0
LINE
8
BLACK
6
CONTINUOUS
10
0.4524047244094488
20
1.2941135039370077
11
0.4533646850393701
21
1.2947549606299211
0
LINE
8
BLACK
6
CONTINUOUS
10
0.4533646850393701
20
1.2947549606299211
11
0.4542613385826771
21
1.2949333070866142
0
LINE
8
BLACK
6
CONTINUOUS
10
0.4542613385826771
20
1.2949333070866142
11
0.454719094488189
21
1.2951354330708662
0
LINE
8
BLACK
6
CONTINUOUS
10
0.454719094488189
20
1.2951354330708662
11
0.4560588976377953
21
1.2952908661417322
0
LINE
8
BLACK
6
CONTINUOUS
10
0.4560588976377953
20
1.2952908661417322
11
0.4563779527559055
21
1.2953543307086615
0
LINE
8
BLACK
6
CONTINUOUS
10
0.4563779527559055
20
1.2953543307086615
11
0.5036220472440944
21
1.2953543307086615
0
LINE
8
BLACK
6
CONTINUOUS
10
0.5036220472440944
20
1.2953543307086615
11
0.5039412204724409
21
1.2952908267716534
0
LINE
8
BLACK
6
CONTINUOUS
10
0.7039412204724409
20
1.2952908267716534
11
0.7052808661417322
21
1.2951354330708662
0
LINE
8
BLACK
6
CONTINUOUS
10
0.7052808661417322
20
1.2951354330708662
11
0.7057385433070866
21
1.2949333070866142
0
LINE
8
BLACK
6
CONTINUOUS
10
0.7057385433070866
20
1.2949333070866142
11
0.7066353149606299
21
1.2947549606299211
0
LINE
8
BLACK
6
CONTINUOUS
10
0.7066353149606299
20
1.2947549606299211
11
0.7075953149606299
21
1.294113464566929
0
LINE
8
BLACK
6
CONTINUOUS
10
0.7075953149606299
20
1.294113464566929
11
0.7080333464566929
21
1.2939200787401575
0
LINE
8
BLACK
6
CONTINUOUS
10
0.7080333464566929
20
1.2939200787401575
11
0.7083325196850394
21
1.2936208661417323
0
LINE
8
BLACK
6
CONTINUOUS
10
0.7083325196850394
20
1.2936208661417323
11
0.7091898031496063
21
1.2930480708661416
0
LINE
8
BLACK
6
CONTINUOUS
10
0.7091898031496063
20
1.2930480708661416
11
0.7097625984251968
21
1.2921907874015748
0
LINE
8
BLACK
6
CONTINUOUS
10
0.7097625984251968
20
1.2921907874015748
11
0.710061811023622
21
1.2918916141732284
0
LINE
8
BLACK
6
CONTINUOUS
10
0.710061811023622
20
1.2918916141732284
11
0.7102551968503937
21
1.2914535826771654
0
LINE
8
BLACK
6
CONTINUOUS
10
0.7102551968503937
20
1.2914535826771654
11
0.7108966929133859
21
1.2904935826771653
0
LINE
8
BLACK
6
CONTINUOUS
10
0.7108966929133859
20
1.2904935826771653
11
0.7110750393700788
21
1.289596811023622
0
LINE
8
BLACK
6
CONTINUOUS
10
0.7110750393700788
20
1.289596811023622
11
0.7112771653543307
21
1.2891391338582676
0
LINE
8
BLACK
6
CONTINUOUS
10
0.7112771653543307
20
1.2891391338582676
11
0.711432559055118
21
1.2877994094488188
0
LINE
8
BLACK
6
CONTINUOUS
10
0.711432559055118
20
1.2877994094488188
11
0.711496062992126
21
1.28748031496063
0
LINE
8
BLACK
6
CONTINUOUS
10
0.711496062992126
20
1.28748031496063
11
0.711496062992126
21
1.2323622047244094
0
LINE
8
BLACK
6
CONTINUOUS
10
0.711496062992126
20
1.2323622047244094
11
0.711432559055118
21
1.2320430708661416
0
LINE
8
BLACK
6
CONTINUOUS
10
0.711432559055118
20
1.2320430708661416
11
0.7112771653543307
21
1.230703346456693
0
LINE
8
BLACK
6
CONTINUOUS
10
0.7112771653543307
20
1.230703346456693
11
0.7110750393700788
21
1.2302455905511811
0
LINE
8
BLACK
6
CONTINUOUS
10
0.7110750393700788
20
1.2302455905511811
11
0.7108966929133859
21
1.2293489370078741
0
LINE
8
BLACK
6
CONTINUOUS
10
0.7108966929133859
20
1.2293489370078741
11
0.7102552362204724
21
1.2283889763779527
0
LINE
8
BLACK
6
CONTINUOUS
10
0.7102552362204724
20
1.2283889763779527
11
0.710061811023622
21
1.2279508661417322
0
LINE
8
BLACK
6
CONTINUOUS
10
0.710061811023622
20
1.2279508661417322
11
0.7097625196850393
21
1.2276515748031496
0
LINE
8
BLACK
6
CONTINUOUS
10
0.7097625196850393
20
1.2276515748031496
11
0.7091898031496063
21
1.2267944488188975
0
LINE
8
BLACK
6
CONTINUOUS
10
0.7091898031496063
20
1.2267944488188975
11
0.7083326377952756
21
1.2262216929133858
0
LINE
8
BLACK
6
CONTINUOUS
10
0.7083326377952756
20
1.2262216929133858
11
0.7080333464566929
21
1.2259224015748031
0
LINE
8
BLACK
6
CONTINUOUS
10
0.7080333464566929
20
1.2259224015748031
11
0.707595157480315
21
1.2257288976377954
0
LINE
8
BLACK
6
CONTINUOUS
10
0.707595157480315
20
1.2257288976377954
11
0.7066353149606299
21
1.225087559055118
0
LINE
8
BLACK
6
CONTINUOUS
10
0.7066353149606299
20
1.225087559055118
11
0.7057387401574803
21
1.2249092125984251
0
LINE
8
BLACK
6
CONTINUOUS
10
0.7057387401574803
20
1.2249092125984251
11
0.7052808661417322
21
1.2247070472440944
0
LINE
8
BLACK
6
CONTINUOUS
10
0.7052808661417322
20
1.2247070472440944
11
0.7039406692913386
21
1.2245515354330709
0
LINE
8
BLACK
6
CONTINUOUS
10
0.7039406692913386
20
1.2245515354330709
11
0.7036220472440945
21
1.2244881889763779
0
LINE
8
BLACK
6
CONTINUOUS
10
0.7036220472440945
20
1.2244881889763779
11
0.7033943700787402
21
1.2244881889763779
0
LINE
8
BLACK
6
CONTINUOUS
10
0.7033943700787402
20
1.2244881889763779
11
0.6566056692913386
21
1.2244881889763779
0
LINE
8
BLACK
6
CONTINUOUS
10
0.6566056692913386
20
1.2244881889763779
11
0.6563779527559055
21
1.2244881889763779
0
LINE
8
BLACK
6
CONTINUOUS
10
0.6563779527559055
20
1.2244881889763779
11
0.6560592913385827
21
1.2245515354330709
0
LINE
8
BLACK
6
CONTINUOUS
10
0.6560592913385827
20
1.2245515354330709
11
0.654719094488189
21
1.2247070472440944
0
LINE
8
BLACK
6
CONTINUOUS
10
0.654719094488189
20
1.2247070472440944
11
0.6542611811023622
21
1.2249092125984251
0
LINE
8
BLACK
6
CONTINUOUS
10
0.6542611811023622
20
1.2249092125984251
11
0.6533646850393701
21
1.225087559055118
0
LINE
8
BLACK
6
CONTINUOUS
10
0.6533646850393701
20
1.225087559055118
11
0.6524048818897638
21
1.2257288582677166
0
LINE
8
BLACK
6
CONTINUOUS
10
0.6524048818897638
20
1.2257288582677166
11
0.6519666141732283
21
1.2259224015748031
0
LINE
8
BLACK
6
CONTINUOUS
10
0.6519666141732283
20
1.2259224015748031
11
0.6516672047244094
21
1.2262217716535433
0
LINE
8
BLACK
6
CONTINUOUS
10
0.6516672047244094
20
1.2262217716535433
11
0.6508101968503937
21
1.2267944488188975
0
LINE
8
BLACK
6
CONTINUOUS
10
0.6508101968503937
20
1.2267944488188975
11
0.6502375196850394
21
1.2276514566929133
0
LINE
8
BLACK
6
CONTINUOUS
10
0.6502375196850394
20
1.2276514566929133
11
0.6499381496062991
21
1.2279508661417322
0
LINE
8
BLACK
6
CONTINUOUS
10
0.6499381496062991
20
1.2279508661417322
11
0.6497446062992126
21
1.2283891338582678
0
LINE
8
BLACK
6
CONTINUOUS
10
0.6497446062992126
20
1.2283891338582678
11
0.6491033070866141
21
1.2293489370078741
0
LINE
8
BLACK
6
CONTINUOUS
10
0.6491033070866141
20
1.2293489370078741
11
0.6489249606299212
21
1.2302454330708661
0
LINE
8
BLACK
6
CONTINUOUS
10
0.6489249606299212
20
1.2302454330708661
11
0.6487227952755905
21
1.230703346456693
0
LINE
8
BLACK
6
CONTINUOUS
10
0.6487227952755905
20
1.230703346456693
11
0.6485672834645669
21
1.2320436220472442
0
LINE
8
BLACK
6
CONTINUOUS
10
0.6485672834645669
20
1.2320436220472442
11
0.648503937007874
21
1.2323622047244094
0
LINE
8
BLACK
6
CONTINUOUS
10
0.648503937007874
20
1.2323622047244094
11
0.648503937007874
21
1.28748031496063
0
LINE
8
BLACK
6
CONTINUOUS
10
0.648503937007874
20
1.28748031496063
11
0.6485673228346457
21
1.2877990157480315
0
LINE
8
BLACK
6
CONTINUOUS
10
0.6485673228346457
20
1.2877990157480315
11
0.6487227952755905
21
1.2891391338582676
0
LINE
8
BLACK
6
CONTINUOUS
10
0.6487227952755905
20
1.2891391338582676
11
0.6489249606299212
21
1.2895970078740158
0
LINE
8
BLACK
6
CONTINUOUS
10
0.6489249606299212
20
1.2895970078740158
11
0.6491033070866141
21
1.2904935826771653
0
LINE
8
BLACK
6
CONTINUOUS
10
0.6491033070866141
20
1.2904935826771653
11
0.6497446456692914
21
1.2914534251968504
0
LINE
8
BLACK
6
CONTINUOUS
10
0.6497446456692914
20
1.2914534251968504
11
0.6499381496062991
21
1.2918916141732284
0
LINE
8
BLACK
6
CONTINUOUS
10
0.6499381496062991
20
1.2918916141732284
11
0.6502374409448819
21
1.292190905511811
0
LINE
8
BLACK
6
CONTINUOUS
10
0.6502374409448819
20
1.292190905511811
11
0.6508101968503937
21
1.2930480708661416
0
LINE
8
BLACK
6
CONTINUOUS
10
0.6508101968503937
20
1.2930480708661416
11
0.6516673228346457
21
1.2936207874015748
0
LINE
8
BLACK
6
CONTINUOUS
10
0.6516673228346457
20
1.2936207874015748
11
0.6519666141732283
21
1.2939200787401575
0
LINE
8
BLACK
6
CONTINUOUS
10
0.6519666141732283
20
1.2939200787401575
11
0.6524047244094489
21
1.2941135039370077
0
LINE
8
BLACK
6
CONTINUOUS
10
0.6524047244094489
20
1.2941135039370077
11
0.6533646850393701
21
1.2947549606299211
0
LINE
8
BLACK
6
CONTINUOUS
10
0.6533646850393701
20
1.2947549606299211
11
0.6542613385826771
21
1.2949333070866142
0
LINE
8
BLACK
6
CONTINUOUS
10
0.6542613385826771
20
1.2949333070866142
11
0.654719094488189
21
1.2951354330708662
0
LINE
8
BLACK
6
CONTINUOUS
10
0.654719094488189
20
1.2951354330708662
11
0.6560588976377952
21
1.2952908661417322
0
LINE
8
BLACK
6
CONTINUOUS
10
0.6560588976377952
20
1.2952908661417322
11
0.6563779527559055
21
1.2953543307086615
0
LINE
8
BLACK
6
CONTINUOUS
10
0.6563779527559055
20
1.2953543307086615
11
0.7036220472440945
21
1.2953543307086615
0
LINE
8
BLACK
6
CONTINUOUS
10
0.7036220472440945
20
1.2953543307086615
11
0.7039412204724409
21
1.2952908267716534
0
LINE
8
BLACK
6
CONTINUOUS
10
0.903941220472441
20
1.2952908267716534
11
0.9052808661417323
21
1.2951354330708662
0
LINE
8
BLACK
6
CONTINUOUS
10
0.9052808661417323
20
1.2951354330708662
11
0.9057385433070866
21
1.2949333070866142
0
LINE
8
BLACK
6
CONTINUOUS
10
0.9057385433070866
20
1.2949333070866142
11
0.9066353149606299
21
1.2947549606299211
0
LINE
8
BLACK
6
CONTINUOUS
10
0.9066353149606299
20
1.2947549606299211
11
0.90759531496063
21
1.294113464566929
0
LINE
8
BLACK
6
CONTINUOUS
10
0.90759531496063
20
1.294113464566929
11
0.9080333464566929
21
1.2939200787401575
0
LINE
8
BLACK
6
CONTINUOUS
10
0.9080333464566929
20
1.2939200787401575
11
0.9083325196850394
21
1.2936208661417323
0
LINE
8
BLACK
6
CONTINUOUS
10
0.9083325196850394
20
1.2936208661417323
11
0.9091898031496063
21
1.2930480708661416
0
LINE
8
BLACK
6
CONTINUOUS
10
0.9091898031496063
20
1.2930480708661416
11
0.9097625984251968
21
1.2921907874015748
0
LINE
8
BLACK
6
CONTINUOUS
10
0.9097625984251968
20
1.2921907874015748
11
0.910061811023622
21
1.2918916141732284
0
LINE
8
BLACK
6
CONTINUOUS
10
0.910061811023622
20
1.2918916141732284
11
0.9102551968503937
21
1.2914535826771654
0
LINE
8
BLACK
6
CONTINUOUS
10
0.9102551968503937
20
1.2914535826771654
11
0.9108966929133858
21
1.2904935826771653
0
LINE
8
BLACK
6
CONTINUOUS
10
0.9108966929133858
20
1.2904935826771653
11
0.9110750393700787
21
1.289596811023622
0
LINE
8
BLACK
6
CONTINUOUS
10
0.9110750393700787
20
1.289596811023622
11
0.9112771653543307
21
1.2891391338582676
0
LINE
8
BLACK
6
CONTINUOUS
10
0.9112771653543307
20
1.2891391338582676
11
0.9114325590551181
21
1.2877994094488188
0
LINE
8
BLACK
6
CONTINUOUS
10
0.9114325590551181
20
1.2877994094488188
11
0.9114960629921259
21
1.28748031496063
0
LINE
8
BLACK
6
CONTINUOUS
10
0.9114960629921259
20
1.28748031496063
11
0.9114960629921259
21
1.2323622047244094
0
LINE
8
BLACK
6
CONTINUOUS
10
0.9114960629921259
20
1.2323622047244094
11
0.9114325590551181
21
1.2320430708661416
0
LINE
8
BLACK
6
CONTINUOUS
10
0.9114325590551181
20
1.2320430708661416
11
0.9112771653543307
21
1.230703346456693
0
LINE
8
BLACK
6
CONTINUOUS
10
0.9112771653543307
20
1.230703346456693
11
0.9110750393700787
21
1.2302455905511811
0
LINE
8
BLACK
6
CONTINUOUS
10
0.9110750393700787
20
1.2302455905511811
11
0.9108966929133858
21
1.2293489370078741
0
LINE
8
BLACK
6
CONTINUOUS
10
0.9108966929133858
20
1.2293489370078741
11
0.9102552362204724
21
1.2283889763779527
0
LINE
8
BLACK
6
CONTINUOUS
10
0.9102552362204724
20
1.2283889763779527
11
0.910061811023622
21
1.2279508661417322
0
LINE
8
BLACK
6
CONTINUOUS
10
0.910061811023622
20
1.2279508661417322
11
0.9097625196850393
21
1.2276515748031496
0
LINE
8
BLACK
6
CONTINUOUS
10
0.9097625196850393
20
1.2276515748031496
11
0.9091898031496063
21
1.2267944488188975
0
LINE
8
BLACK
6
CONTINUOUS
10
0.9091898031496063
20
1.2267944488188975
11
0.9083326377952756
21
1.2262216929133858
0
LINE
8
BLACK
6
CONTINUOUS
10
0.9083326377952756
20
1.2262216929133858
11
0.9080333464566929
21
1.2259224015748031
0
LINE
8
BLACK
6
CONTINUOUS
10
0.9080333464566929
20
1.2259224015748031
11
0.9075951574803149
21
1.2257288976377954
0
LINE
8
BLACK
6
CONTINUOUS
10
0.9075951574803149
20
1.2257288976377954
11
0.9066353149606299
21
1.225087559055118
0
LINE
8
BLACK
6
CONTINUOUS
10
0.9066353149606299
20
1.225087559055118
11
0.9057387401574803
21
1.2249092125984251
0
LINE
8
BLACK
6
CONTINUOUS
10
0.9057387401574803
20
1.2249092125984251
11
0.9052808661417323
21
1.2247070472440944
0
LINE
8
BLACK
6
CONTINUOUS
10
0.9052808661417323
20
1.2247070472440944
11
0.9039406692913385
21
1.2245515354330709
0
LINE
8
BLACK
6
CONTINUOUS
10
0.9039406692913385
20
1.2245515354330709
11
0.9036220472440945
21
1.2244881889763779
0
LINE
8
BLACK
6
CONTINUOUS
10
0.9036220472440945
20
1.2244881889763779
11
0.9033943700787401
21
1.2244881889763779
0
LINE
8
BLACK
6
CONTINUOUS
10
0.9033943700787401
20
1.2244881889763779
11
0.8566056692913385
21
1.2244881889763779
0
LINE
8
BLACK
6
CONTINUOUS
10
0.8566056692913385
20
1.2244881889763779
11
0.8563779527559054
21
1.2244881889763779
0
LINE
8
BLACK
6
CONTINUOUS
10
0.8563779527559054
20
1.2244881889763779
11
0.8560592913385826
21
1.2245515354330709
0
LINE
8
BLACK
6
CONTINUOUS
10
0.8560592913385826
20
1.2245515354330709
11
0.8547190944881889
21
1.2247070472440944
0
LINE
8
BLACK
6
CONTINUOUS
10
0.8547190944881889
20
1.2247070472440944
11
0.8542611811023622
21
1.2249092125984251
0
LINE
8
BLACK
6
CONTINUOUS
10
0.8542611811023622
20
1.2249092125984251
11
0.85336468503937
21
1.225087559055118
0
LINE
8
BLACK
6
CONTINUOUS
10
0.85336468503937
20
1.225087559055118
11
0.8524048818897637
21
1.2257288582677166
0
LINE
8
BLACK
6
CONTINUOUS
10
0.8524048818897637
20
1.2257288582677166
11
0.8519666141732283
21
1.2259224015748031
0
LINE
8
BLACK
6
CONTINUOUS
10
0.8519666141732283
20
1.2259224015748031
11
0.8516672047244094
21
1.2262217716535433
0
LINE
8
BLACK
6
CONTINUOUS
10
0.8516672047244094
20
1.2262217716535433
11
0.8508101968503937
21
1.2267944488188975
0
LINE
8
BLACK
6
CONTINUOUS
10
0.8508101968503937
20
1.2267944488188975
11
0.8502375196850394
21
1.2276514566929133
0
LINE
8
BLACK
6
CONTINUOUS
10
0.8502375196850394
20
1.2276514566929133
11
0.8499381496062992
21
1.2279508661417322
0
LINE
8
BLACK
6
CONTINUOUS
10
0.8499381496062992
20
1.2279508661417322
11
0.8497446062992126
21
1.2283891338582678
0
LINE
8
BLACK
6
CONTINUOUS
10
0.8497446062992126
20
1.2283891338582678
11
0.8491033070866142
21
1.2293489370078741
0
LINE
8
BLACK
6
CONTINUOUS
10
0.8491033070866142
20
1.2293489370078741
11
0.8489249606299213
21
1.2302454330708661
0
LINE
8
BLACK
6
CONTINUOUS
10
0.8489249606299213
20
1.2302454330708661
11
0.8487227952755906
21
1.230703346456693
0
LINE
8
BLACK
6
CONTINUOUS
10
0.8487227952755906
20
1.230703346456693
11
0.8485672834645669
21
1.2320436220472442
0
LINE
8
BLACK
6
CONTINUOUS
10
0.8485672834645669
20
1.2320436220472442
11
0.848503937007874
21
1.2323622047244094
0
LINE
8
BLACK
6
CONTINUOUS
10
0.848503937007874
20
1.2323622047244094
11
0.848503937007874
21
1.28748031496063
0
LINE
8
BLACK
6
CONTINUOUS
10
0.848503937007874
20
1.28748031496063
11
0.8485673228346456
21
1.2877990157480315
0
LINE
8
BLACK
6
CONTINUOUS
10
0.8485673228346456
20
1.2877990157480315
11
0.8487227952755906
21
1.2891391338582676
0
LINE
8
BLACK
6
CONTINUOUS
10
0.8487227952755906
20
1.2891391338582676
11
0.8489249606299213
21
1.2895970078740158
0
LINE
8
BLACK
6
CONTINUOUS
10
0.8489249606299213
20
1.2895970078740158
11
0.8491033070866142
21
1.2904935826771653
0
LINE
8
BLACK
6
CONTINUOUS
10
0.8491033070866142
20
1.2904935826771653
11
0.8497446456692913
21
1.2914534251968504
0
LINE
8
BLACK
6
CONTINUOUS
10
0.8497446456692913
20
1.2914534251968504
11
0.8499381496062992
21
1.2918916141732284
0
LINE
8
BLACK
6
CONTINUOUS
10
0.8499381496062992
20
1.2918916141732284
11
0.8502374409448819
21
1.292190905511811
0
LINE
8
BLACK
6
CONTINUOUS
10
0.8502374409448819
20
1.292190905511811
11
0.8508101968503937
21
1.2930480708661416
0
LINE
8
BLACK
6
CONTINUOUS
10
0.8508101968503937
20
1.2930480708661416
11
0.8516673228346456
21
1.2936207874015748
0
LINE
8
BLACK
6
CONTINUOUS
10
0.8516673228346456
20
1.2936207874015748
11
0.8519666141732283
21
1.2939200787401575
0
LINE
8
BLACK
6
CONTINUOUS
10
0.8519666141732283
20
1.2939200787401575
11
0.8524047244094488
21
1.2941135039370077
0
LINE
8
BLACK
6
CONTINUOUS
10
0.8524047244094488
20
1.2941135039370077
11
0.85336468503937
21
1.2947549606299211
0
LINE
8
BLACK
6
CONTINUOUS
10
0.85336468503937
20
1.2947549606299211
11
0.8542613385826772
21
1.2949333070866142
0
LINE
8
BLACK
6
CONTINUOUS
10
0.8542613385826772
20
1.2949333070866142
11
0.8547190944881889
21
1.2951354330708662
0
LINE
8
BLACK
6
CONTINUOUS
10
0.8547190944881889
20
1.2951354330708662
11
0.8560588976377953
21
1.2952908661417322
0
LINE
8
BLACK
6
CONTINUOUS
10
0.8560588976377953
20
1.2952908661417322
11
0.8563779527559054
21
1.2953543307086615
0
LINE
8
BLACK
6
CONTINUOUS
10
0.8563779527559054
20
1.2953543307086615
11
0.9036220472440945
21
1.2953543307086615
0
LINE
8
BLACK
6
CONTINUOUS
10
0.9036220472440945
20
1.2953543307086615
11
0.903941220472441
21
1.2952908267716534
0
LINE
8
BLACK
6
CONTINUOUS
10
1.1039412204724408
20
1.2952908267716534
11
1.1052808661417322
21
1.2951354330708662
0
LINE
8
BLACK
6
CONTINUOUS
10
1.1052808661417322
20
1.2951354330708662
11
1.1057385433070865
21
1.2949333070866142
0
LINE
8
BLACK
6
CONTINUOUS
10
1.1057385433070865
20
1.2949333070866142
11
1.1066353149606298
21
1.2947549606299211
0
LINE
8
BLACK
6
CONTINUOUS
10
1.1066353149606298
20
1.2947549606299211
11
1.1075953149606299
21
1.294113464566929
0
LINE
8
BLACK
6
CONTINUOUS
10
1.1075953149606299
20
1.294113464566929
11
1.1080333464566929
21
1.2939200787401575
0
LINE
8
BLACK
6
CONTINUOUS
10
1.1080333464566929
20
1.2939200787401575
11
1.1083325196850393
21
1.2936208661417323
0
LINE
8
BLACK
6
CONTINUOUS
10
1.1083325196850393
20
1.2936208661417323
11
1.1091898031496064
21
1.2930480708661416
0
LINE
8
BLACK
6
CONTINUOUS
10
1.1091898031496064
20
1.2930480708661416
11
1.1097625984251969
21
1.2921907874015748
0
LINE
8
BLACK
6
CONTINUOUS
10
1.1097625984251969
20
1.2921907874015748
11
1.110061811023622
21
1.2918916141732284
0
LINE
8
BLACK
6
CONTINUOUS
10
1.110061811023622
20
1.2918916141732284
11
1.1102551968503938
21
1.2914535826771654
0
LINE
8
BLACK
6
CONTINUOUS
10
1.1102551968503938
20
1.2914535826771654
11
1.1108966929133859
21
1.2904935826771653
0
LINE
8
BLACK
6
CONTINUOUS
10
1.1108966929133859
20
1.2904935826771653
11
1.1110750393700788
21
1.289596811023622
0
LINE
8
BLACK
6
CONTINUOUS
10
1.1110750393700788
20
1.289596811023622
11
1.1112771653543307
21
1.2891391338582676
0
LINE
8
BLACK
6
CONTINUOUS
10
1.1112771653543307
20
1.2891391338582676
11
1.1114325590551182
21
1.2877994094488188
0
LINE
8
BLACK
6
CONTINUOUS
10
1.1114325590551182
20
1.2877994094488188
11
1.111496062992126
21
1.28748031496063
0
LINE
8
BLACK
6
CONTINUOUS
10
1.111496062992126
20
1.28748031496063
11
1.111496062992126
21
1.2323622047244094
0
LINE
8
BLACK
6
CONTINUOUS
10
1.111496062992126
20
1.2323622047244094
11
1.1114325590551182
21
1.2320430708661416
0
LINE
8
BLACK
6
CONTINUOUS
10
1.1114325590551182
20
1.2320430708661416
11
1.1112771653543307
21
1.230703346456693
0
LINE
8
BLACK
6
CONTINUOUS
10
1.1112771653543307
20
1.230703346456693
11
1.1110750393700788
21
1.2302455905511811
0
LINE
8
BLACK
6
CONTINUOUS
10
1.1110750393700788
20
1.2302455905511811
11
1.1108966929133859
21
1.2293489370078741
0
LINE
8
BLACK
6
CONTINUOUS
10
1.1108966929133859
20
1.2293489370078741
11
1.1102552362204725
21
1.2283889763779527
0
LINE
8
BLACK
6
CONTINUOUS
10
1.1102552362204725
20
1.2283889763779527
11
1.110061811023622
21
1.2279508661417322
0
LINE
8
BLACK
6
CONTINUOUS
10
1.110061811023622
20
1.2279508661417322
11
1.1097625196850394
21
1.2276515748031496
0
LINE
8
BLACK
6
CONTINUOUS
10
1.1097625196850394
20
1.2276515748031496
11
1.1091898031496064
21
1.2267944488188975
0
LINE
8
BLACK
6
CONTINUOUS
10
1.1091898031496064
20
1.2267944488188975
11
1.1083326377952756
21
1.2262216929133858
0
LINE
8
BLACK
6
CONTINUOUS
10
1.1083326377952756
20
1.2262216929133858
11
1.1080333464566929
21
1.2259224015748031
0
LINE
8
BLACK
6
CONTINUOUS
10
1.1080333464566929
20
1.2259224015748031
11
1.1075951574803149
21
1.2257288976377954
0
LINE
8
BLACK
6
CONTINUOUS
10
1.1075951574803149
20
1.2257288976377954
11
1.1066353149606298
21
1.225087559055118
0
LINE
8
BLACK
6
CONTINUOUS
10
1.1066353149606298
20
1.225087559055118
11
1.1057387401574803
21
1.2249092125984251
0
LINE
8
BLACK
6
CONTINUOUS
10
1.1057387401574803
20
1.2249092125984251
11
1.1052808661417322
21
1.2247070472440944
0
LINE
8
BLACK
6
CONTINUOUS
10
1.1052808661417322
20
1.2247070472440944
11
1.1039406692913385
21
1.2245515354330709
0
LINE
8
BLACK
6
CONTINUOUS
10
1.1039406692913385
20
1.2245515354330709
11
1.1036220472440945
21
1.2244881889763779
0
LINE
8
BLACK
6
CONTINUOUS
10
1.1036220472440945
20
1.2244881889763779
11
1.1033943700787401
21
1.2244881889763779
0
LINE
8
BLACK
6
CONTINUOUS
10
1.1033943700787401
20
1.2244881889763779
11
1.0566056692913386
21
1.2244881889763779
0
LINE
8
BLACK
6
CONTINUOUS
10
1.0566056692913386
20
1.2244881889763779
11
1.0563779527559054
21
1.2244881889763779
0
LINE
8
BLACK
6
CONTINUOUS
10
1.0563779527559054
20
1.2244881889763779
11
1.0560592913385827
21
1.2245515354330709
0
LINE
8
BLACK
6
CONTINUOUS
10
1.0560592913385827
20
1.2245515354330709
11
1.054719094488189
21
1.2247070472440944
0
LINE
8
BLACK
6
CONTINUOUS
10
1.054719094488189
20
1.2247070472440944
11
1.0542611811023621
21
1.2249092125984251
0
LINE
8
BLACK
6
CONTINUOUS
10
1.0542611811023621
20
1.2249092125984251
11
1.0533646850393701
21
1.225087559055118
0
LINE
8
BLACK
6
CONTINUOUS
10
1.0533646850393701
20
1.225087559055118
11
1.0524048818897638
21
1.2257288582677166
0
LINE
8
BLACK
6
CONTINUOUS
10
1.0524048818897638
20
1.2257288582677166
11
1.0519666141732282
21
1.2259224015748031
0
LINE
8
BLACK
6
CONTINUOUS
10
1.0519666141732282
20
1.2259224015748031
11
1.0516672047244093
21
1.2262217716535433
0
LINE
8
BLACK
6
CONTINUOUS
10
1.0516672047244093
20
1.2262217716535433
11
1.0508101968503938
21
1.2267944488188975
0
LINE
8
BLACK
6
CONTINUOUS
10
1.0508101968503938
20
1.2267944488188975
11
1.0502375196850393
21
1.2276514566929133
0
LINE
8
BLACK
6
CONTINUOUS
10
1.0502375196850393
20
1.2276514566929133
11
1.0499381496062992
21
1.2279508661417322
0
LINE
8
BLACK
6
CONTINUOUS
10
1.0499381496062992
20
1.2279508661417322
11
1.0497446062992126
21
1.2283891338582678
0
LINE
8
BLACK
6
CONTINUOUS
10
1.0497446062992126
20
1.2283891338582678
11
1.0491033070866143
21
1.2293489370078741
0
LINE
8
BLACK
6
CONTINUOUS
10
1.0491033070866143
20
1.2293489370078741
11
1.0489249606299211
21
1.2302454330708661
0
LINE
8
BLACK
6
CONTINUOUS
10
1.0489249606299211
20
1.2302454330708661
11
1.0487227952755904
21
1.230703346456693
0
LINE
8
BLACK
6
CONTINUOUS
10
1.0487227952755904
20
1.230703346456693
11
1.048567283464567
21
1.2320436220472442
0
LINE
8
BLACK
6
CONTINUOUS
10
1.048567283464567
20
1.2320436220472442
11
1.0485039370078739
21
1.2323622047244094
0
LINE
8
BLACK
6
CONTINUOUS
10
1.0485039370078739
20
1.2323622047244094
11
1.0485039370078739
21
1.28748031496063
0
LINE
8
BLACK
6
CONTINUOUS
10
1.0485039370078739
20
1.28748031496063
11
1.0485673228346457
21
1.2877990157480315
0
LINE
8
BLACK
6
CONTINUOUS
10
1.0485673228346457
20
1.2877990157480315
11
1.0487227952755904
21
1.2891391338582676
0
LINE
8
BLACK
6
CONTINUOUS
10
1.0487227952755904
20
1.2891391338582676
11
1.0489249606299211
21
1.2895970078740158
0
LINE
8
BLACK
6
CONTINUOUS
10
1.0489249606299211
20
1.2895970078740158
11
1.0491033070866143
21
1.2904935826771653
0
LINE
8
BLACK
6
CONTINUOUS
10
1.0491033070866143
20
1.2904935826771653
11
1.0497446456692914
21
1.2914534251968504
0
LINE
8
BLACK
6
CONTINUOUS
10
1.0497446456692914
20
1.2914534251968504
11
1.0499381496062992
21
1.2918916141732284
0
LINE
8
BLACK
6
CONTINUOUS
10
1.0499381496062992
20
1.2918916141732284
11
1.0502374409448818
21
1.292190905511811
0
LINE
8
BLACK
6
CONTINUOUS
10
1.0502374409448818
20
1.292190905511811
11
1.0508101968503938
21
1.2930480708661416
0
LINE
8
BLACK
6
CONTINUOUS
10
1.0508101968503938
20
1.2930480708661416
11
1.0516673228346456
21
1.2936207874015748
0
LINE
8
BLACK
6
CONTINUOUS
10
1.0516673228346456
20
1.2936207874015748
11
1.0519666141732282
21
1.2939200787401575
0
LINE
8
BLACK
6
CONTINUOUS
10
1.0519666141732282
20
1.2939200787401575
11
1.0524047244094488
21
1.2941135039370077
0
LINE
8
BLACK
6
CONTINUOUS
10
1.0524047244094488
20
1.2941135039370077
11
1.0533646850393701
21
1.2947549606299211
0
LINE
8
BLACK
6
CONTINUOUS
10
1.0533646850393701
20
1.2947549606299211
11
1.0542613385826771
21
1.2949333070866142
0
LINE
8
BLACK
6
CONTINUOUS
10
1.0542613385826771
20
1.2949333070866142
11
1.054719094488189
21
1.2951354330708662
0
LINE
8
BLACK
6
CONTINUOUS
10
1.054719094488189
20
1.2951354330708662
11
1.0560588976377951
21
1.2952908661417322
0
LINE
8
BLACK
6
CONTINUOUS
10
1.0560588976377951
20
1.2952908661417322
11
1.0563779527559054
21
1.2953543307086615
0
LINE
8
BLACK
6
CONTINUOUS
10
1.0563779527559054
20
1.2953543307086615
11
1.1036220472440945
21
1.2953543307086615
0
LINE
8
BLACK
6
CONTINUOUS
10
1.1036220472440945
20
1.2953543307086615
11
1.1039412204724408
21
1.2952908267716534
0
LINE
8
BLACK
6
CONTINUOUS
10
0.2033930708661417
20
1.5257937007874016
11
0.2068202362204724
21
1.5257937007874016
0
LINE
8
BLACK
6
CONTINUOUS
10
0.2068202362204724
20
1.5257937007874016
11
0.2104794094488189
21
1.5253957086614174
0
LINE
8
BLACK
6
CONTINUOUS
10
0.2104794094488189
20
1.5253957086614174
11
0.2141057480314961
21
1.5251920866141733
0
LINE
8
BLACK
6
CONTINUOUS
10
0.2141057480314961
20
1.5251920866141733
11
0.2172249212598425
21
1.5246620866141731
0
LINE
8
BLACK
6
CONTINUOUS
10
0.2172249212598425
20
1.5246620866141731
11
0.2203811023622047
21
1.5243188582677165
0
LINE
8
BLACK
6
CONTINUOUS
10
0.2203811023622047
20
1.5243188582677165
11
0.2242248818897638
21
1.5234727559055117
0
LINE
8
BLACK
6
CONTINUOUS
10
0.2242248818897638
20
1.5234727559055117
11
0.2280341338582677
21
1.5228255511811024
0
LINE
8
BLACK
6
CONTINUOUS
10
0.2280341338582677
20
1.5228255511811024
11
0.2308478346456693
21
1.5220149212598424
0
LINE
8
BLACK
6
CONTINUOUS
10
0.2308478346456693
20
1.5220149212598424
11
0.233702874015748
21
1.5213864960629921
0
LINE
8
BLACK
6
CONTINUOUS
10
0.233702874015748
20
1.5213864960629921
11
0.2376761023622047
21
1.5200477559055117
0
LINE
8
BLACK
6
CONTINUOUS
10
0.2376761023622047
20
1.5200477559055117
11
0.2416099606299213
21
1.5189144488188977
0
LINE
8
BLACK
6
CONTINUOUS
10
0.2416099606299213
20
1.5189144488188977
11
0.2440963779527559
21
1.5178845275590551
0
LINE
8
BLACK
6
CONTINUOUS
10
0.2440963779527559
20
1.5178845275590551
11
0.2466292913385827
21
1.5170311023622047
0
LINE
8
BLACK
6
CONTINUOUS
10
0.2466292913385827
20
1.5170311023622047
11
0.2506707874015748
21
1.5151612992125985
0
LINE
8
BLACK
6
CONTINUOUS
10
0.2506707874015748
20
1.5151612992125985
11
0.2546625196850394
21
1.5135078740157479
0
LINE
8
BLACK
6
CONTINUOUS
10
0.2546625196850394
20
1.5135078740157479
11
0.2568098031496063
21
1.512321062992126
0
LINE
8
BLACK
6
CONTINUOUS
10
0.2568098031496063
20
1.512321062992126
11
0.2590093307086614
21
1.5113035039370077
0
LINE
8
BLACK
6
CONTINUOUS
10
0.2590093307086614
20
1.5113035039370077
11
0.2630505511811024
21
1.5088719685039369
0
LINE
8
BLACK
6
CONTINUOUS
10
0.2630505511811024
20
1.5088719685039369
11
0.2670276771653543
21
1.5066738976377951
0
LINE
8
BLACK
6
CONTINUOUS
10
0.2670276771653543
20
1.5066738976377951
11
0.2688345669291339
21
1.505391811023622
0
LINE
8
BLACK
6
CONTINUOUS
10
0.2688345669291339
20
1.505391811023622
11
0.2706976377952756
21
1.5042708661417323
0
LINE
8
BLACK
6
CONTINUOUS
10
0.2706976377952756
20
1.5042708661417323
11
0.2746654724409449
21
1.5012545669291337
0
LINE
8
BLACK
6
CONTINUOUS
10
0.2746654724409449
20
1.5012545669291337
11
0.2785498818897638
21
1.498498464566929
0
LINE
8
BLACK
6
CONTINUOUS
10
0.2785498818897638
20
1.498498464566929
11
0.2800237007874016
21
1.4971813779527559
0
LINE
8
BLACK
6
CONTINUOUS
10
0.2800237007874016
20
1.4971813779527559
11
0.2815566535433071
21
1.496016062992126
0
LINE
8
BLACK
6
CONTINUOUS
10
0.2815566535433071
20
1.496016062992126
11
0.285373937007874
21
1.4924000787401575
0
LINE
8
BLACK
6
CONTINUOUS
10
0.285373937007874
20
1.4924000787401575
11
0.2890843307086614
21
1.4890843307086614
0
LINE
8
BLACK
6
CONTINUOUS
10
0.2890843307086614
20
1.4890843307086614
11
0.2902422440944882
21
1.4877885826771653
0
LINE
8
BLACK
6
CONTINUOUS
10
0.2902422440944882
20
1.4877885826771653
11
0.2914596456692913
21
1.4866354330708662
0
LINE
8
BLACK
6
CONTINUOUS
10
0.2914596456692913
20
1.4866354330708662
11
0.2950464960629921
21
1.4824126377952755
0
LINE
8
BLACK
6
CONTINUOUS
10
0.2950464960629921
20
1.4824126377952755
11
0.2984984645669291
21
1.4785498818897638
0
LINE
8
BLACK
6
CONTINUOUS
10
0.2984984645669291
20
1.4785498818897638
11
0.2993655118110236
21
1.4773278346456693
0
LINE
8
BLACK
6
CONTINUOUS
10
0.2993655118110236
20
1.4773278346456693
11
0.3002906692913386
21
1.4762387007874016
0
LINE
8
BLACK
6
CONTINUOUS
10
0.3002906692913386
20
1.4762387007874016
11
0.303567874015748
21
1.4714051574803149
0
LINE
8
BLACK
6
CONTINUOUS
10
0.303567874015748
20
1.4714051574803149
11
0.3066738976377953
21
1.4670276771653543
0
LINE
8
BLACK
6
CONTINUOUS
10
0.3066738976377953
20
1.4670276771653543
11
0.3072822047244094
21
1.4659269291338581
0
LINE
8
BLACK
6
CONTINUOUS
10
0.3072822047244094
20
1.4659269291338581
11
0.3079456299212598
21
1.4649485433070866
0
LINE
8
BLACK
6
CONTINUOUS
10
0.3079456299212598
20
1.4649485433070866
11
0.3108335433070866
21
1.4595013385826772
0
LINE
8
BLACK
6
CONTINUOUS
10
0.3108335433070866
20
1.4595013385826772
11
0.313507874015748
21
1.4546625196850393
0
LINE
8
BLACK
6
CONTINUOUS
10
0.313507874015748
20
1.4546625196850393
11
0.3138970078740158
21
1.4537229527559055
0
LINE
8
BLACK
6
CONTINUOUS
10
0.3138970078740158
20
1.4537229527559055
11
0.3143348031496063
21
1.4528972834645668
0
LINE
8
BLACK
6
CONTINUOUS
10
0.3143348031496063
20
1.4528972834645668
11
0.3167526377952756
21
1.4468289763779527
0
LINE
8
BLACK
6
CONTINUOUS
10
0.3167526377952756
20
1.4468289763779527
11
0.3189144488188976
21
1.4416099606299213
0
LINE
8
BLACK
6
CONTINUOUS
10
0.3189144488188976
20
1.4416099606299213
11
0.3191294094488189
21
1.4408637401574802
0
LINE
8
BLACK
6
CONTINUOUS
10
0.3191294094488189
20
1.4408637401574802
11
0.3193839763779527
21
1.4402248818897638
0
LINE
8
BLACK
6
CONTINUOUS
10
0.3193839763779527
20
1.4402248818897638
11
0.3212576771653543
21
1.4334763385826772
0
LINE
8
BLACK
6
CONTINUOUS
10
0.3212576771653543
20
1.4334763385826772
11
0.3228255511811023
21
1.4280341338582676
0
LINE
8
BLACK
6
CONTINUOUS
10
0.3228255511811023
20
1.4280341338582676
11
0.3229151968503937
21
1.4275064566929134
0
LINE
8
BLACK
6
CONTINUOUS
10
0.3229151968503937
20
1.4275064566929134
11
0.3230331102362204
21
1.4270818110236221
0
LINE
8
BLACK
6
CONTINUOUS
10
0.3230331102362204
20
1.4270818110236221
11
0.3242899212598425
21
1.4194154724409449
0
LINE
8
BLACK
6
CONTINUOUS
10
0.3242899212598425
20
1.4194154724409449
11
0.3251920866141732
21
1.414105748031496
0
LINE
8
BLACK
6
CONTINUOUS
10
0.3251920866141732
20
1.414105748031496
11
0.3252085826771653
21
1.4138117322834645
0
LINE
8
BLACK
6
CONTINUOUS
10
0.3252085826771653
20
1.4138117322834645
11
0.3252399606299213
21
1.4136204330708662
0
LINE
8
BLACK
6
CONTINUOUS
10
0.3252399606299213
20
1.4136204330708662
11
0.3258165748031496
21
1.4029851181102362
0
LINE
8
BLACK
6
CONTINUOUS
10
0.3258165748031496
20
1.4029851181102362
11
0.3259842519685039
21
1.3999999999999999
0
LINE
8
BLACK
6
CONTINUOUS
10
0.3259842519685039
20
1.3999999999999999
11
0.3258166141732283
21
1.3970151181102362
0
LINE
8
BLACK
6
CONTINUOUS
10
0.3258166141732283
20
1.3970151181102362
11
0.3252399606299213
21
1.3863795275590551
0
LINE
8
BLACK
6
CONTINUOUS
10
0.3252399606299213
20
1.3863795275590551
11
0.3252085826771653
21
1.3861881889763779
0
LINE
8
BLACK
6
CONTINUOUS
10
0.3252085826771653
20
1.3861881889763779
11
0.3251920866141732
21
1.3858942519685038
0
LINE
8
BLACK
6
CONTINUOUS
10
0.3251920866141732
20
1.3858942519685038
11
0.3242900787401575
21
1.380585590551181
0
LINE
8
BLACK
6
CONTINUOUS
10
0.3242900787401575
20
1.380585590551181
11
0.3230331102362204
21
1.3729181496062992
0
LINE
8
BLACK
6
CONTINUOUS
10
0.3230331102362204
20
1.3729181496062992
11
0.322915157480315
21
1.3724934251968504
0
LINE
8
BLACK
6
CONTINUOUS
10
0.322915157480315
20
1.3724934251968504
11
0.3228255511811023
21
1.3719658661417322
0
LINE
8
BLACK
6
CONTINUOUS
10
0.3228255511811023
20
1.3719658661417322
11
0.3212579527559055
21
1.3665246456692912
0
LINE
8
BLACK
6
CONTINUOUS
10
0.3212579527559055
20
1.3665246456692912
11
0.3193839763779527
21
1.3597750787401575
0
LINE
8
BLACK
6
CONTINUOUS
10
0.3193839763779527
20
1.3597750787401575
11
0.3191293700787401
21
1.3591361023622046
0
LINE
8
BLACK
6
CONTINUOUS
10
0.3191293700787401
20
1.3591361023622046
11
0.3189144488188976
21
1.3583900393700787
0
LINE
8
BLACK
6
CONTINUOUS
10
0.3189144488188976
20
1.3583900393700787
11
0.316753031496063
21
1.3531720078740157
0
LINE
8
BLACK
6
CONTINUOUS
10
0.316753031496063
20
1.3531720078740157
11
0.3143348031496063
21
1.3471026771653543
0
LINE
8
BLACK
6
CONTINUOUS
10
0.3143348031496063
20
1.3471026771653543
11
0.313896968503937
21
1.3462768110236221
0
LINE
8
BLACK
6
CONTINUOUS
10
0.313896968503937
20
1.3462768110236221
11
0.313507874015748
21
1.3453374803149607
0
LINE
8
BLACK
6
CONTINUOUS
10
0.313507874015748
20
1.3453374803149607
11
0.3108340551181102
21
1.3404995669291337
0
LINE
8
BLACK
6
CONTINUOUS
10
0.3108340551181102
20
1.3404995669291337
11
0.3079456299212598
21
1.3350514173228347
0
LINE
8
BLACK
6
CONTINUOUS
10
0.3079456299212598
20
1.3350514173228347
11
0.3072820866141732
21
1.3340727952755904
0
LINE
8
BLACK
6
CONTINUOUS
10
0.3072820866141732
20
1.3340727952755904
11
0.3066738976377953
21
1.3329723228346457
0
LINE
8
BLACK
6
CONTINUOUS
10
0.3066738976377953
20
1.3329723228346457
11
0.3035684645669292
21
1.3285956299212598
0
LINE
8
BLACK
6
CONTINUOUS
10
0.3035684645669292
20
1.3285956299212598
11
0.3002906692913386
21
1.3237612598425197
0
LINE
8
BLACK
6
CONTINUOUS
10
0.3002906692913386
20
1.3237612598425197
11
0.2993653543307087
21
1.3226718897637795
0
LINE
8
BLACK
6
CONTINUOUS
10
0.2993653543307087
20
1.3226718897637795
11
0.2984984645669291
21
1.3214501181102363
0
LINE
8
BLACK
6
CONTINUOUS
10
0.2984984645669291
20
1.3214501181102363
11
0.2950471653543307
21
1.3175881102362204
0
LINE
8
BLACK
6
CONTINUOUS
10
0.2950471653543307
20
1.3175881102362204
11
0.2914596456692913
21
1.3133645275590551
0
LINE
8
BLACK
6
CONTINUOUS
10
0.2914596456692913
20
1.3133645275590551
11
0.2902420078740157
21
1.3122111023622047
0
LINE
8
BLACK
6
CONTINUOUS
10
0.2902420078740157
20
1.3122111023622047
11
0.2890843307086614
21
1.3109156692913386
0
LINE
8
BLACK
6
CONTINUOUS
10
0.2890843307086614
20
1.3109156692913386
11
0.2853746850393701
21
1.3076005118110237
0
LINE
8
BLACK
6
CONTINUOUS
10
0.2853746850393701
20
1.3076005118110237
11
0.2815566535433071
21
1.3039838976377953
0
LINE
8
BLACK
6
CONTINUOUS
10
0.2815566535433071
20
1.3039838976377953
11
0.2800233858267717
21
1.3028183464566929
0
LINE
8
BLACK
6
CONTINUOUS
10
0.2800233858267717
20
1.3028183464566929
11
0.2785498818897638
21
1.3015015354330708
0
LINE
8
BLACK
6
CONTINUOUS
10
0.2785498818897638
20
1.3015015354330708
11
0.2746662598425197
21
1.2987459448818897
0
LINE
8
BLACK
6
CONTINUOUS
10
0.2746662598425197
20
1.2987459448818897
11
0.2706976377952756
21
1.295729094488189
0
LINE
8
BLACK
6
CONTINUOUS
10
0.2706976377952756
20
1.295729094488189
11
0.2688341732283465
21
1.2946078740157481
0
LINE
8
BLACK
6
CONTINUOUS
10
0.2688341732283465
20
1.2946078740157481
11
0.2670276771653543
21
1.2933261023622047
0
LINE
8
BLACK
6
CONTINUOUS
10
0.2670276771653543
20
1.2933261023622047
11
0.2630513385826772
21
1.2911284645669292
0
LINE
8
BLACK
6
CONTINUOUS
10
0.2630513385826772
20
1.2911284645669292
11
0.2590093307086614
21
1.2886964566929133
0
LINE
8
BLACK
6
CONTINUOUS
10
0.2590093307086614
20
1.2886964566929133
11
0.2568093700787402
21
1.287678622047244
0
LINE
8
BLACK
6
CONTINUOUS
10
0.2568093700787402
20
1.287678622047244
11
0.2546625196850394
21
1.2864921259842519
0
LINE
8
BLACK
6
CONTINUOUS
10
0.2546625196850394
20
1.2864921259842519
11
0.2506716141732284
21
1.2848390157480314
0
LINE
8
BLACK
6
CONTINUOUS
10
0.2506716141732284
20
1.2848390157480314
11
0.2466292913385827
21
1.2829688582677166
0
LINE
8
BLACK
6
CONTINUOUS
10
0.2466292913385827
20
1.2829688582677166
11
0.2440958661417323
21
1.2821152362204724
0
LINE
8
BLACK
6
CONTINUOUS
10
0.2440958661417323
20
1.2821152362204724
11
0.2416099606299213
21
1.2810855511811023
0
LINE
8
BLACK
6
CONTINUOUS
10
0.2416099606299213
20
1.2810855511811023
11
0.2376768897637795
21
1.2799524409448819
0
LINE
8
BLACK
6
CONTINUOUS
10
0.2376768897637795
20
1.2799524409448819
11
0.233702874015748
21
1.2786134645669291
0
LINE
8
BLACK
6
CONTINUOUS
10
0.233702874015748
20
1.2786134645669291
11
0.2308472440944882
21
1.2779848818897637
0
LINE
8
BLACK
6
CONTINUOUS
10
0.2308472440944882
20
1.2779848818897637
11
0.2280341338582677
21
1.2771744488188976
0
LINE
8
BLACK
6
CONTINUOUS
10
0.2280341338582677
20
1.2771744488188976
11
0.2242256692913386
21
1.2765273622047244
0
LINE
8
BLACK
6
CONTINUOUS
10
0.2242256692913386
20
1.2765273622047244
11
0.2203811023622047
21
1.2756811023622048
0
LINE
8
BLACK
6
CONTINUOUS
10
0.2203811023622047
20
1.2756811023622048
11
0.2172244094488189
21
1.2753377952755904
0
LINE
8
BLACK
6
CONTINUOUS
10
0.2172244094488189
20
1.2753377952755904
11
0.2141057480314961
21
1.2748079133858268
0
LINE
8
BLACK
6
CONTINUOUS
10
0.2141057480314961
20
1.2748079133858268
11
0.2104796062992126
21
1.2746042519685039
0
LINE
8
BLACK
6
CONTINUOUS
10
0.2104796062992126
20
1.2746042519685039
11
0.2068202362204724
21
1.2742062992125984
0
LINE
8
BLACK
6
CONTINUOUS
10
0.2068202362204724
20
1.2742062992125984
11
0.2033930708661417
21
1.2742062992125984
0
LINE
8
BLACK
6
CONTINUOUS
10
0.2033930708661417
20
1.2742062992125984
11
0.2
21
1.274015748031496
0
LINE
8
BLACK
6
CONTINUOUS
10
0.2
20
1.274015748031496
11
0.1966069291338583
21
1.2742062992125984
0
LINE
8
BLACK
6
CONTINUOUS
10
0.1966069291338583
20
1.2742062992125984
11
0.1931797637795276
21
1.2742062992125984
0
LINE
8
BLACK
6
CONTINUOUS
10
0.1931797637795276
20
1.2742062992125984
11
0.1895203149606299
21
1.2746042519685039
0
LINE
8
BLACK
6
CONTINUOUS
10
0.1895203149606299
20
1.2746042519685039
11
0.1858942519685039
21
1.2748079133858268
0
LINE
8
BLACK
6
CONTINUOUS
10
0.1858942519685039
20
1.2748079133858268
11
0.1827755905511811
21
1.2753377559055117
0
LINE
8
BLACK
6
CONTINUOUS
10
0.1827755905511811
20
1.2753377559055117
11
0.1796188582677165
21
1.2756811023622048
0
LINE
8
BLACK
6
CONTINUOUS
10
0.1796188582677165
20
1.2756811023622048
11
0.175774094488189
21
1.2765273622047244
0
LINE
8
BLACK
6
CONTINUOUS
10
0.175774094488189
20
1.2765273622047244
11
0.1719658661417323
21
1.2771744488188976
0
LINE
8
BLACK
6
CONTINUOUS
10
0.1719658661417323
20
1.2771744488188976
11
0.1691528346456693
21
1.2779848425196849
0
LINE
8
BLACK
6
CONTINUOUS
10
0.1691528346456693
20
1.2779848425196849
11
0.1662970866141732
21
1.2786134645669291
0
LINE
8
BLACK
6
CONTINUOUS
10
0.1662970866141732
20
1.2786134645669291
11
0.1623227952755905
21
1.2799525196850394
0
LINE
8
BLACK
6
CONTINUOUS
10
0.1623227952755905
20
1.2799525196850394
11
0.1583900393700787
21
1.2810855511811023
0
LINE
8
BLACK
6
CONTINUOUS
10
0.1583900393700787
20
1.2810855511811023
11
0.1559042913385827
21
1.2821151574803149
0
LINE
8
BLACK
6
CONTINUOUS
10
0.1559042913385827
20
1.2821151574803149
11
0.1533706692913386
21
1.2829688582677166
0
LINE
8
BLACK
6
CONTINUOUS
10
0.1533706692913386
20
1.2829688582677166
11
0.1493279921259842
21
1.2848391732283464
0
LINE
8
BLACK
6
CONTINUOUS
10
0.1493279921259842
20
1.2848391732283464
11
0.1453374803149606
21
1.2864921259842519
0
LINE
8
BLACK
6
CONTINUOUS
10
0.1453374803149606
20
1.2864921259842519
11
0.1431907874015748
21
1.2876785433070865
0
LINE
8
BLACK
6
CONTINUOUS
10
0.1431907874015748
20
1.2876785433070865
11
0.1409906299212599
21
1.2886964566929133
0
LINE
8
BLACK
6
CONTINUOUS
10
0.1409906299212599
20
1.2886964566929133
11
0.1369481496062992
21
1.2911287401574802
0
LINE
8
BLACK
6
CONTINUOUS
10
0.1369481496062992
20
1.2911287401574802
11
0.1329723228346457
21
1.2933261023622047
0
LINE
8
BLACK
6
CONTINUOUS
10
0.1329723228346457
20
1.2933261023622047
11
0.1311659842519685
21
1.2946077165354331
0
LINE
8
BLACK
6
CONTINUOUS
10
0.1311659842519685
20
1.2946077165354331
11
0.1293023228346457
21
1.295729094488189
0
LINE
8
BLACK
6
CONTINUOUS
10
0.1293023228346457
20
1.295729094488189
11
0.1253331102362205
21
1.2987463779527559
0
LINE
8
BLACK
6
CONTINUOUS
10
0.1253331102362205
20
1.2987463779527559
11
0.1214501181102362
21
1.3015015354330708
0
LINE
8
BLACK
6
CONTINUOUS
10
0.1214501181102362
20
1.3015015354330708
11
0.1199768110236221
21
1.3028181496062992
0
LINE
8
BLACK
6
CONTINUOUS
10
0.1199768110236221
20
1.3028181496062992
11
0.1184433070866142
21
1.3039838976377953
0
LINE
8
BLACK
6
CONTINUOUS
10
0.1184433070866142
20
1.3039838976377953
11
0.1146246062992126
21
1.3076011417322835
0
LINE
8
BLACK
6
CONTINUOUS
10
0.1146246062992126
20
1.3076011417322835
11
0.1109156692913386
21
1.3109156692913386
0
LINE
8
BLACK
6
CONTINUOUS
10
0.1109156692913386
20
1.3109156692913386
11
0.1097581496062992
21
1.3122108661417322
0
LINE
8
BLACK
6
CONTINUOUS
10
0.1097581496062992
20
1.3122108661417322
11
0.1085403149606299
21
1.3133645275590551
0
LINE
8
BLACK
6
CONTINUOUS
10
0.1085403149606299
20
1.3133645275590551
11
0.1049520078740157
21
1.3175889763779527
0
LINE
8
BLACK
6
CONTINUOUS
10
0.1049520078740157
20
1.3175889763779527
11
0.1015015354330709
21
1.3214501181102363
0
LINE
8
BLACK
6
CONTINUOUS
10
0.1015015354330709
20
1.3214501181102363
11
0.1006348031496063
21
1.3226716141732284
0
LINE
8
BLACK
6
CONTINUOUS
10
0.1006348031496063
20
1.3226716141732284
11
0.0997092913385827
21
1.3237612598425197
0
LINE
8
BLACK
6
CONTINUOUS
10
0.0997092913385827
20
1.3237612598425197
11
0.0964305905511811
21
1.3285968897637794
0
LINE
8
BLACK
6
CONTINUOUS
10
0.0964305905511811
20
1.3285968897637794
11
0.0933261023622047
21
1.3329723228346457
0
LINE
8
BLACK
6
CONTINUOUS
10
0.0933261023622047
20
1.3329723228346457
11
0.092718031496063
21
1.3340724803149606
0
LINE
8
BLACK
6
CONTINUOUS
10
0.092718031496063
20
1.3340724803149606
11
0.0920543307086614
21
1.3350514173228347
0
LINE
8
BLACK
6
CONTINUOUS
10
0.0920543307086614
20
1.3350514173228347
11
0.0891649606299213
21
1.3405012992125984
0
LINE
8
BLACK
6
CONTINUOUS
10
0.0891649606299213
20
1.3405012992125984
11
0.086492125984252
21
1.3453374803149607
0
LINE
8
BLACK
6
CONTINUOUS
10
0.086492125984252
20
1.3453374803149607
11
0.0861031496062992
21
1.346276496062992
0
LINE
8
BLACK
6
CONTINUOUS
10
0.0861031496062992
20
1.346276496062992
11
0.085665157480315
21
1.3471026771653543
0
LINE
8
BLACK
6
CONTINUOUS
10
0.085665157480315
20
1.3471026771653543
11
0.0832458661417323
21
1.3531744881889765
0
LINE
8
BLACK
6
CONTINUOUS
10
0.0832458661417323
20
1.3531744881889765
11
0.0810855511811024
21
1.3583900393700787
0
LINE
8
BLACK
6
CONTINUOUS
10
0.0810855511811024
20
1.3583900393700787
11
0.0808707086614173
21
1.3591357480314961
0
LINE
8
BLACK
6
CONTINUOUS
10
0.0808707086614173
20
1.3591357480314961
11
0.0806159842519685
21
1.3597750787401575
0
LINE
8
BLACK
6
CONTINUOUS
10
0.0806159842519685
20
1.3597750787401575
11
0.078740905511811
21
1.3665284251968504
0
LINE
8
BLACK
6
CONTINUOUS
10
0.078740905511811
20
1.3665284251968504
11
0.0771744488188976
21
1.3719658661417322
0
LINE
8
BLACK
6
CONTINUOUS
10
0.0771744488188976
20
1.3719658661417322
11
0.077084842519685
21
1.3724930314960631
0
LINE
8
BLACK
6
CONTINUOUS
10
0.077084842519685
20
1.3724930314960631
11
0.0769668503937008
21
1.3729181496062992
0
LINE
8
BLACK
6
CONTINUOUS
10
0.0769668503937008
20
1.3729181496062992
11
0.0757087401574803
21
1.3805921653543307
0
LINE
8
BLACK
6
CONTINUOUS
10
0.0757087401574803
20
1.3805921653543307
11
0.0748079133858268
21
1.3858942519685038
0
LINE
8
BLACK
6
CONTINUOUS
10
0.0748079133858268
20
1.3858942519685038
11
0.0747914173228346
21
1.3861877952755906
0
LINE
8
BLACK
6
CONTINUOUS
10
0.0747914173228346
20
1.3861877952755906
11
0.07476
21
1.3863795275590551
0
LINE
8
BLACK
6
CONTINUOUS
10
0.07476
20
1.3863795275590551
11
0.0741822047244095
21
1.3970353937007873
0
LINE
8
BLACK
6
CONTINUOUS
10
0.0741822047244095
20
1.3970353937007873
11
0.0740157480314961
21
1.3999999999999999
0
LINE
8
BLACK
6
CONTINUOUS
10
0.0740157480314961
20
1.3999999999999999
11
0.0741822440944882
21
1.4029648031496063
0
LINE
8
BLACK
6
CONTINUOUS
10
0.0741822440944882
20
1.4029648031496063
11
0.07476
21
1.4136204330708662
0
LINE
8
BLACK
6
CONTINUOUS
10
0.07476
20
1.4136204330708662
11
0.0747914173228346
21
1.4138120866141732
0
LINE
8
BLACK
6
CONTINUOUS
10
0.0747914173228346
20
1.4138120866141732
11
0.0748079133858268
21
1.414105748031496
0
LINE
8
BLACK
6
CONTINUOUS
10
0.0748079133858268
20
1.414105748031496
11
0.075708937007874
21
1.4194088582677165
0
LINE
8
BLACK
6
CONTINUOUS
10
0.075708937007874
20
1.4194088582677165
11
0.0769668503937008
21
1.4270818110236221
0
LINE
8
BLACK
6
CONTINUOUS
10
0.0769668503937008
20
1.4270818110236221
11
0.077084842519685
21
1.427506811023622
0
LINE
8
BLACK
6
CONTINUOUS
10
0.077084842519685
20
1.427506811023622
11
0.0771744488188976
21
1.4280341338582676
0
LINE
8
BLACK
6
CONTINUOUS
10
0.0771744488188976
20
1.4280341338582676
11
0.0787412204724409
21
1.4334725984251968
0
LINE
8
BLACK
6
CONTINUOUS
10
0.0787412204724409
20
1.4334725984251968
11
0.0806159842519685
21
1.4402248818897638
0
LINE
8
BLACK
6
CONTINUOUS
10
0.0806159842519685
20
1.4402248818897638
11
0.0808706692913386
21
1.440864094488189
0
LINE
8
BLACK
6
CONTINUOUS
10
0.0808706692913386
20
1.440864094488189
11
0.0810855511811024
21
1.4416099606299213
0
LINE
8
BLACK
6
CONTINUOUS
10
0.0810855511811024
20
1.4416099606299213
11
0.0832462992125984
21
1.4468264566929134
0
LINE
8
BLACK
6
CONTINUOUS
10
0.0832462992125984
20
1.4468264566929134
11
0.085665157480315
21
1.4528972834645668
0
LINE
8
BLACK
6
CONTINUOUS
10
0.085665157480315
20
1.4528972834645668
11
0.0861030708661417
21
1.4537233070866142
0
LINE
8
BLACK
6
CONTINUOUS
10
0.0861030708661417
20
1.4537233070866142
11
0.086492125984252
21
1.4546625196850393
0
LINE
8
BLACK
6
CONTINUOUS
10
0.086492125984252
20
1.4546625196850393
11
0.0891654724409449
21
1.4594995669291337
0
LINE
8
BLACK
6
CONTINUOUS
10
0.0891654724409449
20
1.4594995669291337
11
0.0920543307086614
21
1.4649485433070866
0
LINE
8
BLACK
6
CONTINUOUS
10
0.0920543307086614
20
1.4649485433070866
11
0.0927179133858268
21
1.4659272440944882
0
LINE
8
BLACK
6
CONTINUOUS
10
0.0927179133858268
20
1.4659272440944882
11
0.0933261023622047
21
1.4670276771653543
0
LINE
8
BLACK
6
CONTINUOUS
10
0.0933261023622047
20
1.4670276771653543
11
0.0964311811023622
21
1.4714038976377952
0
LINE
8
BLACK
6
CONTINUOUS
10
0.0964311811023622
20
1.4714038976377952
11
0.0997092913385827
21
1.4762387007874016
0
LINE
8
BLACK
6
CONTINUOUS
10
0.0997092913385827
20
1.4762387007874016
11
0.1006346456692913
21
1.4773281102362203
0
LINE
8
BLACK
6
CONTINUOUS
10
0.1006346456692913
20
1.4773281102362203
11
0.1015015354330709
21
1.4785498818897638
0
LINE
8
BLACK
6
CONTINUOUS
10
0.1015015354330709
20
1.4785498818897638
11
0.1049526771653543
21
1.4824117322834645
0
LINE
8
BLACK
6
CONTINUOUS
10
0.1049526771653543
20
1.4824117322834645
11
0.1085403149606299
21
1.4866354330708662
0
LINE
8
BLACK
6
CONTINUOUS
10
0.1085403149606299
20
1.4866354330708662
11
0.1097579527559055
21
1.4877888188976378
0
LINE
8
BLACK
6
CONTINUOUS
10
0.1097579527559055
20
1.4877888188976378
11
0.1109156692913386
21
1.4890843307086614
0
LINE
8
BLACK
6
CONTINUOUS
10
0.1109156692913386
20
1.4890843307086614
11
0.1146253149606299
21
1.4923994881889764
0
LINE
8
BLACK
6
CONTINUOUS
10
0.1146253149606299
20
1.4923994881889764
11
0.1184433070866142
21
1.496016062992126
0
LINE
8
BLACK
6
CONTINUOUS
10
0.1184433070866142
20
1.496016062992126
11
0.1199764960629921
21
1.4971815748031496
0
LINE
8
BLACK
6
CONTINUOUS
10
0.1199764960629921
20
1.4971815748031496
11
0.1214501181102362
21
1.498498464566929
0
LINE
8
BLACK
6
CONTINUOUS
10
0.1214501181102362
20
1.498498464566929
11
0.1253338976377953
21
1.5012541338582677
0
LINE
8
BLACK
6
CONTINUOUS
10
0.1253338976377953
20
1.5012541338582677
11
0.1293023228346457
21
1.5042708661417323
0
LINE
8
BLACK
6
CONTINUOUS
10
0.1293023228346457
20
1.5042708661417323
11
0.1311656299212599
21
1.505391968503937
0
LINE
8
BLACK
6
CONTINUOUS
10
0.1311656299212599
20
1.505391968503937
11
0.1329723228346457
21
1.5066738976377951
0
LINE
8
BLACK
6
CONTINUOUS
10
0.1329723228346457
20
1.5066738976377951
11
0.136948937007874
21
1.5088716929133859
0
LINE
8
BLACK
6
CONTINUOUS
10
0.136948937007874
20
1.5088716929133859
11
0.1409906299212599
21
1.5113035039370077
0
LINE
8
BLACK
6
CONTINUOUS
10
0.1409906299212599
20
1.5113035039370077
11
0.1431903543307086
21
1.5123211811023622
0
LINE
8
BLACK
6
CONTINUOUS
10
0.1431903543307086
20
1.5123211811023622
11
0.1453374803149606
21
1.5135078740157479
0
LINE
8
BLACK
6
CONTINUOUS
10
0.1453374803149606
20
1.5135078740157479
11
0.1493288188976378
21
1.5151611417322834
0
LINE
8
BLACK
6
CONTINUOUS
10
0.1493288188976378
20
1.5151611417322834
11
0.1533706692913386
21
1.5170311023622047
0
LINE
8
BLACK
6
CONTINUOUS
10
0.1533706692913386
20
1.5170311023622047
11
0.155903779527559
21
1.5178846062992126
0
LINE
8
BLACK
6
CONTINUOUS
10
0.155903779527559
20
1.5178846062992126
11
0.1583900393700787
21
1.5189144488188977
0
LINE
8
BLACK
6
CONTINUOUS
10
0.1583900393700787
20
1.5189144488188977
11
0.1623235826771653
21
1.5200476771653544
0
LINE
8
BLACK
6
CONTINUOUS
10
0.1623235826771653
20
1.5200476771653544
11
0.1662970866141732
21
1.5213864960629921
0
LINE
8
BLACK
6
CONTINUOUS
10
0.1662970866141732
20
1.5213864960629921
11
0.1691522440944882
21
1.5220149606299211
0
LINE
8
BLACK
6
CONTINUOUS
10
0.1691522440944882
20
1.5220149606299211
11
0.1719658661417323
21
1.5228255511811024
0
LINE
8
BLACK
6
CONTINUOUS
10
0.1719658661417323
20
1.5228255511811024
11
0.1757748818897638
21
1.5234727165354331
0
LINE
8
BLACK
6
CONTINUOUS
10
0.1757748818897638
20
1.5234727165354331
11
0.1796188582677165
21
1.5243188582677165
0
LINE
8
BLACK
6
CONTINUOUS
10
0.1796188582677165
20
1.5243188582677165
11
0.1827751181102362
21
1.5246620866141731
0
LINE
8
BLACK
6
CONTINUOUS
10
0.1827751181102362
20
1.5246620866141731
11
0.1858942519685039
21
1.5251920866141733
0
LINE
8
BLACK
6
CONTINUOUS
10
0.1858942519685039
20
1.5251920866141733
11
0.1895205511811024
21
1.5253957086614174
0
LINE
8
BLACK
6
CONTINUOUS
10
0.1895205511811024
20
1.5253957086614174
11
0.1931797637795276
21
1.5257937007874016
0
LINE
8
BLACK
6
CONTINUOUS
10
0.1931797637795276
20
1.5257937007874016
11
0.1966069291338583
21
1.5257937007874016
0
LINE
8
BLACK
6
CONTINUOUS
10
0.1966069291338583
20
1.5257937007874016
11
0.2
21
1.5259842519685038
0
LINE
8
BLACK
6
CONTINUOUS
10
0.2
20
1.5259842519685038
11
0.2033930708661417
21
1.5257937007874016
0
LINE
8
BLACK
6
CONTINUOUS
10
1.4033930708661417
20
1.5257937007874016
11
1.4068202362204725
21
1.5257937007874016
0
LINE
8
BLACK
6
CONTINUOUS
10
1.4068202362204725
20
1.5257937007874016
11
1.4104794094488189
21
1.5253957086614174
0
LINE
8
BLACK
6
CONTINUOUS
10
1.4104794094488189
20
1.5253957086614174
11
1.414105748031496
21
1.5251920866141733
0
LINE
8
BLACK
6
CONTINUOUS
10
1.414105748031496
20
1.5251920866141733
11
1.4172249212598425
21
1.5246620866141731
0
LINE
8
BLACK
6
CONTINUOUS
10
1.4172249212598425
20
1.5246620866141731
11
1.4203811023622046
21
1.5243188582677165
0
LINE
8
BLACK
6
CONTINUOUS
10
1.4203811023622046
20
1.5243188582677165
11
1.4242248818897638
21
1.5234727559055117
0
LINE
8
BLACK
6
CONTINUOUS
10
1.4242248818897638
20
1.5234727559055117
11
1.4280341338582676
21
1.5228255511811024
0
LINE
8
BLACK
6
CONTINUOUS
10
1.4280341338582676
20
1.5228255511811024
11
1.4308478346456692
21
1.5220149212598424
0
LINE
8
BLACK
6
CONTINUOUS
10
1.4308478346456692
20
1.5220149212598424
11
1.433702874015748
21
1.5213864960629921
0
LINE
8
BLACK
6
CONTINUOUS
10
1.433702874015748
20
1.5213864960629921
11
1.4376761023622047
21
1.5200477559055117
0
LINE
8
BLACK
6
CONTINUOUS
10
1.4376761023622047
20
1.5200477559055117
11
1.4416099606299213
21
1.5189144488188977
0
LINE
8
BLACK
6
CONTINUOUS
10
1.4416099606299213
20
1.5189144488188977
11
1.4440963779527558
21
1.5178845275590551
0
LINE
8
BLACK
6
CONTINUOUS
10
1.4440963779527558
20
1.5178845275590551
11
1.4466292913385825
21
1.5170311023622047
0
LINE
8
BLACK
6
CONTINUOUS
10
1.4466292913385825
20
1.5170311023622047
11
1.4506707874015747
21
1.5151612992125985
0
LINE
8
BLACK
6
CONTINUOUS
10
1.4506707874015747
20
1.5151612992125985
11
1.4546625196850393
21
1.5135078740157479
0
LINE
8
BLACK
6
CONTINUOUS
10
1.4546625196850393
20
1.5135078740157479
11
1.4568098031496062
21
1.512321062992126
0
LINE
8
BLACK
6
CONTINUOUS
10
1.4568098031496062
20
1.512321062992126
11
1.4590093307086613
21
1.5113035039370077
0
LINE
8
BLACK
6
CONTINUOUS
10
1.4590093307086613
20
1.5113035039370077
11
1.4630505511811023
21
1.5088719685039369
0
LINE
8
BLACK
6
CONTINUOUS
10
1.4630505511811023
20
1.5088719685039369
11
1.4670276771653543
21
1.5066738976377951
0
LINE
8
BLACK
6
CONTINUOUS
10
1.4670276771653543
20
1.5066738976377951
11
1.4688345669291338
21
1.505391811023622
0
LINE
8
BLACK
6
CONTINUOUS
10
1.4688345669291338
20
1.505391811023622
11
1.4706976377952756
21
1.5042708661417323
0
LINE
8
BLACK
6
CONTINUOUS
10
1.4706976377952756
20
1.5042708661417323
11
1.4746654724409449
21
1.5012545669291337
0
LINE
8
BLACK
6
CONTINUOUS
10
1.4746654724409449
20
1.5012545669291337
11
1.4785498818897638
21
1.498498464566929
0
LINE
8
BLACK
6
CONTINUOUS
10
1.4785498818897638
20
1.498498464566929
11
1.4800237007874015
21
1.4971813779527559
0
LINE
8
BLACK
6
CONTINUOUS
10
1.4800237007874015
20
1.4971813779527559
11
1.4815566535433071
21
1.496016062992126
0
LINE
8
BLACK
6
CONTINUOUS
10
1.4815566535433071
20
1.496016062992126
11
1.485373937007874
21
1.4924000787401575
0
LINE
8
BLACK
6
CONTINUOUS
10
1.485373937007874
20
1.4924000787401575
11
1.4890843307086614
21
1.4890843307086614
0
LINE
8
BLACK
6
CONTINUOUS
10
1.4890843307086614
20
1.4890843307086614
11
1.4902422440944882
21
1.4877885826771653
0
LINE
8
BLACK
6
CONTINUOUS
10
1.4902422440944882
20
1.4877885826771653
11
1.4914596456692912
21
1.4866354330708662
0
LINE
8
BLACK
6
CONTINUOUS
10
1.4914596456692912
20
1.4866354330708662
11
1.4950464960629921
21
1.4824126377952755
0
LINE
8
BLACK
6
CONTINUOUS
10
1.4950464960629921
20
1.4824126377952755
11
1.498498464566929
21
1.4785498818897638
0
LINE
8
BLACK
6
CONTINUOUS
10
1.498498464566929
20
1.4785498818897638
11
1.4993655118110236
21
1.4773278346456693
0
LINE
8
BLACK
6
CONTINUOUS
10
1.4993655118110236
20
1.4773278346456693
11
1.5002906692913385
21
1.4762387007874016
0
LINE
8
BLACK
6
CONTINUOUS
10
1.5002906692913385
20
1.4762387007874016
11
1.5035678740157481
21
1.4714051574803149
0
LINE
8
BLACK
6
CONTINUOUS
10
1.5035678740157481
20
1.4714051574803149
11
1.5066738976377951
21
1.4670276771653543
0
LINE
8
BLACK
6
CONTINUOUS
10
1.5066738976377951
20
1.4670276771653543
11
1.5072822047244094
21
1.4659269291338581
0
LINE
8
BLACK
6
CONTINUOUS
10
1.5072822047244094
20
1.4659269291338581
11
1.5079456299212599
21
1.4649485433070866
0
LINE
8
BLACK
6
CONTINUOUS
10
1.5079456299212599
20
1.4649485433070866
11
1.5108335433070865
21
1.4595013385826772
0
LINE
8
BLACK
6
CONTINUOUS
10
1.5108335433070865
20
1.4595013385826772
11
1.5135078740157479
21
1.4546625196850393
0
LINE
8
BLACK
6
CONTINUOUS
10
1.5135078740157479
20
1.4546625196850393
11
1.5138970078740157
21
1.4537229527559055
0
LINE
8
BLACK
6
CONTINUOUS
10
1.5138970078740157
20
1.4537229527559055
11
1.5143348031496062
21
1.4528972834645668
0
LINE
8
BLACK
6
CONTINUOUS
10
1.5143348031496062
20
1.4528972834645668
11
1.5167526377952756
21
1.4468289763779527
0
LINE
8
BLACK
6
CONTINUOUS
10
1.5167526377952756
20
1.4468289763779527
11
1.5189144488188977
21
1.4416099606299213
0
LINE
8
BLACK
6
CONTINUOUS
10
1.5189144488188977
20
1.4416099606299213
11
1.5191294094488188
21
1.4408637401574802
0
LINE
8
BLACK
6
CONTINUOUS
10
1.5191294094488188
20
1.4408637401574802
11
1.5193839763779526
21
1.4402248818897638
0
LINE
8
BLACK
6
CONTINUOUS
10
1.5193839763779526
20
1.4402248818897638
11
1.5212576771653543
21
1.4334763385826772
0
LINE
8
BLACK
6
CONTINUOUS
10
1.5212576771653543
20
1.4334763385826772
11
1.5228255511811024
21
1.4280341338582676
0
LINE
8
BLACK
6
CONTINUOUS
10
1.5228255511811024
20
1.4280341338582676
11
1.5229151968503936
21
1.4275064566929134
0
LINE
8
BLACK
6
CONTINUOUS
10
1.5229151968503936
20
1.4275064566929134
11
1.5230331102362205
21
1.4270818110236221
0
LINE
8
BLACK
6
CONTINUOUS
10
1.5230331102362205
20
1.4270818110236221
11
1.5242899212598424
21
1.4194154724409449
0
LINE
8
BLACK
6
CONTINUOUS
10
1.5242899212598424
20
1.4194154724409449
11
1.5251920866141733
21
1.414105748031496
0
LINE
8
BLACK
6
CONTINUOUS
10
1.5251920866141733
20
1.414105748031496
11
1.5252085826771653
21
1.4138117322834645
0
LINE
8
BLACK
6
CONTINUOUS
10
1.5252085826771653
20
1.4138117322834645
11
1.5252399606299212
21
1.4136204330708662
0
LINE
8
BLACK
6
CONTINUOUS
10
1.5252399606299212
20
1.4136204330708662
11
1.5258165748031496
21
1.4029851181102362
0
LINE
8
BLACK
6
CONTINUOUS
10
1.5258165748031496
20
1.4029851181102362
11
1.5259842519685038
21
1.3999999999999999
0
LINE
8
BLACK
6
CONTINUOUS
10
1.5259842519685038
20
1.3999999999999999
11
1.5258166141732283
21
1.3970151181102362
0
LINE
8
BLACK
6
CONTINUOUS
10
1.5258166141732283
20
1.3970151181102362
11
1.5252399606299212
21
1.3863795275590551
0
LINE
8
BLACK
6
CONTINUOUS
10
1.5252399606299212
20
1.3863795275590551
11
1.5252085826771653
21
1.3861881889763779
0
LINE
8
BLACK
6
CONTINUOUS
10
1.5252085826771653
20
1.3861881889763779
11
1.5251920866141733
21
1.3858942519685038
0
LINE
8
BLACK
6
CONTINUOUS
10
1.5251920866141733
20
1.3858942519685038
11
1.5242900787401574
21
1.380585590551181
0
LINE
8
BLACK
6
CONTINUOUS
10
1.5242900787401574
20
1.380585590551181
11
1.5230331102362205
21
1.3729181496062992
0
LINE
8
BLACK
6
CONTINUOUS
10
1.5230331102362205
20
1.3729181496062992
11
1.522915157480315
21
1.3724934251968504
0
LINE
8
BLACK
6
CONTINUOUS
10
1.522915157480315
20
1.3724934251968504
11
1.5228255511811024
21
1.3719658661417322
0
LINE
8
BLACK
6
CONTINUOUS
10
1.5228255511811024
20
1.3719658661417322
11
1.5212579527559056
21
1.3665246456692912
0
LINE
8
BLACK
6
CONTINUOUS
10
1.5212579527559056
20
1.3665246456692912
11
1.5193839763779526
21
1.3597750787401575
0
LINE
8
BLACK
6
CONTINUOUS
10
1.5193839763779526
20
1.3597750787401575
11
1.51912937007874
21
1.3591361023622046
0
LINE
8
BLACK
6
CONTINUOUS
10
1.51912937007874
20
1.3591361023622046
11
1.5189144488188977
21
1.3583900393700787
0
LINE
8
BLACK
6
CONTINUOUS
10
1.5189144488188977
20
1.3583900393700787
11
1.5167530314960629
21
1.3531720078740157
0
LINE
8
BLACK
6
CONTINUOUS
10
1.5167530314960629
20
1.3531720078740157
11
1.5143348031496062
21
1.3471026771653543
0
LINE
8
BLACK
6
CONTINUOUS
10
1.5143348031496062
20
1.3471026771653543
11
1.513896968503937
21
1.3462768110236221
0
LINE
8
BLACK
6
CONTINUOUS
10
1.513896968503937
20
1.3462768110236221
11
1.5135078740157479
21
1.3453374803149607
0
LINE
8
BLACK
6
CONTINUOUS
10
1.5135078740157479
20
1.3453374803149607
11
1.5108340551181103
21
1.3404995669291337
0
LINE
8
BLACK
6
CONTINUOUS
10
1.5108340551181103
20
1.3404995669291337
11
1.5079456299212599
21
1.3350514173228347
0
LINE
8
BLACK
6
CONTINUOUS
10
1.5079456299212599
20
1.3350514173228347
11
1.5072820866141732
21
1.3340727952755904
0
LINE
8
BLACK
6
CONTINUOUS
10
1.5072820866141732
20
1.3340727952755904
11
1.5066738976377951
21
1.3329723228346457
0
LINE
8
BLACK
6
CONTINUOUS
10
1.5066738976377951
20
1.3329723228346457
11
1.5035684645669292
21
1.3285956299212598
0
LINE
8
BLACK
6
CONTINUOUS
10
1.5035684645669292
20
1.3285956299212598
11
1.5002906692913385
21
1.3237612598425197
0
LINE
8
BLACK
6
CONTINUOUS
10
1.5002906692913385
20
1.3237612598425197
11
1.4993653543307086
21
1.3226718897637795
0
LINE
8
BLACK
6
CONTINUOUS
10
1.4993653543307086
20
1.3226718897637795
11
1.498498464566929
21
1.3214501181102363
0
LINE
8
BLACK
6
CONTINUOUS
10
1.498498464566929
20
1.3214501181102363
11
1.4950471653543307
21
1.3175881102362204
0
LINE
8
BLACK
6
CONTINUOUS
10
1.4950471653543307
20
1.3175881102362204
11
1.4914596456692912
21
1.3133645275590551
0
LINE
8
BLACK
6
CONTINUOUS
10
1.4914596456692912
20
1.3133645275590551
11
1.4902420078740157
21
1.3122111023622047
0
LINE
8
BLACK
6
CONTINUOUS
10
1.4902420078740157
20
1.3122111023622047
11
1.4890843307086614
21
1.3109156692913386
0
LINE
8
BLACK
6
CONTINUOUS
10
1.4890843307086614
20
1.3109156692913386
11
1.4853746850393701
21
1.3076005118110237
0
LINE
8
BLACK
6
CONTINUOUS
10
1.4853746850393701
20
1.3076005118110237
11
1.4815566535433071
21
1.3039838976377953
0
LINE
8
BLACK
6
CONTINUOUS
10
1.4815566535433071
20
1.3039838976377953
11
1.4800233858267715
21
1.3028183464566929
0
LINE
8
BLACK
6
CONTINUOUS
10
1.4800233858267715
20
1.3028183464566929
11
1.4785498818897638
21
1.3015015354330708
0
LINE
8
BLACK
6
CONTINUOUS
10
1.4785498818897638
20
1.3015015354330708
11
1.4746662598425198
21
1.2987459448818897
0
LINE
8
BLACK
6
CONTINUOUS
10
1.4746662598425198
20
1.2987459448818897
11
1.4706976377952756
21
1.295729094488189
0
LINE
8
BLACK
6
CONTINUOUS
10
1.4706976377952756
20
1.295729094488189
11
1.4688341732283465
21
1.2946078740157481
0
LINE
8
BLACK
6
CONTINUOUS
10
1.4688341732283465
20
1.2946078740157481
11
1.4670276771653543
21
1.2933261023622047
0
LINE
8
BLACK
6
CONTINUOUS
10
1.4670276771653543
20
1.2933261023622047
11
1.4630513385826771
21
1.2911284645669292
0
LINE
8
BLACK
6
CONTINUOUS
10
1.4630513385826771
20
1.2911284645669292
11
1.4590093307086613
21
1.2886964566929133
0
LINE
8
BLACK
6
CONTINUOUS
10
1.4590093307086613
20
1.2886964566929133
11
1.4568093700787401
21
1.287678622047244
0
LINE
8
BLACK
6
CONTINUOUS
10
1.4568093700787401
20
1.287678622047244
11
1.4546625196850393
21
1.2864921259842519
0
LINE
8
BLACK
6
CONTINUOUS
10
1.4546625196850393
20
1.2864921259842519
11
1.4506716141732283
21
1.2848390157480314
0
LINE
8
BLACK
6
CONTINUOUS
10
1.4506716141732283
20
1.2848390157480314
11
1.4466292913385825
21
1.2829688582677166
0
LINE
8
BLACK
6
CONTINUOUS
10
1.4466292913385825
20
1.2829688582677166
11
1.4440958661417322
21
1.2821152362204724
0
LINE
8
BLACK
6
CONTINUOUS
10
1.4440958661417322
20
1.2821152362204724
11
1.4416099606299213
21
1.2810855511811023
0
LINE
8
BLACK
6
CONTINUOUS
10
1.4416099606299213
20
1.2810855511811023
11
1.4376768897637795
21
1.2799524409448819
0
LINE
8
BLACK
6
CONTINUOUS
10
1.4376768897637795
20
1.2799524409448819
11
1.433702874015748
21
1.2786134645669291
0
LINE
8
BLACK
6
CONTINUOUS
10
1.433702874015748
20
1.2786134645669291
11
1.4308472440944882
21
1.2779848818897637
0
LINE
8
BLACK
6
CONTINUOUS
10
1.4308472440944882
20
1.2779848818897637
11
1.4280341338582676
21
1.2771744488188976
0
LINE
8
BLACK
6
CONTINUOUS
10
1.4280341338582676
20
1.2771744488188976
11
1.4242256692913386
21
1.2765273622047244
0
LINE
8
BLACK
6
CONTINUOUS
10
1.4242256692913386
20
1.2765273622047244
11
1.4203811023622046
21
1.2756811023622048
0
LINE
8
BLACK
6
CONTINUOUS
10
1.4203811023622046
20
1.2756811023622048
11
1.4172244094488189
21
1.2753377952755904
0
LINE
8
BLACK
6
CONTINUOUS
10
1.4172244094488189
20
1.2753377952755904
11
1.414105748031496
21
1.2748079133858268
0
LINE
8
BLACK
6
CONTINUOUS
10
1.414105748031496
20
1.2748079133858268
11
1.4104796062992127
21
1.2746042519685039
0
LINE
8
BLACK
6
CONTINUOUS
10
1.4104796062992127
20
1.2746042519685039
11
1.4068202362204725
21
1.2742062992125984
0
LINE
8
BLACK
6
CONTINUOUS
10
1.4068202362204725
20
1.2742062992125984
11
1.4033930708661417
21
1.2742062992125984
0
LINE
8
BLACK
6
CONTINUOUS
10
1.4033930708661417
20
1.2742062992125984
11
1.3999999999999999
21
1.274015748031496
0
LINE
8
BLACK
6
CONTINUOUS
10
1.3999999999999999
20
1.274015748031496
11
1.3966069291338583
21
1.2742062992125984
0
LINE
8
BLACK
6
CONTINUOUS
10
1.3966069291338583
20
1.2742062992125984
11
1.3931797637795276
21
1.2742062992125984
0
LINE
8
BLACK
6
CONTINUOUS
10
1.3931797637795276
20
1.2742062992125984
11
1.3895203149606299
21
1.2746042519685039
0
LINE
8
BLACK
6
CONTINUOUS
10
1.3895203149606299
20
1.2746042519685039
11
1.3858942519685038
21
1.2748079133858268
0
LINE
8
BLACK
6
CONTINUOUS
10
1.3858942519685038
20
1.2748079133858268
11
1.3827755905511812
21
1.2753377559055117
0
LINE
8
BLACK
6
CONTINUOUS
10
1.3827755905511812
20
1.2753377559055117
11
1.3796188582677165
21
1.2756811023622048
0
LINE
8
BLACK
6
CONTINUOUS
10
1.3796188582677165
20
1.2756811023622048
11
1.3757740944881889
21
1.2765273622047244
0
LINE
8
BLACK
6
CONTINUOUS
10
1.3757740944881889
20
1.2765273622047244
11
1.3719658661417322
21
1.2771744488188976
0
LINE
8
BLACK
6
CONTINUOUS
10
1.3719658661417322
20
1.2771744488188976
11
1.3691528346456692
21
1.2779848425196849
0
LINE
8
BLACK
6
CONTINUOUS
10
1.3691528346456692
20
1.2779848425196849
11
1.3662970866141733
21
1.2786134645669291
0
LINE
8
BLACK
6
CONTINUOUS
10
1.3662970866141733
20
1.2786134645669291
11
1.3623227952755905
21
1.2799525196850394
0
LINE
8
BLACK
6
CONTINUOUS
10
1.3623227952755905
20
1.2799525196850394
11
1.3583900393700787
21
1.2810855511811023
0
LINE
8
BLACK
6
CONTINUOUS
10
1.3583900393700787
20
1.2810855511811023
11
1.3559042913385826
21
1.2821151574803149
0
LINE
8
BLACK
6
CONTINUOUS
10
1.3559042913385826
20
1.2821151574803149
11
1.3533706692913385
21
1.2829688582677166
0
LINE
8
BLACK
6
CONTINUOUS
10
1.3533706692913385
20
1.2829688582677166
11
1.3493279921259842
21
1.2848391732283464
0
LINE
8
BLACK
6
CONTINUOUS
10
1.3493279921259842
20
1.2848391732283464
11
1.3453374803149607
21
1.2864921259842519
0
LINE
8
BLACK
6
CONTINUOUS
10
1.3453374803149607
20
1.2864921259842519
11
1.3431907874015747
21
1.2876785433070865
0
LINE
8
BLACK
6
CONTINUOUS
10
1.3431907874015747
20
1.2876785433070865
11
1.3409906299212597
21
1.2886964566929133
0
LINE
8
BLACK
6
CONTINUOUS
10
1.3409906299212597
20
1.2886964566929133
11
1.3369481496062992
21
1.2911287401574802
0
LINE
8
BLACK
6
CONTINUOUS
10
1.3369481496062992
20
1.2911287401574802
11
1.3329723228346457
21
1.2933261023622047
0
LINE
8
BLACK
6
CONTINUOUS
10
1.3329723228346457
20
1.2933261023622047
11
1.3311659842519685
21
1.2946077165354331
0
LINE
8
BLACK
6
CONTINUOUS
10
1.3311659842519685
20
1.2946077165354331
11
1.3293023228346457
21
1.295729094488189
0
LINE
8
BLACK
6
CONTINUOUS
10
1.3293023228346457
20
1.295729094488189
11
1.3253331102362205
21
1.2987463779527559
0
LINE
8
BLACK
6
CONTINUOUS
10
1.3253331102362205
20
1.2987463779527559
11
1.3214501181102363
21
1.3015015354330708
0
LINE
8
BLACK
6
CONTINUOUS
10
1.3214501181102363
20
1.3015015354330708
11
1.3199768110236221
21
1.3028181496062992
0
LINE
8
BLACK
6
CONTINUOUS
10
1.3199768110236221
20
1.3028181496062992
11
1.3184433070866142
21
1.3039838976377953
0
LINE
8
BLACK
6
CONTINUOUS
10
1.3184433070866142
20
1.3039838976377953
11
1.3146246062992126
21
1.3076011417322835
0
LINE
8
BLACK
6
CONTINUOUS
10
1.3146246062992126
20
1.3076011417322835
11
1.3109156692913386
21
1.3109156692913386
0
LINE
8
BLACK
6
CONTINUOUS
10
1.3109156692913386
20
1.3109156692913386
11
1.3097581496062991
21
1.3122108661417322
0
LINE
8
BLACK
6
CONTINUOUS
10
1.3097581496062991
20
1.3122108661417322
11
1.3085403149606298
21
1.3133645275590551
0
LINE
8
BLACK
6
CONTINUOUS
10
1.3085403149606298
20
1.3133645275590551
11
1.3049520078740158
21
1.3175889763779527
0
LINE
8
BLACK
6
CONTINUOUS
10
1.3049520078740158
20
1.3175889763779527
11
1.3015015354330708
21
1.3214501181102363
0
LINE
8
BLACK
6
CONTINUOUS
10
1.3015015354330708
20
1.3214501181102363
11
1.3006348031496062
21
1.3226716141732284
0
LINE
8
BLACK
6
CONTINUOUS
10
1.3006348031496062
20
1.3226716141732284
11
1.2997092913385826
21
1.3237612598425197
0
LINE
8
BLACK
6
CONTINUOUS
10
1.2997092913385826
20
1.3237612598425197
11
1.296430590551181
21
1.3285968897637794
0
LINE
8
BLACK
6
CONTINUOUS
10
1.296430590551181
20
1.3285968897637794
11
1.2933261023622047
21
1.3329723228346457
0
LINE
8
BLACK
6
CONTINUOUS
10
1.2933261023622047
20
1.3329723228346457
11
1.2927180314960629
21
1.3340724803149606
0
LINE
8
BLACK
6
CONTINUOUS
10
1.2927180314960629
20
1.3340724803149606
11
1.2920543307086614
21
1.3350514173228347
0
LINE
8
BLACK
6
CONTINUOUS
10
1.2920543307086614
20
1.3350514173228347
11
1.2891649606299211
21
1.3405012992125984
0
LINE
8
BLACK
6
CONTINUOUS
10
1.2891649606299211
20
1.3405012992125984
11
1.2864921259842519
21
1.3453374803149607
0
LINE
8
BLACK
6
CONTINUOUS
10
1.2864921259842519
20
1.3453374803149607
11
1.2861031496062991
21
1.346276496062992
0
LINE
8
BLACK
6
CONTINUOUS
10
1.2861031496062991
20
1.346276496062992
11
1.2856651574803148
21
1.3471026771653543
0
LINE
8
BLACK
6
CONTINUOUS
10
1.2856651574803148
20
1.3471026771653543
11
1.2832458661417323
21
1.3531744881889765
0
LINE
8
BLACK
6
CONTINUOUS
10
1.2832458661417323
20
1.3531744881889765
11
1.2810855511811023
21
1.3583900393700787
0
LINE
8
BLACK
6
CONTINUOUS
10
1.2810855511811023
20
1.3583900393700787
11
1.2808707086614173
21
1.3591357480314961
0
LINE
8
BLACK
6
CONTINUOUS
10
1.2808707086614173
20
1.3591357480314961
11
1.2806159842519684
21
1.3597750787401575
0
LINE
8
BLACK
6
CONTINUOUS
10
1.2806159842519684
20
1.3597750787401575
11
1.2787409055118111
21
1.3665284251968504
0
LINE
8
BLACK
6
CONTINUOUS
10
1.2787409055118111
20
1.3665284251968504
11
1.2771744488188976
21
1.3719658661417322
0
LINE
8
BLACK
6
CONTINUOUS
10
1.2771744488188976
20
1.3719658661417322
11
1.277084842519685
21
1.3724930314960631
0
LINE
8
BLACK
6
CONTINUOUS
10
1.277084842519685
20
1.3724930314960631
11
1.2769668503937008
21
1.3729181496062992
0
LINE
8
BLACK
6
CONTINUOUS
10
1.2769668503937008
20
1.3729181496062992
11
1.2757087401574803
21
1.3805921653543307
0
LINE
8
BLACK
6
CONTINUOUS
10
1.2757087401574803
20
1.3805921653543307
11
1.2748079133858268
21
1.3858942519685038
0
LINE
8
BLACK
6
CONTINUOUS
10
1.2748079133858268
20
1.3858942519685038
11
1.2747914173228345
21
1.3861877952755906
0
LINE
8
BLACK
6
CONTINUOUS
10
1.2747914173228345
20
1.3861877952755906
11
1.2747599999999999
21
1.3863795275590551
0
LINE
8
BLACK
6
CONTINUOUS
10
1.2747599999999999
20
1.3863795275590551
11
1.2741822047244094
21
1.3970353937007873
0
LINE
8
BLACK
6
CONTINUOUS
10
1.2741822047244094
20
1.3970353937007873
11
1.274015748031496
21
1.3999999999999999
0
LINE
8
BLACK
6
CONTINUOUS
10
1.274015748031496
20
1.3999999999999999
11
1.2741822440944881
21
1.4029648031496063
0
LINE
8
BLACK
6
CONTINUOUS
10
1.2741822440944881
20
1.4029648031496063
11
1.2747599999999999
21
1.4136204330708662
0
LINE
8
BLACK
6
CONTINUOUS
10
1.2747599999999999
20
1.4136204330708662
11
1.2747914173228345
21
1.4138120866141732
0
LINE
8
BLACK
6
CONTINUOUS
10
1.2747914173228345
20
1.4138120866141732
11
1.2748079133858268
21
1.414105748031496
0
LINE
8
BLACK
6
CONTINUOUS
10
1.2748079133858268
20
1.414105748031496
11
1.275708937007874
21
1.4194088582677165
0
LINE
8
BLACK
6
CONTINUOUS
10
1.275708937007874
20
1.4194088582677165
11
1.2769668503937008
21
1.4270818110236221
0
LINE
8
BLACK
6
CONTINUOUS
10
1.2769668503937008
20
1.4270818110236221
11
1.277084842519685
21
1.427506811023622
0
LINE
8
BLACK
6
CONTINUOUS
10
1.277084842519685
20
1.427506811023622
11
1.2771744488188976
21
1.4280341338582676
0
LINE
8
BLACK
6
CONTINUOUS
10
1.2771744488188976
20
1.4280341338582676
11
1.2787412204724409
21
1.4334725984251968
0
LINE
8
BLACK
6
CONTINUOUS
10
1.2787412204724409
20
1.4334725984251968
11
1.2806159842519684
21
1.4402248818897638
0
LINE
8
BLACK
6
CONTINUOUS
10
1.2806159842519684
20
1.4402248818897638
11
1.2808706692913385
21
1.440864094488189
0
LINE
8
BLACK
6
CONTINUOUS
10
1.2808706692913385
20
1.440864094488189
11
1.2810855511811023
21
1.4416099606299213
0
LINE
8
BLACK
6
CONTINUOUS
10
1.2810855511811023
20
1.4416099606299213
11
1.2832462992125984
21
1.4468264566929134
0
LINE
8
BLACK
6
CONTINUOUS
10
1.2832462992125984
20
1.4468264566929134
11
1.2856651574803148
21
1.4528972834645668
0
LINE
8
BLACK
6
CONTINUOUS
10
1.2856651574803148
20
1.4528972834645668
11
1.2861030708661416
21
1.4537233070866142
0
LINE
8
BLACK
6
CONTINUOUS
10
1.2861030708661416
20
1.4537233070866142
11
1.2864921259842519
21
1.4546625196850393
0
LINE
8
BLACK
6
CONTINUOUS
10
1.2864921259842519
20
1.4546625196850393
11
1.2891654724409449
21
1.4594995669291337
0
LINE
8
BLACK
6
CONTINUOUS
10
1.2891654724409449
20
1.4594995669291337
11
1.2920543307086614
21
1.4649485433070866
0
LINE
8
BLACK
6
CONTINUOUS
10
1.2920543307086614
20
1.4649485433070866
11
1.2927179133858266
21
1.4659272440944882
0
LINE
8
BLACK
6
CONTINUOUS
10
1.2927179133858266
20
1.4659272440944882
11
1.2933261023622047
21
1.4670276771653543
0
LINE
8
BLACK
6
CONTINUOUS
10
1.2933261023622047
20
1.4670276771653543
11
1.2964311811023621
21
1.4714038976377952
0
LINE
8
BLACK
6
CONTINUOUS
10
1.2964311811023621
20
1.4714038976377952
11
1.2997092913385826
21
1.4762387007874016
0
LINE
8
BLACK
6
CONTINUOUS
10
1.2997092913385826
20
1.4762387007874016
11
1.3006346456692912
21
1.4773281102362203
0
LINE
8
BLACK
6
CONTINUOUS
10
1.3006346456692912
20
1.4773281102362203
11
1.3015015354330708
21
1.4785498818897638
0
LINE
8
BLACK
6
CONTINUOUS
10
1.3015015354330708
20
1.4785498818897638
11
1.3049526771653543
21
1.4824117322834645
0
LINE
8
BLACK
6
CONTINUOUS
10
1.3049526771653543
20
1.4824117322834645
11
1.3085403149606298
21
1.4866354330708662
0
LINE
8
BLACK
6
CONTINUOUS
10
1.3085403149606298
20
1.4866354330708662
11
1.3097579527559056
21
1.4877888188976378
0
LINE
8
BLACK
6
CONTINUOUS
10
1.3097579527559056
20
1.4877888188976378
11
1.3109156692913386
21
1.4890843307086614
0
LINE
8
BLACK
6
CONTINUOUS
10
1.3109156692913386
20
1.4890843307086614
11
1.31462531496063
21
1.4923994881889764
0
LINE
8
BLACK
6
CONTINUOUS
10
1.31462531496063
20
1.4923994881889764
11
1.3184433070866142
21
1.496016062992126
0
LINE
8
BLACK
6
CONTINUOUS
10
1.3184433070866142
20
1.496016062992126
11
1.3199764960629921
21
1.4971815748031496
0
LINE
8
BLACK
6
CONTINUOUS
10
1.3199764960629921
20
1.4971815748031496
11
1.3214501181102363
21
1.498498464566929
0
LINE
8
BLACK
6
CONTINUOUS
10
1.3214501181102363
20
1.498498464566929
11
1.3253338976377953
21
1.5012541338582677
0
LINE
8
BLACK
6
CONTINUOUS
10
1.3253338976377953
20
1.5012541338582677
11
1.3293023228346457
21
1.5042708661417323
0
LINE
8
BLACK
6
CONTINUOUS
10
1.3293023228346457
20
1.5042708661417323
11
1.3311656299212598
21
1.505391968503937
0
LINE
8
BLACK
6
CONTINUOUS
10
1.3311656299212598
20
1.505391968503937
11
1.3329723228346457
21
1.5066738976377951
0
LINE
8
BLACK
6
CONTINUOUS
10
1.3329723228346457
20
1.5066738976377951
11
1.336948937007874
21
1.5088716929133859
0
LINE
8
BLACK
6
CONTINUOUS
10
1.336948937007874
20
1.5088716929133859
11
1.3409906299212597
21
1.5113035039370077
0
LINE
8
BLACK
6
CONTINUOUS
10
1.3409906299212597
20
1.5113035039370077
11
1.3431903543307087
21
1.5123211811023622
0
LINE
8
BLACK
6
CONTINUOUS
10
1.3431903543307087
20
1.5123211811023622
11
1.3453374803149607
21
1.5135078740157479
0
LINE
8
BLACK
6
CONTINUOUS
10
1.3453374803149607
20
1.5135078740157479
11
1.3493288188976378
21
1.5151611417322834
0
LINE
8
BLACK
6
CONTINUOUS
10
1.3493288188976378
20
1.5151611417322834
11
1.3533706692913385
21
1.5170311023622047
0
LINE
8
BLACK
6
CONTINUOUS
10
1.3533706692913385
20
1.5170311023622047
11
1.355903779527559
21
1.5178846062992126
0
LINE
8
BLACK
6
CONTINUOUS
10
1.355903779527559
20
1.5178846062992126
11
1.3583900393700787
21
1.5189144488188977
0
LINE
8
BLACK
6
CONTINUOUS
10
1.3583900393700787
20
1.5189144488188977
11
1.3623235826771654
21
1.5200476771653544
0
LINE
8
BLACK
6
CONTINUOUS
10
1.3623235826771654
20
1.5200476771653544
11
1.3662970866141733
21
1.5213864960629921
0
LINE
8
BLACK
6
CONTINUOUS
10
1.3662970866141733
20
1.5213864960629921
11
1.3691522440944881
21
1.5220149606299211
0
LINE
8
BLACK
6
CONTINUOUS
10
1.3691522440944881
20
1.5220149606299211
11
1.3719658661417322
21
1.5228255511811024
0
LINE
8
BLACK
6
CONTINUOUS
10
1.3719658661417322
20
1.5228255511811024
11
1.3757748818897637
21
1.5234727165354331
0
LINE
8
BLACK
6
CONTINUOUS
10
1.3757748818897637
20
1.5234727165354331
11
1.3796188582677165
21
1.5243188582677165
0
LINE
8
BLACK
6
CONTINUOUS
10
1.3796188582677165
20
1.5243188582677165
11
1.3827751181102361
21
1.5246620866141731
0
LINE
8
BLACK
6
CONTINUOUS
10
1.3827751181102361
20
1.5246620866141731
11
1.3858942519685038
21
1.5251920866141733
0
LINE
8
BLACK
6
CONTINUOUS
10
1.3858942519685038
20
1.5251920866141733
11
1.3895205511811024
21
1.5253957086614174
0
LINE
8
BLACK
6
CONTINUOUS
10
1.3895205511811024
20
1.5253957086614174
11
1.3931797637795276
21
1.5257937007874016
0
LINE
8
BLACK
6
CONTINUOUS
10
1.3931797637795276
20
1.5257937007874016
11
1.3966069291338583
21
1.5257937007874016
0
LINE
8
BLACK
6
CONTINUOUS
10
1.3966069291338583
20
1.5257937007874016
11
1.3999999999999999
21
1.5259842519685038
0
LINE
8
BLACK
6
CONTINUOUS
10
1.3999999999999999
20
1.5259842519685038
11
1.4033930708661417
21
1.5257937007874016
0
LINE
8
BLACK
6
CONTINUOUS
10
0.5196892519685039
20
1.5354483070866141
11
0.5210288976377953
21
1.5352929133858266
0
LINE
8
BLACK
6
CONTINUOUS
10
0.5210288976377953
20
1.5352929133858266
11
0.5214865748031496
21
1.5350907874015747
0
LINE
8
BLACK
6
CONTINUOUS
10
0.5214865748031496
20
1.5350907874015747
11
0.5223833464566929
21
1.5349124409448818
0
LINE
8
BLACK
6
CONTINUOUS
10
0.5223833464566929
20
1.5349124409448818
11
0.5233433464566929
21
1.5342709448818896
0
LINE
8
BLACK
6
CONTINUOUS
10
0.5233433464566929
20
1.5342709448818896
11
0.5237813779527559
21
1.5340775590551181
0
LINE
8
BLACK
6
CONTINUOUS
10
0.5237813779527559
20
1.5340775590551181
11
0.5240805511811023
21
1.533778346456693
0
LINE
8
BLACK
6
CONTINUOUS
10
0.5240805511811023
20
1.533778346456693
11
0.5249378346456692
21
1.5332055511811022
0
LINE
8
BLACK
6
CONTINUOUS
10
0.5249378346456692
20
1.5332055511811022
11
0.5255106299212599
21
1.5323482677165354
0
LINE
8
BLACK
6
CONTINUOUS
10
0.5255106299212599
20
1.5323482677165354
11
0.525809842519685
21
1.532049094488189
0
LINE
8
BLACK
6
CONTINUOUS
10
0.525809842519685
20
1.532049094488189
11
0.5260032283464566
21
1.531611062992126
0
LINE
8
BLACK
6
CONTINUOUS
10
0.5260032283464566
20
1.531611062992126
11
0.5266447244094488
21
1.5306510629921259
0
LINE
8
BLACK
6
CONTINUOUS
10
0.5266447244094488
20
1.5306510629921259
11
0.5268230708661418
21
1.5297542913385827
0
LINE
8
BLACK
6
CONTINUOUS
10
0.5268230708661418
20
1.5297542913385827
11
0.5270251968503937
21
1.5292966141732283
0
LINE
8
BLACK
6
CONTINUOUS
10
0.5270251968503937
20
1.5292966141732283
11
0.527180590551181
21
1.5279568897637794
0
LINE
8
BLACK
6
CONTINUOUS
10
0.527180590551181
20
1.5279568897637794
11
0.527244094488189
21
1.5276377952755906
0
LINE
8
BLACK
6
CONTINUOUS
10
0.527244094488189
20
1.5276377952755906
11
0.527244094488189
21
1.47251968503937
0
LINE
8
BLACK
6
CONTINUOUS
10
0.527244094488189
20
1.47251968503937
11
0.527180590551181
21
1.4722005511811023
0
LINE
8
BLACK
6
CONTINUOUS
10
0.527180590551181
20
1.4722005511811023
11
0.5270251968503937
21
1.4708608267716534
0
LINE
8
BLACK
6
CONTINUOUS
10
0.5270251968503937
20
1.4708608267716534
11
0.5268230708661418
21
1.4704030708661417
0
LINE
8
BLACK
6
CONTINUOUS
10
0.5268230708661418
20
1.4704030708661417
11
0.5266447244094488
21
1.4695064173228347
0
LINE
8
BLACK
6
CONTINUOUS
10
0.5266447244094488
20
1.4695064173228347
11
0.5260032677165354
21
1.4685464566929134
0
LINE
8
BLACK
6
CONTINUOUS
10
0.5260032677165354
20
1.4685464566929134
11
0.525809842519685
21
1.4681083464566929
0
LINE
8
BLACK
6
CONTINUOUS
10
0.525809842519685
20
1.4681083464566929
11
0.5255105511811023
21
1.4678090551181102
0
LINE
8
BLACK
6
CONTINUOUS
10
0.5255105511811023
20
1.4678090551181102
11
0.5249378346456692
21
1.4669519291338582
0
LINE
8
BLACK
6
CONTINUOUS
10
0.5249378346456692
20
1.4669519291338582
11
0.5240806692913386
21
1.4663791732283464
0
LINE
8
BLACK
6
CONTINUOUS
10
0.5240806692913386
20
1.4663791732283464
11
0.5237813779527559
21
1.4660798818897638
0
LINE
8
BLACK
6
CONTINUOUS
10
0.5237813779527559
20
1.4660798818897638
11
0.523343188976378
21
1.4658863779527558
0
LINE
8
BLACK
6
CONTINUOUS
10
0.523343188976378
20
1.4658863779527558
11
0.5223833464566929
21
1.4652450393700787
0
LINE
8
BLACK
6
CONTINUOUS
10
0.5223833464566929
20
1.4652450393700787
11
0.5214867716535433
21
1.4650666929133858
0
LINE
8
BLACK
6
CONTINUOUS
10
0.5214867716535433
20
1.4650666929133858
11
0.5210288976377953
21
1.4648645275590551
0
LINE
8
BLACK
6
CONTINUOUS
10
0.5210288976377953
20
1.4648645275590551
11
0.5196887007874016
21
1.4647090157480314
0
LINE
8
BLACK
6
CONTINUOUS
10
0.5196887007874016
20
1.4647090157480314
11
0.5193700787401575
21
1.4646456692913385
0
LINE
8
BLACK
6
CONTINUOUS
10
0.5193700787401575
20
1.4646456692913385
11
0.5191424015748032
21
1.4646456692913385
0
LINE
8
BLACK
6
CONTINUOUS
10
0.5191424015748032
20
1.4646456692913385
11
0.4408576377952756
21
1.4646456692913385
0
LINE
8
BLACK
6
CONTINUOUS
10
0.4408576377952756
20
1.4646456692913385
11
0.4406299212598425
21
1.4646456692913385
0
LINE
8
BLACK
6
CONTINUOUS
10
0.4406299212598425
20
1.4646456692913385
11
0.4403112598425197
21
1.4647090157480314
0
LINE
8
BLACK
6
CONTINUOUS
10
0.4403112598425197
20
1.4647090157480314
11
0.438971062992126
21
1.4648645275590551
0
LINE
8
BLACK
6
CONTINUOUS
10
0.438971062992126
20
1.4648645275590551
11
0.4385131496062992
21
1.4650666929133858
0
LINE
8
BLACK
6
CONTINUOUS
10
0.4385131496062992
20
1.4650666929133858
11
0.4376166535433071
21
1.4652450393700787
0
LINE
8
BLACK
6
CONTINUOUS
10
0.4376166535433071
20
1.4652450393700787
11
0.4366568503937008
21
1.465886338582677
0
LINE
8
BLACK
6
CONTINUOUS
10
0.4366568503937008
20
1.465886338582677
11
0.4362185826771653
21
1.4660798818897638
0
LINE
8
BLACK
6
CONTINUOUS
10
0.4362185826771653
20
1.4660798818897638
11
0.4359191732283464
21
1.4663792519685039
0
LINE
8
BLACK
6
CONTINUOUS
10
0.4359191732283464
20
1.4663792519685039
11
0.4350621653543307
21
1.4669519291338582
0
LINE
8
BLACK
6
CONTINUOUS
10
0.4350621653543307
20
1.4669519291338582
11
0.4344894881889764
21
1.467808937007874
0
LINE
8
BLACK
6
CONTINUOUS
10
0.4344894881889764
20
1.467808937007874
11
0.4341901181102362
21
1.4681083464566929
0
LINE
8
BLACK
6
CONTINUOUS
10
0.4341901181102362
20
1.4681083464566929
11
0.4339965748031496
21
1.4685466141732284
0
LINE
8
BLACK
6
CONTINUOUS
10
0.4339965748031496
20
1.4685466141732284
11
0.4333552755905511
21
1.4695064173228347
0
LINE
8
BLACK
6
CONTINUOUS
10
0.4333552755905511
20
1.4695064173228347
11
0.4331769291338582
21
1.4704029133858267
0
LINE
8
BLACK
6
CONTINUOUS
10
0.4331769291338582
20
1.4704029133858267
11
0.4329747637795275
21
1.4708608267716534
0
LINE
8
BLACK
6
CONTINUOUS
10
0.4329747637795275
20
1.4708608267716534
11
0.4328192519685039
21
1.4722011023622046
0
LINE
8
BLACK
6
CONTINUOUS
10
0.4328192519685039
20
1.4722011023622046
11
0.432755905511811
21
1.47251968503937
0
LINE
8
BLACK
6
CONTINUOUS
10
0.432755905511811
20
1.47251968503937
11
0.432755905511811
21
1.5276377952755906
0
LINE
8
BLACK
6
CONTINUOUS
10
0.432755905511811
20
1.5276377952755906
11
0.4328192913385827
21
1.5279564960629921
0
LINE
8
BLACK
6
CONTINUOUS
10
0.4328192913385827
20
1.5279564960629921
11
0.4329747637795275
21
1.5292966141732283
0
LINE
8
BLACK
6
CONTINUOUS
10
0.4329747637795275
20
1.5292966141732283
11
0.4331769291338582
21
1.5297544881889764
0
LINE
8
BLACK
6
CONTINUOUS
10
0.4331769291338582
20
1.5297544881889764
11
0.4333552755905511
21
1.5306510629921259
0
LINE
8
BLACK
6
CONTINUOUS
10
0.4333552755905511
20
1.5306510629921259
11
0.4339966141732283
21
1.531610905511811
0
LINE
8
BLACK
6
CONTINUOUS
10
0.4339966141732283
20
1.531610905511811
11
0.4341901181102362
21
1.532049094488189
0
LINE
8
BLACK
6
CONTINUOUS
10
0.4341901181102362
20
1.532049094488189
11
0.4344894094488189
21
1.5323483858267717
0
LINE
8
BLACK
6
CONTINUOUS
10
0.4344894094488189
20
1.5323483858267717
11
0.4350621653543307
21
1.5332055511811022
0
LINE
8
BLACK
6
CONTINUOUS
10
0.4350621653543307
20
1.5332055511811022
11
0.4359192913385826
21
1.5337782677165355
0
LINE
8
BLACK
6
CONTINUOUS
10
0.4359192913385826
20
1.5337782677165355
11
0.4362185826771653
21
1.5340775590551181
0
LINE
8
BLACK
6
CONTINUOUS
10
0.4362185826771653
20
1.5340775590551181
11
0.4366566929133858
21
1.5342709842519684
0
LINE
8
BLACK
6
CONTINUOUS
10
0.4366566929133858
20
1.5342709842519684
11
0.4376166535433071
21
1.5349124409448818
0
LINE
8
BLACK
6
CONTINUOUS
10
0.4376166535433071
20
1.5349124409448818
11
0.4385133070866142
21
1.5350907874015747
0
LINE
8
BLACK
6
CONTINUOUS
10
0.4385133070866142
20
1.5350907874015747
11
0.438971062992126
21
1.5352929133858266
0
LINE
8
BLACK
6
CONTINUOUS
10
0.438971062992126
20
1.5352929133858266
11
0.4403108661417323
21
1.5354483464566928
0
LINE
8
BLACK
6
CONTINUOUS
10
0.4403108661417323
20
1.5354483464566928
11
0.4406299212598425
21
1.5355118110236221
0
LINE
8
BLACK
6
CONTINUOUS
10
0.4406299212598425
20
1.5355118110236221
11
0.5193700787401575
21
1.5355118110236221
0
LINE
8
BLACK
6
CONTINUOUS
10
0.5193700787401575
20
1.5355118110236221
11
0.5196892519685039
21
1.5354483070866141
0
LINE
8
BLACK
6
CONTINUOUS
10
0.719689251968504
20
1.5354483070866141
11
0.7210288976377952
21
1.5352929133858266
0
LINE
8
BLACK
6
CONTINUOUS
10
0.7210288976377952
20
1.5352929133858266
11
0.7214865748031496
21
1.5350907874015747
0
LINE
8
BLACK
6
CONTINUOUS
10
0.7214865748031496
20
1.5350907874015747
11
0.7223833464566929
21
1.5349124409448818
0
LINE
8
BLACK
6
CONTINUOUS
10
0.7223833464566929
20
1.5349124409448818
11
0.7233433464566928
21
1.5342709448818896
0
LINE
8
BLACK
6
CONTINUOUS
10
0.7233433464566928
20
1.5342709448818896
11
0.7237813779527559
21
1.5340775590551181
0
LINE
8
BLACK
6
CONTINUOUS
10
0.7237813779527559
20
1.5340775590551181
11
0.7240805511811024
21
1.533778346456693
0
LINE
8
BLACK
6
CONTINUOUS
10
0.7240805511811024
20
1.533778346456693
11
0.7249378346456693
21
1.5332055511811022
0
LINE
8
BLACK
6
CONTINUOUS
10
0.7249378346456693
20
1.5332055511811022
11
0.7255106299212598
21
1.5323482677165354
0
LINE
8
BLACK
6
CONTINUOUS
10
0.7255106299212598
20
1.5323482677165354
11
0.7258098425196851
21
1.532049094488189
0
LINE
8
BLACK
6
CONTINUOUS
10
0.7258098425196851
20
1.532049094488189
11
0.7260032283464567
21
1.531611062992126
0
LINE
8
BLACK
6
CONTINUOUS
10
0.7260032283464567
20
1.531611062992126
11
0.7266447244094488
21
1.5306510629921259
0
LINE
8
BLACK
6
CONTINUOUS
10
0.7266447244094488
20
1.5306510629921259
11
0.7268230708661417
21
1.5297542913385827
0
LINE
8
BLACK
6
CONTINUOUS
10
0.7268230708661417
20
1.5297542913385827
11
0.7270251968503937
21
1.5292966141732283
0
LINE
8
BLACK
6
CONTINUOUS
10
0.7270251968503937
20
1.5292966141732283
11
0.7271805905511811
21
1.5279568897637794
0
LINE
8
BLACK
6
CONTINUOUS
10
0.7271805905511811
20
1.5279568897637794
11
0.7272440944881889
21
1.5276377952755906
0
LINE
8
BLACK
6
CONTINUOUS
10
0.7272440944881889
20
1.5276377952755906
11
0.7272440944881889
21
1.47251968503937
0
LINE
8
BLACK
6
CONTINUOUS
10
0.7272440944881889
20
1.47251968503937
11
0.7271805905511811
21
1.4722005511811023
0
LINE
8
BLACK
6
CONTINUOUS
10
0.7271805905511811
20
1.4722005511811023
11
0.7270251968503937
21
1.4708608267716534
0
LINE
8
BLACK
6
CONTINUOUS
10
0.7270251968503937
20
1.4708608267716534
11
0.7268230708661417
21
1.4704030708661417
0
LINE
8
BLACK
6
CONTINUOUS
10
0.7268230708661417
20
1.4704030708661417
11
0.7266447244094488
21
1.4695064173228347
0
LINE
8
BLACK
6
CONTINUOUS
10
0.7266447244094488
20
1.4695064173228347
11
0.7260032677165354
21
1.4685464566929134
0
LINE
8
BLACK
6
CONTINUOUS
10
0.7260032677165354
20
1.4685464566929134
11
0.7258098425196851
21
1.4681083464566929
0
LINE
8
BLACK
6
CONTINUOUS
10
0.7258098425196851
20
1.4681083464566929
11
0.7255105511811023
21
1.4678090551181102
0
LINE
8
BLACK
6
CONTINUOUS
10
0.7255105511811023
20
1.4678090551181102
11
0.7249378346456693
21
1.4669519291338582
0
LINE
8
BLACK
6
CONTINUOUS
10
0.7249378346456693
20
1.4669519291338582
11
0.7240806692913385
21
1.4663791732283464
0
LINE
8
BLACK
6
CONTINUOUS
10
0.7240806692913385
20
1.4663791732283464
11
0.7237813779527559
21
1.4660798818897638
0
LINE
8
BLACK
6
CONTINUOUS
10
0.7237813779527559
20
1.4660798818897638
11
0.7233431889763779
21
1.4658863779527558
0
LINE
8
BLACK
6
CONTINUOUS
10
0.7233431889763779
20
1.4658863779527558
11
0.7223833464566929
21
1.4652450393700787
0
LINE
8
BLACK
6
CONTINUOUS
10
0.7223833464566929
20
1.4652450393700787
11
0.7214867716535432
21
1.4650666929133858
0
LINE
8
BLACK
6
CONTINUOUS
10
0.7214867716535432
20
1.4650666929133858
11
0.7210288976377952
21
1.4648645275590551
0
LINE
8
BLACK
6
CONTINUOUS
10
0.7210288976377952
20
1.4648645275590551
11
0.7196887007874015
21
1.4647090157480314
0
LINE
8
BLACK
6
CONTINUOUS
10
0.7196887007874015
20
1.4647090157480314
11
0.7193700787401575
21
1.4646456692913385
0
LINE
8
BLACK
6
CONTINUOUS
10
0.7193700787401575
20
1.4646456692913385
11
0.7191424015748031
21
1.4646456692913385
0
LINE
8
BLACK
6
CONTINUOUS
10
0.7191424015748031
20
1.4646456692913385
11
0.6408576377952756
21
1.4646456692913385
0
LINE
8
BLACK
6
CONTINUOUS
10
0.6408576377952756
20
1.4646456692913385
11
0.6406299212598425
21
1.4646456692913385
0
LINE
8
BLACK
6
CONTINUOUS
10
0.6406299212598425
20
1.4646456692913385
11
0.6403112598425197
21
1.4647090157480314
0
LINE
8
BLACK
6
CONTINUOUS
10
0.6403112598425197
20
1.4647090157480314
11
0.6389710629921259
21
1.4648645275590551
0
LINE
8
BLACK
6
CONTINUOUS
10
0.6389710629921259
20
1.4648645275590551
11
0.6385131496062992
21
1.4650666929133858
0
LINE
8
BLACK
6
CONTINUOUS
10
0.6385131496062992
20
1.4650666929133858
11
0.6376166535433071
21
1.4652450393700787
0
LINE
8
BLACK
6
CONTINUOUS
10
0.6376166535433071
20
1.4652450393700787
11
0.6366568503937008
21
1.465886338582677
0
LINE
8
BLACK
6
CONTINUOUS
10
0.6366568503937008
20
1.465886338582677
11
0.6362185826771654
21
1.4660798818897638
0
LINE
8
BLACK
6
CONTINUOUS
10
0.6362185826771654
20
1.4660798818897638
11
0.6359191732283465
21
1.4663792519685039
0
LINE
8
BLACK
6
CONTINUOUS
10
0.6359191732283465
20
1.4663792519685039
11
0.6350621653543307
21
1.4669519291338582
0
LINE
8
BLACK
6
CONTINUOUS
10
0.6350621653543307
20
1.4669519291338582
11
0.6344894881889763
21
1.467808937007874
0
LINE
8
BLACK
6
CONTINUOUS
10
0.6344894881889763
20
1.467808937007874
11
0.6341901181102362
21
1.4681083464566929
0
LINE
8
BLACK
6
CONTINUOUS
10
0.6341901181102362
20
1.4681083464566929
11
0.6339965748031496
21
1.4685466141732284
0
LINE
8
BLACK
6
CONTINUOUS
10
0.6339965748031496
20
1.4685466141732284
11
0.6333552755905512
21
1.4695064173228347
0
LINE
8
BLACK
6
CONTINUOUS
10
0.6333552755905512
20
1.4695064173228347
11
0.6331769291338583
21
1.4704029133858267
0
LINE
8
BLACK
6
CONTINUOUS
10
0.6331769291338583
20
1.4704029133858267
11
0.6329747637795275
21
1.4708608267716534
0
LINE
8
BLACK
6
CONTINUOUS
10
0.6329747637795275
20
1.4708608267716534
11
0.632819251968504
21
1.4722011023622046
0
LINE
8
BLACK
6
CONTINUOUS
10
0.632819251968504
20
1.4722011023622046
11
0.632755905511811
21
1.47251968503937
0
LINE
8
BLACK
6
CONTINUOUS
10
0.632755905511811
20
1.47251968503937
11
0.632755905511811
21
1.5276377952755906
0
LINE
8
BLACK
6
CONTINUOUS
10
0.632755905511811
20
1.5276377952755906
11
0.6328192913385826
21
1.5279564960629921
0
LINE
8
BLACK
6
CONTINUOUS
10
0.6328192913385826
20
1.5279564960629921
11
0.6329747637795275
21
1.5292966141732283
0
LINE
8
BLACK
6
CONTINUOUS
10
0.6329747637795275
20
1.5292966141732283
11
0.6331769291338583
21
1.5297544881889764
0
LINE
8
BLACK
6
CONTINUOUS
10
0.6331769291338583
20
1.5297544881889764
11
0.6333552755905512
21
1.5306510629921259
0
LINE
8
BLACK
6
CONTINUOUS
10
0.6333552755905512
20
1.5306510629921259
11
0.6339966141732283
21
1.531610905511811
0
LINE
8
BLACK
6
CONTINUOUS
10
0.6339966141732283
20
1.531610905511811
11
0.6341901181102362
21
1.532049094488189
0
LINE
8
BLACK
6
CONTINUOUS
10
0.6341901181102362
20
1.532049094488189
11
0.6344894094488189
21
1.5323483858267717
0
LINE
8
BLACK
6
CONTINUOUS
10
0.6344894094488189
20
1.5323483858267717
11
0.6350621653543307
21
1.5332055511811022
0
LINE
8
BLACK
6
CONTINUOUS
10
0.6350621653543307
20
1.5332055511811022
11
0.6359192913385827
21
1.5337782677165355
0
LINE
8
BLACK
6
CONTINUOUS
10
0.6359192913385827
20
1.5337782677165355
11
0.6362185826771654
21
1.5340775590551181
0
LINE
8
BLACK
6
CONTINUOUS
10
0.6362185826771654
20
1.5340775590551181
11
0.6366566929133858
21
1.5342709842519684
0
LINE
8
BLACK
6
CONTINUOUS
10
0.6366566929133858
20
1.5342709842519684
11
0.6376166535433071
21
1.5349124409448818
0
LINE
8
BLACK
6
CONTINUOUS
10
0.6376166535433071
20
1.5349124409448818
11
0.6385133070866141
21
1.5350907874015747
0
LINE
8
BLACK
6
CONTINUOUS
10
0.6385133070866141
20
1.5350907874015747
11
0.6389710629921259
21
1.5352929133858266
0
LINE
8
BLACK
6
CONTINUOUS
10
0.6389710629921259
20
1.5352929133858266
11
0.6403108661417323
21
1.5354483464566928
0
LINE
8
BLACK
6
CONTINUOUS
10
0.6403108661417323
20
1.5354483464566928
11
0.6406299212598425
21
1.5355118110236221
0
LINE
8
BLACK
6
CONTINUOUS
10
0.6406299212598425
20
1.5355118110236221
11
0.7193700787401575
21
1.5355118110236221
0
LINE
8
BLACK
6
CONTINUOUS
10
0.7193700787401575
20
1.5355118110236221
11
0.719689251968504
21
1.5354483070866141
0
LINE
8
BLACK
6
CONTINUOUS
10
0.9196892519685039
20
1.5354483070866141
11
0.9210288976377953
21
1.5352929133858266
0
LINE
8
BLACK
6
CONTINUOUS
10
0.9210288976377953
20
1.5352929133858266
11
0.9214865748031495
21
1.5350907874015747
0
LINE
8
BLACK
6
CONTINUOUS
10
0.9214865748031495
20
1.5350907874015747
11
0.9223833464566928
21
1.5349124409448818
0
LINE
8
BLACK
6
CONTINUOUS
10
0.9223833464566928
20
1.5349124409448818
11
0.9233433464566929
21
1.5342709448818896
0
LINE
8
BLACK
6
CONTINUOUS
10
0.9233433464566929
20
1.5342709448818896
11
0.9237813779527558
21
1.5340775590551181
0
LINE
8
BLACK
6
CONTINUOUS
10
0.9237813779527558
20
1.5340775590551181
11
0.9240805511811023
21
1.533778346456693
0
LINE
8
BLACK
6
CONTINUOUS
10
0.9240805511811023
20
1.533778346456693
11
0.9249378346456693
21
1.5332055511811022
0
LINE
8
BLACK
6
CONTINUOUS
10
0.9249378346456693
20
1.5332055511811022
11
0.9255106299212599
21
1.5323482677165354
0
LINE
8
BLACK
6
CONTINUOUS
10
0.9255106299212599
20
1.5323482677165354
11
0.925809842519685
21
1.532049094488189
0
LINE
8
BLACK
6
CONTINUOUS
10
0.925809842519685
20
1.532049094488189
11
0.9260032283464567
21
1.531611062992126
0
LINE
8
BLACK
6
CONTINUOUS
10
0.9260032283464567
20
1.531611062992126
11
0.9266447244094488
21
1.5306510629921259
0
LINE
8
BLACK
6
CONTINUOUS
10
0.9266447244094488
20
1.5306510629921259
11
0.9268230708661417
21
1.5297542913385827
0
LINE
8
BLACK
6
CONTINUOUS
10
0.9268230708661417
20
1.5297542913385827
11
0.9270251968503936
21
1.5292966141732283
0
LINE
8
BLACK
6
CONTINUOUS
10
0.9270251968503936
20
1.5292966141732283
11
0.9271805905511811
21
1.5279568897637794
0
LINE
8
BLACK
6
CONTINUOUS
10
0.9271805905511811
20
1.5279568897637794
11
0.927244094488189
21
1.5276377952755906
0
LINE
8
BLACK
6
CONTINUOUS
10
0.927244094488189
20
1.5276377952755906
11
0.927244094488189
21
1.47251968503937
0
LINE
8
BLACK
6
CONTINUOUS
10
0.927244094488189
20
1.47251968503937
11
0.9271805905511811
21
1.4722005511811023
0
LINE
8
BLACK
6
CONTINUOUS
10
0.9271805905511811
20
1.4722005511811023
11
0.9270251968503936
21
1.4708608267716534
0
LINE
8
BLACK
6
CONTINUOUS
10
0.9270251968503936
20
1.4708608267716534
11
0.9268230708661417
21
1.4704030708661417
0
LINE
8
BLACK
6
CONTINUOUS
10
0.9268230708661417
20
1.4704030708661417
11
0.9266447244094488
21
1.4695064173228347
0
LINE
8
BLACK
6
CONTINUOUS
10
0.9266447244094488
20
1.4695064173228347
11
0.9260032677165354
21
1.4685464566929134
0
LINE
8
BLACK
6
CONTINUOUS
10
0.9260032677165354
20
1.4685464566929134
11
0.925809842519685
21
1.4681083464566929
0
LINE
8
BLACK
6
CONTINUOUS
10
0.925809842519685
20
1.4681083464566929
11
0.9255105511811024
21
1.4678090551181102
0
LINE
8
BLACK
6
CONTINUOUS
10
0.9255105511811024
20
1.4678090551181102
11
0.9249378346456693
21
1.4669519291338582
0
LINE
8
BLACK
6
CONTINUOUS
10
0.9249378346456693
20
1.4669519291338582
11
0.9240806692913386
21
1.4663791732283464
0
LINE
8
BLACK
6
CONTINUOUS
10
0.9240806692913386
20
1.4663791732283464
11
0.9237813779527558
21
1.4660798818897638
0
LINE
8
BLACK
6
CONTINUOUS
10
0.9237813779527558
20
1.4660798818897638
11
0.9233431889763779
21
1.4658863779527558
0
LINE
8
BLACK
6
CONTINUOUS
10
0.9233431889763779
20
1.4658863779527558
11
0.9223833464566928
21
1.4652450393700787
0
LINE
8
BLACK
6
CONTINUOUS
10
0.9223833464566928
20
1.4652450393700787
11
0.9214867716535433
21
1.4650666929133858
0
LINE
8
BLACK
6
CONTINUOUS
10
0.9214867716535433
20
1.4650666929133858
11
0.9210288976377953
21
1.4648645275590551
0
LINE
8
BLACK
6
CONTINUOUS
10
0.9210288976377953
20
1.4648645275590551
11
0.9196887007874015
21
1.4647090157480314
0
LINE
8
BLACK
6
CONTINUOUS
10
0.9196887007874015
20
1.4647090157480314
11
0.9193700787401574
21
1.4646456692913385
0
LINE
8
BLACK
6
CONTINUOUS
10
0.9193700787401574
20
1.4646456692913385
11
0.9191424015748031
21
1.4646456692913385
0
LINE
8
BLACK
6
CONTINUOUS
10
0.9191424015748031
20
1.4646456692913385
11
0.8408576377952756
21
1.4646456692913385
0
LINE
8
BLACK
6
CONTINUOUS
10
0.8408576377952756
20
1.4646456692913385
11
0.8406299212598425
21
1.4646456692913385
0
LINE
8
BLACK
6
CONTINUOUS
10
0.8406299212598425
20
1.4646456692913385
11
0.8403112598425196
21
1.4647090157480314
0
LINE
8
BLACK
6
CONTINUOUS
10
0.8403112598425196
20
1.4647090157480314
11
0.838971062992126
21
1.4648645275590551
0
LINE
8
BLACK
6
CONTINUOUS
10
0.838971062992126
20
1.4648645275590551
11
0.8385131496062992
21
1.4650666929133858
0
LINE
8
BLACK
6
CONTINUOUS
10
0.8385131496062992
20
1.4650666929133858
11
0.8376166535433071
21
1.4652450393700787
0
LINE
8
BLACK
6
CONTINUOUS
10
0.8376166535433071
20
1.4652450393700787
11
0.8366568503937007
21
1.465886338582677
0
LINE
8
BLACK
6
CONTINUOUS
10
0.8366568503937007
20
1.465886338582677
11
0.8362185826771653
21
1.4660798818897638
0
LINE
8
BLACK
6
CONTINUOUS
10
0.8362185826771653
20
1.4660798818897638
11
0.8359191732283464
21
1.4663792519685039
0
LINE
8
BLACK
6
CONTINUOUS
10
0.8359191732283464
20
1.4663792519685039
11
0.8350621653543306
21
1.4669519291338582
0
LINE
8
BLACK
6
CONTINUOUS
10
0.8350621653543306
20
1.4669519291338582
11
0.8344894881889764
21
1.467808937007874
0
LINE
8
BLACK
6
CONTINUOUS
10
0.8344894881889764
20
1.467808937007874
11
0.8341901181102362
21
1.4681083464566929
0
LINE
8
BLACK
6
CONTINUOUS
10
0.8341901181102362
20
1.4681083464566929
11
0.8339965748031496
21
1.4685466141732284
0
LINE
8
BLACK
6
CONTINUOUS
10
0.8339965748031496
20
1.4685466141732284
11
0.8333552755905511
21
1.4695064173228347
0
LINE
8
BLACK
6
CONTINUOUS
10
0.8333552755905511
20
1.4695064173228347
11
0.8331769291338582
21
1.4704029133858267
0
LINE
8
BLACK
6
CONTINUOUS
10
0.8331769291338582
20
1.4704029133858267
11
0.8329747637795275
21
1.4708608267716534
0
LINE
8
BLACK
6
CONTINUOUS
10
0.8329747637795275
20
1.4708608267716534
11
0.8328192519685039
21
1.4722011023622046
0
LINE
8
BLACK
6
CONTINUOUS
10
0.8328192519685039
20
1.4722011023622046
11
0.832755905511811
21
1.47251968503937
0
LINE
8
BLACK
6
CONTINUOUS
10
0.832755905511811
20
1.47251968503937
11
0.832755905511811
21
1.5276377952755906
0
LINE
8
BLACK
6
CONTINUOUS
10
0.832755905511811
20
1.5276377952755906
11
0.8328192913385827
21
1.5279564960629921
0
LINE
8
BLACK
6
CONTINUOUS
10
0.8328192913385827
20
1.5279564960629921
11
0.8329747637795275
21
1.5292966141732283
0
LINE
8
BLACK
6
CONTINUOUS
10
0.8329747637795275
20
1.5292966141732283
11
0.8331769291338582
21
1.5297544881889764
0
LINE
8
BLACK
6
CONTINUOUS
10
0.8331769291338582
20
1.5297544881889764
11
0.8333552755905511
21
1.5306510629921259
0
LINE
8
BLACK
6
CONTINUOUS
10
0.8333552755905511
20
1.5306510629921259
11
0.8339966141732283
21
1.531610905511811
0
LINE
8
BLACK
6
CONTINUOUS
10
0.8339966141732283
20
1.531610905511811
11
0.8341901181102362
21
1.532049094488189
0
LINE
8
BLACK
6
CONTINUOUS
10
0.8341901181102362
20
1.532049094488189
11
0.8344894094488189
21
1.5323483858267717
0
LINE
8
BLACK
6
CONTINUOUS
10
0.8344894094488189
20
1.5323483858267717
11
0.8350621653543306
21
1.5332055511811022
0
LINE
8
BLACK
6
CONTINUOUS
10
0.8350621653543306
20
1.5332055511811022
11
0.8359192913385827
21
1.5337782677165355
0
LINE
8
BLACK
6
CONTINUOUS
10
0.8359192913385827
20
1.5337782677165355
11
0.8362185826771653
21
1.5340775590551181
0
LINE
8
BLACK
6
CONTINUOUS
10
0.8362185826771653
20
1.5340775590551181
11
0.8366566929133858
21
1.5342709842519684
0
LINE
8
BLACK
6
CONTINUOUS
10
0.8366566929133858
20
1.5342709842519684
11
0.8376166535433071
21
1.5349124409448818
0
LINE
8
BLACK
6
CONTINUOUS
10
0.8376166535433071
20
1.5349124409448818
11
0.8385133070866142
21
1.5350907874015747
0
LINE
8
BLACK
6
CONTINUOUS
10
0.8385133070866142
20
1.5350907874015747
11
0.838971062992126
21
1.5352929133858266
0
LINE
8
BLACK
6
CONTINUOUS
10
0.838971062992126
20
1.5352929133858266
11
0.8403108661417322
21
1.5354483464566928
0
LINE
8
BLACK
6
CONTINUOUS
10
0.8403108661417322
20
1.5354483464566928
11
0.8406299212598425
21
1.5355118110236221
0
LINE
8
BLACK
6
CONTINUOUS
10
0.8406299212598425
20
1.5355118110236221
11
0.9193700787401574
21
1.5355118110236221
0
LINE
8
BLACK
6
CONTINUOUS
10
0.9193700787401574
20
1.5355118110236221
11
0.9196892519685039
21
1.5354483070866141
0
LINE
8
BLACK
6
CONTINUOUS
10
1.119689251968504
20
1.5354483070866141
11
1.1210288976377953
21
1.5352929133858266
0
LINE
8
BLACK
6
CONTINUOUS
10
1.1210288976377953
20
1.5352929133858266
11
1.1214865748031495
21
1.5350907874015747
0
LINE
8
BLACK
6
CONTINUOUS
10
1.1214865748031495
20
1.5350907874015747
11
1.1223833464566928
21
1.5349124409448818
0
LINE
8
BLACK
6
CONTINUOUS
10
1.1223833464566928
20
1.5349124409448818
11
1.1233433464566929
21
1.5342709448818896
0
LINE
8
BLACK
6
CONTINUOUS
10
1.1233433464566929
20
1.5342709448818896
11
1.1237813779527559
21
1.5340775590551181
0
LINE
8
BLACK
6
CONTINUOUS
10
1.1237813779527559
20
1.5340775590551181
11
1.1240805511811023
21
1.533778346456693
0
LINE
8
BLACK
6
CONTINUOUS
10
1.1240805511811023
20
1.533778346456693
11
1.1249378346456693
21
1.5332055511811022
0
LINE
8
BLACK
6
CONTINUOUS
10
1.1249378346456693
20
1.5332055511811022
11
1.1255106299212598
21
1.5323482677165354
0
LINE
8
BLACK
6
CONTINUOUS
10
1.1255106299212598
20
1.5323482677165354
11
1.125809842519685
21
1.532049094488189
0
LINE
8
BLACK
6
CONTINUOUS
10
1.125809842519685
20
1.532049094488189
11
1.1260032283464567
21
1.531611062992126
0
LINE
8
BLACK
6
CONTINUOUS
10
1.1260032283464567
20
1.531611062992126
11
1.1266447244094489
21
1.5306510629921259
0
LINE
8
BLACK
6
CONTINUOUS
10
1.1266447244094489
20
1.5306510629921259
11
1.1268230708661418
21
1.5297542913385827
0
LINE
8
BLACK
6
CONTINUOUS
10
1.1268230708661418
20
1.5297542913385827
11
1.1270251968503937
21
1.5292966141732283
0
LINE
8
BLACK
6
CONTINUOUS
10
1.1270251968503937
20
1.5292966141732283
11
1.1271805905511811
21
1.5279568897637794
0
LINE
8
BLACK
6
CONTINUOUS
10
1.1271805905511811
20
1.5279568897637794
11
1.127244094488189
21
1.5276377952755906
0
LINE
8
BLACK
6
CONTINUOUS
10
1.127244094488189
20
1.5276377952755906
11
1.127244094488189
21
1.47251968503937
0
LINE
8
BLACK
6
CONTINUOUS
10
1.127244094488189
20
1.47251968503937
11
1.1271805905511811
21
1.4722005511811023
0
LINE
8
BLACK
6
CONTINUOUS
10
1.1271805905511811
20
1.4722005511811023
11
1.1270251968503937
21
1.4708608267716534
0
LINE
8
BLACK
6
CONTINUOUS
10
1.1270251968503937
20
1.4708608267716534
11
1.1268230708661418
21
1.4704030708661417
0
LINE
8
BLACK
6
CONTINUOUS
10
1.1268230708661418
20
1.4704030708661417
11
1.1266447244094489
21
1.4695064173228347
0
LINE
8
BLACK
6
CONTINUOUS
10
1.1266447244094489
20
1.4695064173228347
11
1.1260032677165355
21
1.4685464566929134
0
LINE
8
BLACK
6
CONTINUOUS
10
1.1260032677165355
20
1.4685464566929134
11
1.125809842519685
21
1.4681083464566929
0
LINE
8
BLACK
6
CONTINUOUS
10
1.125809842519685
20
1.4681083464566929
11
1.1255105511811023
21
1.4678090551181102
0
LINE
8
BLACK
6
CONTINUOUS
10
1.1255105511811023
20
1.4678090551181102
11
1.1249378346456693
21
1.4669519291338582
0
LINE
8
BLACK
6
CONTINUOUS
10
1.1249378346456693
20
1.4669519291338582
11
1.1240806692913385
21
1.4663791732283464
0
LINE
8
BLACK
6
CONTINUOUS
10
1.1240806692913385
20
1.4663791732283464
11
1.1237813779527559
21
1.4660798818897638
0
LINE
8
BLACK
6
CONTINUOUS
10
1.1237813779527559
20
1.4660798818897638
11
1.1233431889763779
21
1.4658863779527558
0
LINE
8
BLACK
6
CONTINUOUS
10
1.1233431889763779
20
1.4658863779527558
11
1.1223833464566928
21
1.4652450393700787
0
LINE
8
BLACK
6
CONTINUOUS
10
1.1223833464566928
20
1.4652450393700787
11
1.1214867716535433
21
1.4650666929133858
0
LINE
8
BLACK
6
CONTINUOUS
10
1.1214867716535433
20
1.4650666929133858
11
1.1210288976377953
21
1.4648645275590551
0
LINE
8
BLACK
6
CONTINUOUS
10
1.1210288976377953
20
1.4648645275590551
11
1.1196887007874015
21
1.4647090157480314
0
LINE
8
BLACK
6
CONTINUOUS
10
1.1196887007874015
20
1.4647090157480314
11
1.1193700787401575
21
1.4646456692913385
0
LINE
8
BLACK
6
CONTINUOUS
10
1.1193700787401575
20
1.4646456692913385
11
1.119142401574803
21
1.4646456692913385
0
LINE
8
BLACK
6
CONTINUOUS
10
1.119142401574803
20
1.4646456692913385
11
1.0408576377952756
21
1.4646456692913385
0
LINE
8
BLACK
6
CONTINUOUS
10
1.0408576377952756
20
1.4646456692913385
11
1.0406299212598424
21
1.4646456692913385
0
LINE
8
BLACK
6
CONTINUOUS
10
1.0406299212598424
20
1.4646456692913385
11
1.0403112598425197
21
1.4647090157480314
0
LINE
8
BLACK
6
CONTINUOUS
10
1.0403112598425197
20
1.4647090157480314
11
1.038971062992126
21
1.4648645275590551
0
LINE
8
BLACK
6
CONTINUOUS
10
1.038971062992126
20
1.4648645275590551
11
1.0385131496062991
21
1.4650666929133858
0
LINE
8
BLACK
6
CONTINUOUS
10
1.0385131496062991
20
1.4650666929133858
11
1.0376166535433071
21
1.4652450393700787
0
LINE
8
BLACK
6
CONTINUOUS
10
1.0376166535433071
20
1.4652450393700787
11
1.0366568503937008
21
1.465886338582677
0
LINE
8
BLACK
6
CONTINUOUS
10
1.0366568503937008
20
1.465886338582677
11
1.0362185826771653
21
1.4660798818897638
0
LINE
8
BLACK
6
CONTINUOUS
10
1.0362185826771653
20
1.4660798818897638
11
1.0359191732283464
21
1.4663792519685039
0
LINE
8
BLACK
6
CONTINUOUS
10
1.0359191732283464
20
1.4663792519685039
11
1.0350621653543306
21
1.4669519291338582
0
LINE
8
BLACK
6
CONTINUOUS
10
1.0350621653543306
20
1.4669519291338582
11
1.0344894881889763
21
1.467808937007874
0
LINE
8
BLACK
6
CONTINUOUS
10
1.0344894881889763
20
1.467808937007874
11
1.0341901181102362
21
1.4681083464566929
0
LINE
8
BLACK
6
CONTINUOUS
10
1.0341901181102362
20
1.4681083464566929
11
1.0339965748031497
21
1.4685466141732284
0
LINE
8
BLACK
6
CONTINUOUS
10
1.0339965748031497
20
1.4685466141732284
11
1.0333552755905511
21
1.4695064173228347
0
LINE
8
BLACK
6
CONTINUOUS
10
1.0333552755905511
20
1.4695064173228347
11
1.0331769291338582
21
1.4704029133858267
0
LINE
8
BLACK
6
CONTINUOUS
10
1.0331769291338582
20
1.4704029133858267
11
1.0329747637795275
21
1.4708608267716534
0
LINE
8
BLACK
6
CONTINUOUS
10
1.0329747637795275
20
1.4708608267716534
11
1.032819251968504
21
1.4722011023622046
0
LINE
8
BLACK
6
CONTINUOUS
10
1.032819251968504
20
1.4722011023622046
11
1.032755905511811
21
1.47251968503937
0
LINE
8
BLACK
6
CONTINUOUS
10
1.032755905511811
20
1.47251968503937
11
1.032755905511811
21
1.5276377952755906
0
LINE
8
BLACK
6
CONTINUOUS
10
1.032755905511811
20
1.5276377952755906
11
1.0328192913385827
21
1.5279564960629921
0
LINE
8
BLACK
6
CONTINUOUS
10
1.0328192913385827
20
1.5279564960629921
11
1.0329747637795275
21
1.5292966141732283
0
LINE
8
BLACK
6
CONTINUOUS
10
1.0329747637795275
20
1.5292966141732283
11
1.0331769291338582
21
1.5297544881889764
0
LINE
8
BLACK
6
CONTINUOUS
10
1.0331769291338582
20
1.5297544881889764
11
1.0333552755905511
21
1.5306510629921259
0
LINE
8
BLACK
6
CONTINUOUS
10
1.0333552755905511
20
1.5306510629921259
11
1.0339966141732284
21
1.531610905511811
0
LINE
8
BLACK
6
CONTINUOUS
10
1.0339966141732284
20
1.531610905511811
11
1.0341901181102362
21
1.532049094488189
0
LINE
8
BLACK
6
CONTINUOUS
10
1.0341901181102362
20
1.532049094488189
11
1.0344894094488188
21
1.5323483858267717
0
LINE
8
BLACK
6
CONTINUOUS
10
1.0344894094488188
20
1.5323483858267717
11
1.0350621653543306
21
1.5332055511811022
0
LINE
8
BLACK
6
CONTINUOUS
10
1.0350621653543306
20
1.5332055511811022
11
1.0359192913385826
21
1.5337782677165355
0
LINE
8
BLACK
6
CONTINUOUS
10
1.0359192913385826
20
1.5337782677165355
11
1.0362185826771653
21
1.5340775590551181
0
LINE
8
BLACK
6
CONTINUOUS
10
1.0362185826771653
20
1.5340775590551181
11
1.0366566929133858
21
1.5342709842519684
0
LINE
8
BLACK
6
CONTINUOUS
10
1.0366566929133858
20
1.5342709842519684
11
1.0376166535433071
21
1.5349124409448818
0
LINE
8
BLACK
6
CONTINUOUS
10
1.0376166535433071
20
1.5349124409448818
11
1.0385133070866142
21
1.5350907874015747
0
LINE
8
BLACK
6
CONTINUOUS
10
1.0385133070866142
20
1.5350907874015747
11
1.038971062992126
21
1.5352929133858266
0
LINE
8
BLACK
6
CONTINUOUS
10
1.038971062992126
20
1.5352929133858266
11
1.0403108661417322
21
1.5354483464566928
0
LINE
8
BLACK
6
CONTINUOUS
10
1.0403108661417322
20
1.5354483464566928
11
1.0406299212598424
21
1.5355118110236221
0
LINE
8
BLACK
6
CONTINUOUS
10
1.0406299212598424
20
1.5355118110236221
11
1.1193700787401575
21
1.5355118110236221
0
LINE
8
BLACK
6
CONTINUOUS
10
1.1193700787401575
20
1.5355118110236221
11
1.119689251968504
21
1.5354483070866141
  0
ENDSEC
  0
EOF
