  0
SECTION
  2
HEADER
  9
$ANGBASE
  50
0.0
  9
$ANGDIR
  70
1
  9
$MEASUREMENT
  70
0
  0
ENDSEC
  0
SECTION
  2
TABLES
  0
TABLE
  2
LTYPE
  70
4
  0
LTYPE
  5
40F
  2
CONTINUOUS
  70
0
  3
Solid line
  72
65
  73
0
  40
0.0
  0
LTYPE
  5
410
  2
DASHDOT
 70
0
  3
Dash Dot ____ _ ____ _
 72
65
 73
4
 40
2.0
 49
1.25
 49
-0.25
 49
0.25
 49
-0.25
  0
LTYPE
  5
411
  2
DASHED
 70
0
  3
Dashed __ __ __ __ __
 72
65
 73
2
 40
0.75
 49
0.5
 49
-0.25
  0
LTYPE
  5
43B
  2
DOTTED
 70
0
  3
Dotted .  .  .  .
 72
65
 73
2
 40
0.2
 49
0.0
 49
-0.2
  0
ENDTAB
  0
TABLE
  2
STYLE
  70
4
  0
STYLE
  2
KICAD
  70
0
  40
0
  41
1
  42
1
  50
0
  71
0
  3
isocp.shx
  0
STYLE
  2
KICADB
  70
0
  40
0
  41
1
  42
1
  50
0
  71
0
  3
isocp.shx
  0
STYLE
  2
KICADI
  70
0
  40
0
  41
1
  42
1
  50
15
  71
0
  3
isocp.shx
  0
STYLE
  2
KICADBI
  70
0
  40
0
  41
1
  42
1
  50
15
  71
0
  3
isocp.shx
  0
ENDTAB
  0
TABLE
  2
LAYER
  70
1
  0
LAYER
  2
BLACK
  70
0
  62
7
  6
CONTINUOUS
  0
ENDTAB
  0
ENDSEC
  0
SECTION
  2
ENTITIES
0
LINE
8
BLACK
6
CONTINUOUS
10
1.1699999999999999
20
0.1
11
1.1099999999999999
21
0.1
0
LINE
8
BLACK
6
CONTINUOUS
10
1.1099999999999999
20
0.1
11
1.1099999999999999
21
0.16
0
LINE
8
BLACK
6
CONTINUOUS
10
1.1099999999999999
20
0.16
11
1.1699999999999999
21
0.16
0
LINE
8
BLACK
6
CONTINUOUS
10
1.1699999999999999
20
0.16
11
1.1699999999999999
21
0.1
0
LINE
8
BLACK
6
CONTINUOUS
10
1.1699999999999999
20
0.2
11
1.1099999999999999
21
0.2
0
LINE
8
BLACK
6
CONTINUOUS
10
1.1099999999999999
20
0.2
11
1.1099999999999999
21
0.26
0
LINE
8
BLACK
6
CONTINUOUS
10
1.1099999999999999
20
0.26
11
1.1699999999999999
21
0.26
0
LINE
8
BLACK
6
CONTINUOUS
10
1.1699999999999999
20
0.26
11
1.1699999999999999
21
0.2
0
LINE
8
BLACK
6
CONTINUOUS
10
1.0700000000000001
20
0.1
11
1.01
21
0.1
0
LINE
8
BLACK
6
CONTINUOUS
10
1.01
20
0.1
11
1.01
21
0.16
0
LINE
8
BLACK
6
CONTINUOUS
10
1.01
20
0.16
11
1.0700000000000001
21
0.16
0
LINE
8
BLACK
6
CONTINUOUS
10
1.0700000000000001
20
0.16
11
1.0700000000000001
21
0.1
0
LINE
8
BLACK
6
CONTINUOUS
10
1.0700000000000001
20
0.2
11
1.01
21
0.2
0
LINE
8
BLACK
6
CONTINUOUS
10
1.01
20
0.2
11
1.01
21
0.26
0
LINE
8
BLACK
6
CONTINUOUS
10
1.01
20
0.26
11
1.0700000000000001
21
0.26
0
LINE
8
BLACK
6
CONTINUOUS
10
1.0700000000000001
20
0.26
11
1.0700000000000001
21
0.2
0
LINE
8
BLACK
6
CONTINUOUS
10
0.97
20
0.1
11
0.91
21
0.1
0
LINE
8
BLACK
6
CONTINUOUS
10
0.91
20
0.1
11
0.91
21
0.16
0
LINE
8
BLACK
6
CONTINUOUS
10
0.91
20
0.16
11
0.97
21
0.16
0
LINE
8
BLACK
6
CONTINUOUS
10
0.97
20
0.16
11
0.97
21
0.1
0
LINE
8
BLACK
6
CONTINUOUS
10
0.97
20
0.2
11
0.91
21
0.2
0
LINE
8
BLACK
6
CONTINUOUS
10
0.91
20
0.2
11
0.91
21
0.26
0
LINE
8
BLACK
6
CONTINUOUS
10
0.91
20
0.26
11
0.97
21
0.26
0
LINE
8
BLACK
6
CONTINUOUS
10
0.97
20
0.26
11
0.97
21
0.2
0
LINE
8
BLACK
6
CONTINUOUS
10
0.87
20
0.1
11
0.8099999999999999
21
0.1
0
LINE
8
BLACK
6
CONTINUOUS
10
0.8099999999999999
20
0.1
11
0.8099999999999999
21
0.16
0
LINE
8
BLACK
6
CONTINUOUS
10
0.8099999999999999
20
0.16
11
0.87
21
0.16
0
LINE
8
BLACK
6
CONTINUOUS
10
0.87
20
0.16
11
0.87
21
0.1
0
LINE
8
BLACK
6
CONTINUOUS
10
0.87
20
0.2
11
0.8099999999999999
21
0.2
0
LINE
8
BLACK
6
CONTINUOUS
10
0.8099999999999999
20
0.2
11
0.8099999999999999
21
0.26
0
LINE
8
BLACK
6
CONTINUOUS
10
0.8099999999999999
20
0.26
11
0.87
21
0.26
0
LINE
8
BLACK
6
CONTINUOUS
10
0.87
20
0.26
11
0.87
21
0.2
0
LINE
8
BLACK
6
CONTINUOUS
10
0.89
20
0.2829527559055118
11
0.99
21
0.2829527559055118
0
LINE
8
BLACK
6
CONTINUOUS
10
0.99
20
0.2829527559055118
11
1.0900000000000001
21
0.2829527559055118
0
LINE
8
BLACK
6
CONTINUOUS
10
1.0900000000000001
20
0.2829527559055118
11
1.1899999999999999
21
0.2829527559055118
0
LINE
8
BLACK
6
CONTINUOUS
10
1.1899999999999999
20
0.2829527559055118
11
1.1903835039370079
21
0.2828851181102362
0
LINE
8
BLACK
6
CONTINUOUS
10
1.1903835039370079
20
0.2828851181102362
11
1.1905127559055118
21
0.2829079133858268
0
LINE
8
BLACK
6
CONTINUOUS
10
1.1905127559055118
20
0.2829079133858268
11
1.1906263385826772
21
0.2828422834645669
0
LINE
8
BLACK
6
CONTINUOUS
10
1.1906263385826772
20
0.2828422834645669
11
1.1910099212598424
21
0.2827746850393701
0
LINE
8
BLACK
6
CONTINUOUS
10
1.1910099212598424
20
0.2827746850393701
11
1.1915975984251967
21
0.2822815354330709
0
LINE
8
BLACK
6
CONTINUOUS
10
1.1915975984251967
20
0.2822815354330709
11
1.1922619291338583
21
0.2818979921259843
0
LINE
8
BLACK
6
CONTINUOUS
10
1.1922619291338583
20
0.2818979921259843
11
1.1923530314960629
21
0.2816476377952756
0
LINE
8
BLACK
6
CONTINUOUS
10
1.1923530314960629
20
0.2816476377952756
11
1.1925571653543308
21
0.2814763779527559
0
LINE
8
BLACK
6
CONTINUOUS
10
1.1925571653543308
20
0.2814763779527559
11
1.1926903937007873
21
0.2807207874015748
0
LINE
8
BLACK
6
CONTINUOUS
10
1.1926903937007873
20
0.2807207874015748
11
1.1929527559055118
21
0.28
0
LINE
8
BLACK
6
CONTINUOUS
10
1.1929527559055118
20
0.28
11
1.1929527559055118
21
0.08
0
LINE
8
BLACK
6
CONTINUOUS
10
1.1929527559055118
20
0.08
11
1.1928851181102362
21
0.0796164566929134
0
LINE
8
BLACK
6
CONTINUOUS
10
1.1928851181102362
20
0.0796164566929134
11
1.1929079133858267
21
0.0794872440944882
0
LINE
8
BLACK
6
CONTINUOUS
10
1.1929079133858267
20
0.0794872440944882
11
1.1928422834645669
21
0.0793736220472441
0
LINE
8
BLACK
6
CONTINUOUS
10
1.1928422834645669
20
0.0793736220472441
11
1.1927746850393701
21
0.0789900787401575
0
LINE
8
BLACK
6
CONTINUOUS
10
1.1927746850393701
20
0.0789900787401575
11
1.1922815354330709
21
0.0784023622047244
0
LINE
8
BLACK
6
CONTINUOUS
10
1.1922815354330709
20
0.0784023622047244
11
1.1918979921259842
21
0.0777380708661417
0
LINE
8
BLACK
6
CONTINUOUS
10
1.1918979921259842
20
0.0777380708661417
11
1.1916476377952756
21
0.0776469291338583
0
LINE
8
BLACK
6
CONTINUOUS
10
1.1916476377952756
20
0.0776469291338583
11
1.191476377952756
21
0.0774428346456693
0
LINE
8
BLACK
6
CONTINUOUS
10
1.191476377952756
20
0.0774428346456693
11
1.1907207874015748
21
0.0773095669291339
0
LINE
8
BLACK
6
CONTINUOUS
10
1.1907207874015748
20
0.0773095669291339
11
1.1899999999999999
21
0.0770472440944882
0
LINE
8
BLACK
6
CONTINUOUS
10
1.1899999999999999
20
0.0770472440944882
11
1.0900000000000001
21
0.0770472440944882
0
LINE
8
BLACK
6
CONTINUOUS
10
1.0900000000000001
20
0.0770472440944882
11
0.99
21
0.0770472440944882
0
LINE
8
BLACK
6
CONTINUOUS
10
0.99
20
0.0770472440944882
11
0.89
21
0.0770472440944882
0
LINE
8
BLACK
6
CONTINUOUS
10
0.89
20
0.0770472440944882
11
0.79
21
0.0770472440944882
0
LINE
8
BLACK
6
CONTINUOUS
10
0.79
20
0.0770472440944882
11
0.7896164566929134
21
0.077114842519685
0
LINE
8
BLACK
6
CONTINUOUS
10
0.7896164566929134
20
0.077114842519685
11
0.7894872440944881
21
0.0770920866141732
0
LINE
8
BLACK
6
CONTINUOUS
10
0.7894872440944881
20
0.0770920866141732
11
0.789373622047244
21
0.0771576771653543
0
LINE
8
BLACK
6
CONTINUOUS
10
0.789373622047244
20
0.0771576771653543
11
0.7889900787401575
21
0.0772253149606299
0
LINE
8
BLACK
6
CONTINUOUS
10
0.7889900787401575
20
0.0772253149606299
11
0.7884023622047244
21
0.0777184251968504
0
LINE
8
BLACK
6
CONTINUOUS
10
0.7884023622047244
20
0.0777184251968504
11
0.7877380708661417
21
0.0781020078740157
0
LINE
8
BLACK
6
CONTINUOUS
10
0.7877380708661417
20
0.0781020078740157
11
0.7876469291338583
21
0.0783523228346457
0
LINE
8
BLACK
6
CONTINUOUS
10
0.7876469291338583
20
0.0783523228346457
11
0.7874428346456692
21
0.0785236220472441
0
LINE
8
BLACK
6
CONTINUOUS
10
0.7874428346456692
20
0.0785236220472441
11
0.7873095669291338
21
0.0792791732283465
0
LINE
8
BLACK
6
CONTINUOUS
10
0.7873095669291338
20
0.0792791732283465
11
0.7870472440944881
21
0.08
0
LINE
8
BLACK
6
CONTINUOUS
10
0.7870472440944881
20
0.08
11
0.7870472440944881
21
0.28
0
LINE
8
BLACK
6
CONTINUOUS
10
0.7870472440944881
20
0.28
11
0.787114842519685
21
0.2803835039370079
0
LINE
8
BLACK
6
CONTINUOUS
10
0.787114842519685
20
0.2803835039370079
11
0.7870920866141732
21
0.2805127559055118
0
LINE
8
BLACK
6
CONTINUOUS
10
0.7870920866141732
20
0.2805127559055118
11
0.7871576771653543
21
0.2806263385826772
0
LINE
8
BLACK
6
CONTINUOUS
10
0.7871576771653543
20
0.2806263385826772
11
0.7872253149606299
21
0.2810099212598425
0
LINE
8
BLACK
6
CONTINUOUS
10
0.7872253149606299
20
0.2810099212598425
11
0.7877184251968504
21
0.2815975984251968
0
LINE
8
BLACK
6
CONTINUOUS
10
0.7877184251968504
20
0.2815975984251968
11
0.7881020078740157
21
0.2822619291338583
0
LINE
8
BLACK
6
CONTINUOUS
10
0.7881020078740157
20
0.2822619291338583
11
0.7883523228346456
21
0.282353031496063
0
LINE
8
BLACK
6
CONTINUOUS
10
0.7883523228346456
20
0.282353031496063
11
0.788523622047244
21
0.2825571653543307
0
LINE
8
BLACK
6
CONTINUOUS
10
0.788523622047244
20
0.2825571653543307
11
0.7892791732283464
21
0.2826903937007874
0
LINE
8
BLACK
6
CONTINUOUS
10
0.7892791732283464
20
0.2826903937007874
11
0.79
21
0.2829527559055118
0
LINE
8
BLACK
6
CONTINUOUS
10
0.79
20
0.2829527559055118
11
0.89
21
0.2829527559055118
0
LINE
8
BLACK
6
CONTINUOUS
10
1.0929527559055119
20
0.2770472440944882
11
1.0929527559055119
21
0.0829527559055118
0
LINE
8
BLACK
6
CONTINUOUS
10
1.0929527559055119
20
0.0829527559055118
11
1.1870472440944881
21
0.0829527559055118
0
LINE
8
BLACK
6
CONTINUOUS
10
1.1870472440944881
20
0.0829527559055118
11
1.1870472440944881
21
0.2770472440944882
0
LINE
8
BLACK
6
CONTINUOUS
10
1.1870472440944881
20
0.2770472440944882
11
1.0929527559055119
21
0.2770472440944882
0
LINE
8
BLACK
6
CONTINUOUS
10
0.9929527559055118
20
0.2770472440944882
11
0.9929527559055118
21
0.0829527559055118
0
LINE
8
BLACK
6
CONTINUOUS
10
0.9929527559055118
20
0.0829527559055118
11
1.0870472440944883
21
0.0829527559055118
0
LINE
8
BLACK
6
CONTINUOUS
10
1.0870472440944883
20
0.0829527559055118
11
1.0870472440944883
21
0.2770472440944882
0
LINE
8
BLACK
6
CONTINUOUS
10
1.0870472440944883
20
0.2770472440944882
11
0.9929527559055118
21
0.2770472440944882
0
LINE
8
BLACK
6
CONTINUOUS
10
0.8929527559055118
20
0.2770472440944882
11
0.8929527559055118
21
0.0829527559055118
0
LINE
8
BLACK
6
CONTINUOUS
10
0.8929527559055118
20
0.0829527559055118
11
0.9870472440944882
21
0.0829527559055118
0
LINE
8
BLACK
6
CONTINUOUS
10
0.9870472440944882
20
0.0829527559055118
11
0.9870472440944882
21
0.2770472440944882
0
LINE
8
BLACK
6
CONTINUOUS
10
0.9870472440944882
20
0.2770472440944882
11
0.8929527559055118
21
0.2770472440944882
0
LINE
8
BLACK
6
CONTINUOUS
10
0.7929527559055118
20
0.2770472440944882
11
0.7929527559055118
21
0.0829527559055118
0
LINE
8
BLACK
6
CONTINUOUS
10
0.7929527559055118
20
0.0829527559055118
11
0.8870472440944882
21
0.0829527559055118
0
LINE
8
BLACK
6
CONTINUOUS
10
0.8870472440944882
20
0.0829527559055118
11
0.8870472440944882
21
0.2770472440944882
0
LINE
8
BLACK
6
CONTINUOUS
10
0.8870472440944882
20
0.2770472440944882
11
0.7929527559055118
21
0.2770472440944882
0
LINE
8
BLACK
6
CONTINUOUS
10
0.8706239763779527
20
0.3571833070866142
11
0.8723083070866141
21
0.3546322440944882
0
LINE
8
BLACK
6
CONTINUOUS
10
0.8723083070866141
20
0.3546322440944882
11
0.8724914566929134
21
0.3515808267716535
0
LINE
8
BLACK
6
CONTINUOUS
10
0.8724914566929134
20
0.3515808267716535
11
0.8711243700787401
21
0.3488466141732283
0
LINE
8
BLACK
6
CONTINUOUS
10
0.8711243700787401
20
0.3488466141732283
11
0.8685733070866142
21
0.3471623228346457
0
LINE
8
BLACK
6
CONTINUOUS
10
0.8685733070866142
20
0.3471623228346457
11
0.8557384645669291
21
0.3428840157480315
0
LINE
8
BLACK
6
CONTINUOUS
10
0.8557384645669291
20
0.3428840157480315
11
0.8557384645669291
21
0.3232753937007874
0
LINE
8
BLACK
6
CONTINUOUS
10
0.8557384645669291
20
0.3232753937007874
11
0.8685733070866142
21
0.318997125984252
0
LINE
8
BLACK
6
CONTINUOUS
10
0.8685733070866142
20
0.318997125984252
11
0.8711243700787401
21
0.3173128346456693
0
LINE
8
BLACK
6
CONTINUOUS
10
0.8711243700787401
20
0.3173128346456693
11
0.8724914566929134
21
0.3145786220472441
0
LINE
8
BLACK
6
CONTINUOUS
10
0.8724914566929134
20
0.3145786220472441
11
0.8723083070866141
21
0.3115272047244094
0
LINE
8
BLACK
6
CONTINUOUS
10
0.8723083070866141
20
0.3115272047244094
11
0.8706239763779527
21
0.3089761417322834
0
LINE
8
BLACK
6
CONTINUOUS
10
0.8706239763779527
20
0.3089761417322834
11
0.8678897637795275
21
0.3076090551181102
0
LINE
8
BLACK
6
CONTINUOUS
10
0.8678897637795275
20
0.3076090551181102
11
0.8648383464566929
21
0.3077922047244094
0
LINE
8
BLACK
6
CONTINUOUS
10
0.8648383464566929
20
0.3077922047244094
11
0.8057832283464567
21
0.3274772834645669
0
LINE
8
BLACK
6
CONTINUOUS
10
0.8057832283464567
20
0.3274772834645669
11
0.8047935039370079
21
0.3281307086614173
0
LINE
8
BLACK
6
CONTINUOUS
10
0.8047935039370079
20
0.3281307086614173
11
0.8037325590551181
21
0.328661220472441
0
LINE
8
BLACK
6
CONTINUOUS
10
0.8037325590551181
20
0.328661220472441
11
0.8035335433070866
21
0.3289625590551181
0
LINE
8
BLACK
6
CONTINUOUS
10
0.8035335433070866
20
0.3289625590551181
11
0.8032322047244095
21
0.3291615748031496
0
LINE
8
BLACK
6
CONTINUOUS
10
0.8032322047244095
20
0.3291615748031496
11
0.8027016929133858
21
0.3302225196850394
0
LINE
8
BLACK
6
CONTINUOUS
10
0.8027016929133858
20
0.3302225196850394
11
0.8020482677165354
21
0.3312122440944882
0
LINE
8
BLACK
6
CONTINUOUS
10
0.8020482677165354
20
0.3312122440944882
11
0.8020266141732283
21
0.3315726771653543
0
LINE
8
BLACK
6
CONTINUOUS
10
0.8020266141732283
20
0.3315726771653543
11
0.8018650787401574
21
0.3318957874015748
0
LINE
8
BLACK
6
CONTINUOUS
10
0.8018650787401574
20
0.3318957874015748
11
0.8019361417322834
21
0.3330797244094488
0
LINE
8
BLACK
6
CONTINUOUS
10
0.8019361417322834
20
0.3330797244094488
11
0.8018650787401574
21
0.3342636614173228
0
LINE
8
BLACK
6
CONTINUOUS
10
0.8018650787401574
20
0.3342636614173228
11
0.8020266141732283
21
0.3345867322834646
0
LINE
8
BLACK
6
CONTINUOUS
10
0.8020266141732283
20
0.3345867322834646
11
0.8020482677165354
21
0.3349472047244094
0
LINE
8
BLACK
6
CONTINUOUS
10
0.8020482677165354
20
0.3349472047244094
11
0.8027016929133858
21
0.3359368897637795
0
LINE
8
BLACK
6
CONTINUOUS
10
0.8027016929133858
20
0.3359368897637795
11
0.8032322047244095
21
0.336997874015748
0
LINE
8
BLACK
6
CONTINUOUS
10
0.8032322047244095
20
0.336997874015748
11
0.8035335433070866
21
0.3371968503937008
0
LINE
8
BLACK
6
CONTINUOUS
10
0.8035335433070866
20
0.3371968503937008
11
0.8037325590551181
21
0.3374982283464567
0
LINE
8
BLACK
6
CONTINUOUS
10
0.8037325590551181
20
0.3374982283464567
11
0.8047935039370079
21
0.3380287007874015
0
LINE
8
BLACK
6
CONTINUOUS
10
0.8047935039370079
20
0.3380287007874015
11
0.8057832283464567
21
0.3386821653543307
0
LINE
8
BLACK
6
CONTINUOUS
10
0.8057832283464567
20
0.3386821653543307
11
0.8648383464566929
21
0.3583672440944882
0
LINE
8
BLACK
6
CONTINUOUS
10
0.8648383464566929
20
0.3583672440944882
11
0.8678897637795275
21
0.3585503937007874
0
LINE
8
BLACK
6
CONTINUOUS
10
0.8678897637795275
20
0.3585503937007874
11
0.8706239763779527
21
0.3571833070866142
0
LINE
8
BLACK
6
CONTINUOUS
10
0.8263255118110236
20
0.3330797244094488
11
0.8439274409448819
21
0.3272124015748031
0
LINE
8
BLACK
6
CONTINUOUS
10
0.8439274409448819
20
0.3272124015748031
11
0.8439274409448819
21
0.3389470078740157
0
LINE
8
BLACK
6
CONTINUOUS
10
0.8439274409448819
20
0.3389470078740157
11
0.8263255118110236
21
0.3330797244094488
0
LINE
8
BLACK
6
CONTINUOUS
10
0.9690256692913386
20
0.3610077165354331
11
0.9714302362204724
21
0.3591201968503937
0
LINE
8
BLACK
6
CONTINUOUS
10
0.9714302362204724
20
0.3591201968503937
11
0.9725689763779527
21
0.3562833070866142
0
LINE
8
BLACK
6
CONTINUOUS
10
0.9725689763779527
20
0.3562833070866142
11
0.972136653543307
21
0.3532570866141732
0
LINE
8
BLACK
6
CONTINUOUS
10
0.972136653543307
20
0.3532570866141732
11
0.9702491338582677
21
0.3508524803149606
0
LINE
8
BLACK
6
CONTINUOUS
10
0.9702491338582677
20
0.3508524803149606
11
0.9419506299212598
21
0.3296285826771653
0
LINE
8
BLACK
6
CONTINUOUS
10
0.9419506299212598
20
0.3296285826771653
11
0.9438426377952756
21
0.3277366141732284
0
LINE
8
BLACK
6
CONTINUOUS
10
0.9438426377952756
20
0.3277366141732284
11
0.9667058267716535
21
0.3277366141732284
0
LINE
8
BLACK
6
CONTINUOUS
10
0.9667058267716535
20
0.3277366141732284
11
0.9696585826771653
21
0.3269454330708662
0
LINE
8
BLACK
6
CONTINUOUS
10
0.9696585826771653
20
0.3269454330708662
11
0.9718201574803149
21
0.3247838582677166
0
LINE
8
BLACK
6
CONTINUOUS
10
0.9718201574803149
20
0.3247838582677166
11
0.9726113385826771
21
0.3218311023622047
0
LINE
8
BLACK
6
CONTINUOUS
10
0.9726113385826771
20
0.3218311023622047
11
0.9718201574803149
21
0.3188783464566929
0
LINE
8
BLACK
6
CONTINUOUS
10
0.9718201574803149
20
0.3188783464566929
11
0.9696585826771653
21
0.3167167716535433
0
LINE
8
BLACK
6
CONTINUOUS
10
0.9696585826771653
20
0.3167167716535433
11
0.9667058267716535
21
0.3159255905511811
0
LINE
8
BLACK
6
CONTINUOUS
10
0.9667058267716535
20
0.3159255905511811
11
0.9076507086614173
21
0.3159255905511811
0
LINE
8
BLACK
6
CONTINUOUS
10
0.9076507086614173
20
0.3159255905511811
11
0.9046979527559055
21
0.3167167716535433
0
LINE
8
BLACK
6
CONTINUOUS
10
0.9046979527559055
20
0.3167167716535433
11
0.9025363779527559
21
0.3188783464566929
0
LINE
8
BLACK
6
CONTINUOUS
10
0.9025363779527559
20
0.3188783464566929
11
0.9017451968503937
21
0.3218311023622047
0
LINE
8
BLACK
6
CONTINUOUS
10
0.9017451968503937
20
0.3218311023622047
11
0.9025363779527559
21
0.3247838582677166
0
LINE
8
BLACK
6
CONTINUOUS
10
0.9025363779527559
20
0.3247838582677166
11
0.9046979527559055
21
0.3269454330708662
0
LINE
8
BLACK
6
CONTINUOUS
10
0.9046979527559055
20
0.3269454330708662
11
0.9076507086614173
21
0.3277366141732284
0
LINE
8
BLACK
6
CONTINUOUS
10
0.9076507086614173
20
0.3277366141732284
11
0.9271393307086614
21
0.3277366141732284
0
LINE
8
BLACK
6
CONTINUOUS
10
0.9271393307086614
20
0.3277366141732284
11
0.9034748818897638
21
0.351401062992126
0
LINE
8
BLACK
6
CONTINUOUS
10
0.9034748818897638
20
0.351401062992126
11
0.9019464173228346
21
0.3540484251968504
0
LINE
8
BLACK
6
CONTINUOUS
10
0.9019464173228346
20
0.3540484251968504
11
0.9019464173228346
21
0.3571053543307087
0
LINE
8
BLACK
6
CONTINUOUS
10
0.9019464173228346
20
0.3571053543307087
11
0.9034748818897638
21
0.3597527165354331
0
LINE
8
BLACK
6
CONTINUOUS
10
0.9034748818897638
20
0.3597527165354331
11
0.9061222440944882
21
0.3612811811023622
0
LINE
8
BLACK
6
CONTINUOUS
10
0.9061222440944882
20
0.3612811811023622
11
0.9091791732283464
21
0.3612811811023622
0
LINE
8
BLACK
6
CONTINUOUS
10
0.9091791732283464
20
0.3612811811023622
11
0.9118265354330708
21
0.3597527165354331
0
LINE
8
BLACK
6
CONTINUOUS
10
0.9118265354330708
20
0.3597527165354331
11
0.9335141732283464
21
0.3380650393700788
0
LINE
8
BLACK
6
CONTINUOUS
10
0.9335141732283464
20
0.3380650393700788
11
0.9631625196850393
21
0.3603012992125984
0
LINE
8
BLACK
6
CONTINUOUS
10
0.9631625196850393
20
0.3603012992125984
11
0.9659994488188977
21
0.36144
0
LINE
8
BLACK
6
CONTINUOUS
10
0.9659994488188977
20
0.36144
11
0.9690256692913386
21
0.3610077165354331
0
LINE
8
BLACK
6
CONTINUOUS
10
1.0618325196850393
20
0.4212811811023622
11
1.0626099606299213
21
0.4212811811023622
0
LINE
8
BLACK
6
CONTINUOUS
10
1.0626099606299213
20
0.4212811811023622
11
1.0632832283464566
21
0.4208924409448819
0
LINE
8
BLACK
6
CONTINUOUS
10
1.0632832283464566
20
0.4208924409448819
11
1.0640342913385827
21
0.420691220472441
0
LINE
8
BLACK
6
CONTINUOUS
10
1.0640342913385827
20
0.420691220472441
11
1.0645840157480315
21
0.4201414566929134
0
LINE
8
BLACK
6
CONTINUOUS
10
1.0645840157480315
20
0.4201414566929134
11
1.0652573228346456
21
0.4197527559055118
0
LINE
8
BLACK
6
CONTINUOUS
10
1.0652573228346456
20
0.4197527559055118
11
1.0680694881889763
21
0.4169406299212599
0
LINE
8
BLACK
6
CONTINUOUS
10
1.0680694881889763
20
0.4169406299212599
11
1.0687481496062992
21
0.4157651181102362
0
LINE
8
BLACK
6
CONTINUOUS
10
1.0687481496062992
20
0.4157651181102362
11
1.0694961811023622
21
0.4146322440944882
0
LINE
8
BLACK
6
CONTINUOUS
10
1.0694961811023622
20
0.4146322440944882
11
1.0723083070866142
21
0.4061957874015748
0
LINE
8
BLACK
6
CONTINUOUS
10
1.0723083070866142
20
0.4061957874015748
11
1.0723652755905511
21
0.4052466141732283
0
LINE
8
BLACK
6
CONTINUOUS
10
1.0723652755905511
20
0.4052466141732283
11
1.0726113385826772
21
0.4043283070866142
0
LINE
8
BLACK
6
CONTINUOUS
10
1.0726113385826772
20
0.4043283070866142
11
1.0726113385826772
21
0.3987040157480315
0
LINE
8
BLACK
6
CONTINUOUS
10
1.0726113385826772
20
0.3987040157480315
11
1.0723652755905511
21
0.3977856692913386
0
LINE
8
BLACK
6
CONTINUOUS
10
1.0723652755905511
20
0.3977856692913386
11
1.0723083070866142
21
0.3968365354330708
0
LINE
8
BLACK
6
CONTINUOUS
10
1.0723083070866142
20
0.3968365354330708
11
1.0694961811023622
21
0.3884000787401575
0
LINE
8
BLACK
6
CONTINUOUS
10
1.0694961811023622
20
0.3884000787401575
11
1.0687482283464567
21
0.3872672834645669
0
LINE
8
BLACK
6
CONTINUOUS
10
1.0687482283464567
20
0.3872672834645669
11
1.068069527559055
21
0.3860917322834646
0
LINE
8
BLACK
6
CONTINUOUS
10
1.068069527559055
20
0.3860917322834646
11
1.0624451968503936
21
0.3804674409448819
0
LINE
8
BLACK
6
CONTINUOUS
10
1.0624451968503936
20
0.3804674409448819
11
1.0616217716535432
21
0.3799920078740157
0
LINE
8
BLACK
6
CONTINUOUS
10
1.0616217716535432
20
0.3799920078740157
11
1.0609103937007873
21
0.3793612204724409
0
LINE
8
BLACK
6
CONTINUOUS
10
1.0609103937007873
20
0.3793612204724409
11
1.0552861023622047
21
0.3765490551181102
0
LINE
8
BLACK
6
CONTINUOUS
10
1.0552861023622047
20
0.3765490551181102
11
1.0546473228346456
21
0.3764183070866142
0
LINE
8
BLACK
6
CONTINUOUS
10
1.0546473228346456
20
0.3764183070866142
11
1.0540773622047244
21
0.3761019291338583
0
LINE
8
BLACK
6
CONTINUOUS
10
1.0540773622047244
20
0.3761019291338583
11
1.042828779527559
21
0.3732898031496063
0
LINE
8
BLACK
6
CONTINUOUS
10
1.042828779527559
20
0.3732898031496063
11
1.0421003149606298
21
0.3733020472440945
0
LINE
8
BLACK
6
CONTINUOUS
10
1.0421003149606298
20
0.3733020472440945
11
1.041396496062992
21
0.3731134645669291
0
LINE
8
BLACK
6
CONTINUOUS
10
1.041396496062992
20
0.3731134645669291
11
1.0329600393700786
21
0.3731134645669291
0
LINE
8
BLACK
6
CONTINUOUS
10
1.0329600393700786
20
0.3731134645669291
11
1.0322561811023623
21
0.3733020472440945
0
LINE
8
BLACK
6
CONTINUOUS
10
1.0322561811023623
20
0.3733020472440945
11
1.0315277559055118
21
0.3732898031496063
0
LINE
8
BLACK
6
CONTINUOUS
10
1.0315277559055118
20
0.3732898031496063
11
1.0202791732283465
21
0.3761019291338583
0
LINE
8
BLACK
6
CONTINUOUS
10
1.0202791732283465
20
0.3761019291338583
11
1.0197092125984251
21
0.3764183070866142
0
LINE
8
BLACK
6
CONTINUOUS
10
1.0197092125984251
20
0.3764183070866142
11
1.0190703937007874
21
0.3765490551181102
0
LINE
8
BLACK
6
CONTINUOUS
10
1.0190703937007874
20
0.3765490551181102
11
1.0134461417322835
21
0.3793612204724409
0
LINE
8
BLACK
6
CONTINUOUS
10
1.0134461417322835
20
0.3793612204724409
11
1.0127347637795276
21
0.3799920078740157
0
LINE
8
BLACK
6
CONTINUOUS
10
1.0127347637795276
20
0.3799920078740157
11
1.0119113385826772
21
0.3804674409448819
0
LINE
8
BLACK
6
CONTINUOUS
10
1.0119113385826772
20
0.3804674409448819
11
1.0062870472440946
21
0.3860917322834646
0
LINE
8
BLACK
6
CONTINUOUS
10
1.0062870472440946
20
0.3860917322834646
11
1.0056083858267717
21
0.3872671653543307
0
LINE
8
BLACK
6
CONTINUOUS
10
1.0056083858267717
20
0.3872671653543307
11
1.0048603937007874
21
0.3884000787401575
0
LINE
8
BLACK
6
CONTINUOUS
10
1.0048603937007874
20
0.3884000787401575
11
1.0020482677165354
21
0.3968365354330708
0
LINE
8
BLACK
6
CONTINUOUS
10
1.0020482677165354
20
0.3968365354330708
11
1.0019912598425196
21
0.3977855511811024
0
LINE
8
BLACK
6
CONTINUOUS
10
1.0019912598425196
20
0.3977855511811024
11
1.0017451968503936
21
0.3987040157480315
0
LINE
8
BLACK
6
CONTINUOUS
10
1.0017451968503936
20
0.3987040157480315
11
1.0017451968503936
21
0.4071404724409449
0
LINE
8
BLACK
6
CONTINUOUS
10
1.0017451968503936
20
0.4071404724409449
11
1.0020964960629921
21
0.4084515354330708
0
LINE
8
BLACK
6
CONTINUOUS
10
1.0020964960629921
20
0.4084515354330708
11
1.0023686614173228
21
0.4097814960629921
0
LINE
8
BLACK
6
CONTINUOUS
10
1.0023686614173228
20
0.4097814960629921
11
1.0051808267716535
21
0.4154057874015748
0
LINE
8
BLACK
6
CONTINUOUS
10
1.0051808267716535
20
0.4154057874015748
11
1.0072090157480316
21
0.4176929921259843
0
LINE
8
BLACK
6
CONTINUOUS
10
1.0072090157480316
20
0.4176929921259843
11
1.0101090551181102
21
0.4186596850393701
0
LINE
8
BLACK
6
CONTINUOUS
10
1.0101090551181102
20
0.4186596850393701
11
1.0131038976377953
21
0.418046811023622
0
LINE
8
BLACK
6
CONTINUOUS
10
1.0131038976377953
20
0.418046811023622
11
1.0153911023622046
21
0.4160186220472441
0
LINE
8
BLACK
6
CONTINUOUS
10
1.0153911023622046
20
0.4160186220472441
11
1.0163577952755904
21
0.4131185826771653
0
LINE
8
BLACK
6
CONTINUOUS
10
1.0163577952755904
20
0.4131185826771653
11
1.0157449212598424
21
0.4101237007874016
0
LINE
8
BLACK
6
CONTINUOUS
10
1.0157449212598424
20
0.4101237007874016
11
1.0135562204724409
21
0.4057463385826772
0
LINE
8
BLACK
6
CONTINUOUS
10
1.0135562204724409
20
0.4057463385826772
11
1.0135562204724409
21
0.3996622834645669
0
LINE
8
BLACK
6
CONTINUOUS
10
1.0135562204724409
20
0.3996622834645669
11
1.0156244488188977
21
0.3934575984251968
0
LINE
8
BLACK
6
CONTINUOUS
10
1.0156244488188977
20
0.3934575984251968
11
1.0195853543307087
21
0.3894966929133858
0
LINE
8
BLACK
6
CONTINUOUS
10
1.0195853543307087
20
0.3894966929133858
11
1.0237727165354331
21
0.387403031496063
0
LINE
8
BLACK
6
CONTINUOUS
10
1.0237727165354331
20
0.387403031496063
11
1.0336869685039369
21
0.3849244881889763
0
LINE
8
BLACK
6
CONTINUOUS
10
1.0336869685039369
20
0.3849244881889763
11
1.0406695669291339
21
0.3849244881889763
0
LINE
8
BLACK
6
CONTINUOUS
10
1.0406695669291339
20
0.3849244881889763
11
1.050583779527559
21
0.3874029921259842
0
LINE
8
BLACK
6
CONTINUOUS
10
1.050583779527559
20
0.3874029921259842
11
1.0547711811023621
21
0.3894967322834645
0
LINE
8
BLACK
6
CONTINUOUS
10
1.0547711811023621
20
0.3894967322834645
11
1.0587320472440944
21
0.3934575590551181
0
LINE
8
BLACK
6
CONTINUOUS
10
1.0587320472440944
20
0.3934575590551181
11
1.06080031496063
21
0.3996623622047244
0
LINE
8
BLACK
6
CONTINUOUS
10
1.06080031496063
20
0.3996623622047244
11
1.06080031496063
21
0.4033699212598425
0
LINE
8
BLACK
6
CONTINUOUS
10
1.06080031496063
20
0.4033699212598425
11
1.0587320472440944
21
0.4095747244094488
0
LINE
8
BLACK
6
CONTINUOUS
10
1.0587320472440944
20
0.4095747244094488
11
1.058635433070866
21
0.4096713779527559
0
LINE
8
BLACK
6
CONTINUOUS
10
1.058635433070866
20
0.4096713779527559
11
1.0473020078740156
21
0.4096713779527559
0
LINE
8
BLACK
6
CONTINUOUS
10
1.0473020078740156
20
0.4096713779527559
11
1.0473020078740156
21
0.4043283070866142
0
LINE
8
BLACK
6
CONTINUOUS
10
1.0473020078740156
20
0.4043283070866142
11
1.0465108267716534
21
0.4013755511811024
0
LINE
8
BLACK
6
CONTINUOUS
10
1.0465108267716534
20
0.4013755511811024
11
1.0443492519685038
21
0.3992139763779528
0
LINE
8
BLACK
6
CONTINUOUS
10
1.0443492519685038
20
0.3992139763779528
11
1.041396496062992
21
0.3984227952755905
0
LINE
8
BLACK
6
CONTINUOUS
10
1.041396496062992
20
0.3984227952755905
11
1.0384437401574802
21
0.3992139763779528
0
LINE
8
BLACK
6
CONTINUOUS
10
1.0384437401574802
20
0.3992139763779528
11
1.0362821653543306
21
0.4013755511811024
0
LINE
8
BLACK
6
CONTINUOUS
10
1.0362821653543306
20
0.4013755511811024
11
1.0354909842519684
21
0.4043283070866142
0
LINE
8
BLACK
6
CONTINUOUS
10
1.0354909842519684
20
0.4043283070866142
11
1.0354909842519684
21
0.4155768897637795
0
LINE
8
BLACK
6
CONTINUOUS
10
1.0354909842519684
20
0.4155768897637795
11
1.0362821653543306
21
0.4185296456692914
0
LINE
8
BLACK
6
CONTINUOUS
10
1.0362821653543306
20
0.4185296456692914
11
1.0384437401574802
21
0.420691220472441
0
LINE
8
BLACK
6
CONTINUOUS
10
1.0384437401574802
20
0.420691220472441
11
1.041396496062992
21
0.4214824015748032
0
LINE
8
BLACK
6
CONTINUOUS
10
1.041396496062992
20
0.4214824015748032
11
1.0610815354330709
21
0.4214824015748032
0
LINE
8
BLACK
6
CONTINUOUS
10
1.0610815354330709
20
0.4214824015748032
11
1.0618325196850393
21
0.4212811811023622
0
LINE
8
BLACK
6
CONTINUOUS
10
1.1618325196850394
20
0.4212811811023622
11
1.1626099606299212
21
0.4212811811023622
0
LINE
8
BLACK
6
CONTINUOUS
10
1.1626099606299212
20
0.4212811811023622
11
1.1632832283464567
21
0.4208924409448819
0
LINE
8
BLACK
6
CONTINUOUS
10
1.1632832283464567
20
0.4208924409448819
11
1.1640342913385826
21
0.420691220472441
0
LINE
8
BLACK
6
CONTINUOUS
10
1.1640342913385826
20
0.420691220472441
11
1.1645840157480314
21
0.4201414566929134
0
LINE
8
BLACK
6
CONTINUOUS
10
1.1645840157480314
20
0.4201414566929134
11
1.1652573228346457
21
0.4197527559055118
0
LINE
8
BLACK
6
CONTINUOUS
10
1.1652573228346457
20
0.4197527559055118
11
1.1680694881889764
21
0.4169406299212599
0
LINE
8
BLACK
6
CONTINUOUS
10
1.1680694881889764
20
0.4169406299212599
11
1.1687481496062992
21
0.4157651181102362
0
LINE
8
BLACK
6
CONTINUOUS
10
1.1687481496062992
20
0.4157651181102362
11
1.1694961811023621
21
0.4146322440944882
0
LINE
8
BLACK
6
CONTINUOUS
10
1.1694961811023621
20
0.4146322440944882
11
1.172308307086614
21
0.4061957874015748
0
LINE
8
BLACK
6
CONTINUOUS
10
1.172308307086614
20
0.4061957874015748
11
1.1723652755905511
21
0.4052466141732283
0
LINE
8
BLACK
6
CONTINUOUS
10
1.1723652755905511
20
0.4052466141732283
11
1.1726113385826771
21
0.4043283070866142
0
LINE
8
BLACK
6
CONTINUOUS
10
1.1726113385826771
20
0.4043283070866142
11
1.1726113385826771
21
0.3987040157480315
0
LINE
8
BLACK
6
CONTINUOUS
10
1.1726113385826771
20
0.3987040157480315
11
1.1723652755905511
21
0.3977856692913386
0
LINE
8
BLACK
6
CONTINUOUS
10
1.1723652755905511
20
0.3977856692913386
11
1.172308307086614
21
0.3968365354330708
0
LINE
8
BLACK
6
CONTINUOUS
10
1.172308307086614
20
0.3968365354330708
11
1.1694961811023621
21
0.3884000787401575
0
LINE
8
BLACK
6
CONTINUOUS
10
1.1694961811023621
20
0.3884000787401575
11
1.1687482283464568
21
0.3872672834645669
0
LINE
8
BLACK
6
CONTINUOUS
10
1.1687482283464568
20
0.3872672834645669
11
1.1680695275590551
21
0.3860917322834646
0
LINE
8
BLACK
6
CONTINUOUS
10
1.1680695275590551
20
0.3860917322834646
11
1.1624451968503937
21
0.3804674409448819
0
LINE
8
BLACK
6
CONTINUOUS
10
1.1624451968503937
20
0.3804674409448819
11
1.1616217716535433
21
0.3799920078740157
0
LINE
8
BLACK
6
CONTINUOUS
10
1.1616217716535433
20
0.3799920078740157
11
1.1609103937007874
21
0.3793612204724409
0
LINE
8
BLACK
6
CONTINUOUS
10
1.1609103937007874
20
0.3793612204724409
11
1.1552861023622047
21
0.3765490551181102
0
LINE
8
BLACK
6
CONTINUOUS
10
1.1552861023622047
20
0.3765490551181102
11
1.1546473228346457
21
0.3764183070866142
0
LINE
8
BLACK
6
CONTINUOUS
10
1.1546473228346457
20
0.3764183070866142
11
1.1540773622047245
21
0.3761019291338583
0
LINE
8
BLACK
6
CONTINUOUS
10
1.1540773622047245
20
0.3761019291338583
11
1.1428287795275591
21
0.3732898031496063
0
LINE
8
BLACK
6
CONTINUOUS
10
1.1428287795275591
20
0.3732898031496063
11
1.1421003149606299
21
0.3733020472440945
0
LINE
8
BLACK
6
CONTINUOUS
10
1.1421003149606299
20
0.3733020472440945
11
1.1413964960629921
21
0.3731134645669291
0
LINE
8
BLACK
6
CONTINUOUS
10
1.1413964960629921
20
0.3731134645669291
11
1.1329600393700787
21
0.3731134645669291
0
LINE
8
BLACK
6
CONTINUOUS
10
1.1329600393700787
20
0.3731134645669291
11
1.1322561811023621
21
0.3733020472440945
0
LINE
8
BLACK
6
CONTINUOUS
10
1.1322561811023621
20
0.3733020472440945
11
1.1315277559055117
21
0.3732898031496063
0
LINE
8
BLACK
6
CONTINUOUS
10
1.1315277559055117
20
0.3732898031496063
11
1.1202791732283464
21
0.3761019291338583
0
LINE
8
BLACK
6
CONTINUOUS
10
1.1202791732283464
20
0.3761019291338583
11
1.1197092125984252
21
0.3764183070866142
0
LINE
8
BLACK
6
CONTINUOUS
10
1.1197092125984252
20
0.3764183070866142
11
1.1190703937007873
21
0.3765490551181102
0
LINE
8
BLACK
6
CONTINUOUS
10
1.1190703937007873
20
0.3765490551181102
11
1.1134461417322834
21
0.3793612204724409
0
LINE
8
BLACK
6
CONTINUOUS
10
1.1134461417322834
20
0.3793612204724409
11
1.1127347637795275
21
0.3799920078740157
0
LINE
8
BLACK
6
CONTINUOUS
10
1.1127347637795275
20
0.3799920078740157
11
1.1119113385826771
21
0.3804674409448819
0
LINE
8
BLACK
6
CONTINUOUS
10
1.1119113385826771
20
0.3804674409448819
11
1.1062870472440944
21
0.3860917322834646
0
LINE
8
BLACK
6
CONTINUOUS
10
1.1062870472440944
20
0.3860917322834646
11
1.1056083858267716
21
0.3872671653543307
0
LINE
8
BLACK
6
CONTINUOUS
10
1.1056083858267716
20
0.3872671653543307
11
1.1048603937007875
21
0.3884000787401575
0
LINE
8
BLACK
6
CONTINUOUS
10
1.1048603937007875
20
0.3884000787401575
11
1.1020482677165353
21
0.3968365354330708
0
LINE
8
BLACK
6
CONTINUOUS
10
1.1020482677165353
20
0.3968365354330708
11
1.1019912598425197
21
0.3977855511811024
0
LINE
8
BLACK
6
CONTINUOUS
10
1.1019912598425197
20
0.3977855511811024
11
1.1017451968503937
21
0.3987040157480315
0
LINE
8
BLACK
6
CONTINUOUS
10
1.1017451968503937
20
0.3987040157480315
11
1.1017451968503937
21
0.4071404724409449
0
LINE
8
BLACK
6
CONTINUOUS
10
1.1017451968503937
20
0.4071404724409449
11
1.1020964960629922
21
0.4084515354330708
0
LINE
8
BLACK
6
CONTINUOUS
10
1.1020964960629922
20
0.4084515354330708
11
1.1023686614173227
21
0.4097814960629921
0
LINE
8
BLACK
6
CONTINUOUS
10
1.1023686614173227
20
0.4097814960629921
11
1.1051808267716534
21
0.4154057874015748
0
LINE
8
BLACK
6
CONTINUOUS
10
1.1051808267716534
20
0.4154057874015748
11
1.1072090157480314
21
0.4176929921259843
0
LINE
8
BLACK
6
CONTINUOUS
10
1.1072090157480314
20
0.4176929921259843
11
1.1101090551181103
21
0.4186596850393701
0
LINE
8
BLACK
6
CONTINUOUS
10
1.1101090551181103
20
0.4186596850393701
11
1.1131038976377952
21
0.418046811023622
0
LINE
8
BLACK
6
CONTINUOUS
10
1.1131038976377952
20
0.418046811023622
11
1.1153911023622047
21
0.4160186220472441
0
LINE
8
BLACK
6
CONTINUOUS
10
1.1153911023622047
20
0.4160186220472441
11
1.1163577952755905
21
0.4131185826771653
0
LINE
8
BLACK
6
CONTINUOUS
10
1.1163577952755905
20
0.4131185826771653
11
1.1157449212598425
21
0.4101237007874016
0
LINE
8
BLACK
6
CONTINUOUS
10
1.1157449212598425
20
0.4101237007874016
11
1.113556220472441
21
0.4057463385826772
0
LINE
8
BLACK
6
CONTINUOUS
10
1.113556220472441
20
0.4057463385826772
11
1.113556220472441
21
0.3996622834645669
0
LINE
8
BLACK
6
CONTINUOUS
10
1.113556220472441
20
0.3996622834645669
11
1.1156244488188976
21
0.3934575984251968
0
LINE
8
BLACK
6
CONTINUOUS
10
1.1156244488188976
20
0.3934575984251968
11
1.1195853543307086
21
0.3894966929133858
0
LINE
8
BLACK
6
CONTINUOUS
10
1.1195853543307086
20
0.3894966929133858
11
1.123772716535433
21
0.387403031496063
0
LINE
8
BLACK
6
CONTINUOUS
10
1.123772716535433
20
0.387403031496063
11
1.133686968503937
21
0.3849244881889763
0
LINE
8
BLACK
6
CONTINUOUS
10
1.133686968503937
20
0.3849244881889763
11
1.1406695669291338
21
0.3849244881889763
0
LINE
8
BLACK
6
CONTINUOUS
10
1.1406695669291338
20
0.3849244881889763
11
1.1505837795275591
21
0.3874029921259842
0
LINE
8
BLACK
6
CONTINUOUS
10
1.1505837795275591
20
0.3874029921259842
11
1.1547711811023622
21
0.3894967322834645
0
LINE
8
BLACK
6
CONTINUOUS
10
1.1547711811023622
20
0.3894967322834645
11
1.1587320472440945
21
0.3934575590551181
0
LINE
8
BLACK
6
CONTINUOUS
10
1.1587320472440945
20
0.3934575590551181
11
1.1608003149606299
21
0.3996623622047244
0
LINE
8
BLACK
6
CONTINUOUS
10
1.1608003149606299
20
0.3996623622047244
11
1.1608003149606299
21
0.4033699212598425
0
LINE
8
BLACK
6
CONTINUOUS
10
1.1608003149606299
20
0.4033699212598425
11
1.1587320472440945
21
0.4095747244094488
0
LINE
8
BLACK
6
CONTINUOUS
10
1.1587320472440945
20
0.4095747244094488
11
1.1586354330708661
21
0.4096713779527559
0
LINE
8
BLACK
6
CONTINUOUS
10
1.1586354330708661
20
0.4096713779527559
11
1.1473020078740157
21
0.4096713779527559
0
LINE
8
BLACK
6
CONTINUOUS
10
1.1473020078740157
20
0.4096713779527559
11
1.1473020078740157
21
0.4043283070866142
0
LINE
8
BLACK
6
CONTINUOUS
10
1.1473020078740157
20
0.4043283070866142
11
1.1465108267716535
21
0.4013755511811024
0
LINE
8
BLACK
6
CONTINUOUS
10
1.1465108267716535
20
0.4013755511811024
11
1.1443492519685039
21
0.3992139763779528
0
LINE
8
BLACK
6
CONTINUOUS
10
1.1443492519685039
20
0.3992139763779528
11
1.1413964960629921
21
0.3984227952755905
0
LINE
8
BLACK
6
CONTINUOUS
10
1.1413964960629921
20
0.3984227952755905
11
1.1384437401574803
21
0.3992139763779528
0
LINE
8
BLACK
6
CONTINUOUS
10
1.1384437401574803
20
0.3992139763779528
11
1.1362821653543307
21
0.4013755511811024
0
LINE
8
BLACK
6
CONTINUOUS
10
1.1362821653543307
20
0.4013755511811024
11
1.1354909842519685
21
0.4043283070866142
0
LINE
8
BLACK
6
CONTINUOUS
10
1.1354909842519685
20
0.4043283070866142
11
1.1354909842519685
21
0.4155768897637795
0
LINE
8
BLACK
6
CONTINUOUS
10
1.1354909842519685
20
0.4155768897637795
11
1.1362821653543307
21
0.4185296456692914
0
LINE
8
BLACK
6
CONTINUOUS
10
1.1362821653543307
20
0.4185296456692914
11
1.1384437401574803
21
0.420691220472441
0
LINE
8
BLACK
6
CONTINUOUS
10
1.1384437401574803
20
0.420691220472441
11
1.1413964960629921
21
0.4214824015748032
0
LINE
8
BLACK
6
CONTINUOUS
10
1.1413964960629921
20
0.4214824015748032
11
1.1610815354330708
21
0.4214824015748032
0
LINE
8
BLACK
6
CONTINUOUS
10
1.1610815354330708
20
0.4214824015748032
11
1.1618325196850394
21
0.4212811811023622
0
LINE
8
BLACK
6
CONTINUOUS
10
1.0667188976377953
20
0.4805339763779528
11
1.0667321259842519
21
0.4805374803149606
0
LINE
8
BLACK
6
CONTINUOUS
10
1.0667321259842519
20
0.4805374803149606
11
1.0681979133858268
21
0.4801376771653543
0
LINE
8
BLACK
6
CONTINUOUS
10
1.0681979133858268
20
0.4801376771653543
11
1.0696585826771654
21
0.4797463385826772
0
LINE
8
BLACK
6
CONTINUOUS
10
1.0696585826771654
20
0.4797463385826772
11
1.0696681496062992
21
0.4797367322834645
0
LINE
8
BLACK
6
CONTINUOUS
10
1.0696681496062992
20
0.4797367322834645
11
1.0696813385826771
21
0.4797331496062992
0
LINE
8
BLACK
6
CONTINUOUS
10
1.0696813385826771
20
0.4797331496062992
11
1.0707506692913387
21
0.4786542125984252
0
LINE
8
BLACK
6
CONTINUOUS
10
1.0707506692913387
20
0.4786542125984252
11
1.071820157480315
21
0.4775847637795275
0
LINE
8
BLACK
6
CONTINUOUS
10
1.071820157480315
20
0.4775847637795275
11
1.0718236614173229
21
0.4775716141732284
0
LINE
8
BLACK
6
CONTINUOUS
10
1.0718236614173229
20
0.4775716141732284
11
1.0718332677165354
21
0.477561968503937
0
LINE
8
BLACK
6
CONTINUOUS
10
1.0718332677165354
20
0.477561968503937
11
1.0722199606299212
21
0.4760925984251969
0
LINE
8
BLACK
6
CONTINUOUS
10
1.0722199606299212
20
0.4760925984251969
11
1.0726113385826772
21
0.4746320078740157
0
LINE
8
BLACK
6
CONTINUOUS
10
1.0726113385826772
20
0.4746320078740157
11
1.0726077952755906
21
0.4746188976377952
0
LINE
8
BLACK
6
CONTINUOUS
10
1.0726077952755906
20
0.4746188976377952
11
1.0726112992125985
21
0.4746057086614173
0
LINE
8
BLACK
6
CONTINUOUS
10
1.0726112992125985
20
0.4746057086614173
11
1.072211496062992
21
0.4731398818897637
0
LINE
8
BLACK
6
CONTINUOUS
10
1.072211496062992
20
0.4731398818897637
11
1.071820157480315
21
0.4716792519685039
0
LINE
8
BLACK
6
CONTINUOUS
10
1.071820157480315
20
0.4716792519685039
11
1.0718105511811022
21
0.4716696456692913
0
LINE
8
BLACK
6
CONTINUOUS
10
1.0718105511811022
20
0.4716696456692913
11
1.0718069685039371
21
0.4716564960629921
0
LINE
8
BLACK
6
CONTINUOUS
10
1.0718069685039371
20
0.4716564960629921
11
1.0707302362204725
21
0.4705893307086614
0
LINE
8
BLACK
6
CONTINUOUS
10
1.0707302362204725
20
0.4705893307086614
11
1.0696585826771654
21
0.4695176771653543
0
LINE
8
BLACK
6
CONTINUOUS
10
1.0696585826771654
20
0.4695176771653543
11
1.0696453937007875
21
0.4695141338582677
0
LINE
8
BLACK
6
CONTINUOUS
10
1.0696453937007875
20
0.4695141338582677
11
1.0696357874015747
21
0.4695046062992126
0
LINE
8
BLACK
6
CONTINUOUS
10
1.0696357874015747
20
0.4695046062992126
11
1.0298882677165353
21
0.4467917322834646
0
LINE
8
BLACK
6
CONTINUOUS
10
1.0298882677165353
20
0.4467917322834646
11
1.0667058267716536
21
0.4467917322834646
0
LINE
8
BLACK
6
CONTINUOUS
10
1.0667058267716536
20
0.4467917322834646
11
1.0696585826771654
21
0.4460005511811024
0
LINE
8
BLACK
6
CONTINUOUS
10
1.0696585826771654
20
0.4460005511811024
11
1.071820157480315
21
0.4438389763779527
0
LINE
8
BLACK
6
CONTINUOUS
10
1.071820157480315
20
0.4438389763779527
11
1.0726113385826772
21
0.4408862204724409
0
LINE
8
BLACK
6
CONTINUOUS
10
1.0726113385826772
20
0.4408862204724409
11
1.071820157480315
21
0.4379334645669291
0
LINE
8
BLACK
6
CONTINUOUS
10
1.071820157480315
20
0.4379334645669291
11
1.0696585826771654
21
0.4357718897637795
0
LINE
8
BLACK
6
CONTINUOUS
10
1.0696585826771654
20
0.4357718897637795
11
1.0667058267716536
21
0.4349807086614173
0
LINE
8
BLACK
6
CONTINUOUS
10
1.0667058267716536
20
0.4349807086614173
11
1.0076507086614173
21
0.4349807086614173
0
LINE
8
BLACK
6
CONTINUOUS
10
1.0076507086614173
20
0.4349807086614173
11
1.0076375984251968
21
0.4349842125984252
0
LINE
8
BLACK
6
CONTINUOUS
10
1.0076375984251968
20
0.4349842125984252
11
1.0076244094488189
21
0.4349807480314961
0
LINE
8
BLACK
6
CONTINUOUS
10
1.0076244094488189
20
0.4349807480314961
11
1.0061585826771653
21
0.4353805118110236
0
LINE
8
BLACK
6
CONTINUOUS
10
1.0061585826771653
20
0.4353805118110236
11
1.0046979527559055
21
0.4357718897637795
0
LINE
8
BLACK
6
CONTINUOUS
10
1.0046979527559055
20
0.4357718897637795
11
1.0046883464566929
21
0.4357814566929133
0
LINE
8
BLACK
6
CONTINUOUS
10
1.0046883464566929
20
0.4357814566929133
11
1.0046751968503937
21
0.4357850787401575
0
LINE
8
BLACK
6
CONTINUOUS
10
1.0046751968503937
20
0.4357850787401575
11
1.0036080314960629
21
0.4368617716535433
0
LINE
8
BLACK
6
CONTINUOUS
10
1.0036080314960629
20
0.4368617716535433
11
1.0025363779527559
21
0.4379334645669291
0
LINE
8
BLACK
6
CONTINUOUS
10
1.0025363779527559
20
0.4379334645669291
11
1.0025328346456692
21
0.4379466141732283
0
LINE
8
BLACK
6
CONTINUOUS
10
1.0025328346456692
20
0.4379466141732283
11
1.0025233070866142
21
0.4379562598425197
0
LINE
8
BLACK
6
CONTINUOUS
10
1.0025233070866142
20
0.4379562598425197
11
1.0021376771653543
21
0.4394214173228346
0
LINE
8
BLACK
6
CONTINUOUS
10
1.0021376771653543
20
0.4394214173228346
11
1.0017451968503936
21
0.4408862204724409
0
LINE
8
BLACK
6
CONTINUOUS
10
1.0017451968503936
20
0.4408862204724409
11
1.0017487007874015
21
0.4408992913385827
0
LINE
8
BLACK
6
CONTINUOUS
10
1.0017487007874015
20
0.4408992913385827
11
1.0017452362204724
21
0.4409125196850394
0
LINE
8
BLACK
6
CONTINUOUS
10
1.0017452362204724
20
0.4409125196850394
11
1.0021450000000001
21
0.4423783070866142
0
LINE
8
BLACK
6
CONTINUOUS
10
1.0021450000000001
20
0.4423783070866142
11
1.0025363779527559
21
0.4438389763779527
0
LINE
8
BLACK
6
CONTINUOUS
10
1.0025363779527559
20
0.4438389763779527
11
1.0025459448818896
21
0.4438485433070866
0
LINE
8
BLACK
6
CONTINUOUS
10
1.0025459448818896
20
0.4438485433070866
11
1.0025495669291338
21
0.4438617322834645
0
LINE
8
BLACK
6
CONTINUOUS
10
1.0025495669291338
20
0.4438617322834645
11
1.0036262598425196
21
0.4449288582677165
0
LINE
8
BLACK
6
CONTINUOUS
10
1.0036262598425196
20
0.4449288582677165
11
1.0046979527559055
21
0.4460005511811024
0
LINE
8
BLACK
6
CONTINUOUS
10
1.0046979527559055
20
0.4460005511811024
11
1.0047111023622046
21
0.4460040551181102
0
LINE
8
BLACK
6
CONTINUOUS
10
1.0047111023622046
20
0.4460040551181102
11
1.0047207480314961
21
0.4460136220472441
0
LINE
8
BLACK
6
CONTINUOUS
10
1.0047207480314961
20
0.4460136220472441
11
1.0444682283464566
21
0.4687264960629921
0
LINE
8
BLACK
6
CONTINUOUS
10
1.0444682283464566
20
0.4687264960629921
11
1.0076507086614173
21
0.4687264960629921
0
LINE
8
BLACK
6
CONTINUOUS
10
1.0076507086614173
20
0.4687264960629921
11
1.0046979527559055
21
0.4695176771653543
0
LINE
8
BLACK
6
CONTINUOUS
10
1.0046979527559055
20
0.4695176771653543
11
1.0025363779527559
21
0.4716792519685039
0
LINE
8
BLACK
6
CONTINUOUS
10
1.0025363779527559
20
0.4716792519685039
11
1.0017451968503936
21
0.4746320078740157
0
LINE
8
BLACK
6
CONTINUOUS
10
1.0017451968503936
20
0.4746320078740157
11
1.0025363779527559
21
0.4775847637795275
0
LINE
8
BLACK
6
CONTINUOUS
10
1.0025363779527559
20
0.4775847637795275
11
1.0046979527559055
21
0.4797463385826772
0
LINE
8
BLACK
6
CONTINUOUS
10
1.0046979527559055
20
0.4797463385826772
11
1.0076507086614173
21
0.4805375196850394
0
LINE
8
BLACK
6
CONTINUOUS
10
1.0076507086614173
20
0.4805375196850394
11
1.0667058267716536
21
0.4805375196850394
0
LINE
8
BLACK
6
CONTINUOUS
10
1.0667058267716536
20
0.4805375196850394
11
1.0667188976377953
21
0.4805339763779528
0
LINE
8
BLACK
6
CONTINUOUS
10
1.1667188976377953
20
0.4805339763779528
11
1.166732125984252
21
0.4805374803149606
0
LINE
8
BLACK
6
CONTINUOUS
10
1.166732125984252
20
0.4805374803149606
11
1.1681979133858267
21
0.4801376771653543
0
LINE
8
BLACK
6
CONTINUOUS
10
1.1681979133858267
20
0.4801376771653543
11
1.1696585826771653
21
0.4797463385826772
0
LINE
8
BLACK
6
CONTINUOUS
10
1.1696585826771653
20
0.4797463385826772
11
1.1696681496062993
21
0.4797367322834645
0
LINE
8
BLACK
6
CONTINUOUS
10
1.1696681496062993
20
0.4797367322834645
11
1.1696813385826772
21
0.4797331496062992
0
LINE
8
BLACK
6
CONTINUOUS
10
1.1696813385826772
20
0.4797331496062992
11
1.1707506692913385
21
0.4786542125984252
0
LINE
8
BLACK
6
CONTINUOUS
10
1.1707506692913385
20
0.4786542125984252
11
1.1718201574803149
21
0.4775847637795275
0
LINE
8
BLACK
6
CONTINUOUS
10
1.1718201574803149
20
0.4775847637795275
11
1.1718236614173227
21
0.4775716141732284
0
LINE
8
BLACK
6
CONTINUOUS
10
1.1718236614173227
20
0.4775716141732284
11
1.1718332677165355
21
0.477561968503937
0
LINE
8
BLACK
6
CONTINUOUS
10
1.1718332677165355
20
0.477561968503937
11
1.1722199606299213
21
0.4760925984251969
0
LINE
8
BLACK
6
CONTINUOUS
10
1.1722199606299213
20
0.4760925984251969
11
1.1726113385826771
21
0.4746320078740157
0
LINE
8
BLACK
6
CONTINUOUS
10
1.1726113385826771
20
0.4746320078740157
11
1.1726077952755904
21
0.4746188976377952
0
LINE
8
BLACK
6
CONTINUOUS
10
1.1726077952755904
20
0.4746188976377952
11
1.1726112992125983
21
0.4746057086614173
0
LINE
8
BLACK
6
CONTINUOUS
10
1.1726112992125983
20
0.4746057086614173
11
1.1722114960629921
21
0.4731398818897637
0
LINE
8
BLACK
6
CONTINUOUS
10
1.1722114960629921
20
0.4731398818897637
11
1.1718201574803149
21
0.4716792519685039
0
LINE
8
BLACK
6
CONTINUOUS
10
1.1718201574803149
20
0.4716792519685039
11
1.1718105511811023
21
0.4716696456692913
0
LINE
8
BLACK
6
CONTINUOUS
10
1.1718105511811023
20
0.4716696456692913
11
1.171806968503937
21
0.4716564960629921
0
LINE
8
BLACK
6
CONTINUOUS
10
1.171806968503937
20
0.4716564960629921
11
1.1707302362204723
21
0.4705893307086614
0
LINE
8
BLACK
6
CONTINUOUS
10
1.1707302362204723
20
0.4705893307086614
11
1.1696585826771653
21
0.4695176771653543
0
LINE
8
BLACK
6
CONTINUOUS
10
1.1696585826771653
20
0.4695176771653543
11
1.1696453937007874
21
0.4695141338582677
0
LINE
8
BLACK
6
CONTINUOUS
10
1.1696453937007874
20
0.4695141338582677
11
1.1696357874015748
21
0.4695046062992126
0
LINE
8
BLACK
6
CONTINUOUS
10
1.1696357874015748
20
0.4695046062992126
11
1.1298882677165354
21
0.4467917322834646
0
LINE
8
BLACK
6
CONTINUOUS
10
1.1298882677165354
20
0.4467917322834646
11
1.1667058267716535
21
0.4467917322834646
0
LINE
8
BLACK
6
CONTINUOUS
10
1.1667058267716535
20
0.4467917322834646
11
1.1696585826771653
21
0.4460005511811024
0
LINE
8
BLACK
6
CONTINUOUS
10
1.1696585826771653
20
0.4460005511811024
11
1.1718201574803149
21
0.4438389763779527
0
LINE
8
BLACK
6
CONTINUOUS
10
1.1718201574803149
20
0.4438389763779527
11
1.1726113385826771
21
0.4408862204724409
0
LINE
8
BLACK
6
CONTINUOUS
10
1.1726113385826771
20
0.4408862204724409
11
1.1718201574803149
21
0.4379334645669291
0
LINE
8
BLACK
6
CONTINUOUS
10
1.1718201574803149
20
0.4379334645669291
11
1.1696585826771653
21
0.4357718897637795
0
LINE
8
BLACK
6
CONTINUOUS
10
1.1696585826771653
20
0.4357718897637795
11
1.1667058267716535
21
0.4349807086614173
0
LINE
8
BLACK
6
CONTINUOUS
10
1.1667058267716535
20
0.4349807086614173
11
1.1076507086614173
21
0.4349807086614173
0
LINE
8
BLACK
6
CONTINUOUS
10
1.1076507086614173
20
0.4349807086614173
11
1.1076375984251969
21
0.4349842125984252
0
LINE
8
BLACK
6
CONTINUOUS
10
1.1076375984251969
20
0.4349842125984252
11
1.1076244094488188
21
0.4349807480314961
0
LINE
8
BLACK
6
CONTINUOUS
10
1.1076244094488188
20
0.4349807480314961
11
1.1061585826771654
21
0.4353805118110236
0
LINE
8
BLACK
6
CONTINUOUS
10
1.1061585826771654
20
0.4353805118110236
11
1.1046979527559055
21
0.4357718897637795
0
LINE
8
BLACK
6
CONTINUOUS
10
1.1046979527559055
20
0.4357718897637795
11
1.1046883464566928
21
0.4357814566929133
0
LINE
8
BLACK
6
CONTINUOUS
10
1.1046883464566928
20
0.4357814566929133
11
1.1046751968503936
21
0.4357850787401575
0
LINE
8
BLACK
6
CONTINUOUS
10
1.1046751968503936
20
0.4357850787401575
11
1.103608031496063
21
0.4368617716535433
0
LINE
8
BLACK
6
CONTINUOUS
10
1.103608031496063
20
0.4368617716535433
11
1.1025363779527559
21
0.4379334645669291
0
LINE
8
BLACK
6
CONTINUOUS
10
1.1025363779527559
20
0.4379334645669291
11
1.1025328346456693
21
0.4379466141732283
0
LINE
8
BLACK
6
CONTINUOUS
10
1.1025328346456693
20
0.4379466141732283
11
1.1025233070866141
21
0.4379562598425197
0
LINE
8
BLACK
6
CONTINUOUS
10
1.1025233070866141
20
0.4379562598425197
11
1.1021376771653544
21
0.4394214173228346
0
LINE
8
BLACK
6
CONTINUOUS
10
1.1021376771653544
20
0.4394214173228346
11
1.1017451968503937
21
0.4408862204724409
0
LINE
8
BLACK
6
CONTINUOUS
10
1.1017451968503937
20
0.4408862204724409
11
1.1017487007874016
21
0.4408992913385827
0
LINE
8
BLACK
6
CONTINUOUS
10
1.1017487007874016
20
0.4408992913385827
11
1.1017452362204725
21
0.4409125196850394
0
LINE
8
BLACK
6
CONTINUOUS
10
1.1017452362204725
20
0.4409125196850394
11
1.1021449999999999
21
0.4423783070866142
0
LINE
8
BLACK
6
CONTINUOUS
10
1.1021449999999999
20
0.4423783070866142
11
1.1025363779527559
21
0.4438389763779527
0
LINE
8
BLACK
6
CONTINUOUS
10
1.1025363779527559
20
0.4438389763779527
11
1.1025459448818897
21
0.4438485433070866
0
LINE
8
BLACK
6
CONTINUOUS
10
1.1025459448818897
20
0.4438485433070866
11
1.1025495669291339
21
0.4438617322834645
0
LINE
8
BLACK
6
CONTINUOUS
10
1.1025495669291339
20
0.4438617322834645
11
1.1036262598425197
21
0.4449288582677165
0
LINE
8
BLACK
6
CONTINUOUS
10
1.1036262598425197
20
0.4449288582677165
11
1.1046979527559055
21
0.4460005511811024
0
LINE
8
BLACK
6
CONTINUOUS
10
1.1046979527559055
20
0.4460005511811024
11
1.1047111023622047
21
0.4460040551181102
0
LINE
8
BLACK
6
CONTINUOUS
10
1.1047111023622047
20
0.4460040551181102
11
1.104720748031496
21
0.4460136220472441
0
LINE
8
BLACK
6
CONTINUOUS
10
1.104720748031496
20
0.4460136220472441
11
1.1444682283464567
21
0.4687264960629921
0
LINE
8
BLACK
6
CONTINUOUS
10
1.1444682283464567
20
0.4687264960629921
11
1.1076507086614173
21
0.4687264960629921
0
LINE
8
BLACK
6
CONTINUOUS
10
1.1076507086614173
20
0.4687264960629921
11
1.1046979527559055
21
0.4695176771653543
0
LINE
8
BLACK
6
CONTINUOUS
10
1.1046979527559055
20
0.4695176771653543
11
1.1025363779527559
21
0.4716792519685039
0
LINE
8
BLACK
6
CONTINUOUS
10
1.1025363779527559
20
0.4716792519685039
11
1.1017451968503937
21
0.4746320078740157
0
LINE
8
BLACK
6
CONTINUOUS
10
1.1017451968503937
20
0.4746320078740157
11
1.1025363779527559
21
0.4775847637795275
0
LINE
8
BLACK
6
CONTINUOUS
10
1.1025363779527559
20
0.4775847637795275
11
1.1046979527559055
21
0.4797463385826772
0
LINE
8
BLACK
6
CONTINUOUS
10
1.1046979527559055
20
0.4797463385826772
11
1.1076507086614173
21
0.4805375196850394
0
LINE
8
BLACK
6
CONTINUOUS
10
1.1076507086614173
20
0.4805375196850394
11
1.1667058267716535
21
0.4805375196850394
0
LINE
8
BLACK
6
CONTINUOUS
10
1.1667058267716535
20
0.4805375196850394
11
1.1667188976377953
21
0.4805339763779528
0
LINE
8
BLACK
6
CONTINUOUS
10
1.0421003149606298
20
0.5422161811023621
11
1.042828779527559
21
0.5422284645669291
0
LINE
8
BLACK
6
CONTINUOUS
10
1.042828779527559
20
0.5422284645669291
11
1.0540773622047244
21
0.5394163385826771
0
LINE
8
BLACK
6
CONTINUOUS
10
1.0540773622047244
20
0.5394163385826771
11
1.0546473228346456
21
0.5390999212598425
0
LINE
8
BLACK
6
CONTINUOUS
10
1.0546473228346456
20
0.5390999212598425
11
1.0552861023622047
21
0.5389692125984252
0
LINE
8
BLACK
6
CONTINUOUS
10
1.0552861023622047
20
0.5389692125984252
11
1.0609103937007873
21
0.5361570472440945
0
LINE
8
BLACK
6
CONTINUOUS
10
1.0609103937007873
20
0.5361570472440945
11
1.0616217716535432
21
0.5355262204724409
0
LINE
8
BLACK
6
CONTINUOUS
10
1.0616217716535432
20
0.5355262204724409
11
1.0624451968503936
21
0.5350508267716535
0
LINE
8
BLACK
6
CONTINUOUS
10
1.0624451968503936
20
0.5350508267716535
11
1.068069527559055
21
0.5294265354330708
0
LINE
8
BLACK
6
CONTINUOUS
10
1.068069527559055
20
0.5294265354330708
11
1.0687482283464567
21
0.5282509448818897
0
LINE
8
BLACK
6
CONTINUOUS
10
1.0687482283464567
20
0.5282509448818897
11
1.0694961811023622
21
0.527118188976378
0
LINE
8
BLACK
6
CONTINUOUS
10
1.0694961811023622
20
0.527118188976378
11
1.0723083070866142
21
0.5186817322834646
0
LINE
8
BLACK
6
CONTINUOUS
10
1.0723083070866142
20
0.5186817322834646
11
1.0723652755905511
21
0.5177325590551181
0
LINE
8
BLACK
6
CONTINUOUS
10
1.0723652755905511
20
0.5177325590551181
11
1.0726113385826772
21
0.5168142519685039
0
LINE
8
BLACK
6
CONTINUOUS
10
1.0726113385826772
20
0.5168142519685039
11
1.0726113385826772
21
0.5027535039370079
0
LINE
8
BLACK
6
CONTINUOUS
10
1.0726113385826772
20
0.5027535039370079
11
1.071820157480315
21
0.499800748031496
0
LINE
8
BLACK
6
CONTINUOUS
10
1.071820157480315
20
0.499800748031496
11
1.0696585826771654
21
0.4976391732283464
0
LINE
8
BLACK
6
CONTINUOUS
10
1.0696585826771654
20
0.4976391732283464
11
1.0667058267716536
21
0.4968479921259842
0
LINE
8
BLACK
6
CONTINUOUS
10
1.0667058267716536
20
0.4968479921259842
11
1.0076507086614173
21
0.4968479921259842
0
LINE
8
BLACK
6
CONTINUOUS
10
1.0076507086614173
20
0.4968479921259842
11
1.0046979527559055
21
0.4976391732283464
0
LINE
8
BLACK
6
CONTINUOUS
10
1.0046979527559055
20
0.4976391732283464
11
1.0025363779527559
21
0.499800748031496
0
LINE
8
BLACK
6
CONTINUOUS
10
1.0025363779527559
20
0.499800748031496
11
1.0017451968503936
21
0.5027535039370079
0
LINE
8
BLACK
6
CONTINUOUS
10
1.0017451968503936
20
0.5027535039370079
11
1.0017451968503936
21
0.5168142519685039
0
LINE
8
BLACK
6
CONTINUOUS
10
1.0017451968503936
20
0.5168142519685039
11
1.0019912598425196
21
0.5177326771653543
0
LINE
8
BLACK
6
CONTINUOUS
10
1.0019912598425196
20
0.5177326771653543
11
1.0020482677165354
21
0.5186817322834646
0
LINE
8
BLACK
6
CONTINUOUS
10
1.0020482677165354
20
0.5186817322834646
11
1.0048603937007874
21
0.527118188976378
0
LINE
8
BLACK
6
CONTINUOUS
10
1.0048603937007874
20
0.527118188976378
11
1.0056083858267717
21
0.528251062992126
0
LINE
8
BLACK
6
CONTINUOUS
10
1.0056083858267717
20
0.528251062992126
11
1.0062870472440946
21
0.5294265354330708
0
LINE
8
BLACK
6
CONTINUOUS
10
1.0062870472440946
20
0.5294265354330708
11
1.0119113385826772
21
0.5350508267716535
0
LINE
8
BLACK
6
CONTINUOUS
10
1.0119113385826772
20
0.5350508267716535
11
1.0127347637795276
21
0.5355262204724409
0
LINE
8
BLACK
6
CONTINUOUS
10
1.0127347637795276
20
0.5355262204724409
11
1.0134461417322835
21
0.5361570472440945
0
LINE
8
BLACK
6
CONTINUOUS
10
1.0134461417322835
20
0.5361570472440945
11
1.0190703937007874
21
0.5389692125984252
0
LINE
8
BLACK
6
CONTINUOUS
10
1.0190703937007874
20
0.5389692125984252
11
1.0197092125984251
21
0.5390999212598425
0
LINE
8
BLACK
6
CONTINUOUS
10
1.0197092125984251
20
0.5390999212598425
11
1.0202791732283465
21
0.5394163385826771
0
LINE
8
BLACK
6
CONTINUOUS
10
1.0202791732283465
20
0.5394163385826771
11
1.0315277559055118
21
0.5422284645669291
0
LINE
8
BLACK
6
CONTINUOUS
10
1.0315277559055118
20
0.5422284645669291
11
1.0322561811023623
21
0.5422161811023621
0
LINE
8
BLACK
6
CONTINUOUS
10
1.0322561811023623
20
0.5422161811023621
11
1.0329600393700786
21
0.5424048031496063
0
LINE
8
BLACK
6
CONTINUOUS
10
1.0329600393700786
20
0.5424048031496063
11
1.041396496062992
21
0.5424048031496063
0
LINE
8
BLACK
6
CONTINUOUS
10
1.041396496062992
20
0.5424048031496063
11
1.0421003149606298
21
0.5422161811023621
0
LINE
8
BLACK
6
CONTINUOUS
10
1.0237727165354331
20
0.5281151968503937
11
1.0195853543307087
21
0.5260215354330708
0
LINE
8
BLACK
6
CONTINUOUS
10
1.0195853543307087
20
0.5260215354330708
11
1.0156244488188977
21
0.5220606299212598
0
LINE
8
BLACK
6
CONTINUOUS
10
1.0156244488188977
20
0.5220606299212598
11
1.0135562204724409
21
0.5158559448818898
0
LINE
8
BLACK
6
CONTINUOUS
10
1.0135562204724409
20
0.5158559448818898
11
1.0135562204724409
21
0.5086590157480315
0
LINE
8
BLACK
6
CONTINUOUS
10
1.0135562204724409
20
0.5086590157480315
11
1.06080031496063
21
0.5086590157480315
0
LINE
8
BLACK
6
CONTINUOUS
10
1.06080031496063
20
0.5086590157480315
11
1.06080031496063
21
0.5158558661417323
0
LINE
8
BLACK
6
CONTINUOUS
10
1.06080031496063
20
0.5158558661417323
11
1.0587320472440944
21
0.5220606692913385
0
LINE
8
BLACK
6
CONTINUOUS
10
1.0587320472440944
20
0.5220606692913385
11
1.0547711811023621
21
0.5260214960629921
0
LINE
8
BLACK
6
CONTINUOUS
10
1.0547711811023621
20
0.5260214960629921
11
1.050583779527559
21
0.5281152362204724
0
LINE
8
BLACK
6
CONTINUOUS
10
1.050583779527559
20
0.5281152362204724
11
1.0406695669291339
21
0.530593779527559
0
LINE
8
BLACK
6
CONTINUOUS
10
1.0406695669291339
20
0.530593779527559
11
1.0336869685039369
21
0.530593779527559
0
LINE
8
BLACK
6
CONTINUOUS
10
1.0336869685039369
20
0.530593779527559
11
1.0237727165354331
21
0.5281151968503937
0
LINE
8
BLACK
6
CONTINUOUS
10
1.1421003149606299
20
0.5422161811023621
11
1.1428287795275591
21
0.5422284645669291
0
LINE
8
BLACK
6
CONTINUOUS
10
1.1428287795275591
20
0.5422284645669291
11
1.1540773622047245
21
0.5394163385826771
0
LINE
8
BLACK
6
CONTINUOUS
10
1.1540773622047245
20
0.5394163385826771
11
1.1546473228346457
21
0.5390999212598425
0
LINE
8
BLACK
6
CONTINUOUS
10
1.1546473228346457
20
0.5390999212598425
11
1.1552861023622047
21
0.5389692125984252
0
LINE
8
BLACK
6
CONTINUOUS
10
1.1552861023622047
20
0.5389692125984252
11
1.1609103937007874
21
0.5361570472440945
0
LINE
8
BLACK
6
CONTINUOUS
10
1.1609103937007874
20
0.5361570472440945
11
1.1616217716535433
21
0.5355262204724409
0
LINE
8
BLACK
6
CONTINUOUS
10
1.1616217716535433
20
0.5355262204724409
11
1.1624451968503937
21
0.5350508267716535
0
LINE
8
BLACK
6
CONTINUOUS
10
1.1624451968503937
20
0.5350508267716535
11
1.1680695275590551
21
0.5294265354330708
0
LINE
8
BLACK
6
CONTINUOUS
10
1.1680695275590551
20
0.5294265354330708
11
1.1687482283464568
21
0.5282509448818897
0
LINE
8
BLACK
6
CONTINUOUS
10
1.1687482283464568
20
0.5282509448818897
11
1.1694961811023621
21
0.527118188976378
0
LINE
8
BLACK
6
CONTINUOUS
10
1.1694961811023621
20
0.527118188976378
11
1.172308307086614
21
0.5186817322834646
0
LINE
8
BLACK
6
CONTINUOUS
10
1.172308307086614
20
0.5186817322834646
11
1.1723652755905511
21
0.5177325590551181
0
LINE
8
BLACK
6
CONTINUOUS
10
1.1723652755905511
20
0.5177325590551181
11
1.1726113385826771
21
0.5168142519685039
0
LINE
8
BLACK
6
CONTINUOUS
10
1.1726113385826771
20
0.5168142519685039
11
1.1726113385826771
21
0.5027535039370079
0
LINE
8
BLACK
6
CONTINUOUS
10
1.1726113385826771
20
0.5027535039370079
11
1.1718201574803149
21
0.499800748031496
0
LINE
8
BLACK
6
CONTINUOUS
10
1.1718201574803149
20
0.499800748031496
11
1.1696585826771653
21
0.4976391732283464
0
LINE
8
BLACK
6
CONTINUOUS
10
1.1696585826771653
20
0.4976391732283464
11
1.1667058267716535
21
0.4968479921259842
0
LINE
8
BLACK
6
CONTINUOUS
10
1.1667058267716535
20
0.4968479921259842
11
1.1076507086614173
21
0.4968479921259842
0
LINE
8
BLACK
6
CONTINUOUS
10
1.1076507086614173
20
0.4968479921259842
11
1.1046979527559055
21
0.4976391732283464
0
LINE
8
BLACK
6
CONTINUOUS
10
1.1046979527559055
20
0.4976391732283464
11
1.1025363779527559
21
0.499800748031496
0
LINE
8
BLACK
6
CONTINUOUS
10
1.1025363779527559
20
0.499800748031496
11
1.1017451968503937
21
0.5027535039370079
0
LINE
8
BLACK
6
CONTINUOUS
10
1.1017451968503937
20
0.5027535039370079
11
1.1017451968503937
21
0.5168142519685039
0
LINE
8
BLACK
6
CONTINUOUS
10
1.1017451968503937
20
0.5168142519685039
11
1.1019912598425197
21
0.5177326771653543
0
LINE
8
BLACK
6
CONTINUOUS
10
1.1019912598425197
20
0.5177326771653543
11
1.1020482677165353
21
0.5186817322834646
0
LINE
8
BLACK
6
CONTINUOUS
10
1.1020482677165353
20
0.5186817322834646
11
1.1048603937007875
21
0.527118188976378
0
LINE
8
BLACK
6
CONTINUOUS
10
1.1048603937007875
20
0.527118188976378
11
1.1056083858267716
21
0.528251062992126
0
LINE
8
BLACK
6
CONTINUOUS
10
1.1056083858267716
20
0.528251062992126
11
1.1062870472440944
21
0.5294265354330708
0
LINE
8
BLACK
6
CONTINUOUS
10
1.1062870472440944
20
0.5294265354330708
11
1.1119113385826771
21
0.5350508267716535
0
LINE
8
BLACK
6
CONTINUOUS
10
1.1119113385826771
20
0.5350508267716535
11
1.1127347637795275
21
0.5355262204724409
0
LINE
8
BLACK
6
CONTINUOUS
10
1.1127347637795275
20
0.5355262204724409
11
1.1134461417322834
21
0.5361570472440945
0
LINE
8
BLACK
6
CONTINUOUS
10
1.1134461417322834
20
0.5361570472440945
11
1.1190703937007873
21
0.5389692125984252
0
LINE
8
BLACK
6
CONTINUOUS
10
1.1190703937007873
20
0.5389692125984252
11
1.1197092125984252
21
0.5390999212598425
0
LINE
8
BLACK
6
CONTINUOUS
10
1.1197092125984252
20
0.5390999212598425
11
1.1202791732283464
21
0.5394163385826771
0
LINE
8
BLACK
6
CONTINUOUS
10
1.1202791732283464
20
0.5394163385826771
11
1.1315277559055117
21
0.5422284645669291
0
LINE
8
BLACK
6
CONTINUOUS
10
1.1315277559055117
20
0.5422284645669291
11
1.1322561811023621
21
0.5422161811023621
0
LINE
8
BLACK
6
CONTINUOUS
10
1.1322561811023621
20
0.5422161811023621
11
1.1329600393700787
21
0.5424048031496063
0
LINE
8
BLACK
6
CONTINUOUS
10
1.1329600393700787
20
0.5424048031496063
11
1.1413964960629921
21
0.5424048031496063
0
LINE
8
BLACK
6
CONTINUOUS
10
1.1413964960629921
20
0.5424048031496063
11
1.1421003149606299
21
0.5422161811023621
0
LINE
8
BLACK
6
CONTINUOUS
10
1.123772716535433
20
0.5281151968503937
11
1.1195853543307086
21
0.5260215354330708
0
LINE
8
BLACK
6
CONTINUOUS
10
1.1195853543307086
20
0.5260215354330708
11
1.1156244488188976
21
0.5220606299212598
0
LINE
8
BLACK
6
CONTINUOUS
10
1.1156244488188976
20
0.5220606299212598
11
1.113556220472441
21
0.5158559448818898
0
LINE
8
BLACK
6
CONTINUOUS
10
1.113556220472441
20
0.5158559448818898
11
1.113556220472441
21
0.5086590157480315
0
LINE
8
BLACK
6
CONTINUOUS
10
1.113556220472441
20
0.5086590157480315
11
1.1608003149606299
21
0.5086590157480315
0
LINE
8
BLACK
6
CONTINUOUS
10
1.1608003149606299
20
0.5086590157480315
11
1.1608003149606299
21
0.5158558661417323
0
LINE
8
BLACK
6
CONTINUOUS
10
1.1608003149606299
20
0.5158558661417323
11
1.1587320472440945
21
0.5220606692913385
0
LINE
8
BLACK
6
CONTINUOUS
10
1.1587320472440945
20
0.5220606692913385
11
1.1547711811023622
21
0.5260214960629921
0
LINE
8
BLACK
6
CONTINUOUS
10
1.1547711811023622
20
0.5260214960629921
11
1.1505837795275591
21
0.5281152362204724
0
LINE
8
BLACK
6
CONTINUOUS
10
1.1505837795275591
20
0.5281152362204724
11
1.1406695669291338
21
0.530593779527559
0
LINE
8
BLACK
6
CONTINUOUS
10
1.1406695669291338
20
0.530593779527559
11
1.133686968503937
21
0.530593779527559
0
LINE
8
BLACK
6
CONTINUOUS
10
1.133686968503937
20
0.530593779527559
11
1.123772716535433
21
0.5281151968503937
0
LINE
8
BLACK
6
CONTINUOUS
10
1.0706239763779528
20
0.5971608267716535
11
1.0723083070866142
21
0.5946097637795276
0
LINE
8
BLACK
6
CONTINUOUS
10
1.0723083070866142
20
0.5946097637795276
11
1.0724914566929133
21
0.5915583464566929
0
LINE
8
BLACK
6
CONTINUOUS
10
1.0724914566929133
20
0.5915583464566929
11
1.0711243700787401
21
0.5888241338582677
0
LINE
8
BLACK
6
CONTINUOUS
10
1.0711243700787401
20
0.5888241338582677
11
1.0685733070866141
21
0.587139842519685
0
LINE
8
BLACK
6
CONTINUOUS
10
1.0685733070866141
20
0.587139842519685
11
1.0557384645669292
21
0.5828615354330708
0
LINE
8
BLACK
6
CONTINUOUS
10
1.0557384645669292
20
0.5828615354330708
11
1.0557384645669292
21
0.5632529133858267
0
LINE
8
BLACK
6
CONTINUOUS
10
1.0557384645669292
20
0.5632529133858267
11
1.0685733070866141
21
0.5589746456692913
0
LINE
8
BLACK
6
CONTINUOUS
10
1.0685733070866141
20
0.5589746456692913
11
1.0711243700787401
21
0.5572903543307086
0
LINE
8
BLACK
6
CONTINUOUS
10
1.0711243700787401
20
0.5572903543307086
11
1.0724914566929133
21
0.5545561417322834
0
LINE
8
BLACK
6
CONTINUOUS
10
1.0724914566929133
20
0.5545561417322834
11
1.0723083070866142
21
0.5515047244094488
0
LINE
8
BLACK
6
CONTINUOUS
10
1.0723083070866142
20
0.5515047244094488
11
1.0706239763779528
21
0.5489536614173228
0
LINE
8
BLACK
6
CONTINUOUS
10
1.0706239763779528
20
0.5489536614173228
11
1.0678897637795275
21
0.5475865748031495
0
LINE
8
BLACK
6
CONTINUOUS
10
1.0678897637795275
20
0.5475865748031495
11
1.0648383464566928
21
0.5477697244094488
0
LINE
8
BLACK
6
CONTINUOUS
10
1.0648383464566928
20
0.5477697244094488
11
1.0057832283464567
21
0.5674548031496063
0
LINE
8
BLACK
6
CONTINUOUS
10
1.0057832283464567
20
0.5674548031496063
11
1.0047935039370079
21
0.5681082283464567
0
LINE
8
BLACK
6
CONTINUOUS
10
1.0047935039370079
20
0.5681082283464567
11
1.003732559055118
21
0.5686387401574803
0
LINE
8
BLACK
6
CONTINUOUS
10
1.003732559055118
20
0.5686387401574803
11
1.0035335433070867
21
0.5689400787401575
0
LINE
8
BLACK
6
CONTINUOUS
10
1.0035335433070867
20
0.5689400787401575
11
1.0032322047244093
21
0.569139094488189
0
LINE
8
BLACK
6
CONTINUOUS
10
1.0032322047244093
20
0.569139094488189
11
1.0027016929133858
21
0.5702000393700787
0
LINE
8
BLACK
6
CONTINUOUS
10
1.0027016929133858
20
0.5702000393700787
11
1.0020482677165354
21
0.5711897637795276
0
LINE
8
BLACK
6
CONTINUOUS
10
1.0020482677165354
20
0.5711897637795276
11
1.0020266141732284
21
0.5715501968503937
0
LINE
8
BLACK
6
CONTINUOUS
10
1.0020266141732284
20
0.5715501968503937
11
1.0018650787401575
21
0.5718733070866142
0
LINE
8
BLACK
6
CONTINUOUS
10
1.0018650787401575
20
0.5718733070866142
11
1.0019361417322834
21
0.5730572440944882
0
LINE
8
BLACK
6
CONTINUOUS
10
1.0019361417322834
20
0.5730572440944882
11
1.0018650787401575
21
0.5742411811023622
0
LINE
8
BLACK
6
CONTINUOUS
10
1.0018650787401575
20
0.5742411811023622
11
1.0020266141732284
21
0.5745642519685039
0
LINE
8
BLACK
6
CONTINUOUS
10
1.0020266141732284
20
0.5745642519685039
11
1.0020482677165354
21
0.5749247244094488
0
LINE
8
BLACK
6
CONTINUOUS
10
1.0020482677165354
20
0.5749247244094488
11
1.0027016929133858
21
0.5759144094488189
0
LINE
8
BLACK
6
CONTINUOUS
10
1.0027016929133858
20
0.5759144094488189
11
1.0032322047244093
21
0.5769753937007874
0
LINE
8
BLACK
6
CONTINUOUS
10
1.0032322047244093
20
0.5769753937007874
11
1.0035335433070867
21
0.5771743700787402
0
LINE
8
BLACK
6
CONTINUOUS
10
1.0035335433070867
20
0.5771743700787402
11
1.003732559055118
21
0.577475748031496
0
LINE
8
BLACK
6
CONTINUOUS
10
1.003732559055118
20
0.577475748031496
11
1.0047935039370079
21
0.5780062204724409
0
LINE
8
BLACK
6
CONTINUOUS
10
1.0047935039370079
20
0.5780062204724409
11
1.0057832283464567
21
0.57865968503937
0
LINE
8
BLACK
6
CONTINUOUS
10
1.0057832283464567
20
0.57865968503937
11
1.0648383464566928
21
0.5983447637795275
0
LINE
8
BLACK
6
CONTINUOUS
10
1.0648383464566928
20
0.5983447637795275
11
1.0678897637795275
21
0.5985279133858268
0
LINE
8
BLACK
6
CONTINUOUS
10
1.0678897637795275
20
0.5985279133858268
11
1.0706239763779528
21
0.5971608267716535
0
LINE
8
BLACK
6
CONTINUOUS
10
1.0263255118110235
20
0.5730572440944882
11
1.0439274409448818
21
0.5671899212598425
0
LINE
8
BLACK
6
CONTINUOUS
10
1.0439274409448818
20
0.5671899212598425
11
1.0439274409448818
21
0.5789245275590551
0
LINE
8
BLACK
6
CONTINUOUS
10
1.0439274409448818
20
0.5789245275590551
11
1.0263255118110235
21
0.5730572440944882
0
LINE
8
BLACK
6
CONTINUOUS
10
1.242570905511811
20
0.7779034251968504
11
1.2439008661417323
21
0.7776312992125984
0
LINE
8
BLACK
6
CONTINUOUS
10
1.2439008661417323
20
0.7776312992125984
11
1.2495251968503938
21
0.7748191338582677
0
LINE
8
BLACK
6
CONTINUOUS
10
1.2495251968503938
20
0.7748191338582677
11
1.2502365748031496
21
0.7741882677165354
0
LINE
8
BLACK
6
CONTINUOUS
10
1.2502365748031496
20
0.7741882677165354
11
1.2510600000000001
21
0.7737129133858267
0
LINE
8
BLACK
6
CONTINUOUS
10
1.2510600000000001
20
0.7737129133858267
11
1.253872125984252
21
0.7709007874015747
0
LINE
8
BLACK
6
CONTINUOUS
10
1.253872125984252
20
0.7709007874015747
11
1.2543475196850393
21
0.7700773228346457
0
LINE
8
BLACK
6
CONTINUOUS
10
1.2543475196850393
20
0.7700773228346457
11
1.2549783464566928
21
0.7693659842519684
0
LINE
8
BLACK
6
CONTINUOUS
10
1.2549783464566928
20
0.7693659842519684
11
1.2577905118110235
21
0.7637417322834645
0
LINE
8
BLACK
6
CONTINUOUS
10
1.2577905118110235
20
0.7637417322834645
11
1.2580626771653542
21
0.7624116929133858
0
LINE
8
BLACK
6
CONTINUOUS
10
1.2580626771653542
20
0.7624116929133858
11
1.2584139763779527
21
0.7611006692913386
0
LINE
8
BLACK
6
CONTINUOUS
10
1.2584139763779527
20
0.7611006692913386
11
1.2584139763779527
21
0.7554763779527559
0
LINE
8
BLACK
6
CONTINUOUS
10
1.2584139763779527
20
0.7554763779527559
11
1.258167874015748
21
0.7545579133858268
0
LINE
8
BLACK
6
CONTINUOUS
10
1.258167874015748
20
0.7545579133858268
11
1.2581109055118109
21
0.7536088582677165
0
LINE
8
BLACK
6
CONTINUOUS
10
1.2581109055118109
20
0.7536088582677165
11
1.2552987401574802
21
0.7451724409448819
0
LINE
8
BLACK
6
CONTINUOUS
10
1.2552987401574802
20
0.7451724409448819
11
1.2545508267716534
21
0.7440396456692914
0
LINE
8
BLACK
6
CONTINUOUS
10
1.2545508267716534
20
0.7440396456692914
11
1.253872125984252
21
0.7428640944881889
0
LINE
8
BLACK
6
CONTINUOUS
10
1.253872125984252
20
0.7428640944881889
11
1.2302076771653543
21
0.7191996456692913
0
LINE
8
BLACK
6
CONTINUOUS
10
1.2302076771653543
20
0.7191996456692913
11
1.2525084645669291
21
0.7191996456692913
0
LINE
8
BLACK
6
CONTINUOUS
10
1.2525084645669291
20
0.7191996456692913
11
1.2554612204724409
21
0.7184084645669291
0
LINE
8
BLACK
6
CONTINUOUS
10
1.2554612204724409
20
0.7184084645669291
11
1.2576227952755905
21
0.7162468897637795
0
LINE
8
BLACK
6
CONTINUOUS
10
1.2576227952755905
20
0.7162468897637795
11
1.2584139763779527
21
0.7132941338582677
0
LINE
8
BLACK
6
CONTINUOUS
10
1.2584139763779527
20
0.7132941338582677
11
1.2576227952755905
21
0.7103413779527559
0
LINE
8
BLACK
6
CONTINUOUS
10
1.2576227952755905
20
0.7103413779527559
11
1.2554612204724409
21
0.7081798031496063
0
LINE
8
BLACK
6
CONTINUOUS
10
1.2554612204724409
20
0.7081798031496063
11
1.2525084645669291
21
0.7073886220472441
0
LINE
8
BLACK
6
CONTINUOUS
10
1.2525084645669291
20
0.7073886220472441
11
1.2159505118110236
21
0.7073886220472441
0
LINE
8
BLACK
6
CONTINUOUS
10
1.2159505118110236
20
0.7073886220472441
11
1.215199527559055
21
0.707589842519685
0
LINE
8
BLACK
6
CONTINUOUS
10
1.215199527559055
20
0.707589842519685
11
1.2144220472440945
21
0.707589842519685
0
LINE
8
BLACK
6
CONTINUOUS
10
1.2144220472440945
20
0.707589842519685
11
1.2137487007874015
21
0.7079785433070866
0
LINE
8
BLACK
6
CONTINUOUS
10
1.2137487007874015
20
0.7079785433070866
11
1.2129977559055118
21
0.7081798031496063
0
LINE
8
BLACK
6
CONTINUOUS
10
1.2129977559055118
20
0.7081798031496063
11
1.2124479527559056
21
0.7087295669291338
0
LINE
8
BLACK
6
CONTINUOUS
10
1.2124479527559056
20
0.7087295669291338
11
1.21177468503937
21
0.7091183070866142
0
LINE
8
BLACK
6
CONTINUOUS
10
1.21177468503937
20
0.7091183070866142
11
1.2113859448818898
21
0.7097915748031496
0
LINE
8
BLACK
6
CONTINUOUS
10
1.2113859448818898
20
0.7097915748031496
11
1.2108361811023622
21
0.7103413779527559
0
LINE
8
BLACK
6
CONTINUOUS
10
1.2108361811023622
20
0.7103413779527559
11
1.2106349212598424
21
0.7110923228346456
0
LINE
8
BLACK
6
CONTINUOUS
10
1.2106349212598424
20
0.7110923228346456
11
1.2102462204724409
21
0.7117656692913386
0
LINE
8
BLACK
6
CONTINUOUS
10
1.2102462204724409
20
0.7117656692913386
11
1.2102462204724409
21
0.7125431496062992
0
LINE
8
BLACK
6
CONTINUOUS
10
1.2102462204724409
20
0.7125431496062992
11
1.210045
21
0.7132941338582677
0
LINE
8
BLACK
6
CONTINUOUS
10
1.210045
20
0.7132941338582677
11
1.2102462204724409
21
0.7140450787401574
0
LINE
8
BLACK
6
CONTINUOUS
10
1.2102462204724409
20
0.7140450787401574
11
1.2102462204724409
21
0.7148225984251968
0
LINE
8
BLACK
6
CONTINUOUS
10
1.2102462204724409
20
0.7148225984251968
11
1.2106349212598424
21
0.715495905511811
0
LINE
8
BLACK
6
CONTINUOUS
10
1.2106349212598424
20
0.715495905511811
11
1.2108361811023622
21
0.7162468897637795
0
LINE
8
BLACK
6
CONTINUOUS
10
1.2108361811023622
20
0.7162468897637795
11
1.2113859448818898
21
0.716796653543307
0
LINE
8
BLACK
6
CONTINUOUS
10
1.2113859448818898
20
0.716796653543307
11
1.21177468503937
21
0.7174699606299212
0
LINE
8
BLACK
6
CONTINUOUS
10
1.21177468503937
20
0.7174699606299212
11
1.2445346850393701
21
0.7502299606299212
0
LINE
8
BLACK
6
CONTINUOUS
10
1.2445346850393701
20
0.7502299606299212
11
1.2466029527559055
21
0.7564347244094488
0
LINE
8
BLACK
6
CONTINUOUS
10
1.2466029527559055
20
0.7564347244094488
11
1.2466029527559055
21
0.7597065354330709
0
LINE
8
BLACK
6
CONTINUOUS
10
1.2466029527559055
20
0.7597065354330709
11
1.2448428346456692
21
0.7632267322834646
0
LINE
8
BLACK
6
CONTINUOUS
10
1.2448428346456692
20
0.7632267322834646
11
1.2433859842519686
21
0.764683622047244
0
LINE
8
BLACK
6
CONTINUOUS
10
1.2433859842519686
20
0.764683622047244
11
1.2398657480314961
21
0.7664437401574803
0
LINE
8
BLACK
6
CONTINUOUS
10
1.2398657480314961
20
0.7664437401574803
11
1.2285932283464567
21
0.7664437401574803
0
LINE
8
BLACK
6
CONTINUOUS
10
1.2285932283464567
20
0.7664437401574803
11
1.2250729921259842
21
0.764683622047244
0
LINE
8
BLACK
6
CONTINUOUS
10
1.2250729921259842
20
0.764683622047244
11
1.2229385039370078
21
0.7625491338582677
0
LINE
8
BLACK
6
CONTINUOUS
10
1.2229385039370078
20
0.7625491338582677
11
1.2202911417322835
21
0.7610206692913386
0
LINE
8
BLACK
6
CONTINUOUS
10
1.2202911417322835
20
0.7610206692913386
11
1.2172342125984252
21
0.7610206692913386
0
LINE
8
BLACK
6
CONTINUOUS
10
1.2172342125984252
20
0.7610206692913386
11
1.2145868503937007
21
0.7625491338582677
0
LINE
8
BLACK
6
CONTINUOUS
10
1.2145868503937007
20
0.7625491338582677
11
1.2130583858267716
21
0.7651964960629921
0
LINE
8
BLACK
6
CONTINUOUS
10
1.2130583858267716
20
0.7651964960629921
11
1.2130583858267716
21
0.7682534251968504
0
LINE
8
BLACK
6
CONTINUOUS
10
1.2130583858267716
20
0.7682534251968504
11
1.2145868503937007
21
0.7709007874015747
0
LINE
8
BLACK
6
CONTINUOUS
10
1.2145868503937007
20
0.7709007874015747
11
1.2173989763779527
21
0.7737129133858267
0
LINE
8
BLACK
6
CONTINUOUS
10
1.2173989763779527
20
0.7737129133858267
11
1.2182223622047244
21
0.7741882677165354
0
LINE
8
BLACK
6
CONTINUOUS
10
1.2182223622047244
20
0.7741882677165354
11
1.218933779527559
21
0.7748191338582677
0
LINE
8
BLACK
6
CONTINUOUS
10
1.218933779527559
20
0.7748191338582677
11
1.2245581102362204
21
0.7776312992125984
0
LINE
8
BLACK
6
CONTINUOUS
10
1.2245581102362204
20
0.7776312992125984
11
1.225888031496063
21
0.7779034251968504
0
LINE
8
BLACK
6
CONTINUOUS
10
1.225888031496063
20
0.7779034251968504
11
1.2271991338582677
21
0.7782547637795275
0
LINE
8
BLACK
6
CONTINUOUS
10
1.2271991338582677
20
0.7782547637795275
11
1.241259842519685
21
0.7782547637795275
0
LINE
8
BLACK
6
CONTINUOUS
10
1.241259842519685
20
0.7782547637795275
11
1.242570905511811
21
0.7779034251968504
0
LINE
8
BLACK
6
CONTINUOUS
10
1.2960017322834645
20
0.7779034251968504
11
1.2973316929133858
21
0.7776312992125984
0
LINE
8
BLACK
6
CONTINUOUS
10
1.2973316929133858
20
0.7776312992125984
11
1.3029559842519685
21
0.7748191338582677
0
LINE
8
BLACK
6
CONTINUOUS
10
1.3029559842519685
20
0.7748191338582677
11
1.3036673228346456
21
0.7741883070866141
0
LINE
8
BLACK
6
CONTINUOUS
10
1.3036673228346456
20
0.7741883070866141
11
1.304490748031496
21
0.7737129527559055
0
LINE
8
BLACK
6
CONTINUOUS
10
1.304490748031496
20
0.7737129527559055
11
1.3073029133858267
21
0.7709008267716535
0
LINE
8
BLACK
6
CONTINUOUS
10
1.3073029133858267
20
0.7709008267716535
11
1.3077783070866142
21
0.7700773622047244
0
LINE
8
BLACK
6
CONTINUOUS
10
1.3077783070866142
20
0.7700773622047244
11
1.3084091732283465
21
0.7693659842519684
0
LINE
8
BLACK
6
CONTINUOUS
10
1.3084091732283465
20
0.7693659842519684
11
1.3112212992125984
21
0.763741653543307
0
LINE
8
BLACK
6
CONTINUOUS
10
1.3112212992125984
20
0.763741653543307
11
1.311351968503937
21
0.7631029133858268
0
LINE
8
BLACK
6
CONTINUOUS
10
1.311351968503937
20
0.7631029133858268
11
1.3116684251968505
21
0.7625329527559055
0
LINE
8
BLACK
6
CONTINUOUS
10
1.3116684251968505
20
0.7625329527559055
11
1.3144805905511812
21
0.7512843700787402
0
LINE
8
BLACK
6
CONTINUOUS
10
1.3144805905511812
20
0.7512843700787402
11
1.3144683070866141
21
0.7505558267716536
0
LINE
8
BLACK
6
CONTINUOUS
10
1.3144683070866141
20
0.7505558267716536
11
1.3146569291338583
21
0.7498520472440945
0
LINE
8
BLACK
6
CONTINUOUS
10
1.3146569291338583
20
0.7498520472440945
11
1.3146569291338583
21
0.7357913385826772
0
LINE
8
BLACK
6
CONTINUOUS
10
1.3146569291338583
20
0.7357913385826772
11
1.3144683070866141
21
0.7350875196850394
0
LINE
8
BLACK
6
CONTINUOUS
10
1.3144683070866141
20
0.7350875196850394
11
1.3144805905511812
21
0.7343590157480315
0
LINE
8
BLACK
6
CONTINUOUS
10
1.3144805905511812
20
0.7343590157480315
11
1.3116684251968505
21
0.7231104330708661
0
LINE
8
BLACK
6
CONTINUOUS
10
1.3116684251968505
20
0.7231104330708661
11
1.311351968503937
21
0.7225404330708661
0
LINE
8
BLACK
6
CONTINUOUS
10
1.311351968503937
20
0.7225404330708661
11
1.3112212992125984
21
0.7219017322834645
0
LINE
8
BLACK
6
CONTINUOUS
10
1.3112212992125984
20
0.7219017322834645
11
1.3084091732283465
21
0.7162774015748031
0
LINE
8
BLACK
6
CONTINUOUS
10
1.3084091732283465
20
0.7162774015748031
11
1.3077783070866142
21
0.7155659842519685
0
LINE
8
BLACK
6
CONTINUOUS
10
1.3077783070866142
20
0.7155659842519685
11
1.3073029133858267
21
0.7147425590551181
0
LINE
8
BLACK
6
CONTINUOUS
10
1.3073029133858267
20
0.7147425590551181
11
1.304490748031496
21
0.7119304330708661
0
LINE
8
BLACK
6
CONTINUOUS
10
1.304490748031496
20
0.7119304330708661
11
1.3036673228346456
21
0.7114550393700787
0
LINE
8
BLACK
6
CONTINUOUS
10
1.3036673228346456
20
0.7114550393700787
11
1.3029559842519685
21
0.710824251968504
0
LINE
8
BLACK
6
CONTINUOUS
10
1.3029559842519685
20
0.710824251968504
11
1.2973316929133858
21
0.7080120866141733
0
LINE
8
BLACK
6
CONTINUOUS
10
1.2973316929133858
20
0.7080120866141733
11
1.2960017322834645
21
0.7077399212598425
0
LINE
8
BLACK
6
CONTINUOUS
10
1.2960017322834645
20
0.7077399212598425
11
1.2946906692913385
21
0.7073886220472441
0
LINE
8
BLACK
6
CONTINUOUS
10
1.2946906692913385
20
0.7073886220472441
11
1.2890663779527558
21
0.7073886220472441
0
LINE
8
BLACK
6
CONTINUOUS
10
1.2890663779527558
20
0.7073886220472441
11
1.2877553149606298
21
0.7077398818897638
0
LINE
8
BLACK
6
CONTINUOUS
10
1.2877553149606298
20
0.7077398818897638
11
1.28642531496063
21
0.7080120866141733
0
LINE
8
BLACK
6
CONTINUOUS
10
1.28642531496063
20
0.7080120866141733
11
1.280801062992126
21
0.710824251968504
0
LINE
8
BLACK
6
CONTINUOUS
10
1.280801062992126
20
0.710824251968504
11
1.2800896850393702
21
0.7114550393700787
0
LINE
8
BLACK
6
CONTINUOUS
10
1.2800896850393702
20
0.7114550393700787
11
1.2792662992125985
21
0.7119304330708661
0
LINE
8
BLACK
6
CONTINUOUS
10
1.2792662992125985
20
0.7119304330708661
11
1.2764541338582678
21
0.7147425590551181
0
LINE
8
BLACK
6
CONTINUOUS
10
1.2764541338582678
20
0.7147425590551181
11
1.2759786614173227
21
0.7155660236220472
0
LINE
8
BLACK
6
CONTINUOUS
10
1.2759786614173227
20
0.7155660236220472
11
1.275347874015748
21
0.7162774015748031
0
LINE
8
BLACK
6
CONTINUOUS
10
1.275347874015748
20
0.7162774015748031
11
1.2725357086614173
21
0.7219016929133858
0
LINE
8
BLACK
6
CONTINUOUS
10
1.2725357086614173
20
0.7219016929133858
11
1.2724049606299213
21
0.7225404330708661
0
LINE
8
BLACK
6
CONTINUOUS
10
1.2724049606299213
20
0.7225404330708661
11
1.2720885826771653
21
0.7231104330708661
0
LINE
8
BLACK
6
CONTINUOUS
10
1.2720885826771653
20
0.7231104330708661
11
1.2692764566929133
21
0.7343590551181102
0
LINE
8
BLACK
6
CONTINUOUS
10
1.2692764566929133
20
0.7343590551181102
11
1.2692887007874016
21
0.7350874803149606
0
LINE
8
BLACK
6
CONTINUOUS
10
1.2692887007874016
20
0.7350874803149606
11
1.2691001181102362
21
0.7357913385826772
0
LINE
8
BLACK
6
CONTINUOUS
10
1.2691001181102362
20
0.7357913385826772
11
1.2691001181102362
21
0.7498520472440945
0
LINE
8
BLACK
6
CONTINUOUS
10
1.2691001181102362
20
0.7498520472440945
11
1.2692887007874016
21
0.7505558661417323
0
LINE
8
BLACK
6
CONTINUOUS
10
1.2692887007874016
20
0.7505558661417323
11
1.2692764566929133
21
0.7512843307086614
0
LINE
8
BLACK
6
CONTINUOUS
10
1.2692764566929133
20
0.7512843307086614
11
1.2720885826771653
21
0.7625329527559055
0
LINE
8
BLACK
6
CONTINUOUS
10
1.2720885826771653
20
0.7625329527559055
11
1.2724049606299213
21
0.7631029133858268
0
LINE
8
BLACK
6
CONTINUOUS
10
1.2724049606299213
20
0.7631029133858268
11
1.2725357086614173
21
0.7637416929133858
0
LINE
8
BLACK
6
CONTINUOUS
10
1.2725357086614173
20
0.7637416929133858
11
1.275347874015748
21
0.7693659842519684
0
LINE
8
BLACK
6
CONTINUOUS
10
1.275347874015748
20
0.7693659842519684
11
1.2759786614173227
21
0.7700773228346457
0
LINE
8
BLACK
6
CONTINUOUS
10
1.2759786614173227
20
0.7700773228346457
11
1.2764541338582678
21
0.7709008267716535
0
LINE
8
BLACK
6
CONTINUOUS
10
1.2764541338582678
20
0.7709008267716535
11
1.2792662992125985
21
0.7737129527559055
0
LINE
8
BLACK
6
CONTINUOUS
10
1.2792662992125985
20
0.7737129527559055
11
1.2800896850393702
21
0.7741883070866141
0
LINE
8
BLACK
6
CONTINUOUS
10
1.2800896850393702
20
0.7741883070866141
11
1.280801062992126
21
0.7748191338582677
0
LINE
8
BLACK
6
CONTINUOUS
10
1.280801062992126
20
0.7748191338582677
11
1.28642531496063
21
0.7776312992125984
0
LINE
8
BLACK
6
CONTINUOUS
10
1.28642531496063
20
0.7776312992125984
11
1.2877553149606298
21
0.7779034645669292
0
LINE
8
BLACK
6
CONTINUOUS
10
1.2877553149606298
20
0.7779034645669292
11
1.2890663779527558
21
0.7782547637795275
0
LINE
8
BLACK
6
CONTINUOUS
10
1.2890663779527558
20
0.7782547637795275
11
1.2946906692913385
21
0.7782547637795275
0
LINE
8
BLACK
6
CONTINUOUS
10
1.2946906692913385
20
0.7782547637795275
11
1.2960017322834645
21
0.7779034251968504
0
LINE
8
BLACK
6
CONTINUOUS
10
1.2869402362204725
20
0.7646835826771653
11
1.2854833858267716
21
0.7632267716535432
0
LINE
8
BLACK
6
CONTINUOUS
10
1.2854833858267716
20
0.7632267716535432
11
1.2833896456692913
21
0.7590393700787401
0
LINE
8
BLACK
6
CONTINUOUS
10
1.2833896456692913
20
0.7590393700787401
11
1.2809111417322834
21
0.7491251181102362
0
LINE
8
BLACK
6
CONTINUOUS
10
1.2809111417322834
20
0.7491251181102362
11
1.2809111417322834
21
0.7365182283464566
0
LINE
8
BLACK
6
CONTINUOUS
10
1.2809111417322834
20
0.7365182283464566
11
1.2833896456692913
21
0.7266039763779527
0
LINE
8
BLACK
6
CONTINUOUS
10
1.2833896456692913
20
0.7266039763779527
11
1.2854833858267716
21
0.7224165748031496
0
LINE
8
BLACK
6
CONTINUOUS
10
1.2854833858267716
20
0.7224165748031496
11
1.2869402362204725
21
0.7209597637795275
0
LINE
8
BLACK
6
CONTINUOUS
10
1.2869402362204725
20
0.7209597637795275
11
1.2904604724409448
21
0.7191996456692913
0
LINE
8
BLACK
6
CONTINUOUS
10
1.2904604724409448
20
0.7191996456692913
11
1.2932965748031495
21
0.7191996456692913
0
LINE
8
BLACK
6
CONTINUOUS
10
1.2932965748031495
20
0.7191996456692913
11
1.296816811023622
21
0.7209597637795275
0
LINE
8
BLACK
6
CONTINUOUS
10
1.296816811023622
20
0.7209597637795275
11
1.2982736614173227
21
0.7224166141732283
0
LINE
8
BLACK
6
CONTINUOUS
10
1.2982736614173227
20
0.7224166141732283
11
1.300367283464567
21
0.726603937007874
0
LINE
8
BLACK
6
CONTINUOUS
10
1.300367283464567
20
0.726603937007874
11
1.3028459055118109
21
0.7365182677165354
0
LINE
8
BLACK
6
CONTINUOUS
10
1.3028459055118109
20
0.7365182677165354
11
1.3028459055118109
21
0.7491250787401574
0
LINE
8
BLACK
6
CONTINUOUS
10
1.3028459055118109
20
0.7491250787401574
11
1.300367283464567
21
0.7590394094488189
0
LINE
8
BLACK
6
CONTINUOUS
10
1.300367283464567
20
0.7590394094488189
11
1.2982736614173227
21
0.7632267322834646
0
LINE
8
BLACK
6
CONTINUOUS
10
1.2982736614173227
20
0.7632267322834646
11
1.296816811023622
21
0.7646835826771653
0
LINE
8
BLACK
6
CONTINUOUS
10
1.296816811023622
20
0.7646835826771653
11
1.2932965748031495
21
0.7664437401574803
0
LINE
8
BLACK
6
CONTINUOUS
10
1.2932965748031495
20
0.7664437401574803
11
1.2904604724409448
21
0.7664437401574803
0
LINE
8
BLACK
6
CONTINUOUS
10
1.2904604724409448
20
0.7664437401574803
11
1.2869402362204725
21
0.7646835826771653
0
LINE
8
BLACK
6
CONTINUOUS
10
1.3483099606299211
20
0.7782042125984252
11
1.3485015354330709
21
0.7782425590551181
0
LINE
8
BLACK
6
CONTINUOUS
10
1.3485015354330709
20
0.7782425590551181
11
1.3497756692913385
21
0.7778114960629922
0
LINE
8
BLACK
6
CONTINUOUS
10
1.3497756692913385
20
0.7778114960629922
11
1.3510742125984252
21
0.7774635826771653
0
LINE
8
BLACK
6
CONTINUOUS
10
1.3510742125984252
20
0.7774635826771653
11
1.3512122440944883
21
0.7773255118110236
0
LINE
8
BLACK
6
CONTINUOUS
10
1.3512122440944883
20
0.7773255118110236
11
1.3513972440944881
21
0.7772629527559055
0
LINE
8
BLACK
6
CONTINUOUS
10
1.3513972440944881
20
0.7772629527559055
11
1.3522851181102362
21
0.7762526377952755
0
LINE
8
BLACK
6
CONTINUOUS
10
1.3522851181102362
20
0.7762526377952755
11
1.3532357874015748
21
0.7753020078740157
0
LINE
8
BLACK
6
CONTINUOUS
10
1.3532357874015748
20
0.7753020078740157
11
1.3532862992125985
21
0.7751134645669291
0
LINE
8
BLACK
6
CONTINUOUS
10
1.3532862992125985
20
0.7751134645669291
11
1.3534152362204723
21
0.7749667716535433
0
LINE
8
BLACK
6
CONTINUOUS
10
1.3534152362204723
20
0.7749667716535433
11
1.3536789763779526
21
0.773647874015748
0
LINE
8
BLACK
6
CONTINUOUS
10
1.3536789763779526
20
0.773647874015748
11
1.354026968503937
21
0.7723492519685039
0
LINE
8
BLACK
6
CONTINUOUS
10
1.354026968503937
20
0.7723492519685039
11
1.354026968503937
21
0.7191996456692913
0
LINE
8
BLACK
6
CONTINUOUS
10
1.354026968503937
20
0.7191996456692913
11
1.3649943700787401
21
0.7191996456692913
0
LINE
8
BLACK
6
CONTINUOUS
10
1.3649943700787401
20
0.7191996456692913
11
1.3679471259842519
21
0.7184084645669291
0
LINE
8
BLACK
6
CONTINUOUS
10
1.3679471259842519
20
0.7184084645669291
11
1.3701087007874015
21
0.7162468897637795
0
LINE
8
BLACK
6
CONTINUOUS
10
1.3701087007874015
20
0.7162468897637795
11
1.3708998818897637
21
0.7132941338582677
0
LINE
8
BLACK
6
CONTINUOUS
10
1.3708998818897637
20
0.7132941338582677
11
1.3701087007874015
21
0.7103413779527559
0
LINE
8
BLACK
6
CONTINUOUS
10
1.3701087007874015
20
0.7103413779527559
11
1.3679471259842519
21
0.7081798031496063
0
LINE
8
BLACK
6
CONTINUOUS
10
1.3679471259842519
20
0.7081798031496063
11
1.3649943700787401
21
0.7073886220472441
0
LINE
8
BLACK
6
CONTINUOUS
10
1.3649943700787401
20
0.7073886220472441
11
1.3481214566929134
21
0.7073886220472441
0
LINE
8
BLACK
6
CONTINUOUS
10
1.3481214566929134
20
0.7073886220472441
11
1.3312485826771654
21
0.7073886220472441
0
LINE
8
BLACK
6
CONTINUOUS
10
1.3312485826771654
20
0.7073886220472441
11
1.3282958267716536
21
0.7081798031496063
0
LINE
8
BLACK
6
CONTINUOUS
10
1.3282958267716536
20
0.7081798031496063
11
1.326134251968504
21
0.7103413779527559
0
LINE
8
BLACK
6
CONTINUOUS
10
1.326134251968504
20
0.7103413779527559
11
1.3253430708661418
21
0.7132941338582677
0
LINE
8
BLACK
6
CONTINUOUS
10
1.3253430708661418
20
0.7132941338582677
11
1.326134251968504
21
0.7162468897637795
0
LINE
8
BLACK
6
CONTINUOUS
10
1.326134251968504
20
0.7162468897637795
11
1.3282958267716536
21
0.7184084645669291
0
LINE
8
BLACK
6
CONTINUOUS
10
1.3282958267716536
20
0.7184084645669291
11
1.3312485826771654
21
0.7191996456692913
0
LINE
8
BLACK
6
CONTINUOUS
10
1.3312485826771654
20
0.7191996456692913
11
1.3422159448818898
21
0.7191996456692913
0
LINE
8
BLACK
6
CONTINUOUS
10
1.3422159448818898
20
0.7191996456692913
11
1.3422159448818898
21
0.7552799212598426
0
LINE
8
BLACK
6
CONTINUOUS
10
1.3422159448818898
20
0.7552799212598426
11
1.3410487007874015
21
0.7541126771653544
0
LINE
8
BLACK
6
CONTINUOUS
10
1.3410487007874015
20
0.7541126771653544
11
1.340225275590551
21
0.7536372834645669
0
LINE
8
BLACK
6
CONTINUOUS
10
1.340225275590551
20
0.7536372834645669
11
1.3395138976377952
21
0.7530064566929133
0
LINE
8
BLACK
6
CONTINUOUS
10
1.3395138976377952
20
0.7530064566929133
11
1.3338896062992125
21
0.7501943307086614
0
LINE
8
BLACK
6
CONTINUOUS
10
1.3338896062992125
20
0.7501943307086614
11
1.3308947244094489
21
0.7495814566929133
0
LINE
8
BLACK
6
CONTINUOUS
10
1.3308947244094489
20
0.7495814566929133
11
1.32799468503937
21
0.7505481496062992
0
LINE
8
BLACK
6
CONTINUOUS
10
1.32799468503937
20
0.7505481496062992
11
1.3259665354330707
21
0.7528353543307087
0
LINE
8
BLACK
6
CONTINUOUS
10
1.3259665354330707
20
0.7528353543307087
11
1.3253536614173229
21
0.7558302362204724
0
LINE
8
BLACK
6
CONTINUOUS
10
1.3253536614173229
20
0.7558302362204724
11
1.3263203543307087
21
0.7587302755905512
0
LINE
8
BLACK
6
CONTINUOUS
10
1.3263203543307087
20
0.7587302755905512
11
1.3286075590551181
21
0.7607584251968503
0
LINE
8
BLACK
6
CONTINUOUS
10
1.3286075590551181
20
0.7607584251968503
11
1.3333746456692912
21
0.7631419291338583
0
LINE
8
BLACK
6
CONTINUOUS
10
1.3333746456692912
20
0.7631419291338583
11
1.3379077952755905
21
0.7676750787401575
0
LINE
8
BLACK
6
CONTINUOUS
10
1.3379077952755905
20
0.7676750787401575
11
1.3432077952755905
21
0.7756250393700788
0
LINE
8
BLACK
6
CONTINUOUS
10
1.3432077952755905
20
0.7756250393700788
11
1.3442177559055117
21
0.7765126377952756
0
LINE
8
BLACK
6
CONTINUOUS
10
1.3442177559055117
20
0.7765126377952756
11
1.3451687007874016
21
0.7774635826771653
0
LINE
8
BLACK
6
CONTINUOUS
10
1.3451687007874016
20
0.7774635826771653
11
1.3453572834645668
21
0.777514094488189
0
LINE
8
BLACK
6
CONTINUOUS
10
1.3453572834645668
20
0.777514094488189
11
1.3455039763779528
21
0.777643031496063
0
LINE
8
BLACK
6
CONTINUOUS
10
1.3455039763779528
20
0.777643031496063
11
1.3468229133858267
21
0.777906811023622
0
LINE
8
BLACK
6
CONTINUOUS
10
1.3468229133858267
20
0.777906811023622
11
1.3481214566929134
21
0.7782547637795275
0
LINE
8
BLACK
6
CONTINUOUS
10
1.3481214566929134
20
0.7782547637795275
11
1.3483099606299211
21
0.7782042125984252
0
LINE
8
BLACK
6
CONTINUOUS
10
1.4185657874015747
20
0.7774635826771653
11
1.4207273622047243
21
0.7753020078740157
0
LINE
8
BLACK
6
CONTINUOUS
10
1.4207273622047243
20
0.7753020078740157
11
1.4215185433070865
21
0.7723492519685039
0
LINE
8
BLACK
6
CONTINUOUS
10
1.4215185433070865
20
0.7723492519685039
11
1.4207273622047243
21
0.7693964960629921
0
LINE
8
BLACK
6
CONTINUOUS
10
1.4207273622047243
20
0.7693964960629921
11
1.4185657874015747
21
0.7672349212598425
0
LINE
8
BLACK
6
CONTINUOUS
10
1.4185657874015747
20
0.7672349212598425
11
1.4156130314960629
21
0.7664437401574803
0
LINE
8
BLACK
6
CONTINUOUS
10
1.4156130314960629
20
0.7664437401574803
11
1.4057585039370077
21
0.7664437401574803
0
LINE
8
BLACK
6
CONTINUOUS
10
1.4057585039370077
20
0.7664437401574803
11
1.4022383070866142
21
0.764683622047244
0
LINE
8
BLACK
6
CONTINUOUS
10
1.4022383070866142
20
0.764683622047244
11
1.4005172047244094
21
0.7629625196850394
0
LINE
8
BLACK
6
CONTINUOUS
10
1.4005172047244094
20
0.7629625196850394
11
1.3957847244094488
21
0.7558638188976378
0
LINE
8
BLACK
6
CONTINUOUS
10
1.3957847244094488
20
0.7558638188976378
11
1.3955312992125983
21
0.7548501968503937
0
LINE
8
BLACK
6
CONTINUOUS
10
1.3955312992125983
20
0.7548501968503937
11
1.3960991338582678
21
0.7551340944881889
0
LINE
8
BLACK
6
CONTINUOUS
10
1.3960991338582678
20
0.7551340944881889
11
1.3974288582677166
21
0.7554061811023622
0
LINE
8
BLACK
6
CONTINUOUS
10
1.3974288582677166
20
0.7554061811023622
11
1.3987401181102361
21
0.7557575590551181
0
LINE
8
BLACK
6
CONTINUOUS
10
1.3987401181102361
20
0.7557575590551181
11
1.4099887007874015
21
0.7557575590551181
0
LINE
8
BLACK
6
CONTINUOUS
10
1.4099887007874015
20
0.7557575590551181
11
1.4112999212598425
21
0.7554061811023622
0
LINE
8
BLACK
6
CONTINUOUS
10
1.4112999212598425
20
0.7554061811023622
11
1.41262968503937
21
0.7551340944881889
0
LINE
8
BLACK
6
CONTINUOUS
10
1.41262968503937
20
0.7551340944881889
11
1.4182540551181102
21
0.752321968503937
0
LINE
8
BLACK
6
CONTINUOUS
10
1.4182540551181102
20
0.752321968503937
11
1.4189654330708661
21
0.7516911023622047
0
LINE
8
BLACK
6
CONTINUOUS
10
1.4189654330708661
20
0.7516911023622047
11
1.4197888976377953
21
0.7512157086614173
0
LINE
8
BLACK
6
CONTINUOUS
10
1.4197888976377953
20
0.7512157086614173
11
1.4226010236220472
21
0.7484035433070866
0
LINE
8
BLACK
6
CONTINUOUS
10
1.4226010236220472
20
0.7484035433070866
11
1.4230763779527558
21
0.7475801181102362
0
LINE
8
BLACK
6
CONTINUOUS
10
1.4230763779527558
20
0.7475801181102362
11
1.4237072047244095
21
0.746868779527559
0
LINE
8
BLACK
6
CONTINUOUS
10
1.4237072047244095
20
0.746868779527559
11
1.4265193700787402
21
0.7412445275590551
0
LINE
8
BLACK
6
CONTINUOUS
10
1.4265193700787402
20
0.7412445275590551
11
1.4267915354330709
21
0.7399144881889763
0
LINE
8
BLACK
6
CONTINUOUS
10
1.4267915354330709
20
0.7399144881889763
11
1.4271428346456692
21
0.7386034645669292
0
LINE
8
BLACK
6
CONTINUOUS
10
1.4271428346456692
20
0.7386034645669292
11
1.4271428346456692
21
0.724542716535433
0
LINE
8
BLACK
6
CONTINUOUS
10
1.4271428346456692
20
0.724542716535433
11
1.4267915354330709
21
0.7232316535433071
0
LINE
8
BLACK
6
CONTINUOUS
10
1.4267915354330709
20
0.7232316535433071
11
1.4265193700787402
21
0.721901653543307
0
LINE
8
BLACK
6
CONTINUOUS
10
1.4265193700787402
20
0.721901653543307
11
1.4237072047244095
21
0.7162774015748031
0
LINE
8
BLACK
6
CONTINUOUS
10
1.4237072047244095
20
0.7162774015748031
11
1.4230763779527558
21
0.7155660236220472
0
LINE
8
BLACK
6
CONTINUOUS
10
1.4230763779527558
20
0.7155660236220472
11
1.4226009842519685
21
0.7147425984251968
0
LINE
8
BLACK
6
CONTINUOUS
10
1.4226009842519685
20
0.7147425984251968
11
1.4197888582677165
21
0.7119304724409449
0
LINE
8
BLACK
6
CONTINUOUS
10
1.4197888582677165
20
0.7119304724409449
11
1.4189654330708661
21
0.7114550787401575
0
LINE
8
BLACK
6
CONTINUOUS
10
1.4189654330708661
20
0.7114550787401575
11
1.4182540551181102
21
0.710824251968504
0
LINE
8
BLACK
6
CONTINUOUS
10
1.4182540551181102
20
0.710824251968504
11
1.4126297244094488
21
0.7080120866141733
0
LINE
8
BLACK
6
CONTINUOUS
10
1.4126297244094488
20
0.7080120866141733
11
1.4112997637795275
21
0.7077399212598425
0
LINE
8
BLACK
6
CONTINUOUS
10
1.4112997637795275
20
0.7077399212598425
11
1.4099887007874015
21
0.7073886220472441
0
LINE
8
BLACK
6
CONTINUOUS
10
1.4099887007874015
20
0.7073886220472441
11
1.3987401181102361
21
0.7073886220472441
0
LINE
8
BLACK
6
CONTINUOUS
10
1.3987401181102361
20
0.7073886220472441
11
1.3974290551181101
21
0.7077398818897638
0
LINE
8
BLACK
6
CONTINUOUS
10
1.3974290551181101
20
0.7077398818897638
11
1.3960990551181103
21
0.7080120866141733
0
LINE
8
BLACK
6
CONTINUOUS
10
1.3960990551181103
20
0.7080120866141733
11
1.3904748031496064
21
0.710824251968504
0
LINE
8
BLACK
6
CONTINUOUS
10
1.3904748031496064
20
0.710824251968504
11
1.3897634251968503
21
0.7114550393700787
0
LINE
8
BLACK
6
CONTINUOUS
10
1.3897634251968503
20
0.7114550393700787
11
1.3889400393700788
21
0.7119304330708661
0
LINE
8
BLACK
6
CONTINUOUS
10
1.3889400393700788
20
0.7119304330708661
11
1.3861278740157481
21
0.7147425590551181
0
LINE
8
BLACK
6
CONTINUOUS
10
1.3861278740157481
20
0.7147425590551181
11
1.3856524409448818
21
0.7155659842519685
0
LINE
8
BLACK
6
CONTINUOUS
10
1.3856524409448818
20
0.7155659842519685
11
1.3850216141732283
21
0.7162774015748031
0
LINE
8
BLACK
6
CONTINUOUS
10
1.3850216141732283
20
0.7162774015748031
11
1.3822094881889764
21
0.7219016929133858
0
LINE
8
BLACK
6
CONTINUOUS
10
1.3822094881889764
20
0.7219016929133858
11
1.3819373228346457
21
0.7232315354330708
0
LINE
8
BLACK
6
CONTINUOUS
10
1.3819373228346457
20
0.7232315354330708
11
1.3815860236220472
21
0.724542716535433
0
LINE
8
BLACK
6
CONTINUOUS
10
1.3815860236220472
20
0.724542716535433
11
1.3815860236220472
21
0.7470399212598425
0
LINE
8
BLACK
6
CONTINUOUS
10
1.3815860236220472
20
0.7470399212598425
11
1.3817746062992127
21
0.7477437401574804
0
LINE
8
BLACK
6
CONTINUOUS
10
1.3817746062992127
20
0.7477437401574804
11
1.3817623622047244
21
0.7484722047244095
0
LINE
8
BLACK
6
CONTINUOUS
10
1.3817623622047244
20
0.7484722047244095
11
1.3845744881889763
21
0.7597207874015748
0
LINE
8
BLACK
6
CONTINUOUS
10
1.3845744881889763
20
0.7597207874015748
11
1.3850656692913386
21
0.760605590551181
0
LINE
8
BLACK
6
CONTINUOUS
10
1.3850656692913386
20
0.760605590551181
11
1.3853899999999999
21
0.7615642913385826
0
LINE
8
BLACK
6
CONTINUOUS
10
1.3853899999999999
20
0.7615642913385826
11
1.3910143307086613
21
0.7700007480314961
0
LINE
8
BLACK
6
CONTINUOUS
10
1.3910143307086613
20
0.7700007480314961
11
1.3914572440944881
21
0.77039
0
LINE
8
BLACK
6
CONTINUOUS
10
1.3914572440944881
20
0.77039
11
1.3917521653543308
21
0.7709007874015747
0
LINE
8
BLACK
6
CONTINUOUS
10
1.3917521653543308
20
0.7709007874015747
11
1.3945642913385827
21
0.7737129133858267
0
LINE
8
BLACK
6
CONTINUOUS
10
1.3945642913385827
20
0.7737129133858267
11
1.3953877165354331
21
0.7741883070866141
0
LINE
8
BLACK
6
CONTINUOUS
10
1.3953877165354331
20
0.7741883070866141
11
1.396099094488189
21
0.7748191338582677
0
LINE
8
BLACK
6
CONTINUOUS
10
1.396099094488189
20
0.7748191338582677
11
1.4017233464566929
21
0.7776312992125984
0
LINE
8
BLACK
6
CONTINUOUS
10
1.4017233464566929
20
0.7776312992125984
11
1.4030533464566928
21
0.7779034645669292
0
LINE
8
BLACK
6
CONTINUOUS
10
1.4030533464566928
20
0.7779034645669292
11
1.4043644094488188
21
0.7782547637795275
0
LINE
8
BLACK
6
CONTINUOUS
10
1.4043644094488188
20
0.7782547637795275
11
1.4156130314960629
21
0.7782547637795275
0
LINE
8
BLACK
6
CONTINUOUS
10
1.4156130314960629
20
0.7782547637795275
11
1.4185657874015747
21
0.7774635826771653
0
LINE
8
BLACK
6
CONTINUOUS
10
1.3966139763779528
20
0.7421864173228346
11
1.3951570866141731
21
0.7407295275590551
0
LINE
8
BLACK
6
CONTINUOUS
10
1.3951570866141731
20
0.7407295275590551
11
1.3933970472440944
21
0.7372093700787401
0
LINE
8
BLACK
6
CONTINUOUS
10
1.3933970472440944
20
0.7372093700787401
11
1.3933970472440944
21
0.7259367716535433
0
LINE
8
BLACK
6
CONTINUOUS
10
1.3933970472440944
20
0.7259367716535433
11
1.3951570866141731
21
0.7224166535433071
0
LINE
8
BLACK
6
CONTINUOUS
10
1.3951570866141731
20
0.7224166535433071
11
1.3966139763779528
21
0.7209597637795275
0
LINE
8
BLACK
6
CONTINUOUS
10
1.3966139763779528
20
0.7209597637795275
11
1.4001342125984251
21
0.7191996456692913
0
LINE
8
BLACK
6
CONTINUOUS
10
1.4001342125984251
20
0.7191996456692913
11
1.4085946062992125
21
0.7191996456692913
0
LINE
8
BLACK
6
CONTINUOUS
10
1.4085946062992125
20
0.7191996456692913
11
1.412114842519685
21
0.7209597637795275
0
LINE
8
BLACK
6
CONTINUOUS
10
1.412114842519685
20
0.7209597637795275
11
1.4135716929133857
21
0.7224166141732283
0
LINE
8
BLACK
6
CONTINUOUS
10
1.4135716929133857
20
0.7224166141732283
11
1.4153318110236219
21
0.7259368110236221
0
LINE
8
BLACK
6
CONTINUOUS
10
1.4153318110236219
20
0.7259368110236221
11
1.4153318110236219
21
0.7372093307086613
0
LINE
8
BLACK
6
CONTINUOUS
10
1.4153318110236219
20
0.7372093307086613
11
1.4135716535433072
21
0.7407295669291338
0
LINE
8
BLACK
6
CONTINUOUS
10
1.4135716535433072
20
0.7407295669291338
11
1.412114842519685
21
0.7421864173228346
0
LINE
8
BLACK
6
CONTINUOUS
10
1.412114842519685
20
0.7421864173228346
11
1.4085946456692913
21
0.7439465354330709
0
LINE
8
BLACK
6
CONTINUOUS
10
1.4085946456692913
20
0.7439465354330709
11
1.4001342125984251
21
0.7439465354330709
0
LINE
8
BLACK
6
CONTINUOUS
10
1.4001342125984251
20
0.7439465354330709
11
1.3966139763779528
21
0.7421864173228346
0
LINE
8
BLACK
6
CONTINUOUS
10
1.2146850393700788
20
0.8574635826771654
11
1.2168466141732284
21
0.8553020078740158
0
LINE
8
BLACK
6
CONTINUOUS
10
1.2168466141732284
20
0.8553020078740158
11
1.2176377952755906
21
0.8523492519685039
0
LINE
8
BLACK
6
CONTINUOUS
10
1.2176377952755906
20
0.8523492519685039
11
1.2176377952755906
21
0.8101670078740157
0
LINE
8
BLACK
6
CONTINUOUS
10
1.2176377952755906
20
0.8101670078740157
11
1.2173916929133859
21
0.8092485433070866
0
LINE
8
BLACK
6
CONTINUOUS
10
1.2173916929133859
20
0.8092485433070866
11
1.2173347244094488
21
0.8082994881889763
0
LINE
8
BLACK
6
CONTINUOUS
10
1.2173347244094488
20
0.8082994881889763
11
1.2145225590551181
21
0.7998630708661417
0
LINE
8
BLACK
6
CONTINUOUS
10
1.2145225590551181
20
0.7998630708661417
11
1.21377468503937
21
0.7987303543307086
0
LINE
8
BLACK
6
CONTINUOUS
10
1.21377468503937
20
0.7987303543307086
11
1.2130959448818897
21
0.7975547637795275
0
LINE
8
BLACK
6
CONTINUOUS
10
1.2130959448818897
20
0.7975547637795275
11
1.207471653543307
21
0.7919304724409448
0
LINE
8
BLACK
6
CONTINUOUS
10
1.207471653543307
20
0.7919304724409448
11
1.2062961811023623
21
0.7912518110236221
0
LINE
8
BLACK
6
CONTINUOUS
10
1.2062961811023623
20
0.7912518110236221
11
1.2051633070866141
21
0.7905038188976378
0
LINE
8
BLACK
6
CONTINUOUS
10
1.2051633070866141
20
0.7905038188976378
11
1.1967268503937007
21
0.7876916929133858
0
LINE
8
BLACK
6
CONTINUOUS
10
1.1967268503937007
20
0.7876916929133858
11
1.1957777952755906
21
0.7876346850393701
0
LINE
8
BLACK
6
CONTINUOUS
10
1.1957777952755906
20
0.7876346850393701
11
1.1948593700787402
21
0.787388622047244
0
LINE
8
BLACK
6
CONTINUOUS
10
1.1948593700787402
20
0.787388622047244
11
1.1892350787401575
21
0.787388622047244
0
LINE
8
BLACK
6
CONTINUOUS
10
1.1892350787401575
20
0.787388622047244
11
1.1862823228346457
21
0.7881798031496062
0
LINE
8
BLACK
6
CONTINUOUS
10
1.1862823228346457
20
0.7881798031496062
11
1.1841207480314961
21
0.7903413779527559
0
LINE
8
BLACK
6
CONTINUOUS
10
1.1841207480314961
20
0.7903413779527559
11
1.1833295669291339
21
0.7932941338582677
0
LINE
8
BLACK
6
CONTINUOUS
10
1.1833295669291339
20
0.7932941338582677
11
1.1841207480314961
21
0.7962468897637796
0
LINE
8
BLACK
6
CONTINUOUS
10
1.1841207480314961
20
0.7962468897637796
11
1.1862823228346457
21
0.7984084645669292
0
LINE
8
BLACK
6
CONTINUOUS
10
1.1862823228346457
20
0.7984084645669292
11
1.1892350787401575
21
0.7991996456692914
0
LINE
8
BLACK
6
CONTINUOUS
10
1.1892350787401575
20
0.7991996456692914
11
1.1939011023622046
21
0.7991996456692914
0
LINE
8
BLACK
6
CONTINUOUS
10
1.1939011023622046
20
0.7991996456692914
11
1.2001057480314961
21
0.8012678740157481
0
LINE
8
BLACK
6
CONTINUOUS
10
1.2001057480314961
20
0.8012678740157481
11
1.2037585039370078
21
0.8049206299212598
0
LINE
8
BLACK
6
CONTINUOUS
10
1.2037585039370078
20
0.8049206299212598
11
1.2058267716535434
21
0.8111252755905511
0
LINE
8
BLACK
6
CONTINUOUS
10
1.2058267716535434
20
0.8111252755905511
11
1.2058267716535434
21
0.8523492519685039
0
LINE
8
BLACK
6
CONTINUOUS
10
1.2058267716535434
20
0.8523492519685039
11
1.2066179527559056
21
0.8553020078740158
0
LINE
8
BLACK
6
CONTINUOUS
10
1.2066179527559056
20
0.8553020078740158
11
1.2087795275590552
21
0.8574635826771654
0
LINE
8
BLACK
6
CONTINUOUS
10
1.2087795275590552
20
0.8574635826771654
11
1.211732283464567
21
0.8582547637795276
0
LINE
8
BLACK
6
CONTINUOUS
10
1.211732283464567
20
0.8582547637795276
11
1.2146850393700788
21
0.8574635826771654
0
LINE
8
BLACK
6
CONTINUOUS
10
1.313888031496063
20
0.8580086614173228
11
1.3148370866141732
21
0.8579516929133858
0
LINE
8
BLACK
6
CONTINUOUS
10
1.3148370866141732
20
0.8579516929133858
11
1.3232735433070866
21
0.8551395669291338
0
LINE
8
BLACK
6
CONTINUOUS
10
1.3232735433070866
20
0.8551395669291338
11
1.3244064173228347
21
0.8543915354330709
0
LINE
8
BLACK
6
CONTINUOUS
10
1.3244064173228347
20
0.8543915354330709
11
1.3255818897637794
21
0.8537129133858268
0
LINE
8
BLACK
6
CONTINUOUS
10
1.3255818897637794
20
0.8537129133858268
11
1.3283940157480314
21
0.8509007874015748
0
LINE
8
BLACK
6
CONTINUOUS
10
1.3283940157480314
20
0.8509007874015748
11
1.3299224803149605
21
0.8482534251968503
0
LINE
8
BLACK
6
CONTINUOUS
10
1.3299224803149605
20
0.8482534251968503
11
1.3299224803149605
21
0.8451964960629921
0
LINE
8
BLACK
6
CONTINUOUS
10
1.3299224803149605
20
0.8451964960629921
11
1.3283940157480314
21
0.8425491338582677
0
LINE
8
BLACK
6
CONTINUOUS
10
1.3283940157480314
20
0.8425491338582677
11
1.3257466535433071
21
0.8410206692913386
0
LINE
8
BLACK
6
CONTINUOUS
10
1.3257466535433071
20
0.8410206692913386
11
1.3226897244094489
21
0.8410206692913386
0
LINE
8
BLACK
6
CONTINUOUS
10
1.3226897244094489
20
0.8410206692913386
11
1.3200423622047244
21
0.8425491338582677
0
LINE
8
BLACK
6
CONTINUOUS
10
1.3200423622047244
20
0.8425491338582677
11
1.3182159842519685
21
0.8443754724409449
0
LINE
8
BLACK
6
CONTINUOUS
10
1.3182159842519685
20
0.8443754724409449
11
1.312011338582677
21
0.8464437401574803
0
LINE
8
BLACK
6
CONTINUOUS
10
1.312011338582677
20
0.8464437401574803
11
1.3083037007874014
21
0.8464437401574803
0
LINE
8
BLACK
6
CONTINUOUS
10
1.3083037007874014
20
0.8464437401574803
11
1.3020988976377952
21
0.8443754724409449
0
LINE
8
BLACK
6
CONTINUOUS
10
1.3020988976377952
20
0.8443754724409449
11
1.2981380314960629
21
0.8404146062992126
0
LINE
8
BLACK
6
CONTINUOUS
10
1.2981380314960629
20
0.8404146062992126
11
1.2960442913385826
21
0.8362272047244095
0
LINE
8
BLACK
6
CONTINUOUS
10
1.2960442913385826
20
0.8362272047244095
11
1.2935657874015747
21
0.8263129921259842
0
LINE
8
BLACK
6
CONTINUOUS
10
1.2935657874015747
20
0.8263129921259842
11
1.2935657874015747
21
0.8193303543307087
0
LINE
8
BLACK
6
CONTINUOUS
10
1.2935657874015747
20
0.8193303543307087
11
1.2960442913385826
21
0.8094161417322835
0
LINE
8
BLACK
6
CONTINUOUS
10
1.2960442913385826
20
0.8094161417322835
11
1.2981380314960629
21
0.8052287401574802
0
LINE
8
BLACK
6
CONTINUOUS
10
1.2981380314960629
20
0.8052287401574802
11
1.3020988976377952
21
0.8012678740157481
0
LINE
8
BLACK
6
CONTINUOUS
10
1.3020988976377952
20
0.8012678740157481
11
1.3083037007874014
21
0.7991996456692914
0
LINE
8
BLACK
6
CONTINUOUS
10
1.3083037007874014
20
0.7991996456692914
11
1.312011338582677
21
0.7991996456692914
0
LINE
8
BLACK
6
CONTINUOUS
10
1.312011338582677
20
0.7991996456692914
11
1.3182159842519685
21
0.8012678740157481
0
LINE
8
BLACK
6
CONTINUOUS
10
1.3182159842519685
20
0.8012678740157481
11
1.3200423622047244
21
0.8030942519685039
0
LINE
8
BLACK
6
CONTINUOUS
10
1.3200423622047244
20
0.8030942519685039
11
1.3226897244094489
21
0.804622716535433
0
LINE
8
BLACK
6
CONTINUOUS
10
1.3226897244094489
20
0.804622716535433
11
1.3257466535433071
21
0.804622716535433
0
LINE
8
BLACK
6
CONTINUOUS
10
1.3257466535433071
20
0.804622716535433
11
1.3283940157480314
21
0.8030942519685039
0
LINE
8
BLACK
6
CONTINUOUS
10
1.3283940157480314
20
0.8030942519685039
11
1.3299224803149605
21
0.8004468897637795
0
LINE
8
BLACK
6
CONTINUOUS
10
1.3299224803149605
20
0.8004468897637795
11
1.3299224803149605
21
0.7973899606299213
0
LINE
8
BLACK
6
CONTINUOUS
10
1.3299224803149605
20
0.7973899606299213
11
1.3283940157480314
21
0.7947425984251968
0
LINE
8
BLACK
6
CONTINUOUS
10
1.3283940157480314
20
0.7947425984251968
11
1.3255818897637794
21
0.7919304724409448
0
LINE
8
BLACK
6
CONTINUOUS
10
1.3255818897637794
20
0.7919304724409448
11
1.3244064173228347
21
0.7912518110236221
0
LINE
8
BLACK
6
CONTINUOUS
10
1.3244064173228347
20
0.7912518110236221
11
1.3232735433070866
21
0.7905038188976378
0
LINE
8
BLACK
6
CONTINUOUS
10
1.3232735433070866
20
0.7905038188976378
11
1.3148370866141732
21
0.7876916929133858
0
LINE
8
BLACK
6
CONTINUOUS
10
1.3148370866141732
20
0.7876916929133858
11
1.313888031496063
21
0.7876346850393701
0
LINE
8
BLACK
6
CONTINUOUS
10
1.313888031496063
20
0.7876346850393701
11
1.3129696062992127
21
0.787388622047244
0
LINE
8
BLACK
6
CONTINUOUS
10
1.3129696062992127
20
0.787388622047244
11
1.30734531496063
21
0.787388622047244
0
LINE
8
BLACK
6
CONTINUOUS
10
1.30734531496063
20
0.787388622047244
11
1.3064268503937007
21
0.7876346850393701
0
LINE
8
BLACK
6
CONTINUOUS
10
1.3064268503937007
20
0.7876346850393701
11
1.3054777952755905
21
0.7876916929133858
0
LINE
8
BLACK
6
CONTINUOUS
10
1.3054777952755905
20
0.7876916929133858
11
1.2970413779527559
21
0.7905038582677165
0
LINE
8
BLACK
6
CONTINUOUS
10
1.2970413779527559
20
0.7905038582677165
11
1.2959085826771652
21
0.7912517322834646
0
LINE
8
BLACK
6
CONTINUOUS
10
1.2959085826771652
20
0.7912517322834646
11
1.294733031496063
21
0.7919304724409448
0
LINE
8
BLACK
6
CONTINUOUS
10
1.294733031496063
20
0.7919304724409448
11
1.2891087401574803
21
0.7975547637795275
0
LINE
8
BLACK
6
CONTINUOUS
10
1.2891087401574803
20
0.7975547637795275
11
1.2886333070866141
21
0.7983781889763779
0
LINE
8
BLACK
6
CONTINUOUS
10
1.2886333070866141
20
0.7983781889763779
11
1.2880025196850393
21
0.7990895669291338
0
LINE
8
BLACK
6
CONTINUOUS
10
1.2880025196850393
20
0.7990895669291338
11
1.2851903543307086
21
0.8047138582677165
0
LINE
8
BLACK
6
CONTINUOUS
10
1.2851903543307086
20
0.8047138582677165
11
1.2850596062992126
21
0.8053525984251968
0
LINE
8
BLACK
6
CONTINUOUS
10
1.2850596062992126
20
0.8053525984251968
11
1.2847432283464566
21
0.8059225984251969
0
LINE
8
BLACK
6
CONTINUOUS
10
1.2847432283464566
20
0.8059225984251969
11
1.2819311023622046
21
0.8171711811023622
0
LINE
8
BLACK
6
CONTINUOUS
10
1.2819311023622046
20
0.8171711811023622
11
1.2819433464566929
21
0.8178996062992125
0
LINE
8
BLACK
6
CONTINUOUS
10
1.2819433464566929
20
0.8178996062992125
11
1.2817547637795275
21
0.8186034645669291
0
LINE
8
BLACK
6
CONTINUOUS
10
1.2817547637795275
20
0.8186034645669291
11
1.2817547637795275
21
0.8270399212598425
0
LINE
8
BLACK
6
CONTINUOUS
10
1.2817547637795275
20
0.8270399212598425
11
1.2819433464566929
21
0.8277437401574803
0
LINE
8
BLACK
6
CONTINUOUS
10
1.2819433464566929
20
0.8277437401574803
11
1.2819311023622046
21
0.8284722047244094
0
LINE
8
BLACK
6
CONTINUOUS
10
1.2819311023622046
20
0.8284722047244094
11
1.2847432283464566
21
0.8397207874015747
0
LINE
8
BLACK
6
CONTINUOUS
10
1.2847432283464566
20
0.8397207874015747
11
1.2850596062992126
21
0.8402907480314961
0
LINE
8
BLACK
6
CONTINUOUS
10
1.2850596062992126
20
0.8402907480314961
11
1.2851903543307086
21
0.8409295275590551
0
LINE
8
BLACK
6
CONTINUOUS
10
1.2851903543307086
20
0.8409295275590551
11
1.2880025196850393
21
0.8465538188976378
0
LINE
8
BLACK
6
CONTINUOUS
10
1.2880025196850393
20
0.8465538188976378
11
1.2886333070866141
21
0.8472651574803149
0
LINE
8
BLACK
6
CONTINUOUS
10
1.2886333070866141
20
0.8472651574803149
11
1.2891087401574803
21
0.8480886220472441
0
LINE
8
BLACK
6
CONTINUOUS
10
1.2891087401574803
20
0.8480886220472441
11
1.294733031496063
21
0.8537129133858268
0
LINE
8
BLACK
6
CONTINUOUS
10
1.294733031496063
20
0.8537129133858268
11
1.2959085826771652
21
0.8543916141732283
0
LINE
8
BLACK
6
CONTINUOUS
10
1.2959085826771652
20
0.8543916141732283
11
1.2970413779527559
21
0.8551395275590551
0
LINE
8
BLACK
6
CONTINUOUS
10
1.2970413779527559
20
0.8551395275590551
11
1.3054777952755905
21
0.8579516929133858
0
LINE
8
BLACK
6
CONTINUOUS
10
1.3054777952755905
20
0.8579516929133858
11
1.3064268503937007
21
0.8580086614173228
0
LINE
8
BLACK
6
CONTINUOUS
10
1.3064268503937007
20
0.8580086614173228
11
1.30734531496063
21
0.8582547637795276
0
LINE
8
BLACK
6
CONTINUOUS
10
1.30734531496063
20
0.8582547637795276
11
1.3129696062992127
21
0.8582547637795276
0
LINE
8
BLACK
6
CONTINUOUS
10
1.3129696062992127
20
0.8582547637795276
11
1.313888031496063
21
0.8580086614173228
0
LINE
8
BLACK
6
CONTINUOUS
10
1.3862260629921259
20
0.8574635826771654
11
1.3883876377952755
21
0.8553020078740158
0
LINE
8
BLACK
6
CONTINUOUS
10
1.3883876377952755
20
0.8553020078740158
11
1.3891788188976377
21
0.8523492519685039
0
LINE
8
BLACK
6
CONTINUOUS
10
1.3891788188976377
20
0.8523492519685039
11
1.3891788188976377
21
0.7932941338582677
0
LINE
8
BLACK
6
CONTINUOUS
10
1.3891788188976377
20
0.7932941338582677
11
1.3883876377952755
21
0.7903413779527559
0
LINE
8
BLACK
6
CONTINUOUS
10
1.3883876377952755
20
0.7903413779527559
11
1.3862260629921259
21
0.7881798031496062
0
LINE
8
BLACK
6
CONTINUOUS
10
1.3862260629921259
20
0.7881798031496062
11
1.3832733070866141
21
0.787388622047244
0
LINE
8
BLACK
6
CONTINUOUS
10
1.3832733070866141
20
0.787388622047244
11
1.3803205511811023
21
0.7881798031496062
0
LINE
8
BLACK
6
CONTINUOUS
10
1.3803205511811023
20
0.7881798031496062
11
1.3781589763779527
21
0.7903413779527559
0
LINE
8
BLACK
6
CONTINUOUS
10
1.3781589763779527
20
0.7903413779527559
11
1.3773677952755905
21
0.7932941338582677
0
LINE
8
BLACK
6
CONTINUOUS
10
1.3773677952755905
20
0.7932941338582677
11
1.3773677952755905
21
0.8183222440944882
0
LINE
8
BLACK
6
CONTINUOUS
10
1.3773677952755905
20
0.8183222440944882
11
1.355433031496063
21
0.8183222440944882
0
LINE
8
BLACK
6
CONTINUOUS
10
1.355433031496063
20
0.8183222440944882
11
1.355433031496063
21
0.7932941338582677
0
LINE
8
BLACK
6
CONTINUOUS
10
1.355433031496063
20
0.7932941338582677
11
1.3546418503937008
21
0.7903413779527559
0
LINE
8
BLACK
6
CONTINUOUS
10
1.3546418503937008
20
0.7903413779527559
11
1.3524802755905512
21
0.7881798031496062
0
LINE
8
BLACK
6
CONTINUOUS
10
1.3524802755905512
20
0.7881798031496062
11
1.3495275196850394
21
0.787388622047244
0
LINE
8
BLACK
6
CONTINUOUS
10
1.3495275196850394
20
0.787388622047244
11
1.3465747637795276
21
0.7881798031496062
0
LINE
8
BLACK
6
CONTINUOUS
10
1.3465747637795276
20
0.7881798031496062
11
1.344413188976378
21
0.7903413779527559
0
LINE
8
BLACK
6
CONTINUOUS
10
1.344413188976378
20
0.7903413779527559
11
1.3436220078740158
21
0.7932941338582677
0
LINE
8
BLACK
6
CONTINUOUS
10
1.3436220078740158
20
0.7932941338582677
11
1.3436220078740158
21
0.8523492519685039
0
LINE
8
BLACK
6
CONTINUOUS
10
1.3436220078740158
20
0.8523492519685039
11
1.344413188976378
21
0.8553020078740158
0
LINE
8
BLACK
6
CONTINUOUS
10
1.344413188976378
20
0.8553020078740158
11
1.3465747637795276
21
0.8574635826771654
0
LINE
8
BLACK
6
CONTINUOUS
10
1.3465747637795276
20
0.8574635826771654
11
1.3495275196850394
21
0.8582547637795276
0
LINE
8
BLACK
6
CONTINUOUS
10
1.3495275196850394
20
0.8582547637795276
11
1.3524802755905512
21
0.8574635826771654
0
LINE
8
BLACK
6
CONTINUOUS
10
1.3524802755905512
20
0.8574635826771654
11
1.3546418503937008
21
0.8553020078740158
0
LINE
8
BLACK
6
CONTINUOUS
10
1.3546418503937008
20
0.8553020078740158
11
1.355433031496063
21
0.8523492519685039
0
LINE
8
BLACK
6
CONTINUOUS
10
1.355433031496063
20
0.8523492519685039
11
1.355433031496063
21
0.8301332677165354
0
LINE
8
BLACK
6
CONTINUOUS
10
1.355433031496063
20
0.8301332677165354
11
1.3773677952755905
21
0.8301332677165354
0
LINE
8
BLACK
6
CONTINUOUS
10
1.3773677952755905
20
0.8301332677165354
11
1.3773677952755905
21
0.8523492519685039
0
LINE
8
BLACK
6
CONTINUOUS
10
1.3773677952755905
20
0.8523492519685039
11
1.3781589763779527
21
0.8553020078740158
0
LINE
8
BLACK
6
CONTINUOUS
10
1.3781589763779527
20
0.8553020078740158
11
1.3803205511811023
21
0.8574635826771654
0
LINE
8
BLACK
6
CONTINUOUS
10
1.3803205511811023
20
0.8574635826771654
11
1.3832733070866141
21
0.8582547637795276
0
LINE
8
BLACK
6
CONTINUOUS
10
1.3832733070866141
20
0.8582547637795276
11
1.3862260629921259
21
0.8574635826771654
0
LINE
8
BLACK
6
CONTINUOUS
10
1.4352030708661416
20
0.8579034251968504
11
1.4365330314960629
21
0.8576312992125984
0
LINE
8
BLACK
6
CONTINUOUS
10
1.4365330314960629
20
0.8576312992125984
11
1.4421573228346456
21
0.8548191338582677
0
LINE
8
BLACK
6
CONTINUOUS
10
1.4421573228346456
20
0.8548191338582677
11
1.4428686614173227
21
0.8541883070866142
0
LINE
8
BLACK
6
CONTINUOUS
10
1.4428686614173227
20
0.8541883070866142
11
1.4436921259842519
21
0.8537129133858268
0
LINE
8
BLACK
6
CONTINUOUS
10
1.4436921259842519
20
0.8537129133858268
11
1.4493164173228346
21
0.8480886220472441
0
LINE
8
BLACK
6
CONTINUOUS
10
1.4493164173228346
20
0.8480886220472441
11
1.4493420472440945
21
0.8480441732283465
0
LINE
8
BLACK
6
CONTINUOUS
10
1.4493420472440945
20
0.8480441732283465
11
1.449386062992126
21
0.8480177952755905
0
LINE
8
BLACK
6
CONTINUOUS
10
1.449386062992126
20
0.8480177952755905
11
1.4501044881889764
21
0.8467235826771653
0
LINE
8
BLACK
6
CONTINUOUS
10
1.4501044881889764
20
0.8467235826771653
11
1.4508448818897637
21
0.8454412598425197
0
LINE
8
BLACK
6
CONTINUOUS
10
1.4508448818897637
20
0.8454412598425197
11
1.4508448818897637
21
0.8453899212598425
0
LINE
8
BLACK
6
CONTINUOUS
10
1.4508448818897637
20
0.8453899212598425
11
1.4508697637795276
21
0.8453451181102362
0
LINE
8
BLACK
6
CONTINUOUS
10
1.4508697637795276
20
0.8453451181102362
11
1.4536819291338583
21
0.8340965354330708
0
LINE
8
BLACK
6
CONTINUOUS
10
1.4536819291338583
20
0.8340965354330708
11
1.4536696456692912
21
0.8333679921259842
0
LINE
8
BLACK
6
CONTINUOUS
10
1.4536696456692912
20
0.8333679921259842
11
1.4538582677165355
21
0.8326642125984252
0
LINE
8
BLACK
6
CONTINUOUS
10
1.4538582677165355
20
0.8326642125984252
11
1.4538582677165355
21
0.8129791732283465
0
LINE
8
BLACK
6
CONTINUOUS
10
1.4538582677165355
20
0.8129791732283465
11
1.4536696456692912
21
0.8122753543307086
0
LINE
8
BLACK
6
CONTINUOUS
10
1.4536696456692912
20
0.8122753543307086
11
1.4536819291338583
21
0.8115468503937008
0
LINE
8
BLACK
6
CONTINUOUS
10
1.4536819291338583
20
0.8115468503937008
11
1.4508697637795276
21
0.8002982677165354
0
LINE
8
BLACK
6
CONTINUOUS
10
1.4508697637795276
20
0.8002982677165354
11
1.4508448818897637
21
0.8002534251968504
0
LINE
8
BLACK
6
CONTINUOUS
10
1.4508448818897637
20
0.8002534251968504
11
1.4508448818897637
21
0.800202125984252
0
LINE
8
BLACK
6
CONTINUOUS
10
1.4508448818897637
20
0.800202125984252
11
1.4501044881889764
21
0.7989197637795276
0
LINE
8
BLACK
6
CONTINUOUS
10
1.4501044881889764
20
0.7989197637795276
11
1.449386062992126
21
0.7976255905511811
0
LINE
8
BLACK
6
CONTINUOUS
10
1.449386062992126
20
0.7976255905511811
11
1.4493420472440945
21
0.7975991732283464
0
LINE
8
BLACK
6
CONTINUOUS
10
1.4493420472440945
20
0.7975991732283464
11
1.4493164173228346
21
0.7975547637795275
0
LINE
8
BLACK
6
CONTINUOUS
10
1.4493164173228346
20
0.7975547637795275
11
1.4436921259842519
21
0.7919304724409448
0
LINE
8
BLACK
6
CONTINUOUS
10
1.4436921259842519
20
0.7919304724409448
11
1.4428686614173227
21
0.7914550393700788
0
LINE
8
BLACK
6
CONTINUOUS
10
1.4428686614173227
20
0.7914550393700788
11
1.4421573228346456
21
0.7908242519685039
0
LINE
8
BLACK
6
CONTINUOUS
10
1.4421573228346456
20
0.7908242519685039
11
1.4365330314960629
21
0.7880120866141732
0
LINE
8
BLACK
6
CONTINUOUS
10
1.4365330314960629
20
0.7880120866141732
11
1.4352030708661416
21
0.7877399212598425
0
LINE
8
BLACK
6
CONTINUOUS
10
1.4352030708661416
20
0.7877399212598425
11
1.4338920078740156
21
0.787388622047244
0
LINE
8
BLACK
6
CONTINUOUS
10
1.4338920078740156
20
0.787388622047244
11
1.4226434251968503
21
0.787388622047244
0
LINE
8
BLACK
6
CONTINUOUS
10
1.4226434251968503
20
0.787388622047244
11
1.4213323622047245
21
0.7877398818897637
0
LINE
8
BLACK
6
CONTINUOUS
10
1.4213323622047245
20
0.7877398818897637
11
1.4200023622047244
21
0.7880120866141732
0
LINE
8
BLACK
6
CONTINUOUS
10
1.4200023622047244
20
0.7880120866141732
11
1.4143781102362205
21
0.7908242519685039
0
LINE
8
BLACK
6
CONTINUOUS
10
1.4143781102362205
20
0.7908242519685039
11
1.4136666929133859
21
0.7914550393700788
0
LINE
8
BLACK
6
CONTINUOUS
10
1.4136666929133859
20
0.7914550393700788
11
1.4128433070866142
21
0.7919304724409448
0
LINE
8
BLACK
6
CONTINUOUS
10
1.4128433070866142
20
0.7919304724409448
11
1.4072189763779528
21
0.7975547637795275
0
LINE
8
BLACK
6
CONTINUOUS
10
1.4072189763779528
20
0.7975547637795275
11
1.4071933070866141
21
0.7975991732283464
0
LINE
8
BLACK
6
CONTINUOUS
10
1.4071933070866141
20
0.7975991732283464
11
1.4071493307086613
21
0.7976255905511811
0
LINE
8
BLACK
6
CONTINUOUS
10
1.4071493307086613
20
0.7976255905511811
11
1.4064311417322835
21
0.7989192913385826
0
LINE
8
BLACK
6
CONTINUOUS
10
1.4064311417322835
20
0.7989192913385826
11
1.4056905118110237
21
0.800202125984252
0
LINE
8
BLACK
6
CONTINUOUS
10
1.4056905118110237
20
0.800202125984252
11
1.4056905118110237
21
0.8002534645669291
0
LINE
8
BLACK
6
CONTINUOUS
10
1.4056905118110237
20
0.8002534645669291
11
1.4056656299212598
21
0.8002983070866142
0
LINE
8
BLACK
6
CONTINUOUS
10
1.4056656299212598
20
0.8002983070866142
11
1.4028535039370078
21
0.8115468897637795
0
LINE
8
BLACK
6
CONTINUOUS
10
1.4028535039370078
20
0.8115468897637795
11
1.4028657480314961
21
0.8122753149606299
0
LINE
8
BLACK
6
CONTINUOUS
10
1.4028657480314961
20
0.8122753149606299
11
1.4026771653543306
21
0.8129791732283465
0
LINE
8
BLACK
6
CONTINUOUS
10
1.4026771653543306
20
0.8129791732283465
11
1.4026771653543306
21
0.8326642125984252
0
LINE
8
BLACK
6
CONTINUOUS
10
1.4026771653543306
20
0.8326642125984252
11
1.4028657480314961
21
0.833368031496063
0
LINE
8
BLACK
6
CONTINUOUS
10
1.4028657480314961
20
0.833368031496063
11
1.4028535039370078
21
0.8340964960629921
0
LINE
8
BLACK
6
CONTINUOUS
10
1.4028535039370078
20
0.8340964960629921
11
1.4056656299212598
21
0.8453450787401574
0
LINE
8
BLACK
6
CONTINUOUS
10
1.4056656299212598
20
0.8453450787401574
11
1.4056905118110237
21
0.8453898818897637
0
LINE
8
BLACK
6
CONTINUOUS
10
1.4056905118110237
20
0.8453898818897637
11
1.4056905118110237
21
0.8454412598425197
0
LINE
8
BLACK
6
CONTINUOUS
10
1.4056905118110237
20
0.8454412598425197
11
1.4064311417322835
21
0.8467240551181102
0
LINE
8
BLACK
6
CONTINUOUS
10
1.4064311417322835
20
0.8467240551181102
11
1.4071493307086613
21
0.8480177952755905
0
LINE
8
BLACK
6
CONTINUOUS
10
1.4071493307086613
20
0.8480177952755905
11
1.4071933070866141
21
0.8480441732283465
0
LINE
8
BLACK
6
CONTINUOUS
10
1.4071933070866141
20
0.8480441732283465
11
1.4072189763779528
21
0.8480886220472441
0
LINE
8
BLACK
6
CONTINUOUS
10
1.4072189763779528
20
0.8480886220472441
11
1.4128433070866142
21
0.8537129133858268
0
LINE
8
BLACK
6
CONTINUOUS
10
1.4128433070866142
20
0.8537129133858268
11
1.4136666929133859
21
0.8541883070866142
0
LINE
8
BLACK
6
CONTINUOUS
10
1.4136666929133859
20
0.8541883070866142
11
1.4143781102362205
21
0.8548191338582677
0
LINE
8
BLACK
6
CONTINUOUS
10
1.4143781102362205
20
0.8548191338582677
11
1.4200023622047244
21
0.8576312992125984
0
LINE
8
BLACK
6
CONTINUOUS
10
1.4200023622047244
20
0.8576312992125984
11
1.4213323622047245
21
0.8579034645669291
0
LINE
8
BLACK
6
CONTINUOUS
10
1.4213323622047245
20
0.8579034645669291
11
1.4226434251968503
21
0.8582547637795276
0
LINE
8
BLACK
6
CONTINUOUS
10
1.4226434251968503
20
0.8582547637795276
11
1.4338920078740156
21
0.8582547637795276
0
LINE
8
BLACK
6
CONTINUOUS
10
1.4338920078740156
20
0.8582547637795276
11
1.4352030708661416
21
0.8579034251968504
0
LINE
8
BLACK
6
CONTINUOUS
10
1.420517283464567
20
0.8446836220472441
11
1.4167272440944882
21
0.8408935433070865
0
LINE
8
BLACK
6
CONTINUOUS
10
1.4167272440944882
20
0.8408935433070865
11
1.4144881889763778
21
0.8319372834645669
0
LINE
8
BLACK
6
CONTINUOUS
10
1.4144881889763778
20
0.8319372834645669
11
1.4144881889763778
21
0.813706062992126
0
LINE
8
BLACK
6
CONTINUOUS
10
1.4144881889763778
20
0.813706062992126
11
1.4167272440944882
21
0.8047498031496063
0
LINE
8
BLACK
6
CONTINUOUS
10
1.4167272440944882
20
0.8047498031496063
11
1.420517283464567
21
0.8009597244094488
0
LINE
8
BLACK
6
CONTINUOUS
10
1.420517283464567
20
0.8009597244094488
11
1.4240375196850394
21
0.7991996456692914
0
LINE
8
BLACK
6
CONTINUOUS
10
1.4240375196850394
20
0.7991996456692914
11
1.4324979133858267
21
0.7991996456692914
0
LINE
8
BLACK
6
CONTINUOUS
10
1.4324979133858267
20
0.7991996456692914
11
1.4360181102362204
21
0.8009597637795275
0
LINE
8
BLACK
6
CONTINUOUS
10
1.4360181102362204
20
0.8009597637795275
11
1.4398081102362204
21
0.8047497637795276
0
LINE
8
BLACK
6
CONTINUOUS
10
1.4398081102362204
20
0.8047497637795276
11
1.4420472440944883
21
0.8137061023622048
0
LINE
8
BLACK
6
CONTINUOUS
10
1.4420472440944883
20
0.8137061023622048
11
1.4420472440944883
21
0.8319372440944882
0
LINE
8
BLACK
6
CONTINUOUS
10
1.4420472440944883
20
0.8319372440944882
11
1.4398081102362204
21
0.8408935826771653
0
LINE
8
BLACK
6
CONTINUOUS
10
1.4398081102362204
20
0.8408935826771653
11
1.4360181102362204
21
0.8446835826771654
0
LINE
8
BLACK
6
CONTINUOUS
10
1.4360181102362204
20
0.8446835826771654
11
1.4324979133858267
21
0.8464437401574803
0
LINE
8
BLACK
6
CONTINUOUS
10
1.4324979133858267
20
0.8464437401574803
11
1.4240375196850394
21
0.8464437401574803
0
LINE
8
BLACK
6
CONTINUOUS
10
1.4240375196850394
20
0.8464437401574803
11
1.420517283464567
21
0.8446836220472441
0
LINE
8
BLACK
6
CONTINUOUS
10
1.2526092913385827
20
0.8579733464566929
11
1.2529698425196849
21
0.8579517322834646
0
LINE
8
BLACK
6
CONTINUOUS
10
1.2529698425196849
20
0.8579517322834646
11
1.2539597637795274
21
0.8572981102362205
0
LINE
8
BLACK
6
CONTINUOUS
10
1.2539597637795274
20
0.8572981102362205
11
1.2550205118110236
21
0.8567677559055118
0
LINE
8
BLACK
6
CONTINUOUS
10
1.2550205118110236
20
0.8567677559055118
11
1.2552194488188977
21
0.8564664173228346
0
LINE
8
BLACK
6
CONTINUOUS
10
1.2552194488188977
20
0.8564664173228346
11
1.2555209055118111
21
0.8562674015748031
0
LINE
8
BLACK
6
CONTINUOUS
10
1.2555209055118111
20
0.8562674015748031
11
1.2560514173228345
21
0.8552062992125984
0
LINE
8
BLACK
6
CONTINUOUS
10
1.2560514173228345
20
0.8552062992125984
11
1.2567048031496062
21
0.8542167322834645
0
LINE
8
BLACK
6
CONTINUOUS
10
1.2567048031496062
20
0.8542167322834645
11
1.2763898818897637
21
0.7951616141732283
0
LINE
8
BLACK
6
CONTINUOUS
10
1.2763898818897637
20
0.7951616141732283
11
1.276573031496063
21
0.7921101968503936
0
LINE
8
BLACK
6
CONTINUOUS
10
1.276573031496063
20
0.7921101968503936
11
1.2752059448818898
21
0.7893759842519685
0
LINE
8
BLACK
6
CONTINUOUS
10
1.2752059448818898
20
0.7893759842519685
11
1.2726548818897638
21
0.7876916535433071
0
LINE
8
BLACK
6
CONTINUOUS
10
1.2726548818897638
20
0.7876916535433071
11
1.2696034645669292
21
0.7875085039370079
0
LINE
8
BLACK
6
CONTINUOUS
10
1.2696034645669292
20
0.7875085039370079
11
1.2668692519685039
21
0.7888755905511811
0
LINE
8
BLACK
6
CONTINUOUS
10
1.2668692519685039
20
0.7888755905511811
11
1.2651849606299213
21
0.7914266535433071
0
LINE
8
BLACK
6
CONTINUOUS
10
1.2651849606299213
20
0.7914266535433071
11
1.2609066929133859
21
0.8042614960629921
0
LINE
8
BLACK
6
CONTINUOUS
10
1.2609066929133859
20
0.8042614960629921
11
1.2412980708661416
21
0.8042614960629921
0
LINE
8
BLACK
6
CONTINUOUS
10
1.2412980708661416
20
0.8042614960629921
11
1.2370197637795275
21
0.7914266535433071
0
LINE
8
BLACK
6
CONTINUOUS
10
1.2370197637795275
20
0.7914266535433071
11
1.2353354724409449
21
0.7888756299212598
0
LINE
8
BLACK
6
CONTINUOUS
10
1.2353354724409449
20
0.7888756299212598
11
1.2326012598425196
21
0.7875085039370079
0
LINE
8
BLACK
6
CONTINUOUS
10
1.2326012598425196
20
0.7875085039370079
11
1.2295498425196849
21
0.7876916929133858
0
LINE
8
BLACK
6
CONTINUOUS
10
1.2295498425196849
20
0.7876916929133858
11
1.2269988188976377
21
0.7893759842519685
0
LINE
8
BLACK
6
CONTINUOUS
10
1.2269988188976377
20
0.7893759842519685
11
1.2256316929133857
21
0.7921101968503936
0
LINE
8
BLACK
6
CONTINUOUS
10
1.2256316929133857
20
0.7921101968503936
11
1.2258148818897638
21
0.7951616141732283
0
LINE
8
BLACK
6
CONTINUOUS
10
1.2258148818897638
20
0.7951616141732283
11
1.2454999212598425
21
0.8542167322834645
0
LINE
8
BLACK
6
CONTINUOUS
10
1.2454999212598425
20
0.8542167322834645
11
1.2461533858267717
21
0.8552064960629921
0
LINE
8
BLACK
6
CONTINUOUS
10
1.2461533858267717
20
0.8552064960629921
11
1.2466838582677164
21
0.8562674015748031
0
LINE
8
BLACK
6
CONTINUOUS
10
1.2466838582677164
20
0.8562674015748031
11
1.246985157480315
21
0.8564663385826772
0
LINE
8
BLACK
6
CONTINUOUS
10
1.246985157480315
20
0.8564663385826772
11
1.2471842125984252
21
0.8567677952755905
0
LINE
8
BLACK
6
CONTINUOUS
10
1.2471842125984252
20
0.8567677952755905
11
1.2482452755905511
21
0.8572983070866141
0
LINE
8
BLACK
6
CONTINUOUS
10
1.2482452755905511
20
0.8572983070866141
11
1.2492348818897638
21
0.8579516929133858
0
LINE
8
BLACK
6
CONTINUOUS
10
1.2492348818897638
20
0.8579516929133858
11
1.2495953149606298
21
0.8579733070866141
0
LINE
8
BLACK
6
CONTINUOUS
10
1.2495953149606298
20
0.8579733070866141
11
1.2499184251968503
21
0.8581348818897637
0
LINE
8
BLACK
6
CONTINUOUS
10
1.2499184251968503
20
0.8581348818897637
11
1.2511024803149606
21
0.8580637795275591
0
LINE
8
BLACK
6
CONTINUOUS
10
1.2511024803149606
20
0.8580637795275591
11
1.2522862992125985
21
0.8581348818897637
0
LINE
8
BLACK
6
CONTINUOUS
10
1.2522862992125985
20
0.8581348818897637
11
1.2526092913385827
21
0.8579733464566929
0
LINE
8
BLACK
6
CONTINUOUS
10
1.2452350787401574
20
0.8160725196850394
11
1.2569696850393701
21
0.8160725196850394
0
LINE
8
BLACK
6
CONTINUOUS
10
1.2569696850393701
20
0.8160725196850394
11
1.2511023622047244
21
0.8336743700787401
0
LINE
8
BLACK
6
CONTINUOUS
10
1.2511023622047244
20
0.8336743700787401
11
1.2452350787401574
21
0.8160725196850394
0
LINE
8
BLACK
6
CONTINUOUS
10
0.3922672047244095
20
1.2379034251968504
11
0.3935971653543307
21
1.2376312992125984
0
LINE
8
BLACK
6
CONTINUOUS
10
0.3935971653543307
20
1.2376312992125984
11
0.3992214566929134
21
1.2348191338582677
0
LINE
8
BLACK
6
CONTINUOUS
10
0.3992214566929134
20
1.2348191338582677
11
0.3999327952755906
21
1.2341883070866142
0
LINE
8
BLACK
6
CONTINUOUS
10
0.3999327952755906
20
1.2341883070866142
11
0.4007562204724409
21
1.2337129527559054
0
LINE
8
BLACK
6
CONTINUOUS
10
0.4007562204724409
20
1.2337129527559054
11
0.4035683858267716
21
1.2309008267716535
0
LINE
8
BLACK
6
CONTINUOUS
10
0.4035683858267716
20
1.2309008267716535
11
0.404043779527559
21
1.2300773622047243
0
LINE
8
BLACK
6
CONTINUOUS
10
0.404043779527559
20
1.2300773622047243
11
0.4046746456692913
21
1.2293659842519684
0
LINE
8
BLACK
6
CONTINUOUS
10
0.4046746456692913
20
1.2293659842519684
11
0.4074867716535433
21
1.223741653543307
0
LINE
8
BLACK
6
CONTINUOUS
10
0.4074867716535433
20
1.223741653543307
11
0.4077588582677165
21
1.2224118897637795
0
LINE
8
BLACK
6
CONTINUOUS
10
0.4077588582677165
20
1.2224118897637795
11
0.4081102362204724
21
1.2211006692913386
0
LINE
8
BLACK
6
CONTINUOUS
10
0.4081102362204724
20
1.2211006692913386
11
0.4081102362204724
21
1.2126642125984253
0
LINE
8
BLACK
6
CONTINUOUS
10
0.4081102362204724
20
1.2126642125984253
11
0.4077588582677165
21
1.2113529527559055
0
LINE
8
BLACK
6
CONTINUOUS
10
0.4077588582677165
20
1.2113529527559055
11
0.4074867716535433
21
1.2100232283464567
0
LINE
8
BLACK
6
CONTINUOUS
10
0.4074867716535433
20
1.2100232283464567
11
0.4046746456692913
21
1.2043988976377953
0
LINE
8
BLACK
6
CONTINUOUS
10
0.4046746456692913
20
1.2043988976377953
11
0.404043779527559
21
1.2036874803149606
0
LINE
8
BLACK
6
CONTINUOUS
10
0.404043779527559
20
1.2036874803149606
11
0.4035684251968504
21
1.202864094488189
0
LINE
8
BLACK
6
CONTINUOUS
10
0.4035684251968504
20
1.202864094488189
11
0.4007562598425197
21
1.2000519291338583
0
LINE
8
BLACK
6
CONTINUOUS
10
0.4007562598425197
20
1.2000519291338583
11
0.3999328346456693
21
1.1995765354330707
0
LINE
8
BLACK
6
CONTINUOUS
10
0.3999328346456693
20
1.1995765354330707
11
0.3992214566929134
21
1.1989457086614173
0
LINE
8
BLACK
6
CONTINUOUS
10
0.3992214566929134
20
1.1989457086614173
11
0.3935971653543307
21
1.1961335826771653
0
LINE
8
BLACK
6
CONTINUOUS
10
0.3935971653543307
20
1.1961335826771653
11
0.3922672834645669
21
1.1958614173228346
0
LINE
8
BLACK
6
CONTINUOUS
10
0.3922672834645669
20
1.1958614173228346
11
0.3909561417322834
21
1.1955101181102361
0
LINE
8
BLACK
6
CONTINUOUS
10
0.3909561417322834
20
1.1955101181102361
11
0.3743644488188976
21
1.1955101181102361
0
LINE
8
BLACK
6
CONTINUOUS
10
0.3743644488188976
20
1.1955101181102361
11
0.3743644488188976
21
1.1732941338582676
0
LINE
8
BLACK
6
CONTINUOUS
10
0.3743644488188976
20
1.1732941338582676
11
0.3735732677165354
21
1.1703413779527558
0
LINE
8
BLACK
6
CONTINUOUS
10
0.3735732677165354
20
1.1703413779527558
11
0.3714116929133858
21
1.1681798031496062
0
LINE
8
BLACK
6
CONTINUOUS
10
0.3714116929133858
20
1.1681798031496062
11
0.368458937007874
21
1.167388622047244
0
LINE
8
BLACK
6
CONTINUOUS
10
0.368458937007874
20
1.167388622047244
11
0.3655061811023622
21
1.1681798031496062
0
LINE
8
BLACK
6
CONTINUOUS
10
0.3655061811023622
20
1.1681798031496062
11
0.3633446062992126
21
1.1703413779527558
0
LINE
8
BLACK
6
CONTINUOUS
10
0.3633446062992126
20
1.1703413779527558
11
0.3625534251968504
21
1.1732941338582676
0
LINE
8
BLACK
6
CONTINUOUS
10
0.3625534251968504
20
1.1732941338582676
11
0.3625534251968504
21
1.232349251968504
0
LINE
8
BLACK
6
CONTINUOUS
10
0.3625534251968504
20
1.232349251968504
11
0.3633446062992126
21
1.2353020078740158
0
LINE
8
BLACK
6
CONTINUOUS
10
0.3633446062992126
20
1.2353020078740158
11
0.3655061811023622
21
1.2374635826771654
0
LINE
8
BLACK
6
CONTINUOUS
10
0.3655061811023622
20
1.2374635826771654
11
0.368458937007874
21
1.2382547637795276
0
LINE
8
BLACK
6
CONTINUOUS
10
0.368458937007874
20
1.2382547637795276
11
0.3909561417322834
21
1.2382547637795276
0
LINE
8
BLACK
6
CONTINUOUS
10
0.3909561417322834
20
1.2382547637795276
11
0.3922672047244095
21
1.2379034251968504
0
LINE
8
BLACK
6
CONTINUOUS
10
0.3743644488188976
20
1.2073211417322833
11
0.3895620472440945
21
1.2073211417322833
0
LINE
8
BLACK
6
CONTINUOUS
10
0.3895620472440945
20
1.2073211417322833
11
0.3930822047244095
21
1.2090811811023621
0
LINE
8
BLACK
6
CONTINUOUS
10
0.3930822047244095
20
1.2090811811023621
11
0.394539094488189
21
1.2105380708661417
0
LINE
8
BLACK
6
CONTINUOUS
10
0.394539094488189
20
1.2105380708661417
11
0.3962992125984252
21
1.2140582677165355
0
LINE
8
BLACK
6
CONTINUOUS
10
0.3962992125984252
20
1.2140582677165355
11
0.3962992125984252
21
1.2197065748031495
0
LINE
8
BLACK
6
CONTINUOUS
10
0.3962992125984252
20
1.2197065748031495
11
0.3945391338582677
21
1.2232267322834645
0
LINE
8
BLACK
6
CONTINUOUS
10
0.3945391338582677
20
1.2232267322834645
11
0.3930822834645669
21
1.2246835826771654
0
LINE
8
BLACK
6
CONTINUOUS
10
0.3930822834645669
20
1.2246835826771654
11
0.3895620472440945
21
1.2264437401574804
0
LINE
8
BLACK
6
CONTINUOUS
10
0.3895620472440945
20
1.2264437401574804
11
0.3743644488188976
21
1.2264437401574804
0
LINE
8
BLACK
6
CONTINUOUS
10
0.3743644488188976
20
1.2264437401574804
11
0.3743644488188976
21
1.2073211417322833
0
LINE
8
BLACK
6
CONTINUOUS
10
0.4304668110236221
20
1.2374635826771654
11
0.4326283858267717
21
1.2353020078740158
0
LINE
8
BLACK
6
CONTINUOUS
10
0.4326283858267717
20
1.2353020078740158
11
0.4334195669291339
21
1.232349251968504
0
LINE
8
BLACK
6
CONTINUOUS
10
0.4334195669291339
20
1.232349251968504
11
0.4334195669291339
21
1.1732941338582676
0
LINE
8
BLACK
6
CONTINUOUS
10
0.4334195669291339
20
1.1732941338582676
11
0.4326283858267717
21
1.1703413779527558
0
LINE
8
BLACK
6
CONTINUOUS
10
0.4326283858267717
20
1.1703413779527558
11
0.4304668110236221
21
1.1681798031496062
0
LINE
8
BLACK
6
CONTINUOUS
10
0.4304668110236221
20
1.1681798031496062
11
0.4275140551181102
21
1.167388622047244
0
LINE
8
BLACK
6
CONTINUOUS
10
0.4275140551181102
20
1.167388622047244
11
0.4245612992125984
21
1.1681798031496062
0
LINE
8
BLACK
6
CONTINUOUS
10
0.4245612992125984
20
1.1681798031496062
11
0.4223997244094488
21
1.1703413779527558
0
LINE
8
BLACK
6
CONTINUOUS
10
0.4223997244094488
20
1.1703413779527558
11
0.4216085433070866
21
1.1732941338582676
0
LINE
8
BLACK
6
CONTINUOUS
10
0.4216085433070866
20
1.1732941338582676
11
0.4216085433070866
21
1.232349251968504
0
LINE
8
BLACK
6
CONTINUOUS
10
0.4216085433070866
20
1.232349251968504
11
0.4223997244094488
21
1.2353020078740158
0
LINE
8
BLACK
6
CONTINUOUS
10
0.4223997244094488
20
1.2353020078740158
11
0.4245612992125984
21
1.2374635826771654
0
LINE
8
BLACK
6
CONTINUOUS
10
0.4245612992125984
20
1.2374635826771654
11
0.4275140551181102
21
1.2382547637795276
0
LINE
8
BLACK
6
CONTINUOUS
10
0.4275140551181102
20
1.2382547637795276
11
0.4304668110236221
21
1.2374635826771654
0
LINE
8
BLACK
6
CONTINUOUS
10
0.492334094488189
20
1.2374635826771654
11
0.4944956692913386
21
1.2353020078740158
0
LINE
8
BLACK
6
CONTINUOUS
10
0.4944956692913386
20
1.2353020078740158
11
0.4952868503937008
21
1.232349251968504
0
LINE
8
BLACK
6
CONTINUOUS
10
0.4952868503937008
20
1.232349251968504
11
0.4952868503937008
21
1.1732941338582676
0
LINE
8
BLACK
6
CONTINUOUS
10
0.4952868503937008
20
1.1732941338582676
11
0.4952833070866142
21
1.1732810236220472
0
LINE
8
BLACK
6
CONTINUOUS
10
0.4952833070866142
20
1.1732810236220472
11
0.495286811023622
21
1.1732678346456693
0
LINE
8
BLACK
6
CONTINUOUS
10
0.495286811023622
20
1.1732678346456693
11
0.4948870078740157
21
1.1718020078740157
0
LINE
8
BLACK
6
CONTINUOUS
10
0.4948870078740157
20
1.1718020078740157
11
0.4944956692913386
21
1.1703413779527558
0
LINE
8
BLACK
6
CONTINUOUS
10
0.4944956692913386
20
1.1703413779527558
11
0.494486062992126
21
1.1703317716535433
0
LINE
8
BLACK
6
CONTINUOUS
10
0.494486062992126
20
1.1703317716535433
11
0.4944824803149606
21
1.1703186220472441
0
LINE
8
BLACK
6
CONTINUOUS
10
0.4944824803149606
20
1.1703186220472441
11
0.4934035433070866
21
1.1692492519685038
0
LINE
8
BLACK
6
CONTINUOUS
10
0.4934035433070866
20
1.1692492519685038
11
0.492334094488189
21
1.1681798031496062
0
LINE
8
BLACK
6
CONTINUOUS
10
0.492334094488189
20
1.1681798031496062
11
0.4923209448818898
21
1.1681762598425196
0
LINE
8
BLACK
6
CONTINUOUS
10
0.4923209448818898
20
1.1681762598425196
11
0.4923112992125984
21
1.1681666929133858
0
LINE
8
BLACK
6
CONTINUOUS
10
0.4923112992125984
20
1.1681666929133858
11
0.4908419291338583
21
1.1677799606299213
0
LINE
8
BLACK
6
CONTINUOUS
10
0.4908419291338583
20
1.1677799606299213
11
0.4893813385826771
21
1.167388622047244
0
LINE
8
BLACK
6
CONTINUOUS
10
0.4893813385826771
20
1.167388622047244
11
0.4893682283464567
21
1.1673921259842519
0
LINE
8
BLACK
6
CONTINUOUS
10
0.4893682283464567
20
1.1673921259842519
11
0.4893550393700787
21
1.1673886614173228
0
LINE
8
BLACK
6
CONTINUOUS
10
0.4893550393700787
20
1.1673886614173228
11
0.4878892125984252
21
1.1677884251968504
0
LINE
8
BLACK
6
CONTINUOUS
10
0.4878892125984252
20
1.1677884251968504
11
0.4864285826771653
21
1.1681798031496062
0
LINE
8
BLACK
6
CONTINUOUS
10
0.4864285826771653
20
1.1681798031496062
11
0.4864189763779527
21
1.1681893700787402
0
LINE
8
BLACK
6
CONTINUOUS
10
0.4864189763779527
20
1.1681893700787402
11
0.4864058267716536
21
1.1681929921259842
0
LINE
8
BLACK
6
CONTINUOUS
10
0.4864058267716536
20
1.1681929921259842
11
0.4853386614173228
21
1.16926968503937
0
LINE
8
BLACK
6
CONTINUOUS
10
0.4853386614173228
20
1.16926968503937
11
0.4842670078740157
21
1.1703413779527558
0
LINE
8
BLACK
6
CONTINUOUS
10
0.4842670078740157
20
1.1703413779527558
11
0.4842634645669291
21
1.170354527559055
0
LINE
8
BLACK
6
CONTINUOUS
10
0.4842634645669291
20
1.170354527559055
11
0.484253937007874
21
1.1703641732283465
0
LINE
8
BLACK
6
CONTINUOUS
10
0.484253937007874
20
1.1703641732283465
11
0.461541062992126
21
1.2101116929133857
0
LINE
8
BLACK
6
CONTINUOUS
10
0.461541062992126
20
1.2101116929133857
11
0.461541062992126
21
1.1732941338582676
0
LINE
8
BLACK
6
CONTINUOUS
10
0.461541062992126
20
1.1732941338582676
11
0.4607498818897638
21
1.1703413779527558
0
LINE
8
BLACK
6
CONTINUOUS
10
0.4607498818897638
20
1.1703413779527558
11
0.4585883070866142
21
1.1681798031496062
0
LINE
8
BLACK
6
CONTINUOUS
10
0.4585883070866142
20
1.1681798031496062
11
0.4556355511811023
21
1.167388622047244
0
LINE
8
BLACK
6
CONTINUOUS
10
0.4556355511811023
20
1.167388622047244
11
0.4526827952755905
21
1.1681798031496062
0
LINE
8
BLACK
6
CONTINUOUS
10
0.4526827952755905
20
1.1681798031496062
11
0.4505212204724409
21
1.1703413779527558
0
LINE
8
BLACK
6
CONTINUOUS
10
0.4505212204724409
20
1.1703413779527558
11
0.4497300393700787
21
1.1732941338582676
0
LINE
8
BLACK
6
CONTINUOUS
10
0.4497300393700787
20
1.1732941338582676
11
0.4497300393700787
21
1.232349251968504
0
LINE
8
BLACK
6
CONTINUOUS
10
0.4497300393700787
20
1.232349251968504
11
0.4497335433070866
21
1.2323623228346456
0
LINE
8
BLACK
6
CONTINUOUS
10
0.4497335433070866
20
1.2323623228346456
11
0.4497300787401575
21
1.2323755511811023
0
LINE
8
BLACK
6
CONTINUOUS
10
0.4497300787401575
20
1.2323755511811023
11
0.450129842519685
21
1.2338413385826772
0
LINE
8
BLACK
6
CONTINUOUS
10
0.450129842519685
20
1.2338413385826772
11
0.4505212204724409
21
1.2353020078740158
0
LINE
8
BLACK
6
CONTINUOUS
10
0.4505212204724409
20
1.2353020078740158
11
0.4505307874015748
21
1.2353115748031496
0
LINE
8
BLACK
6
CONTINUOUS
10
0.4505307874015748
20
1.2353115748031496
11
0.4505344094488189
21
1.2353247637795275
0
LINE
8
BLACK
6
CONTINUOUS
10
0.4505344094488189
20
1.2353247637795275
11
0.4516111023622047
21
1.2363918897637796
0
LINE
8
BLACK
6
CONTINUOUS
10
0.4516111023622047
20
1.2363918897637796
11
0.4526827952755905
21
1.2374635826771654
0
LINE
8
BLACK
6
CONTINUOUS
10
0.4526827952755905
20
1.2374635826771654
11
0.4526959448818897
21
1.2374670866141733
0
LINE
8
BLACK
6
CONTINUOUS
10
0.4526959448818897
20
1.2374670866141733
11
0.4527055905511811
21
1.237476653543307
0
LINE
8
BLACK
6
CONTINUOUS
10
0.4527055905511811
20
1.237476653543307
11
0.454170748031496
21
1.2378622440944882
0
LINE
8
BLACK
6
CONTINUOUS
10
0.454170748031496
20
1.2378622440944882
11
0.4556355511811023
21
1.2382547637795276
0
LINE
8
BLACK
6
CONTINUOUS
10
0.4556355511811023
20
1.2382547637795276
11
0.4556486220472441
21
1.238251220472441
0
LINE
8
BLACK
6
CONTINUOUS
10
0.4556486220472441
20
1.238251220472441
11
0.4556618503937008
21
1.2382547244094488
0
LINE
8
BLACK
6
CONTINUOUS
10
0.4556618503937008
20
1.2382547244094488
11
0.4571276377952756
21
1.2378549212598424
0
LINE
8
BLACK
6
CONTINUOUS
10
0.4571276377952756
20
1.2378549212598424
11
0.4585883070866142
21
1.2374635826771654
0
LINE
8
BLACK
6
CONTINUOUS
10
0.4585883070866142
20
1.2374635826771654
11
0.458597874015748
21
1.2374539763779526
0
LINE
8
BLACK
6
CONTINUOUS
10
0.458597874015748
20
1.2374539763779526
11
0.458611062992126
21
1.2374503937007875
0
LINE
8
BLACK
6
CONTINUOUS
10
0.458611062992126
20
1.2374503937007875
11
0.459678188976378
21
1.2363736614173229
0
LINE
8
BLACK
6
CONTINUOUS
10
0.459678188976378
20
1.2363736614173229
11
0.4607498818897638
21
1.2353020078740158
0
LINE
8
BLACK
6
CONTINUOUS
10
0.4607498818897638
20
1.2353020078740158
11
0.4607533858267717
21
1.2352888188976379
0
LINE
8
BLACK
6
CONTINUOUS
10
0.4607533858267717
20
1.2352888188976379
11
0.4607629527559055
21
1.2352792125984251
0
LINE
8
BLACK
6
CONTINUOUS
10
0.4607629527559055
20
1.2352792125984251
11
0.4834758267716535
21
1.1955317322834644
0
LINE
8
BLACK
6
CONTINUOUS
10
0.4834758267716535
20
1.1955317322834644
11
0.4834758267716535
21
1.232349251968504
0
LINE
8
BLACK
6
CONTINUOUS
10
0.4834758267716535
20
1.232349251968504
11
0.4842670078740157
21
1.2353020078740158
0
LINE
8
BLACK
6
CONTINUOUS
10
0.4842670078740157
20
1.2353020078740158
11
0.4864285826771653
21
1.2374635826771654
0
LINE
8
BLACK
6
CONTINUOUS
10
0.4864285826771653
20
1.2374635826771654
11
0.4893813385826771
21
1.2382547637795276
0
LINE
8
BLACK
6
CONTINUOUS
10
0.4893813385826771
20
1.2382547637795276
11
0.492334094488189
21
1.2374635826771654
0
LINE
8
BLACK
6
CONTINUOUS
10
0.5324820078740158
20
1.2380086614173229
11
0.5334310629921259
21
1.2379516929133858
0
LINE
8
BLACK
6
CONTINUOUS
10
0.5334310629921259
20
1.2379516929133858
11
0.5418675196850393
21
1.2351395669291338
0
LINE
8
BLACK
6
CONTINUOUS
10
0.5418675196850393
20
1.2351395669291338
11
0.5430003937007873
21
1.2343915354330708
0
LINE
8
BLACK
6
CONTINUOUS
10
0.5430003937007873
20
1.2343915354330708
11
0.5441758661417323
21
1.2337129133858267
0
LINE
8
BLACK
6
CONTINUOUS
10
0.5441758661417323
20
1.2337129133858267
11
0.549800157480315
21
1.228088622047244
0
LINE
8
BLACK
6
CONTINUOUS
10
0.549800157480315
20
1.228088622047244
11
0.5502755511811024
21
1.2272651574803148
0
LINE
8
BLACK
6
CONTINUOUS
10
0.5502755511811024
20
1.2272651574803148
11
0.5509063779527559
21
1.2265538188976377
0
LINE
8
BLACK
6
CONTINUOUS
10
0.5509063779527559
20
1.2265538188976377
11
0.5537185433070866
21
1.2209295669291338
0
LINE
8
BLACK
6
CONTINUOUS
10
0.5537185433070866
20
1.2209295669291338
11
0.5538492519685039
21
1.2202907086614172
0
LINE
8
BLACK
6
CONTINUOUS
10
0.5538492519685039
20
1.2202907086614172
11
0.5541656692913386
21
1.2197207874015747
0
LINE
8
BLACK
6
CONTINUOUS
10
0.5541656692913386
20
1.2197207874015747
11
0.5569777952755905
21
1.2084722047244094
0
LINE
8
BLACK
6
CONTINUOUS
10
0.5569777952755905
20
1.2084722047244094
11
0.5569655118110236
21
1.2077437401574802
0
LINE
8
BLACK
6
CONTINUOUS
10
0.5569655118110236
20
1.2077437401574802
11
0.5571541338582677
21
1.2070399212598424
0
LINE
8
BLACK
6
CONTINUOUS
10
0.5571541338582677
20
1.2070399212598424
11
0.5571541338582677
21
1.198603464566929
0
LINE
8
BLACK
6
CONTINUOUS
10
0.5571541338582677
20
1.198603464566929
11
0.5569655118110236
21
1.1978996062992127
0
LINE
8
BLACK
6
CONTINUOUS
10
0.5569655118110236
20
1.1978996062992127
11
0.5569777952755905
21
1.1971711811023622
0
LINE
8
BLACK
6
CONTINUOUS
10
0.5569777952755905
20
1.1971711811023622
11
0.5541656692913386
21
1.1859225984251969
0
LINE
8
BLACK
6
CONTINUOUS
10
0.5541656692913386
20
1.1859225984251969
11
0.5538492519685039
21
1.1853526377952757
0
LINE
8
BLACK
6
CONTINUOUS
10
0.5538492519685039
20
1.1853526377952757
11
0.5537185433070866
21
1.1847138188976378
0
LINE
8
BLACK
6
CONTINUOUS
10
0.5537185433070866
20
1.1847138188976378
11
0.5509063779527559
21
1.1790895669291339
0
LINE
8
BLACK
6
CONTINUOUS
10
0.5509063779527559
20
1.1790895669291339
11
0.5502755511811024
21
1.178378188976378
0
LINE
8
BLACK
6
CONTINUOUS
10
0.5502755511811024
20
1.178378188976378
11
0.549800157480315
21
1.1775547637795276
0
LINE
8
BLACK
6
CONTINUOUS
10
0.549800157480315
20
1.1775547637795276
11
0.5441758661417323
21
1.1719304724409449
0
LINE
8
BLACK
6
CONTINUOUS
10
0.5441758661417323
20
1.1719304724409449
11
0.5430003937007873
21
1.1712518110236221
0
LINE
8
BLACK
6
CONTINUOUS
10
0.5430003937007873
20
1.1712518110236221
11
0.5418675196850393
21
1.1705038188976378
0
LINE
8
BLACK
6
CONTINUOUS
10
0.5418675196850393
20
1.1705038188976378
11
0.5334310629921259
21
1.1676916929133858
0
LINE
8
BLACK
6
CONTINUOUS
10
0.5334310629921259
20
1.1676916929133858
11
0.5324820078740158
21
1.16763468503937
0
LINE
8
BLACK
6
CONTINUOUS
10
0.5324820078740158
20
1.16763468503937
11
0.5315635826771653
21
1.167388622047244
0
LINE
8
BLACK
6
CONTINUOUS
10
0.5315635826771653
20
1.167388622047244
11
0.5175028346456693
21
1.167388622047244
0
LINE
8
BLACK
6
CONTINUOUS
10
0.5175028346456693
20
1.167388622047244
11
0.5145500787401575
21
1.1681798031496062
0
LINE
8
BLACK
6
CONTINUOUS
10
0.5145500787401575
20
1.1681798031496062
11
0.5123885039370079
21
1.1703413779527558
0
LINE
8
BLACK
6
CONTINUOUS
10
0.5123885039370079
20
1.1703413779527558
11
0.5115973228346457
21
1.1732941338582676
0
LINE
8
BLACK
6
CONTINUOUS
10
0.5115973228346457
20
1.1732941338582676
11
0.5115973228346457
21
1.232349251968504
0
LINE
8
BLACK
6
CONTINUOUS
10
0.5115973228346457
20
1.232349251968504
11
0.5123885039370079
21
1.2353020078740158
0
LINE
8
BLACK
6
CONTINUOUS
10
0.5123885039370079
20
1.2353020078740158
11
0.5145500787401575
21
1.2374635826771654
0
LINE
8
BLACK
6
CONTINUOUS
10
0.5145500787401575
20
1.2374635826771654
11
0.5175028346456693
21
1.2382547637795276
0
LINE
8
BLACK
6
CONTINUOUS
10
0.5175028346456693
20
1.2382547637795276
11
0.5315635826771653
21
1.2382547637795276
0
LINE
8
BLACK
6
CONTINUOUS
10
0.5315635826771653
20
1.2382547637795276
11
0.5324820078740158
21
1.2380086614173229
0
LINE
8
BLACK
6
CONTINUOUS
10
0.5234083464566929
20
1.1791996456692913
11
0.5306053149606299
21
1.1791996456692913
0
LINE
8
BLACK
6
CONTINUOUS
10
0.5306053149606299
20
1.1791996456692913
11
0.5368099606299213
21
1.1812678740157481
0
LINE
8
BLACK
6
CONTINUOUS
10
0.5368099606299213
20
1.1812678740157481
11
0.5407708661417323
21
1.1852287795275591
0
LINE
8
BLACK
6
CONTINUOUS
10
0.5407708661417323
20
1.1852287795275591
11
0.5428645275590551
21
1.1894161417322835
0
LINE
8
BLACK
6
CONTINUOUS
10
0.5428645275590551
20
1.1894161417322835
11
0.5453431102362205
21
1.1993303543307086
0
LINE
8
BLACK
6
CONTINUOUS
10
0.5453431102362205
20
1.1993303543307086
11
0.5453431102362205
21
1.2063129921259843
0
LINE
8
BLACK
6
CONTINUOUS
10
0.5453431102362205
20
1.2063129921259843
11
0.5428645275590551
21
1.2162272047244094
0
LINE
8
BLACK
6
CONTINUOUS
10
0.5428645275590551
20
1.2162272047244094
11
0.5407708661417323
21
1.2204145669291337
0
LINE
8
BLACK
6
CONTINUOUS
10
0.5407708661417323
20
1.2204145669291337
11
0.5368099606299213
21
1.2243754724409448
0
LINE
8
BLACK
6
CONTINUOUS
10
0.5368099606299213
20
1.2243754724409448
11
0.5306053149606299
21
1.2264437401574804
0
LINE
8
BLACK
6
CONTINUOUS
10
0.5306053149606299
20
1.2264437401574804
11
0.5234083464566929
21
1.2264437401574804
0
LINE
8
BLACK
6
CONTINUOUS
10
0.5234083464566929
20
1.2264437401574804
11
0.5234083464566929
21
1.1791996456692913
0
LINE
8
BLACK
6
CONTINUOUS
10
0.5947419291338583
20
1.2379034251968504
11
0.5960718897637796
21
1.2376312992125984
0
LINE
8
BLACK
6
CONTINUOUS
10
0.5960718897637796
20
1.2376312992125984
11
0.6016961811023622
21
1.2348191338582677
0
LINE
8
BLACK
6
CONTINUOUS
10
0.6016961811023622
20
1.2348191338582677
11
0.6024075196850394
21
1.2341883070866142
0
LINE
8
BLACK
6
CONTINUOUS
10
0.6024075196850394
20
1.2341883070866142
11
0.6032309448818898
21
1.2337129527559054
0
LINE
8
BLACK
6
CONTINUOUS
10
0.6032309448818898
20
1.2337129527559054
11
0.6060431102362205
21
1.2309008267716535
0
LINE
8
BLACK
6
CONTINUOUS
10
0.6060431102362205
20
1.2309008267716535
11
0.6065185039370079
21
1.2300773622047243
0
LINE
8
BLACK
6
CONTINUOUS
10
0.6065185039370079
20
1.2300773622047243
11
0.6071493700787401
21
1.2293659842519684
0
LINE
8
BLACK
6
CONTINUOUS
10
0.6071493700787401
20
1.2293659842519684
11
0.6099614960629921
21
1.223741653543307
0
LINE
8
BLACK
6
CONTINUOUS
10
0.6099614960629921
20
1.223741653543307
11
0.6100921653543306
21
1.2231029133858267
0
LINE
8
BLACK
6
CONTINUOUS
10
0.6100921653543306
20
1.2231029133858267
11
0.6104086220472441
21
1.2225329527559055
0
LINE
8
BLACK
6
CONTINUOUS
10
0.6104086220472441
20
1.2225329527559055
11
0.6132207874015748
21
1.2112843700787401
0
LINE
8
BLACK
6
CONTINUOUS
10
0.6132207874015748
20
1.2112843700787401
11
0.6132085039370079
21
1.2105558267716534
0
LINE
8
BLACK
6
CONTINUOUS
10
0.6132085039370079
20
1.2105558267716534
11
0.613397125984252
21
1.2098520472440946
0
LINE
8
BLACK
6
CONTINUOUS
10
0.613397125984252
20
1.2098520472440946
11
0.613397125984252
21
1.1957913385826771
0
LINE
8
BLACK
6
CONTINUOUS
10
0.613397125984252
20
1.1957913385826771
11
0.6132085039370079
21
1.1950875196850392
0
LINE
8
BLACK
6
CONTINUOUS
10
0.6132085039370079
20
1.1950875196850392
11
0.6132207874015748
21
1.1943590157480315
0
LINE
8
BLACK
6
CONTINUOUS
10
0.6132207874015748
20
1.1943590157480315
11
0.6104086220472441
21
1.1831104330708662
0
LINE
8
BLACK
6
CONTINUOUS
10
0.6104086220472441
20
1.1831104330708662
11
0.6100921653543306
21
1.1825404330708662
0
LINE
8
BLACK
6
CONTINUOUS
10
0.6100921653543306
20
1.1825404330708662
11
0.6099614960629921
21
1.1819017322834646
0
LINE
8
BLACK
6
CONTINUOUS
10
0.6099614960629921
20
1.1819017322834646
11
0.6071493700787401
21
1.1762774015748032
0
LINE
8
BLACK
6
CONTINUOUS
10
0.6071493700787401
20
1.1762774015748032
11
0.6065185039370079
21
1.1755659842519686
0
LINE
8
BLACK
6
CONTINUOUS
10
0.6065185039370079
20
1.1755659842519686
11
0.6060431102362205
21
1.1747425590551182
0
LINE
8
BLACK
6
CONTINUOUS
10
0.6060431102362205
20
1.1747425590551182
11
0.6032309448818898
21
1.1719304330708662
0
LINE
8
BLACK
6
CONTINUOUS
10
0.6032309448818898
20
1.1719304330708662
11
0.6024075196850394
21
1.1714550393700787
0
LINE
8
BLACK
6
CONTINUOUS
10
0.6024075196850394
20
1.1714550393700787
11
0.6016961811023622
21
1.1708242519685039
0
LINE
8
BLACK
6
CONTINUOUS
10
0.6016961811023622
20
1.1708242519685039
11
0.5960718897637796
21
1.1680120866141732
0
LINE
8
BLACK
6
CONTINUOUS
10
0.5960718897637796
20
1.1680120866141732
11
0.5947419291338583
21
1.1677399212598425
0
LINE
8
BLACK
6
CONTINUOUS
10
0.5947419291338583
20
1.1677399212598425
11
0.5934308661417322
21
1.167388622047244
0
LINE
8
BLACK
6
CONTINUOUS
10
0.5934308661417322
20
1.167388622047244
11
0.5878065748031496
21
1.167388622047244
0
LINE
8
BLACK
6
CONTINUOUS
10
0.5878065748031496
20
1.167388622047244
11
0.5864955118110237
21
1.1677398818897637
0
LINE
8
BLACK
6
CONTINUOUS
10
0.5864955118110237
20
1.1677398818897637
11
0.5851655118110236
21
1.1680120866141732
0
LINE
8
BLACK
6
CONTINUOUS
10
0.5851655118110236
20
1.1680120866141732
11
0.5795412598425197
21
1.1708242519685039
0
LINE
8
BLACK
6
CONTINUOUS
10
0.5795412598425197
20
1.1708242519685039
11
0.5788298818897638
21
1.1714550393700787
0
LINE
8
BLACK
6
CONTINUOUS
10
0.5788298818897638
20
1.1714550393700787
11
0.5780064960629921
21
1.1719304330708662
0
LINE
8
BLACK
6
CONTINUOUS
10
0.5780064960629921
20
1.1719304330708662
11
0.5751943307086614
21
1.1747425590551182
0
LINE
8
BLACK
6
CONTINUOUS
10
0.5751943307086614
20
1.1747425590551182
11
0.5747188582677165
21
1.1755660236220473
0
LINE
8
BLACK
6
CONTINUOUS
10
0.5747188582677165
20
1.1755660236220473
11
0.5740880708661417
21
1.1762774015748032
0
LINE
8
BLACK
6
CONTINUOUS
10
0.5740880708661417
20
1.1762774015748032
11
0.571275905511811
21
1.1819016929133859
0
LINE
8
BLACK
6
CONTINUOUS
10
0.571275905511811
20
1.1819016929133859
11
0.5711451574803149
21
1.1825404330708662
0
LINE
8
BLACK
6
CONTINUOUS
10
0.5711451574803149
20
1.1825404330708662
11
0.5708287795275591
21
1.1831104330708662
0
LINE
8
BLACK
6
CONTINUOUS
10
0.5708287795275591
20
1.1831104330708662
11
0.5680166535433071
21
1.1943590551181102
0
LINE
8
BLACK
6
CONTINUOUS
10
0.5680166535433071
20
1.1943590551181102
11
0.5680288976377953
21
1.1950874803149607
0
LINE
8
BLACK
6
CONTINUOUS
10
0.5680288976377953
20
1.1950874803149607
11
0.5678403149606299
21
1.1957913385826771
0
LINE
8
BLACK
6
CONTINUOUS
10
0.5678403149606299
20
1.1957913385826771
11
0.5678403149606299
21
1.2098520472440946
0
LINE
8
BLACK
6
CONTINUOUS
10
0.5678403149606299
20
1.2098520472440946
11
0.5680288976377953
21
1.2105558661417322
0
LINE
8
BLACK
6
CONTINUOUS
10
0.5680288976377953
20
1.2105558661417322
11
0.5680166535433071
21
1.2112843307086614
0
LINE
8
BLACK
6
CONTINUOUS
10
0.5680166535433071
20
1.2112843307086614
11
0.5708287795275591
21
1.2225329527559055
0
LINE
8
BLACK
6
CONTINUOUS
10
0.5708287795275591
20
1.2225329527559055
11
0.5711451574803149
21
1.2231029133858267
0
LINE
8
BLACK
6
CONTINUOUS
10
0.5711451574803149
20
1.2231029133858267
11
0.571275905511811
21
1.2237416929133857
0
LINE
8
BLACK
6
CONTINUOUS
10
0.571275905511811
20
1.2237416929133857
11
0.5740880708661417
21
1.2293659842519684
0
LINE
8
BLACK
6
CONTINUOUS
10
0.5740880708661417
20
1.2293659842519684
11
0.5747188582677165
21
1.2300773228346455
0
LINE
8
BLACK
6
CONTINUOUS
10
0.5747188582677165
20
1.2300773228346455
11
0.5751943307086614
21
1.2309008267716535
0
LINE
8
BLACK
6
CONTINUOUS
10
0.5751943307086614
20
1.2309008267716535
11
0.5780064960629921
21
1.2337129527559054
0
LINE
8
BLACK
6
CONTINUOUS
10
0.5780064960629921
20
1.2337129527559054
11
0.5788298818897638
21
1.2341883070866142
0
LINE
8
BLACK
6
CONTINUOUS
10
0.5788298818897638
20
1.2341883070866142
11
0.5795412598425197
21
1.2348191338582677
0
LINE
8
BLACK
6
CONTINUOUS
10
0.5795412598425197
20
1.2348191338582677
11
0.5851655118110236
21
1.2376312992125984
0
LINE
8
BLACK
6
CONTINUOUS
10
0.5851655118110236
20
1.2376312992125984
11
0.5864955118110237
21
1.2379034645669291
0
LINE
8
BLACK
6
CONTINUOUS
10
0.5864955118110237
20
1.2379034645669291
11
0.5878065748031496
21
1.2382547637795276
0
LINE
8
BLACK
6
CONTINUOUS
10
0.5878065748031496
20
1.2382547637795276
11
0.5934308661417322
21
1.2382547637795276
0
LINE
8
BLACK
6
CONTINUOUS
10
0.5934308661417322
20
1.2382547637795276
11
0.5947419291338583
21
1.2379034251968504
0
LINE
8
BLACK
6
CONTINUOUS
10
0.5856804330708661
20
1.2246835826771654
11
0.5842235826771653
21
1.2232267716535432
0
LINE
8
BLACK
6
CONTINUOUS
10
0.5842235826771653
20
1.2232267716535432
11
0.582129842519685
21
1.2190393700787401
0
LINE
8
BLACK
6
CONTINUOUS
10
0.582129842519685
20
1.2190393700787401
11
0.5796513385826771
21
1.2091251181102363
0
LINE
8
BLACK
6
CONTINUOUS
10
0.5796513385826771
20
1.2091251181102363
11
0.5796513385826771
21
1.1965182283464566
0
LINE
8
BLACK
6
CONTINUOUS
10
0.5796513385826771
20
1.1965182283464566
11
0.582129842519685
21
1.1866039763779528
0
LINE
8
BLACK
6
CONTINUOUS
10
0.582129842519685
20
1.1866039763779528
11
0.5842235826771653
21
1.1824165748031497
0
LINE
8
BLACK
6
CONTINUOUS
10
0.5842235826771653
20
1.1824165748031497
11
0.5856804330708661
21
1.1809597637795275
0
LINE
8
BLACK
6
CONTINUOUS
10
0.5856804330708661
20
1.1809597637795275
11
0.5892006692913385
21
1.1791996456692913
0
LINE
8
BLACK
6
CONTINUOUS
10
0.5892006692913385
20
1.1791996456692913
11
0.5920367716535433
21
1.1791996456692913
0
LINE
8
BLACK
6
CONTINUOUS
10
0.5920367716535433
20
1.1791996456692913
11
0.5955570078740158
21
1.1809597637795275
0
LINE
8
BLACK
6
CONTINUOUS
10
0.5955570078740158
20
1.1809597637795275
11
0.5970138582677165
21
1.1824166141732284
0
LINE
8
BLACK
6
CONTINUOUS
10
0.5970138582677165
20
1.1824166141732284
11
0.5991074803149606
21
1.186603937007874
0
LINE
8
BLACK
6
CONTINUOUS
10
0.5991074803149606
20
1.186603937007874
11
0.6015861023622047
21
1.1965182677165354
0
LINE
8
BLACK
6
CONTINUOUS
10
0.6015861023622047
20
1.1965182677165354
11
0.6015861023622047
21
1.2091250787401575
0
LINE
8
BLACK
6
CONTINUOUS
10
0.6015861023622047
20
1.2091250787401575
11
0.5991074803149606
21
1.2190394094488188
0
LINE
8
BLACK
6
CONTINUOUS
10
0.5991074803149606
20
1.2190394094488188
11
0.5970138582677165
21
1.2232267322834645
0
LINE
8
BLACK
6
CONTINUOUS
10
0.5970138582677165
20
1.2232267322834645
11
0.5955570078740158
21
1.2246835826771654
0
LINE
8
BLACK
6
CONTINUOUS
10
0.5955570078740158
20
1.2246835826771654
11
0.5920367716535433
21
1.2264437401574804
0
LINE
8
BLACK
6
CONTINUOUS
10
0.5920367716535433
20
1.2264437401574804
11
0.5892006692913385
21
1.2264437401574804
0
LINE
8
BLACK
6
CONTINUOUS
10
0.5892006692913385
20
1.2264437401574804
11
0.5856804330708661
21
1.2246835826771654
0
LINE
8
BLACK
6
CONTINUOUS
10
0.6470501574803149
20
1.2382042125984252
11
0.6472417322834646
21
1.238242559055118
0
LINE
8
BLACK
6
CONTINUOUS
10
0.6472417322834646
20
1.238242559055118
11
0.6485158661417323
21
1.237811496062992
0
LINE
8
BLACK
6
CONTINUOUS
10
0.6485158661417323
20
1.237811496062992
11
0.6498144094488189
21
1.2374635826771654
0
LINE
8
BLACK
6
CONTINUOUS
10
0.6498144094488189
20
1.2374635826771654
11
0.6499524409448819
21
1.2373255118110236
0
LINE
8
BLACK
6
CONTINUOUS
10
0.6499524409448819
20
1.2373255118110236
11
0.6501374409448819
21
1.2372629527559056
0
LINE
8
BLACK
6
CONTINUOUS
10
0.6501374409448819
20
1.2372629527559056
11
0.6510253149606299
21
1.2362526377952756
0
LINE
8
BLACK
6
CONTINUOUS
10
0.6510253149606299
20
1.2362526377952756
11
0.6519759842519685
21
1.2353020078740158
0
LINE
8
BLACK
6
CONTINUOUS
10
0.6519759842519685
20
1.2353020078740158
11
0.6520264960629921
21
1.2351134645669291
0
LINE
8
BLACK
6
CONTINUOUS
10
0.6520264960629921
20
1.2351134645669291
11
0.6521554330708661
21
1.2349667716535433
0
LINE
8
BLACK
6
CONTINUOUS
10
0.6521554330708661
20
1.2349667716535433
11
0.6524191732283464
21
1.2336478740157479
0
LINE
8
BLACK
6
CONTINUOUS
10
0.6524191732283464
20
1.2336478740157479
11
0.6527671653543307
21
1.232349251968504
0
LINE
8
BLACK
6
CONTINUOUS
10
0.6527671653543307
20
1.232349251968504
11
0.6527671653543307
21
1.1791996456692913
0
LINE
8
BLACK
6
CONTINUOUS
10
0.6527671653543307
20
1.1791996456692913
11
0.6637345669291338
21
1.1791996456692913
0
LINE
8
BLACK
6
CONTINUOUS
10
0.6637345669291338
20
1.1791996456692913
11
0.6666873228346456
21
1.178408464566929
0
LINE
8
BLACK
6
CONTINUOUS
10
0.6666873228346456
20
1.178408464566929
11
0.6688488976377953
21
1.1762468897637794
0
LINE
8
BLACK
6
CONTINUOUS
10
0.6688488976377953
20
1.1762468897637794
11
0.6696400787401575
21
1.1732941338582676
0
LINE
8
BLACK
6
CONTINUOUS
10
0.6696400787401575
20
1.1732941338582676
11
0.6688488976377953
21
1.1703413779527558
0
LINE
8
BLACK
6
CONTINUOUS
10
0.6688488976377953
20
1.1703413779527558
11
0.6666873228346456
21
1.1681798031496062
0
LINE
8
BLACK
6
CONTINUOUS
10
0.6666873228346456
20
1.1681798031496062
11
0.6637345669291338
21
1.167388622047244
0
LINE
8
BLACK
6
CONTINUOUS
10
0.6637345669291338
20
1.167388622047244
11
0.646861653543307
21
1.167388622047244
0
LINE
8
BLACK
6
CONTINUOUS
10
0.646861653543307
20
1.167388622047244
11
0.6299887795275591
21
1.167388622047244
0
LINE
8
BLACK
6
CONTINUOUS
10
0.6299887795275591
20
1.167388622047244
11
0.6270360236220472
21
1.1681798031496062
0
LINE
8
BLACK
6
CONTINUOUS
10
0.6270360236220472
20
1.1681798031496062
11
0.6248744488188976
21
1.1703413779527558
0
LINE
8
BLACK
6
CONTINUOUS
10
0.6248744488188976
20
1.1703413779527558
11
0.6240832677165354
21
1.1732941338582676
0
LINE
8
BLACK
6
CONTINUOUS
10
0.6240832677165354
20
1.1732941338582676
11
0.6248744488188976
21
1.1762468897637794
0
LINE
8
BLACK
6
CONTINUOUS
10
0.6248744488188976
20
1.1762468897637794
11
0.6270360236220472
21
1.178408464566929
0
LINE
8
BLACK
6
CONTINUOUS
10
0.6270360236220472
20
1.178408464566929
11
0.6299887795275591
21
1.1791996456692913
0
LINE
8
BLACK
6
CONTINUOUS
10
0.6299887795275591
20
1.1791996456692913
11
0.6409561417322834
21
1.1791996456692913
0
LINE
8
BLACK
6
CONTINUOUS
10
0.6409561417322834
20
1.1791996456692913
11
0.6409561417322834
21
1.2152799212598424
0
LINE
8
BLACK
6
CONTINUOUS
10
0.6409561417322834
20
1.2152799212598424
11
0.6397888976377952
21
1.2141126771653543
0
LINE
8
BLACK
6
CONTINUOUS
10
0.6397888976377952
20
1.2141126771653543
11
0.6389654724409448
21
1.213637283464567
0
LINE
8
BLACK
6
CONTINUOUS
10
0.6389654724409448
20
1.213637283464567
11
0.6382540944881889
21
1.2130064566929133
0
LINE
8
BLACK
6
CONTINUOUS
10
0.6382540944881889
20
1.2130064566929133
11
0.6326298031496063
21
1.2101943307086613
0
LINE
8
BLACK
6
CONTINUOUS
10
0.6326298031496063
20
1.2101943307086613
11
0.6296349212598426
21
1.2095814566929133
0
LINE
8
BLACK
6
CONTINUOUS
10
0.6296349212598426
20
1.2095814566929133
11
0.6267348818897638
21
1.2105481496062991
0
LINE
8
BLACK
6
CONTINUOUS
10
0.6267348818897638
20
1.2105481496062991
11
0.6247067322834645
21
1.2128353543307087
0
LINE
8
BLACK
6
CONTINUOUS
10
0.6247067322834645
20
1.2128353543307087
11
0.6240938582677166
21
1.2158302362204725
0
LINE
8
BLACK
6
CONTINUOUS
10
0.6240938582677166
20
1.2158302362204725
11
0.6250605511811024
21
1.2187302755905511
0
LINE
8
BLACK
6
CONTINUOUS
10
0.6250605511811024
20
1.2187302755905511
11
0.6273477559055118
21
1.2207584251968504
0
LINE
8
BLACK
6
CONTINUOUS
10
0.6273477559055118
20
1.2207584251968504
11
0.632114842519685
21
1.2231419291338583
0
LINE
8
BLACK
6
CONTINUOUS
10
0.632114842519685
20
1.2231419291338583
11
0.6366479921259842
21
1.2276750787401574
0
LINE
8
BLACK
6
CONTINUOUS
10
0.6366479921259842
20
1.2276750787401574
11
0.6419479921259842
21
1.2356250393700787
0
LINE
8
BLACK
6
CONTINUOUS
10
0.6419479921259842
20
1.2356250393700787
11
0.6429579527559055
21
1.2365126377952755
0
LINE
8
BLACK
6
CONTINUOUS
10
0.6429579527559055
20
1.2365126377952755
11
0.6439088976377952
21
1.2374635826771654
0
LINE
8
BLACK
6
CONTINUOUS
10
0.6439088976377952
20
1.2374635826771654
11
0.6440974803149606
21
1.2375140944881891
0
LINE
8
BLACK
6
CONTINUOUS
10
0.6440974803149606
20
1.2375140944881891
11
0.6442441732283465
21
1.2376430314960629
0
LINE
8
BLACK
6
CONTINUOUS
10
0.6442441732283465
20
1.2376430314960629
11
0.6455631102362205
21
1.237906811023622
0
LINE
8
BLACK
6
CONTINUOUS
10
0.6455631102362205
20
1.237906811023622
11
0.646861653543307
21
1.2382547637795276
0
LINE
8
BLACK
6
CONTINUOUS
10
0.646861653543307
20
1.2382547637795276
11
0.6470501574803149
21
1.2382042125984252
0
LINE
8
BLACK
6
CONTINUOUS
10
0.7017994094488189
20
1.2379733464566929
11
0.7021599606299213
21
1.2379517322834646
0
LINE
8
BLACK
6
CONTINUOUS
10
0.7021599606299213
20
1.2379517322834646
11
0.7031498818897638
21
1.2372981102362204
0
LINE
8
BLACK
6
CONTINUOUS
10
0.7031498818897638
20
1.2372981102362204
11
0.7042106299212598
21
1.2367677559055117
0
LINE
8
BLACK
6
CONTINUOUS
10
0.7042106299212598
20
1.2367677559055117
11
0.7044095669291338
21
1.2364664173228346
0
LINE
8
BLACK
6
CONTINUOUS
10
0.7044095669291338
20
1.2364664173228346
11
0.7047110236220472
21
1.2362674015748032
0
LINE
8
BLACK
6
CONTINUOUS
10
0.7047110236220472
20
1.2362674015748032
11
0.7052415354330709
21
1.2352062992125985
0
LINE
8
BLACK
6
CONTINUOUS
10
0.7052415354330709
20
1.2352062992125985
11
0.7058949212598425
21
1.2342167322834645
0
LINE
8
BLACK
6
CONTINUOUS
10
0.7058949212598425
20
1.2342167322834645
11
0.72558
21
1.1751616141732284
0
LINE
8
BLACK
6
CONTINUOUS
10
0.72558
20
1.1751616141732284
11
0.7257631496062992
21
1.1721101968503937
0
LINE
8
BLACK
6
CONTINUOUS
10
0.7257631496062992
20
1.1721101968503937
11
0.724396062992126
21
1.1693759842519684
0
LINE
8
BLACK
6
CONTINUOUS
10
0.724396062992126
20
1.1693759842519684
11
0.721845
21
1.1676916535433071
0
LINE
8
BLACK
6
CONTINUOUS
10
0.721845
20
1.1676916535433071
11
0.7187935826771653
21
1.1675085039370079
0
LINE
8
BLACK
6
CONTINUOUS
10
0.7187935826771653
20
1.1675085039370079
11
0.7160593700787401
21
1.1688755905511812
0
LINE
8
BLACK
6
CONTINUOUS
10
0.7160593700787401
20
1.1688755905511812
11
0.7143750787401575
21
1.1714266535433071
0
LINE
8
BLACK
6
CONTINUOUS
10
0.7143750787401575
20
1.1714266535433071
11
0.710096811023622
21
1.184261496062992
0
LINE
8
BLACK
6
CONTINUOUS
10
0.710096811023622
20
1.184261496062992
11
0.690488188976378
21
1.184261496062992
0
LINE
8
BLACK
6
CONTINUOUS
10
0.690488188976378
20
1.184261496062992
11
0.6862098818897637
21
1.1714266535433071
0
LINE
8
BLACK
6
CONTINUOUS
10
0.6862098818897637
20
1.1714266535433071
11
0.6845255905511811
21
1.1688756299212597
0
LINE
8
BLACK
6
CONTINUOUS
10
0.6845255905511811
20
1.1688756299212597
11
0.6817913779527559
21
1.1675085039370079
0
LINE
8
BLACK
6
CONTINUOUS
10
0.6817913779527559
20
1.1675085039370079
11
0.6787399606299213
21
1.1676916929133858
0
LINE
8
BLACK
6
CONTINUOUS
10
0.6787399606299213
20
1.1676916929133858
11
0.676188937007874
21
1.1693759842519684
0
LINE
8
BLACK
6
CONTINUOUS
10
0.676188937007874
20
1.1693759842519684
11
0.674821811023622
21
1.1721101968503937
0
LINE
8
BLACK
6
CONTINUOUS
10
0.674821811023622
20
1.1721101968503937
11
0.675005
21
1.1751616141732284
0
LINE
8
BLACK
6
CONTINUOUS
10
0.675005
20
1.1751616141732284
11
0.6946900393700787
21
1.2342167322834645
0
LINE
8
BLACK
6
CONTINUOUS
10
0.6946900393700787
20
1.2342167322834645
11
0.6953435039370078
21
1.235206496062992
0
LINE
8
BLACK
6
CONTINUOUS
10
0.6953435039370078
20
1.235206496062992
11
0.6958739763779528
21
1.2362674015748032
0
LINE
8
BLACK
6
CONTINUOUS
10
0.6958739763779528
20
1.2362674015748032
11
0.6961752755905511
21
1.2364663385826771
0
LINE
8
BLACK
6
CONTINUOUS
10
0.6961752755905511
20
1.2364663385826771
11
0.6963743307086614
21
1.2367677952755904
0
LINE
8
BLACK
6
CONTINUOUS
10
0.6963743307086614
20
1.2367677952755904
11
0.6974353937007873
21
1.2372983070866141
0
LINE
8
BLACK
6
CONTINUOUS
10
0.6974353937007873
20
1.2372983070866141
11
0.698425
21
1.2379516929133858
0
LINE
8
BLACK
6
CONTINUOUS
10
0.698425
20
1.2379516929133858
11
0.6987854330708662
21
1.2379733070866141
0
LINE
8
BLACK
6
CONTINUOUS
10
0.6987854330708662
20
1.2379733070866141
11
0.6991085433070866
21
1.2381348818897637
0
LINE
8
BLACK
6
CONTINUOUS
10
0.6991085433070866
20
1.2381348818897637
11
0.7002925984251969
21
1.2380637795275591
0
LINE
8
BLACK
6
CONTINUOUS
10
0.7002925984251969
20
1.2380637795275591
11
0.7014764173228346
21
1.2381348818897637
0
LINE
8
BLACK
6
CONTINUOUS
10
0.7014764173228346
20
1.2381348818897637
11
0.7017994094488189
21
1.2379733464566929
0
LINE
8
BLACK
6
CONTINUOUS
10
0.6944251968503937
20
1.1960725196850392
11
0.7061598031496062
21
1.1960725196850392
0
LINE
8
BLACK
6
CONTINUOUS
10
0.7061598031496062
20
1.1960725196850392
11
0.7002924803149606
21
1.2136743700787402
0
LINE
8
BLACK
6
CONTINUOUS
10
0.7002924803149606
20
1.2136743700787402
11
0.6944251968503937
21
1.1960725196850392
0
LINE
8
BLACK
6
CONTINUOUS
10
0.4104713779527559
20
1.3179234645669291
11
0.4117324409448819
21
1.3177007480314959
0
LINE
8
BLACK
6
CONTINUOUS
10
0.4117324409448819
20
1.3177007480314959
11
0.4119338582677165
21
1.3175316141732283
0
LINE
8
BLACK
6
CONTINUOUS
10
0.4119338582677165
20
1.3175316141732283
11
0.4121878346456693
21
1.3174635826771652
0
LINE
8
BLACK
6
CONTINUOUS
10
0.4121878346456693
20
1.3174635826771652
11
0.4130929921259842
21
1.3165583858267715
0
LINE
8
BLACK
6
CONTINUOUS
10
0.4130929921259842
20
1.3165583858267715
11
0.4140735826771653
21
1.3157351181102361
0
LINE
8
BLACK
6
CONTINUOUS
10
0.4140735826771653
20
1.3157351181102361
11
0.4141634251968504
21
1.3154879527559056
0
LINE
8
BLACK
6
CONTINUOUS
10
0.4141634251968504
20
1.3154879527559056
11
0.4143494094488189
21
1.3153020078740156
0
LINE
8
BLACK
6
CONTINUOUS
10
0.4143494094488189
20
1.3153020078740156
11
0.4146807480314961
21
1.3140653937007873
0
LINE
8
BLACK
6
CONTINUOUS
10
0.4146807480314961
20
1.3140653937007873
11
0.4151182677165354
21
1.3128622440944882
0
LINE
8
BLACK
6
CONTINUOUS
10
0.4151182677165354
20
1.3128622440944882
11
0.4150725196850394
21
1.3126032677165353
0
LINE
8
BLACK
6
CONTINUOUS
10
0.4150725196850394
20
1.3126032677165353
11
0.4151405905511811
21
1.3123492519685038
0
LINE
8
BLACK
6
CONTINUOUS
10
0.4151405905511811
20
1.3123492519685038
11
0.4151405905511811
21
1.2532941338582677
0
LINE
8
BLACK
6
CONTINUOUS
10
0.4151405905511811
20
1.2532941338582677
11
0.4143494094488189
21
1.2503413779527559
0
LINE
8
BLACK
6
CONTINUOUS
10
0.4143494094488189
20
1.2503413779527559
11
0.4121878346456693
21
1.2481798031496063
0
LINE
8
BLACK
6
CONTINUOUS
10
0.4121878346456693
20
1.2481798031496063
11
0.4092350787401575
21
1.2473886220472441
0
LINE
8
BLACK
6
CONTINUOUS
10
0.4092350787401575
20
1.2473886220472441
11
0.4062823228346457
21
1.2481798031496063
0
LINE
8
BLACK
6
CONTINUOUS
10
0.4062823228346457
20
1.2481798031496063
11
0.4041207480314961
21
1.2503413779527559
0
LINE
8
BLACK
6
CONTINUOUS
10
0.4041207480314961
20
1.2503413779527559
11
0.4033295669291339
21
1.2532941338582677
0
LINE
8
BLACK
6
CONTINUOUS
10
0.4033295669291339
20
1.2532941338582677
11
0.4033295669291339
21
1.2857297637795275
0
LINE
8
BLACK
6
CONTINUOUS
10
0.4033295669291339
20
1.2857297637795275
11
0.3949014960629921
21
1.2676696456692913
0
LINE
8
BLACK
6
CONTINUOUS
10
0.3949014960629921
20
1.2676696456692913
11
0.3945665748031496
21
1.267270748031496
0
LINE
8
BLACK
6
CONTINUOUS
10
0.3945665748031496
20
1.267270748031496
11
0.3943885433070866
21
1.2667811417322834
0
LINE
8
BLACK
6
CONTINUOUS
10
0.3943885433070866
20
1.2667811417322834
11
0.3935987401574803
21
1.2661180314960629
0
LINE
8
BLACK
6
CONTINUOUS
10
0.3935987401574803
20
1.2661180314960629
11
0.3929358661417323
21
1.2653285039370079
0
LINE
8
BLACK
6
CONTINUOUS
10
0.3929358661417323
20
1.2653285039370079
11
0.3924463779527559
21
1.2651505118110236
0
LINE
8
BLACK
6
CONTINUOUS
10
0.3924463779527559
20
1.2651505118110236
11
0.3920474015748032
21
1.2648155118110236
0
LINE
8
BLACK
6
CONTINUOUS
10
0.3920474015748032
20
1.2648155118110236
11
0.3910318110236221
21
1.2646361023622048
0
LINE
8
BLACK
6
CONTINUOUS
10
0.3910318110236221
20
1.2646361023622048
11
0.3900629921259842
21
1.2642838188976377
0
LINE
8
BLACK
6
CONTINUOUS
10
0.3900629921259842
20
1.2642838188976377
11
0.3895501181102362
21
1.2643743700787402
0
LINE
8
BLACK
6
CONTINUOUS
10
0.3895501181102362
20
1.2643743700787402
11
0.3890370866141732
21
1.264283779527559
0
LINE
8
BLACK
6
CONTINUOUS
10
0.3890370866141732
20
1.264283779527559
11
0.3880677952755905
21
1.2646362204724408
0
LINE
8
BLACK
6
CONTINUOUS
10
0.3880677952755905
20
1.2646362204724408
11
0.3870526771653543
21
1.2648155511811023
0
LINE
8
BLACK
6
CONTINUOUS
10
0.3870526771653543
20
1.2648155511811023
11
0.3866538188976378
21
1.2651503937007873
0
LINE
8
BLACK
6
CONTINUOUS
10
0.3866538188976378
20
1.2651503937007873
11
0.3861642125984252
21
1.2653284645669292
0
LINE
8
BLACK
6
CONTINUOUS
10
0.3861642125984252
20
1.2653284645669292
11
0.3855011023622047
21
1.2661182283464567
0
LINE
8
BLACK
6
CONTINUOUS
10
0.3855011023622047
20
1.2661182283464567
11
0.3847115354330709
21
1.2667811811023622
0
LINE
8
BLACK
6
CONTINUOUS
10
0.3847115354330709
20
1.2667811811023622
11
0.3845335039370079
21
1.2672707086614172
0
LINE
8
BLACK
6
CONTINUOUS
10
0.3845335039370079
20
1.2672707086614172
11
0.3841985826771653
21
1.2676696456692913
0
LINE
8
BLACK
6
CONTINUOUS
10
0.3841985826771653
20
1.2676696456692913
11
0.3757705118110236
21
1.2857298031496063
0
LINE
8
BLACK
6
CONTINUOUS
10
0.3757705118110236
20
1.2857298031496063
11
0.3757705118110236
21
1.2532941338582677
0
LINE
8
BLACK
6
CONTINUOUS
10
0.3757705118110236
20
1.2532941338582677
11
0.3749793307086614
21
1.2503413779527559
0
LINE
8
BLACK
6
CONTINUOUS
10
0.3749793307086614
20
1.2503413779527559
11
0.3728177559055118
21
1.2481798031496063
0
LINE
8
BLACK
6
CONTINUOUS
10
0.3728177559055118
20
1.2481798031496063
11
0.369865
21
1.2473886220472441
0
LINE
8
BLACK
6
CONTINUOUS
10
0.369865
20
1.2473886220472441
11
0.3669122440944882
21
1.2481798031496063
0
LINE
8
BLACK
6
CONTINUOUS
10
0.3669122440944882
20
1.2481798031496063
11
0.3647506692913386
21
1.2503413779527559
0
LINE
8
BLACK
6
CONTINUOUS
10
0.3647506692913386
20
1.2503413779527559
11
0.3639594881889764
21
1.2532941338582677
0
LINE
8
BLACK
6
CONTINUOUS
10
0.3639594881889764
20
1.2532941338582677
11
0.3639594881889764
21
1.3123492519685038
0
LINE
8
BLACK
6
CONTINUOUS
10
0.3639594881889764
20
1.3123492519685038
11
0.3640275196850394
21
1.3126032283464566
0
LINE
8
BLACK
6
CONTINUOUS
10
0.3640275196850394
20
1.3126032283464566
11
0.363981811023622
21
1.3128622047244094
0
LINE
8
BLACK
6
CONTINUOUS
10
0.363981811023622
20
1.3128622047244094
11
0.3644192519685039
21
1.3140652362204723
0
LINE
8
BLACK
6
CONTINUOUS
10
0.3644192519685039
20
1.3140652362204723
11
0.3647506692913386
21
1.3153020078740156
0
LINE
8
BLACK
6
CONTINUOUS
10
0.3647506692913386
20
1.3153020078740156
11
0.3649366141732283
21
1.3154879527559056
0
LINE
8
BLACK
6
CONTINUOUS
10
0.3649366141732283
20
1.3154879527559056
11
0.3650264960629921
21
1.3157350787401574
0
LINE
8
BLACK
6
CONTINUOUS
10
0.3650264960629921
20
1.3157350787401574
11
0.366006811023622
21
1.3165581496062992
0
LINE
8
BLACK
6
CONTINUOUS
10
0.366006811023622
20
1.3165581496062992
11
0.3669122440944882
21
1.3174635826771652
0
LINE
8
BLACK
6
CONTINUOUS
10
0.3669122440944882
20
1.3174635826771652
11
0.3671662598425197
21
1.3175316141732283
0
LINE
8
BLACK
6
CONTINUOUS
10
0.3671662598425197
20
1.3175316141732283
11
0.3673676377952756
21
1.3177007086614172
0
LINE
8
BLACK
6
CONTINUOUS
10
0.3673676377952756
20
1.3177007086614172
11
0.3686282283464567
21
1.3179233464566928
0
LINE
8
BLACK
6
CONTINUOUS
10
0.3686282283464567
20
1.3179233464566928
11
0.369865
21
1.3182547637795274
0
LINE
8
BLACK
6
CONTINUOUS
10
0.369865
20
1.3182547637795274
11
0.3701189763779528
21
1.3181866929133859
0
LINE
8
BLACK
6
CONTINUOUS
10
0.3701189763779528
20
1.3181866929133859
11
0.3703779527559055
21
1.3182324409448818
0
LINE
8
BLACK
6
CONTINUOUS
10
0.3703779527559055
20
1.3182324409448818
11
0.3715809842519685
21
1.3177949606299213
0
LINE
8
BLACK
6
CONTINUOUS
10
0.3715809842519685
20
1.3177949606299213
11
0.3728177559055118
21
1.3174635826771652
0
LINE
8
BLACK
6
CONTINUOUS
10
0.3728177559055118
20
1.3174635826771652
11
0.3730037007874016
21
1.3172775984251968
0
LINE
8
BLACK
6
CONTINUOUS
10
0.3730037007874016
20
1.3172775984251968
11
0.3732508267716536
21
1.3171877559055118
0
LINE
8
BLACK
6
CONTINUOUS
10
0.3732508267716536
20
1.3171877559055118
11
0.3740738976377952
21
1.3162074015748031
0
LINE
8
BLACK
6
CONTINUOUS
10
0.3740738976377952
20
1.3162074015748031
11
0.3749793307086614
21
1.3153020078740156
0
LINE
8
BLACK
6
CONTINUOUS
10
0.3749793307086614
20
1.3153020078740156
11
0.3750473622047244
21
1.3150479527559056
0
LINE
8
BLACK
6
CONTINUOUS
10
0.3750473622047244
20
1.3150479527559056
11
0.3752164566929134
21
1.3148466141732282
0
LINE
8
BLACK
6
CONTINUOUS
10
0.3752164566929134
20
1.3148466141732282
11
0.3895500393700787
21
1.2841317716535432
0
LINE
8
BLACK
6
CONTINUOUS
10
0.3895500393700787
20
1.2841317716535432
11
0.4038836220472441
21
1.3148466141732282
0
LINE
8
BLACK
6
CONTINUOUS
10
0.4038836220472441
20
1.3148466141732282
11
0.4040526771653543
21
1.3150479527559056
0
LINE
8
BLACK
6
CONTINUOUS
10
0.4040526771653543
20
1.3150479527559056
11
0.4041207480314961
21
1.3153020078740156
0
LINE
8
BLACK
6
CONTINUOUS
10
0.4041207480314961
20
1.3153020078740156
11
0.4050260236220473
21
1.3162072834645668
0
LINE
8
BLACK
6
CONTINUOUS
10
0.4050260236220473
20
1.3162072834645668
11
0.4058492519685039
21
1.3171877952755906
0
LINE
8
BLACK
6
CONTINUOUS
10
0.4058492519685039
20
1.3171877952755906
11
0.4060963779527559
21
1.3172776377952755
0
LINE
8
BLACK
6
CONTINUOUS
10
0.4060963779527559
20
1.3172776377952755
11
0.4062823228346457
21
1.3174635826771652
0
LINE
8
BLACK
6
CONTINUOUS
10
0.4062823228346457
20
1.3174635826771652
11
0.4075186614173228
21
1.317794842519685
0
LINE
8
BLACK
6
CONTINUOUS
10
0.4075186614173228
20
1.317794842519685
11
0.4087221259842519
21
1.3182324803149605
0
LINE
8
BLACK
6
CONTINUOUS
10
0.4087221259842519
20
1.3182324803149605
11
0.4089811417322834
21
1.3181866929133859
0
LINE
8
BLACK
6
CONTINUOUS
10
0.4089811417322834
20
1.3181866929133859
11
0.4092350787401575
21
1.3182547637795274
0
LINE
8
BLACK
6
CONTINUOUS
10
0.4092350787401575
20
1.3182547637795274
11
0.4104713779527559
21
1.3179234645669291
0
LINE
8
BLACK
6
CONTINUOUS
10
0.4403093307086614
20
1.3174635826771652
11
0.442470905511811
21
1.3153020078740156
0
LINE
8
BLACK
6
CONTINUOUS
10
0.442470905511811
20
1.3153020078740156
11
0.4432620866141732
21
1.3123492519685038
0
LINE
8
BLACK
6
CONTINUOUS
10
0.4432620866141732
20
1.3123492519685038
11
0.4432620866141732
21
1.2591996456692913
0
LINE
8
BLACK
6
CONTINUOUS
10
0.4432620866141732
20
1.2591996456692913
11
0.4654780708661417
21
1.2591996456692913
0
LINE
8
BLACK
6
CONTINUOUS
10
0.4654780708661417
20
1.2591996456692913
11
0.4684308267716535
21
1.2584084645669291
0
LINE
8
BLACK
6
CONTINUOUS
10
0.4684308267716535
20
1.2584084645669291
11
0.4705924015748031
21
1.2562468897637795
0
LINE
8
BLACK
6
CONTINUOUS
10
0.4705924015748031
20
1.2562468897637795
11
0.4710801181102362
21
1.2544266141732283
0
LINE
8
BLACK
6
CONTINUOUS
10
0.4710801181102362
20
1.2544266141732283
11
0.4711242519685039
21
1.2551616141732282
0
LINE
8
BLACK
6
CONTINUOUS
10
0.4711242519685039
20
1.2551616141732282
11
0.4908092913385826
21
1.3142167322834646
0
LINE
8
BLACK
6
CONTINUOUS
10
0.4908092913385826
20
1.3142167322834646
11
0.4914627559055118
21
1.3152064960629921
0
LINE
8
BLACK
6
CONTINUOUS
10
0.4914627559055118
20
1.3152064960629921
11
0.4919932283464567
21
1.316267401574803
0
LINE
8
BLACK
6
CONTINUOUS
10
0.4919932283464567
20
1.316267401574803
11
0.4922945275590551
21
1.3164663385826771
0
LINE
8
BLACK
6
CONTINUOUS
10
0.4922945275590551
20
1.3164663385826771
11
0.4924935826771654
21
1.3167677952755905
0
LINE
8
BLACK
6
CONTINUOUS
10
0.4924935826771654
20
1.3167677952755905
11
0.4935546456692913
21
1.3172983070866142
0
LINE
8
BLACK
6
CONTINUOUS
10
0.4935546456692913
20
1.3172983070866142
11
0.4945442519685039
21
1.3179516929133859
0
LINE
8
BLACK
6
CONTINUOUS
10
0.4945442519685039
20
1.3179516929133859
11
0.4949046850393701
21
1.3179733070866142
0
LINE
8
BLACK
6
CONTINUOUS
10
0.4949046850393701
20
1.3179733070866142
11
0.4952277952755905
21
1.3181348818897638
0
LINE
8
BLACK
6
CONTINUOUS
10
0.4952277952755905
20
1.3181348818897638
11
0.4964118503937008
21
1.3180637795275589
0
LINE
8
BLACK
6
CONTINUOUS
10
0.4964118503937008
20
1.3180637795275589
11
0.4975956692913386
21
1.3181348818897638
0
LINE
8
BLACK
6
CONTINUOUS
10
0.4975956692913386
20
1.3181348818897638
11
0.4979186614173228
21
1.317973346456693
0
LINE
8
BLACK
6
CONTINUOUS
10
0.4979186614173228
20
1.317973346456693
11
0.4982792125984252
21
1.3179517322834646
0
LINE
8
BLACK
6
CONTINUOUS
10
0.4982792125984252
20
1.3179517322834646
11
0.4992691338582677
21
1.3172981102362205
0
LINE
8
BLACK
6
CONTINUOUS
10
0.4992691338582677
20
1.3172981102362205
11
0.5003298818897638
21
1.3167677559055118
0
LINE
8
BLACK
6
CONTINUOUS
10
0.5003298818897638
20
1.3167677559055118
11
0.5005288188976378
21
1.3164664173228346
0
LINE
8
BLACK
6
CONTINUOUS
10
0.5005288188976378
20
1.3164664173228346
11
0.5008302755905512
21
1.316267401574803
0
LINE
8
BLACK
6
CONTINUOUS
10
0.5008302755905512
20
1.316267401574803
11
0.5013607874015747
21
1.3152062992125984
0
LINE
8
BLACK
6
CONTINUOUS
10
0.5013607874015747
20
1.3152062992125984
11
0.5020141732283464
21
1.3142167322834646
0
LINE
8
BLACK
6
CONTINUOUS
10
0.5020141732283464
20
1.3142167322834646
11
0.521699251968504
21
1.2551616141732282
0
LINE
8
BLACK
6
CONTINUOUS
10
0.521699251968504
20
1.2551616141732282
11
0.5218824015748031
21
1.2521101968503936
0
LINE
8
BLACK
6
CONTINUOUS
10
0.5218824015748031
20
1.2521101968503936
11
0.5205153149606299
21
1.2493759842519685
0
LINE
8
BLACK
6
CONTINUOUS
10
0.5205153149606299
20
1.2493759842519685
11
0.5179642519685039
21
1.2476916535433071
0
LINE
8
BLACK
6
CONTINUOUS
10
0.5179642519685039
20
1.2476916535433071
11
0.5149128346456693
21
1.2475085039370077
0
LINE
8
BLACK
6
CONTINUOUS
10
0.5149128346456693
20
1.2475085039370077
11
0.5121786220472441
21
1.248875590551181
0
LINE
8
BLACK
6
CONTINUOUS
10
0.5121786220472441
20
1.248875590551181
11
0.5104943307086615
21
1.251426653543307
0
LINE
8
BLACK
6
CONTINUOUS
10
0.5104943307086615
20
1.251426653543307
11
0.506216062992126
21
1.2642614960629921
0
LINE
8
BLACK
6
CONTINUOUS
10
0.506216062992126
20
1.2642614960629921
11
0.4866074409448819
21
1.2642614960629921
0
LINE
8
BLACK
6
CONTINUOUS
10
0.4866074409448819
20
1.2642614960629921
11
0.4823291338582677
21
1.251426653543307
0
LINE
8
BLACK
6
CONTINUOUS
10
0.4823291338582677
20
1.251426653543307
11
0.480644842519685
21
1.2488756299212598
0
LINE
8
BLACK
6
CONTINUOUS
10
0.480644842519685
20
1.2488756299212598
11
0.4779106299212598
21
1.2475085039370077
0
LINE
8
BLACK
6
CONTINUOUS
10
0.4779106299212598
20
1.2475085039370077
11
0.4748592125984252
21
1.2476916929133859
0
LINE
8
BLACK
6
CONTINUOUS
10
0.4748592125984252
20
1.2476916929133859
11
0.4723081889763779
21
1.2493759842519685
0
LINE
8
BLACK
6
CONTINUOUS
10
0.4723081889763779
20
1.2493759842519685
11
0.4710225984251968
21
1.2519470472440946
0
LINE
8
BLACK
6
CONTINUOUS
10
0.4710225984251968
20
1.2519470472440946
11
0.4705924015748031
21
1.2503413779527559
0
LINE
8
BLACK
6
CONTINUOUS
10
0.4705924015748031
20
1.2503413779527559
11
0.4684308267716535
21
1.2481798031496063
0
LINE
8
BLACK
6
CONTINUOUS
10
0.4684308267716535
20
1.2481798031496063
11
0.4654780708661417
21
1.2473886220472441
0
LINE
8
BLACK
6
CONTINUOUS
10
0.4654780708661417
20
1.2473886220472441
11
0.4373565748031496
21
1.2473886220472441
0
LINE
8
BLACK
6
CONTINUOUS
10
0.4373565748031496
20
1.2473886220472441
11
0.4344038188976378
21
1.2481798031496063
0
LINE
8
BLACK
6
CONTINUOUS
10
0.4344038188976378
20
1.2481798031496063
11
0.4322422440944882
21
1.2503413779527559
0
LINE
8
BLACK
6
CONTINUOUS
10
0.4322422440944882
20
1.2503413779527559
11
0.431451062992126
21
1.2532941338582677
0
LINE
8
BLACK
6
CONTINUOUS
10
0.431451062992126
20
1.2532941338582677
11
0.431451062992126
21
1.3123492519685038
0
LINE
8
BLACK
6
CONTINUOUS
10
0.431451062992126
20
1.3123492519685038
11
0.4322422440944882
21
1.3153020078740156
0
LINE
8
BLACK
6
CONTINUOUS
10
0.4322422440944882
20
1.3153020078740156
11
0.4344038188976378
21
1.3174635826771652
0
LINE
8
BLACK
6
CONTINUOUS
10
0.4344038188976378
20
1.3174635826771652
11
0.4373565748031496
21
1.3182547637795274
0
LINE
8
BLACK
6
CONTINUOUS
10
0.4373565748031496
20
1.3182547637795274
11
0.4403093307086614
21
1.3174635826771652
0
LINE
8
BLACK
6
CONTINUOUS
10
0.4905444488188976
20
1.2760725196850393
11
0.5022790551181102
21
1.2760725196850393
0
LINE
8
BLACK
6
CONTINUOUS
10
0.5022790551181102
20
1.2760725196850393
11
0.4964117322834646
21
1.2936743700787401
0
LINE
8
BLACK
6
CONTINUOUS
10
0.4964117322834646
20
1.2936743700787401
11
0.4905444488188976
21
1.2760725196850393
0
LINE
8
BLACK
6
CONTINUOUS
10
0.556777874015748
20
1.3179034251968504
11
0.5581078346456693
21
1.3176312992125985
0
LINE
8
BLACK
6
CONTINUOUS
10
0.5581078346456693
20
1.3176312992125985
11
0.5637321653543307
21
1.3148191338582678
0
LINE
8
BLACK
6
CONTINUOUS
10
0.5637321653543307
20
1.3148191338582678
11
0.5644435433070866
21
1.3141882677165353
0
LINE
8
BLACK
6
CONTINUOUS
10
0.5644435433070866
20
1.3141882677165353
11
0.565266968503937
21
1.3137129133858267
0
LINE
8
BLACK
6
CONTINUOUS
10
0.565266968503937
20
1.3137129133858267
11
0.5680790944881889
21
1.3109007874015748
0
LINE
8
BLACK
6
CONTINUOUS
10
0.5680790944881889
20
1.3109007874015748
11
0.5685544881889764
21
1.3100773228346456
0
LINE
8
BLACK
6
CONTINUOUS
10
0.5685544881889764
20
1.3100773228346456
11
0.56918531496063
21
1.3093659842519685
0
LINE
8
BLACK
6
CONTINUOUS
10
0.56918531496063
20
1.3093659842519685
11
0.5719974803149607
21
1.3037417322834646
0
LINE
8
BLACK
6
CONTINUOUS
10
0.5719974803149607
20
1.3037417322834646
11
0.5722696456692913
21
1.3024116929133858
0
LINE
8
BLACK
6
CONTINUOUS
10
0.5722696456692913
20
1.3024116929133858
11
0.5726209448818897
21
1.3011006692913385
0
LINE
8
BLACK
6
CONTINUOUS
10
0.5726209448818897
20
1.3011006692913385
11
0.5726209448818897
21
1.2954763779527558
0
LINE
8
BLACK
6
CONTINUOUS
10
0.5726209448818897
20
1.2954763779527558
11
0.5722696062992126
21
1.2941652755905511
0
LINE
8
BLACK
6
CONTINUOUS
10
0.5722696062992126
20
1.2941652755905511
11
0.5719974803149607
21
1.2928353543307087
0
LINE
8
BLACK
6
CONTINUOUS
10
0.5719974803149607
20
1.2928353543307087
11
0.56918531496063
21
1.2872110236220473
0
LINE
8
BLACK
6
CONTINUOUS
10
0.56918531496063
20
1.2872110236220473
11
0.5685544488188976
21
1.2864996062992127
0
LINE
8
BLACK
6
CONTINUOUS
10
0.5685544488188976
20
1.2864996062992127
11
0.5680790944881889
21
1.285676220472441
0
LINE
8
BLACK
6
CONTINUOUS
10
0.5680790944881889
20
1.285676220472441
11
0.5680253543307087
21
1.2856224803149605
0
LINE
8
BLACK
6
CONTINUOUS
10
0.5680253543307087
20
1.2856224803149605
11
0.5680790944881889
21
1.2855914566929134
0
LINE
8
BLACK
6
CONTINUOUS
10
0.5680790944881889
20
1.2855914566929134
11
0.5708912598425196
21
1.2827792913385827
0
LINE
8
BLACK
6
CONTINUOUS
10
0.5708912598425196
20
1.2827792913385827
11
0.5713666141732283
21
1.2819558661417323
0
LINE
8
BLACK
6
CONTINUOUS
10
0.5713666141732283
20
1.2819558661417323
11
0.5719974803149607
21
1.2812444881889764
0
LINE
8
BLACK
6
CONTINUOUS
10
0.5719974803149607
20
1.2812444881889764
11
0.5748096062992126
21
1.275620157480315
0
LINE
8
BLACK
6
CONTINUOUS
10
0.5748096062992126
20
1.275620157480315
11
0.5750816929133858
21
1.2742903937007874
0
LINE
8
BLACK
6
CONTINUOUS
10
0.5750816929133858
20
1.2742903937007874
11
0.5754330708661417
21
1.2729791732283464
0
LINE
8
BLACK
6
CONTINUOUS
10
0.5754330708661417
20
1.2729791732283464
11
0.5754330708661417
21
1.264542716535433
0
LINE
8
BLACK
6
CONTINUOUS
10
0.5754330708661417
20
1.264542716535433
11
0.5750816929133858
21
1.2632314566929133
0
LINE
8
BLACK
6
CONTINUOUS
10
0.5750816929133858
20
1.2632314566929133
11
0.5748096062992126
21
1.2619017322834645
0
LINE
8
BLACK
6
CONTINUOUS
10
0.5748096062992126
20
1.2619017322834645
11
0.5719974803149607
21
1.2562774015748031
0
LINE
8
BLACK
6
CONTINUOUS
10
0.5719974803149607
20
1.2562774015748031
11
0.5713666141732283
21
1.2555659842519684
0
LINE
8
BLACK
6
CONTINUOUS
10
0.5713666141732283
20
1.2555659842519684
11
0.5708912204724409
21
1.254742559055118
0
LINE
8
BLACK
6
CONTINUOUS
10
0.5708912204724409
20
1.254742559055118
11
0.5680790551181102
21
1.251930433070866
0
LINE
8
BLACK
6
CONTINUOUS
10
0.5680790551181102
20
1.251930433070866
11
0.5672556299212598
21
1.2514550393700787
0
LINE
8
BLACK
6
CONTINUOUS
10
0.5672556299212598
20
1.2514550393700787
11
0.5665442913385826
21
1.250824251968504
0
LINE
8
BLACK
6
CONTINUOUS
10
0.5665442913385826
20
1.250824251968504
11
0.56092
21
1.2480120866141733
0
LINE
8
BLACK
6
CONTINUOUS
10
0.56092
20
1.2480120866141733
11
0.5595900393700787
21
1.2477399212598426
0
LINE
8
BLACK
6
CONTINUOUS
10
0.5595900393700787
20
1.2477399212598426
11
0.5582789763779528
21
1.2473886220472441
0
LINE
8
BLACK
6
CONTINUOUS
10
0.5582789763779528
20
1.2473886220472441
11
0.5357817716535433
21
1.2473886220472441
0
LINE
8
BLACK
6
CONTINUOUS
10
0.5357817716535433
20
1.2473886220472441
11
0.5328290157480314
21
1.2481798031496063
0
LINE
8
BLACK
6
CONTINUOUS
10
0.5328290157480314
20
1.2481798031496063
11
0.5306674409448818
21
1.2503413779527559
0
LINE
8
BLACK
6
CONTINUOUS
10
0.5306674409448818
20
1.2503413779527559
11
0.5298762598425196
21
1.2532941338582677
0
LINE
8
BLACK
6
CONTINUOUS
10
0.5298762598425196
20
1.2532941338582677
11
0.5298762598425196
21
1.3123492519685038
0
LINE
8
BLACK
6
CONTINUOUS
10
0.5298762598425196
20
1.3123492519685038
11
0.5306674409448818
21
1.3153020078740156
0
LINE
8
BLACK
6
CONTINUOUS
10
0.5306674409448818
20
1.3153020078740156
11
0.5328290157480314
21
1.3174635826771652
0
LINE
8
BLACK
6
CONTINUOUS
10
0.5328290157480314
20
1.3174635826771652
11
0.5357817716535433
21
1.3182547637795274
0
LINE
8
BLACK
6
CONTINUOUS
10
0.5357817716535433
20
1.3182547637795274
11
0.5554668110236221
21
1.3182547637795274
0
LINE
8
BLACK
6
CONTINUOUS
10
0.5554668110236221
20
1.3182547637795274
11
0.556777874015748
21
1.3179034251968504
0
LINE
8
BLACK
6
CONTINUOUS
10
0.541687283464567
20
1.2591996456692913
11
0.5568848818897638
21
1.2591996456692913
0
LINE
8
BLACK
6
CONTINUOUS
10
0.5568848818897638
20
1.2591996456692913
11
0.5604051181102362
21
1.2609597637795276
0
LINE
8
BLACK
6
CONTINUOUS
10
0.5604051181102362
20
1.2609597637795276
11
0.561861968503937
21
1.2624166141732283
0
LINE
8
BLACK
6
CONTINUOUS
10
0.561861968503937
20
1.2624166141732283
11
0.5636220472440945
21
1.2659367716535432
0
LINE
8
BLACK
6
CONTINUOUS
10
0.5636220472440945
20
1.2659367716535432
11
0.5636220472440945
21
1.2715850787401575
0
LINE
8
BLACK
6
CONTINUOUS
10
0.5636220472440945
20
1.2715850787401575
11
0.5618619291338582
21
1.2751052755905512
0
LINE
8
BLACK
6
CONTINUOUS
10
0.5618619291338582
20
1.2751052755905512
11
0.5607132283464566
21
1.2762539763779528
0
LINE
8
BLACK
6
CONTINUOUS
10
0.5607132283464566
20
1.2762539763779528
11
0.5545084251968504
21
1.2783222440944881
0
LINE
8
BLACK
6
CONTINUOUS
10
0.5545084251968504
20
1.2783222440944881
11
0.541687283464567
21
1.2783222440944881
0
LINE
8
BLACK
6
CONTINUOUS
10
0.541687283464567
20
1.2783222440944881
11
0.541687283464567
21
1.2591996456692913
0
LINE
8
BLACK
6
CONTINUOUS
10
0.541687283464567
20
1.2901332677165354
11
0.5540727165354331
21
1.2901332677165354
0
LINE
8
BLACK
6
CONTINUOUS
10
0.5540727165354331
20
1.2901332677165354
11
0.5575929527559055
21
1.2918933858267716
0
LINE
8
BLACK
6
CONTINUOUS
10
0.5575929527559055
20
1.2918933858267716
11
0.5590498031496063
21
1.2933502362204725
0
LINE
8
BLACK
6
CONTINUOUS
10
0.5590498031496063
20
1.2933502362204725
11
0.5608099212598425
21
1.2968704724409448
0
LINE
8
BLACK
6
CONTINUOUS
10
0.5608099212598425
20
1.2968704724409448
11
0.5608099212598425
21
1.2997065354330708
0
LINE
8
BLACK
6
CONTINUOUS
10
0.5608099212598425
20
1.2997065354330708
11
0.5590498031496063
21
1.3032267322834645
0
LINE
8
BLACK
6
CONTINUOUS
10
0.5590498031496063
20
1.3032267322834645
11
0.5575929527559055
21
1.304683622047244
0
LINE
8
BLACK
6
CONTINUOUS
10
0.5575929527559055
20
1.304683622047244
11
0.5540727165354331
21
1.3064437401574802
0
LINE
8
BLACK
6
CONTINUOUS
10
0.5540727165354331
20
1.3064437401574802
11
0.541687283464567
21
1.3064437401574802
0
LINE
8
BLACK
6
CONTINUOUS
10
0.541687283464567
20
1.3064437401574802
11
0.541687283464567
21
1.2901332677165354
0
LINE
8
BLACK
6
CONTINUOUS
10
0.595587874015748
20
1.2646227165354331
11
0.5963653149606299
21
1.2646227165354331
0
LINE
8
BLACK
6
CONTINUOUS
10
0.5963653149606299
20
1.2646227165354331
11
0.5963653543307087
21
1.2646227165354331
0
LINE
8
BLACK
6
CONTINUOUS
10
0.5963653543307087
20
1.2646227165354331
11
0.5970386614173229
21
1.2642339763779527
0
LINE
8
BLACK
6
CONTINUOUS
10
0.5970386614173229
20
1.2642339763779527
11
0.5977896456692913
21
1.2640327559055118
0
LINE
8
BLACK
6
CONTINUOUS
10
0.5977896456692913
20
1.2640327559055118
11
0.5983393700787402
21
1.2634829921259843
0
LINE
8
BLACK
6
CONTINUOUS
10
0.5983393700787402
20
1.2634829921259843
11
0.5990126771653543
21
1.2630942913385828
0
LINE
8
BLACK
6
CONTINUOUS
10
0.5990126771653543
20
1.2630942913385828
11
0.601824842519685
21
1.2602821653543306
0
LINE
8
BLACK
6
CONTINUOUS
10
0.601824842519685
20
1.2602821653543306
11
0.601824842519685
21
1.260282125984252
0
LINE
8
BLACK
6
CONTINUOUS
10
0.601824842519685
20
1.260282125984252
11
0.6018248818897638
21
1.260282125984252
0
LINE
8
BLACK
6
CONTINUOUS
10
0.6018248818897638
20
1.260282125984252
11
0.601871062992126
21
1.260202125984252
0
LINE
8
BLACK
6
CONTINUOUS
10
0.601871062992126
20
1.260202125984252
11
0.6033533464566929
21
1.2576348031496063
0
LINE
8
BLACK
6
CONTINUOUS
10
0.6033533464566929
20
1.2576348031496063
11
0.6033533464566929
21
1.2576347637795275
0
LINE
8
BLACK
6
CONTINUOUS
10
0.6033533464566929
20
1.2576347637795275
11
0.6033533464566929
21
1.2545778346456693
0
LINE
8
BLACK
6
CONTINUOUS
10
0.6033533464566929
20
1.2545778346456693
11
0.6028164566929134
21
1.2536479527559055
0
LINE
8
BLACK
6
CONTINUOUS
10
0.6028164566929134
20
1.2536479527559055
11
0.6023572047244095
21
1.2528524409448818
0
LINE
8
BLACK
6
CONTINUOUS
10
0.6023572047244095
20
1.2528524409448818
11
0.6018248818897638
21
1.2519304724409448
0
LINE
8
BLACK
6
CONTINUOUS
10
0.6018248818897638
20
1.2519304724409448
11
0.5990127165354331
21
1.2491183070866141
0
LINE
8
BLACK
6
CONTINUOUS
10
0.5990127165354331
20
1.2491183070866141
11
0.5990126771653543
21
1.2491182677165353
0
LINE
8
BLACK
6
CONTINUOUS
10
0.5990126771653543
20
1.2491182677165353
11
0.5985924015748031
21
1.2488756299212598
0
LINE
8
BLACK
6
CONTINUOUS
10
0.5985924015748031
20
1.2488756299212598
11
0.5983394094488189
21
1.2487295669291338
0
LINE
8
BLACK
6
CONTINUOUS
10
0.5983394094488189
20
1.2487295669291338
11
0.5977896456692913
21
1.2481798031496063
0
LINE
8
BLACK
6
CONTINUOUS
10
0.5977896456692913
20
1.2481798031496063
11
0.5970386614173229
21
1.2479785433070867
0
LINE
8
BLACK
6
CONTINUOUS
10
0.5970386614173229
20
1.2479785433070867
11
0.5963653543307087
21
1.247589842519685
0
LINE
8
BLACK
6
CONTINUOUS
10
0.5963653543307087
20
1.247589842519685
11
0.595587874015748
21
1.247589842519685
0
LINE
8
BLACK
6
CONTINUOUS
10
0.595587874015748
20
1.247589842519685
11
0.5948368897637795
21
1.2473886220472441
0
LINE
8
BLACK
6
CONTINUOUS
10
0.5948368897637795
20
1.2473886220472441
11
0.5940859055118111
21
1.247589842519685
0
LINE
8
BLACK
6
CONTINUOUS
10
0.5940859055118111
20
1.247589842519685
11
0.5933084251968503
21
1.247589842519685
0
LINE
8
BLACK
6
CONTINUOUS
10
0.5933084251968503
20
1.247589842519685
11
0.5933083858267716
21
1.247589842519685
0
LINE
8
BLACK
6
CONTINUOUS
10
0.5933083858267716
20
1.247589842519685
11
0.5926350393700788
21
1.2479785826771652
0
LINE
8
BLACK
6
CONTINUOUS
10
0.5926350393700788
20
1.2479785826771652
11
0.5918841338582677
21
1.2481798031496063
0
LINE
8
BLACK
6
CONTINUOUS
10
0.5918841338582677
20
1.2481798031496063
11
0.5913343307086614
21
1.2487295669291338
0
LINE
8
BLACK
6
CONTINUOUS
10
0.5913343307086614
20
1.2487295669291338
11
0.5910814566929133
21
1.248875590551181
0
LINE
8
BLACK
6
CONTINUOUS
10
0.5910814566929133
20
1.248875590551181
11
0.590661062992126
21
1.2491183070866141
0
LINE
8
BLACK
6
CONTINUOUS
10
0.590661062992126
20
1.2491183070866141
11
0.5906610236220472
21
1.2491183464566928
0
LINE
8
BLACK
6
CONTINUOUS
10
0.5906610236220472
20
1.2491183464566928
11
0.5878488976377952
21
1.2519305118110235
0
LINE
8
BLACK
6
CONTINUOUS
10
0.5878488976377952
20
1.2519305118110235
11
0.5868573622047244
21
1.2536479527559055
0
LINE
8
BLACK
6
CONTINUOUS
10
0.5868573622047244
20
1.2536479527559055
11
0.5863204724409449
21
1.2545778346456693
0
LINE
8
BLACK
6
CONTINUOUS
10
0.5863204724409449
20
1.2545778346456693
11
0.5863204724409449
21
1.2576347637795275
0
LINE
8
BLACK
6
CONTINUOUS
10
0.5863204724409449
20
1.2576347637795275
11
0.5863204724409449
21
1.2576348031496063
0
LINE
8
BLACK
6
CONTINUOUS
10
0.5863204724409449
20
1.2576348031496063
11
0.5878027559055118
21
1.260202125984252
0
LINE
8
BLACK
6
CONTINUOUS
10
0.5878027559055118
20
1.260202125984252
11
0.587848937007874
21
1.260282125984252
0
LINE
8
BLACK
6
CONTINUOUS
10
0.587848937007874
20
1.260282125984252
11
0.590661062992126
21
1.263094251968504
0
LINE
8
BLACK
6
CONTINUOUS
10
0.590661062992126
20
1.263094251968504
11
0.5913343307086614
21
1.2634829527559055
0
LINE
8
BLACK
6
CONTINUOUS
10
0.5913343307086614
20
1.2634829527559055
11
0.5918841338582677
21
1.2640327559055118
0
LINE
8
BLACK
6
CONTINUOUS
10
0.5918841338582677
20
1.2640327559055118
11
0.5926350393700788
21
1.2642339370078739
0
LINE
8
BLACK
6
CONTINUOUS
10
0.5926350393700788
20
1.2642339370078739
11
0.5933083858267716
21
1.2646227165354331
0
LINE
8
BLACK
6
CONTINUOUS
10
0.5933083858267716
20
1.2646227165354331
11
0.5940859055118111
21
1.2646227165354331
0
LINE
8
BLACK
6
CONTINUOUS
10
0.5940859055118111
20
1.2646227165354331
11
0.5948368897637795
21
1.264823937007874
0
LINE
8
BLACK
6
CONTINUOUS
10
0.5948368897637795
20
1.264823937007874
11
0.595587874015748
21
1.2646227165354331
0
LINE
8
BLACK
6
CONTINUOUS
10
0.6463740157480314
20
1.3180086614173228
11
0.6473230708661417
21
1.3179516929133859
0
LINE
8
BLACK
6
CONTINUOUS
10
0.6473230708661417
20
1.3179516929133859
11
0.6557595275590551
21
1.3151395669291339
0
LINE
8
BLACK
6
CONTINUOUS
10
0.6557595275590551
20
1.3151395669291339
11
0.6568924015748031
21
1.3143915354330709
0
LINE
8
BLACK
6
CONTINUOUS
10
0.6568924015748031
20
1.3143915354330709
11
0.6580678740157481
21
1.3137129133858267
0
LINE
8
BLACK
6
CONTINUOUS
10
0.6580678740157481
20
1.3137129133858267
11
0.66088
21
1.3109007874015748
0
LINE
8
BLACK
6
CONTINUOUS
10
0.66088
20
1.3109007874015748
11
0.6624084645669291
21
1.3082534251968503
0
LINE
8
BLACK
6
CONTINUOUS
10
0.6624084645669291
20
1.3082534251968503
11
0.6624084645669291
21
1.305196496062992
0
LINE
8
BLACK
6
CONTINUOUS
10
0.6624084645669291
20
1.305196496062992
11
0.66088
21
1.3025491338582678
0
LINE
8
BLACK
6
CONTINUOUS
10
0.66088
20
1.3025491338582678
11
0.6582326377952755
21
1.3010206692913386
0
LINE
8
BLACK
6
CONTINUOUS
10
0.6582326377952755
20
1.3010206692913386
11
0.6551757086614173
21
1.3010206692913386
0
LINE
8
BLACK
6
CONTINUOUS
10
0.6551757086614173
20
1.3010206692913386
11
0.6525283464566929
21
1.3025491338582678
0
LINE
8
BLACK
6
CONTINUOUS
10
0.6525283464566929
20
1.3025491338582678
11
0.650701968503937
21
1.3043754724409449
0
LINE
8
BLACK
6
CONTINUOUS
10
0.650701968503937
20
1.3043754724409449
11
0.6444973228346457
21
1.3064437401574802
0
LINE
8
BLACK
6
CONTINUOUS
10
0.6444973228346457
20
1.3064437401574802
11
0.6407896850393701
21
1.3064437401574802
0
LINE
8
BLACK
6
CONTINUOUS
10
0.6407896850393701
20
1.3064437401574802
11
0.6345848818897638
21
1.3043754724409449
0
LINE
8
BLACK
6
CONTINUOUS
10
0.6345848818897638
20
1.3043754724409449
11
0.6306240157480315
21
1.3004146062992126
0
LINE
8
BLACK
6
CONTINUOUS
10
0.6306240157480315
20
1.3004146062992126
11
0.6285302755905512
21
1.2962272047244094
0
LINE
8
BLACK
6
CONTINUOUS
10
0.6285302755905512
20
1.2962272047244094
11
0.6260517716535433
21
1.2863129921259842
0
LINE
8
BLACK
6
CONTINUOUS
10
0.6260517716535433
20
1.2863129921259842
11
0.6260517716535433
21
1.2793303543307086
0
LINE
8
BLACK
6
CONTINUOUS
10
0.6260517716535433
20
1.2793303543307086
11
0.6285302755905512
21
1.2694161417322833
0
LINE
8
BLACK
6
CONTINUOUS
10
0.6285302755905512
20
1.2694161417322833
11
0.6306240157480315
21
1.2652287401574802
0
LINE
8
BLACK
6
CONTINUOUS
10
0.6306240157480315
20
1.2652287401574802
11
0.6345848818897638
21
1.2612678740157479
0
LINE
8
BLACK
6
CONTINUOUS
10
0.6345848818897638
20
1.2612678740157479
11
0.6407896850393701
21
1.2591996456692913
0
LINE
8
BLACK
6
CONTINUOUS
10
0.6407896850393701
20
1.2591996456692913
11
0.6444973228346457
21
1.2591996456692913
0
LINE
8
BLACK
6
CONTINUOUS
10
0.6444973228346457
20
1.2591996456692913
11
0.650701968503937
21
1.2612678740157479
0
LINE
8
BLACK
6
CONTINUOUS
10
0.650701968503937
20
1.2612678740157479
11
0.6525283464566929
21
1.263094251968504
0
LINE
8
BLACK
6
CONTINUOUS
10
0.6525283464566929
20
1.263094251968504
11
0.6551757086614173
21
1.2646227165354331
0
LINE
8
BLACK
6
CONTINUOUS
10
0.6551757086614173
20
1.2646227165354331
11
0.6582326377952755
21
1.2646227165354331
0
LINE
8
BLACK
6
CONTINUOUS
10
0.6582326377952755
20
1.2646227165354331
11
0.66088
21
1.263094251968504
0
LINE
8
BLACK
6
CONTINUOUS
10
0.66088
20
1.263094251968504
11
0.6624084645669291
21
1.2604468897637795
0
LINE
8
BLACK
6
CONTINUOUS
10
0.6624084645669291
20
1.2604468897637795
11
0.6624084645669291
21
1.2573899606299213
0
LINE
8
BLACK
6
CONTINUOUS
10
0.6624084645669291
20
1.2573899606299213
11
0.66088
21
1.2547425984251968
0
LINE
8
BLACK
6
CONTINUOUS
10
0.66088
20
1.2547425984251968
11
0.6580678740157481
21
1.2519304724409448
0
LINE
8
BLACK
6
CONTINUOUS
10
0.6580678740157481
20
1.2519304724409448
11
0.6568924015748031
21
1.2512518110236219
0
LINE
8
BLACK
6
CONTINUOUS
10
0.6568924015748031
20
1.2512518110236219
11
0.6557595275590551
21
1.2505038188976378
0
LINE
8
BLACK
6
CONTINUOUS
10
0.6557595275590551
20
1.2505038188976378
11
0.6473230708661417
21
1.2476916929133859
0
LINE
8
BLACK
6
CONTINUOUS
10
0.6473230708661417
20
1.2476916929133859
11
0.6463740157480314
21
1.24763468503937
0
LINE
8
BLACK
6
CONTINUOUS
10
0.6463740157480314
20
1.24763468503937
11
0.6454555905511811
21
1.2473886220472441
0
LINE
8
BLACK
6
CONTINUOUS
10
0.6454555905511811
20
1.2473886220472441
11
0.6398312992125984
21
1.2473886220472441
0
LINE
8
BLACK
6
CONTINUOUS
10
0.6398312992125984
20
1.2473886220472441
11
0.6389128346456693
21
1.24763468503937
0
LINE
8
BLACK
6
CONTINUOUS
10
0.6389128346456693
20
1.24763468503937
11
0.637963779527559
21
1.2476916929133859
0
LINE
8
BLACK
6
CONTINUOUS
10
0.637963779527559
20
1.2476916929133859
11
0.6295273622047244
21
1.2505038582677166
0
LINE
8
BLACK
6
CONTINUOUS
10
0.6295273622047244
20
1.2505038582677166
11
0.6283945669291339
21
1.2512517322834646
0
LINE
8
BLACK
6
CONTINUOUS
10
0.6283945669291339
20
1.2512517322834646
11
0.6272190157480315
21
1.2519304724409448
0
LINE
8
BLACK
6
CONTINUOUS
10
0.6272190157480315
20
1.2519304724409448
11
0.6215947244094489
21
1.2575547637795275
0
LINE
8
BLACK
6
CONTINUOUS
10
0.6215947244094489
20
1.2575547637795275
11
0.6211192913385827
21
1.2583781889763779
0
LINE
8
BLACK
6
CONTINUOUS
10
0.6211192913385827
20
1.2583781889763779
11
0.6204885039370078
21
1.2590895669291338
0
LINE
8
BLACK
6
CONTINUOUS
10
0.6204885039370078
20
1.2590895669291338
11
0.6176763385826771
21
1.2647138582677164
0
LINE
8
BLACK
6
CONTINUOUS
10
0.6176763385826771
20
1.2647138582677164
11
0.6175455905511811
21
1.2653525984251968
0
LINE
8
BLACK
6
CONTINUOUS
10
0.6175455905511811
20
1.2653525984251968
11
0.6172292125984252
21
1.2659225984251967
0
LINE
8
BLACK
6
CONTINUOUS
10
0.6172292125984252
20
1.2659225984251967
11
0.6144170866141733
21
1.2771711811023623
0
LINE
8
BLACK
6
CONTINUOUS
10
0.6144170866141733
20
1.2771711811023623
11
0.6144293307086615
21
1.2778996062992125
0
LINE
8
BLACK
6
CONTINUOUS
10
0.6144293307086615
20
1.2778996062992125
11
0.6142407480314961
21
1.2786034645669291
0
LINE
8
BLACK
6
CONTINUOUS
10
0.6142407480314961
20
1.2786034645669291
11
0.6142407480314961
21
1.2870399212598425
0
LINE
8
BLACK
6
CONTINUOUS
10
0.6142407480314961
20
1.2870399212598425
11
0.6144293307086615
21
1.2877437401574803
0
LINE
8
BLACK
6
CONTINUOUS
10
0.6144293307086615
20
1.2877437401574803
11
0.6144170866141733
21
1.2884722047244095
0
LINE
8
BLACK
6
CONTINUOUS
10
0.6144170866141733
20
1.2884722047244095
11
0.6172292125984252
21
1.2997207874015748
0
LINE
8
BLACK
6
CONTINUOUS
10
0.6172292125984252
20
1.2997207874015748
11
0.6175455905511811
21
1.300290748031496
0
LINE
8
BLACK
6
CONTINUOUS
10
0.6175455905511811
20
1.300290748031496
11
0.6176763385826771
21
1.3009295275590551
0
LINE
8
BLACK
6
CONTINUOUS
10
0.6176763385826771
20
1.3009295275590551
11
0.6204885039370078
21
1.3065538188976378
0
LINE
8
BLACK
6
CONTINUOUS
10
0.6204885039370078
20
1.3065538188976378
11
0.6211192913385827
21
1.3072651574803149
0
LINE
8
BLACK
6
CONTINUOUS
10
0.6211192913385827
20
1.3072651574803149
11
0.6215947244094489
21
1.3080886220472441
0
LINE
8
BLACK
6
CONTINUOUS
10
0.6215947244094489
20
1.3080886220472441
11
0.6272190157480315
21
1.3137129133858267
0
LINE
8
BLACK
6
CONTINUOUS
10
0.6272190157480315
20
1.3137129133858267
11
0.6283945669291339
21
1.3143916141732284
0
LINE
8
BLACK
6
CONTINUOUS
10
0.6283945669291339
20
1.3143916141732284
11
0.6295273622047244
21
1.3151395275590552
0
LINE
8
BLACK
6
CONTINUOUS
10
0.6295273622047244
20
1.3151395275590552
11
0.637963779527559
21
1.3179516929133859
0
LINE
8
BLACK
6
CONTINUOUS
10
0.637963779527559
20
1.3179516929133859
11
0.6389128346456693
21
1.3180086614173228
0
LINE
8
BLACK
6
CONTINUOUS
10
0.6389128346456693
20
1.3180086614173228
11
0.6398312992125984
21
1.3182547637795274
0
LINE
8
BLACK
6
CONTINUOUS
10
0.6398312992125984
20
1.3182547637795274
11
0.6454555905511811
21
1.3182547637795274
0
LINE
8
BLACK
6
CONTINUOUS
10
0.6454555905511811
20
1.3182547637795274
11
0.6463740157480314
21
1.3180086614173228
0
LINE
8
BLACK
6
CONTINUOUS
10
0.715947874015748
20
1.3182042125984252
11
0.7161393700787402
21
1.3182425196850394
0
LINE
8
BLACK
6
CONTINUOUS
10
0.7161393700787402
20
1.3182425196850394
11
0.717413188976378
21
1.3178115748031496
0
LINE
8
BLACK
6
CONTINUOUS
10
0.717413188976378
20
1.3178115748031496
11
0.7187120472440944
21
1.3174635826771652
0
LINE
8
BLACK
6
CONTINUOUS
10
0.7187120472440944
20
1.3174635826771652
11
0.7188500787401575
21
1.3173255118110236
0
LINE
8
BLACK
6
CONTINUOUS
10
0.7188500787401575
20
1.3173255118110236
11
0.7190350787401575
21
1.3172629527559054
0
LINE
8
BLACK
6
CONTINUOUS
10
0.7190350787401575
20
1.3172629527559054
11
0.7199228346456693
21
1.3162527559055117
0
LINE
8
BLACK
6
CONTINUOUS
10
0.7199228346456693
20
1.3162527559055117
11
0.720873622047244
21
1.3153020078740156
0
LINE
8
BLACK
6
CONTINUOUS
10
0.720873622047244
20
1.3153020078740156
11
0.7209241338582677
21
1.3151134251968504
0
LINE
8
BLACK
6
CONTINUOUS
10
0.7209241338582677
20
1.3151134251968504
11
0.7210530708661417
21
1.3149667322834646
0
LINE
8
BLACK
6
CONTINUOUS
10
0.7210530708661417
20
1.3149667322834646
11
0.7213167716535432
21
1.3136479921259843
0
LINE
8
BLACK
6
CONTINUOUS
10
0.7213167716535432
20
1.3136479921259843
11
0.7216648031496062
21
1.3123492519685038
0
LINE
8
BLACK
6
CONTINUOUS
10
0.7216648031496062
20
1.3123492519685038
11
0.7216142519685039
21
1.3121606299212598
0
LINE
8
BLACK
6
CONTINUOUS
10
0.7216142519685039
20
1.3121606299212598
11
0.721652559055118
21
1.3119691732283465
0
LINE
8
BLACK
6
CONTINUOUS
10
0.721652559055118
20
1.3119691732283465
11
0.7212216141732283
21
1.31069531496063
0
LINE
8
BLACK
6
CONTINUOUS
10
0.7212216141732283
20
1.31069531496063
11
0.720873622047244
21
1.309396496062992
0
LINE
8
BLACK
6
CONTINUOUS
10
0.720873622047244
20
1.309396496062992
11
0.7207355511811023
21
1.3092584251968504
0
LINE
8
BLACK
6
CONTINUOUS
10
0.7207355511811023
20
1.3092584251968504
11
0.7206729921259842
21
1.3090734645669291
0
LINE
8
BLACK
6
CONTINUOUS
10
0.7206729921259842
20
1.3090734645669291
11
0.6874237795275591
21
1.2591996456692913
0
LINE
8
BLACK
6
CONTINUOUS
10
0.6874237795275591
20
1.2591996456692913
11
0.7157592913385826
21
1.2591996456692913
0
LINE
8
BLACK
6
CONTINUOUS
10
0.7157592913385826
20
1.2591996456692913
11
0.7187120472440944
21
1.2584084645669291
0
LINE
8
BLACK
6
CONTINUOUS
10
0.7187120472440944
20
1.2584084645669291
11
0.720873622047244
21
1.2562468897637795
0
LINE
8
BLACK
6
CONTINUOUS
10
0.720873622047244
20
1.2562468897637795
11
0.7216648031496062
21
1.2532941338582677
0
LINE
8
BLACK
6
CONTINUOUS
10
0.7216648031496062
20
1.2532941338582677
11
0.720873622047244
21
1.2503413779527559
0
LINE
8
BLACK
6
CONTINUOUS
10
0.720873622047244
20
1.2503413779527559
11
0.7187120472440944
21
1.2481798031496063
0
LINE
8
BLACK
6
CONTINUOUS
10
0.7187120472440944
20
1.2481798031496063
11
0.7157592913385826
21
1.2473886220472441
0
LINE
8
BLACK
6
CONTINUOUS
10
0.7157592913385826
20
1.2473886220472441
11
0.6763892125984252
21
1.2473886220472441
0
LINE
8
BLACK
6
CONTINUOUS
10
0.6763892125984252
20
1.2473886220472441
11
0.6762005905511811
21
1.2474391338582678
0
LINE
8
BLACK
6
CONTINUOUS
10
0.6762005905511811
20
1.2474391338582678
11
0.6760091338582677
21
1.2474008661417322
0
LINE
8
BLACK
6
CONTINUOUS
10
0.6760091338582677
20
1.2474008661417322
11
0.6747352755905511
21
1.2478317716535432
0
LINE
8
BLACK
6
CONTINUOUS
10
0.6747352755905511
20
1.2478317716535432
11
0.6734364566929134
21
1.2481798031496063
0
LINE
8
BLACK
6
CONTINUOUS
10
0.6734364566929134
20
1.2481798031496063
11
0.6732983858267716
21
1.2483178346456694
0
LINE
8
BLACK
6
CONTINUOUS
10
0.6732983858267716
20
1.2483178346456694
11
0.6731134251968504
21
1.2483804330708661
0
LINE
8
BLACK
6
CONTINUOUS
10
0.6731134251968504
20
1.2483804330708661
11
0.6722256299212598
21
1.2493905905511811
0
LINE
8
BLACK
6
CONTINUOUS
10
0.6722256299212598
20
1.2493905905511811
11
0.6712748818897638
21
1.2503413779527559
0
LINE
8
BLACK
6
CONTINUOUS
10
0.6712748818897638
20
1.2503413779527559
11
0.6712243307086614
21
1.2505299212598424
0
LINE
8
BLACK
6
CONTINUOUS
10
0.6712243307086614
20
1.2505299212598424
11
0.6710954330708662
21
1.2506766535433071
0
LINE
8
BLACK
6
CONTINUOUS
10
0.6710954330708662
20
1.2506766535433071
11
0.6708316929133858
21
1.2519953543307087
0
LINE
8
BLACK
6
CONTINUOUS
10
0.6708316929133858
20
1.2519953543307087
11
0.6704837007874016
21
1.2532941338582677
0
LINE
8
BLACK
6
CONTINUOUS
10
0.6704837007874016
20
1.2532941338582677
11
0.6705342125984252
21
1.253482716535433
0
LINE
8
BLACK
6
CONTINUOUS
10
0.6705342125984252
20
1.253482716535433
11
0.6704959448818898
21
1.2536742125984253
0
LINE
8
BLACK
6
CONTINUOUS
10
0.6704959448818898
20
1.2536742125984253
11
0.6709268503937008
21
1.254948031496063
0
LINE
8
BLACK
6
CONTINUOUS
10
0.6709268503937008
20
1.254948031496063
11
0.6712748818897638
21
1.2562468897637795
0
LINE
8
BLACK
6
CONTINUOUS
10
0.6712748818897638
20
1.2562468897637795
11
0.6714129133858268
21
1.2563849212598426
0
LINE
8
BLACK
6
CONTINUOUS
10
0.6714129133858268
20
1.2563849212598426
11
0.6714755118110236
21
1.2565699212598425
0
LINE
8
BLACK
6
CONTINUOUS
10
0.6714755118110236
20
1.2565699212598425
11
0.7047247637795275
21
1.3064437401574802
0
LINE
8
BLACK
6
CONTINUOUS
10
0.7047247637795275
20
1.3064437401574802
11
0.6763892125984252
21
1.3064437401574802
0
LINE
8
BLACK
6
CONTINUOUS
10
0.6763892125984252
20
1.3064437401574802
11
0.6734364566929134
21
1.3072349212598424
0
LINE
8
BLACK
6
CONTINUOUS
10
0.6734364566929134
20
1.3072349212598424
11
0.6712748818897638
21
1.309396496062992
0
LINE
8
BLACK
6
CONTINUOUS
10
0.6712748818897638
20
1.309396496062992
11
0.6704837007874016
21
1.3123492519685038
0
LINE
8
BLACK
6
CONTINUOUS
10
0.6704837007874016
20
1.3123492519685038
11
0.6712748818897638
21
1.3153020078740156
0
LINE
8
BLACK
6
CONTINUOUS
10
0.6712748818897638
20
1.3153020078740156
11
0.6734364566929134
21
1.3174635826771652
0
LINE
8
BLACK
6
CONTINUOUS
10
0.6734364566929134
20
1.3174635826771652
11
0.6763892125984252
21
1.3182547637795274
0
LINE
8
BLACK
6
CONTINUOUS
10
0.6763892125984252
20
1.3182547637795274
11
0.7157592913385826
21
1.3182547637795274
0
LINE
8
BLACK
6
CONTINUOUS
10
0.7157592913385826
20
1.3182547637795274
11
0.715947874015748
21
1.3182042125984252
0
CIRCLE
8
BLACK
10
0.84
20
0.13
40
0.0068897637795276
0
CIRCLE
8
BLACK
10
0.84
20
0.23
40
0.0068897637795276
0
CIRCLE
8
BLACK
10
0.9399999999999999
20
0.13
40
0.0068897637795276
0
CIRCLE
8
BLACK
10
0.9399999999999999
20
0.23
40
0.0068897637795276
0
CIRCLE
8
BLACK
10
1.04
20
0.13
40
0.0068897637795276
0
CIRCLE
8
BLACK
10
1.04
20
0.23
40
0.0068897637795276
0
CIRCLE
8
BLACK
10
1.1399999999999999
20
0.13
40
0.0068897637795276
0
CIRCLE
8
BLACK
10
1.1399999999999999
20
0.23
40
0.0068897637795276
0
CIRCLE
8
BLACK
10
1.3999999999999999
20
0.2
40
0.0068897637795276
0
CIRCLE
8
BLACK
10
0.2
20
1.3999999999999999
40
0.0068897637795276
0
CIRCLE
8
BLACK
10
0.2
20
0.2
40
0.0068897637795276
0
CIRCLE
8
BLACK
10
1.3999999999999999
20
1.3999999999999999
40
0.0068897637795276
  0
ENDSEC
  0
EOF
